{
  "chunk_index": 387,
  "token_start": 174150,
  "token_end": 174650,
  "text": "ệch, che khuất\nhoặc phá hủy biển báo hiệu, đèn tín hiệu, cọc tiêu, gương cầu, dải phân cách hoặc thiết bị an toàn giao thông đường bộ khác; mở\nđường giao cắt trái phép qua đường bộ, đường có dải phân cách; sử dụng trái phép lề đường, hè phố, phần đường xe chạy, hành lang\nan toàn đường bộ hoặc vi phạm quy định về bảo đảm an toàn giao thông khi thi công trên đường bộ gây thiệt hại cho người khác thuộc\nmột trong các trường hợp sau đây, thì bị phạt tiền từ 30.000.000 đồng đến 100.000.000 đồng, phạt cải tạo không giam giữ đến 03 năm\nhoặc phạt tù từ 06 tháng đến 03 năm:\n\na) Làm chết người;\n\nb) Gây thương tích hoặc gây tổn hại cho sức khỏe của 01 người mà tỷ lệ tổn thương cơ thể 61% trở lên;\n\nc) Gây thương tích hoặc gây tổn hại cho sức khỏe của 02 người trở lên mà tổng tỷ lệ tổn thương cơ thể của những người này từ 61%\nđến 121%;\n\nd) Gây thiệt hại về tài sản từ 100.000.000 đồng đến dưới 500.000.000 đồng.\n\n2. Phạm tội thuộc một trong các trường hợp sau đây, thì bị phạt tiền từ 100.000.000 đồng đến 300",
  "embedding": [
    0.00026611003,
    -0.02408211,
    -0.09515068,
    -0.13290101,
    0.0011370815,
    0.04673851,
    0.071037576,
    0.0019487293,
    0.049465954,
    -0.07320713,
    -0.12651631,
    0.043515164,
    0.0030044524,
    -0.09508869,
    -0.051728494,
    -0.12806599,
    0.02688704,
    -0.02876216,
    0.15930764,
    -0.002020402,
    -0.0147142615,
    0.06824814,
    -0.022811368,
    -0.116350375,
    0.014613532,
    0.1216193,
    -0.038091265,
    -0.021835066,
    0.005989534,
    -0.024609003,
    -0.12546252,
    0.046893477,
    -0.06338213,
    -0.020362865,
    -0.0008920376,
    -0.0028862888,
    0.04618062,
    -0.0030218863,
    0.03914505,
    -0.111205414,
    -0.0039671944,
    0.027491417,
    0.014071142,
    -0.017124023,
    0.03638661,
    -0.026112197,
    -0.024794964,
    0.040601756,
    -0.030885227,
    -0.038866106,
    0.017759394,
    0.026251668,
    0.064838834,
    -0.031334635,
    0.018379267,
    -0.07054167,
    0.0013637231,
    -0.011909331,
    0.064590886,
    0.08802213,
    0.014272601,
    -0.0040756725,
    -0.001634918,
    -0.08188537,
    -0.017108526,
    -0.01743396,
    -0.015915267,
    -0.030482309,
    0.019433053,
    -0.06087164,
    -0.08634847,
    -0.10234122,
    -0.036541577,
    0.052658305,
    0.020672802,
    -0.034774937,
    -0.03573574,
    9.334432e-05,
    0.040291816,
    0.016085733,
    -0.042802308,
    -0.026701078,
    0.016876074,
    -0.008004124,
    -0.0057144645,
    0.0526893,
    0.02885514,
    0.0032252825,
    -0.049558938,
    0.023725681,
    0.0024581882,
    -0.043763112,
    0.016969053,
    -0.0059081754,
    0.011746614,
    -5.7780257e-05,
    0.005524628,
    -0.023167795,
    0.016519645,
    0.0072718984,
    0.019789482,
    -0.05126359,
    0.016612627,
    0.03412407,
    0.0033356976,
    0.0021869934,
    -0.033566184,
    0.034186058,
    0.014164124,
    0.016287193,
    -0.017650915,
    0.0072409045,
    -0.005191446,
    -0.011087998,
    -0.02851421,
    0.046769504,
    -0.020672802,
    -0.029567996,
    -0.026127694,
    0.037192445,
    -0.017108526,
    0.057865247,
    -0.010444879,
    0.02901011,
    0.051139615,
    -0.085790575,
    -0.012412979,
    0.016535142,
    -0.058733072,
    0.012149532,
    0.018301783,
    -0.014706514,
    0.037750334,
    -0.003504226,
    0.0724013,
    0.018797683,
    0.032853328,
    -0.020936249,
    0.03722344,
    0.046459567,
    -0.048629124,
    -0.02580226,
    0.03409308,
    -0.033256248,
    -0.02546133,
    -0.08504673,
    0.018131318,
    0.011103495,
    0.008693734,
    -0.008701483,
    0.05082968,
    -0.012002313,
    0.0037715465,
    0.06979783,
    -0.025383845,
    -0.009460828,
    0.0032233454,
    0.057741273,
    -0.009429835,
    0.012521457,
    0.0073493826,
    0.014845985,
    0.05705941,
    0.037843313,
    -0.0007554716,
    0.02353972,
    -0.021137707,
    0.040198836,
    0.00059178605,
    -0.048319187,
    0.0290566,
    0.01275391,
    0.008701483,
    0.0040175593,
    0.0036456347,
    -0.009282615,
    -0.03480593,
    -0.0896338,
    0.014706514,
    -0.024051115,
    0.0051333327,
    0.012381986,
    0.14232309,
    -0.020936249,
    0.0009448237,
    0.0088487035,
    -0.0031710435,
    -0.0026441505,
    -0.0019719745,
    0.07085161,
    -0.03747139,
    -0.052007437,
    -0.0053851563,
    0.010925281,
    0.029258057,
    -0.032791343,
    -0.019928953,
    0.0054936344,
    0.07159546,
    -0.01743396,
    0.037161455,
    0.0028572322,
    0.023741178,
    0.034557983,
    -0.0065977853,
    -0.034403015,
    -0.00043439615,
    0.016721105,
    0.04391808,
    0.008678238,
    0.020130413,
    0.05082968,
    -0.03585972,
    0.043453176,
    0.022021027,
    0.062266354,
    -0.019526035,
    -0.040694736,
    0.018425759,
    0.019572524,
    -0.004997735,
    0.005559496,
    0.014202866,
    0.026949028,
    -0.017495947,
    0.0077290554,
    0.017139519,
    0.012436224,
    0.0032853328,
    0.025430337,
    0.049156018,
    0.046893477,
    -0.046614535,
    -0.022268977,
    -0.035766736,
    -0.0131568285,
    0.05396004,
    0.01792986,
    -0.031830534,
    -0.00283205,
    0.089199886,
    -0.00487376,
    0.015628576,
    0.0017821381,
    -0.02792533,
    -0.027165983,
    0.026375644,
    -0.016783092,
    0.05451793,
    -0.008639496,
    -0.016023746,
    -0.028498713,
    -0.01924709,
    -0.02546133,
    -0.07791818,
    -0.02471748,
    0.0137844505,
    -0.060995612,
    0.003417056,
    0.063103184,
    0.07643048,
    -0.10519264,
    0.017914362,
    -0.0100419605,
    -0.015899772,
    -0.020393858,
    0.058485124,
    0.007841407,
    0.02220699,
    -0.02605021,
    -0.0062064896,
    -0.007302892,
    -0.003358943,
    -0.011142237,
    0.07047968,
    -0.013350539,
    -0.016287193,
    0.017340979,
    -0.026825052,
    0.01570606,
    -0.04943496,
    -0.030110385,
    -0.036448598,
    -0.05426998,
    0.014311343,
    0.044878885,
    0.009282615,
    0.014024652,
    0.0063188416,
    -0.014319092,
    0.006392452,
    -0.0057842005,
    -0.007988628,
    -0.01786787,
    0.014783998,
    0.06028276,
    -0.016953558,
    -0.0027119492,
    -7.354952e-05,
    0.019603519,
    -0.02894812,
    0.013668224,
    0.051232595,
    0.09074957,
    -0.0011767923,
    0.006830238,
    0.017635418,
    -0.014590287,
    -0.1600515,
    -0.04156256,
    0.0866584,
    -0.00635371,
    0.026236173,
    -0.024206085,
    -0.013381532,
    0.026918033,
    -0.012761658,
    0.07271124,
    -0.017139519,
    -0.014938966,
    0.00088041497,
    0.056098606,
    -0.027847845,
    0.023632701,
    -0.04363914,
    0.0026751442,
    0.0709136,
    -0.002413635,
    0.03663456,
    0.08758821,
    -0.0032504648,
    0.026313657,
    0.03014138,
    0.009538313,
    0.010049709,
    -0.04757534,
    0.0074152444,
    0.020657305,
    -0.015930764,
    0.022935342,
    -0.07227732,
    -0.01260669,
    0.039919894,
    -0.00413766,
    0.08244326,
    -0.017557934,
    -0.007593458,
    0.02910309,
    -0.08789815,
    0.07432291,
    -0.06583063,
    0.0037734837,
    0,
    0.026608096,
    -0.012203772,
    0.010336401,
    -0.04723441,
    0.026840549,
    0.07804215,
    -0.03945499,
    0.005307672,
    -0.032419417,
    0.013497759,
    0.015574337,
    -0.020858765,
    -0.011018262,
    -0.005013232,
    0.06806218,
    -0.08368301,
    -0.04224442,
    -0.0265926,
    -0.03007939,
    0.06713237,
    -0.121805266,
    0.16711806,
    -0.02964548,
    0.028824147,
    0.015326387,
    -0.07159546,
    0.034465,
    -0.013389281,
    0.10159737,
    -0.04549876,
    0.040074863,
    -0.002020402,
    -0.011808602,
    -0.06899199,
    -0.022470437,
    0.05082968,
    0.0036843768,
    0.022361958,
    0.004854389,
    -0.02860719,
    0.02496543,
    0.07047968,
    -0.0645289,
    -0.0022141128,
