{
  "chunk_index": 83,
  "token_start": 37350,
  "token_end": 37850,
  "text": "ng đối với người dưới 18 tuổi phạm tội thuộc một trong các trường hợp sau đây nhằm giúp họ nhận thức rõ\nhành vi phạm tội, hậu quả gây ra đối với cộng đồng, xã hội và nghĩa vụ của họ:\n\na) Người từ đủ 16 tuổi đến dưới 18 tuổi lần đầu phạm tội ít nghiêm trọng thuộc trường hợp quy định tại điểm a khoản 2 Điều 91 của Bộ\nluật này;\n\nb) Người dưới 18 tuổi là người đồng phạm có vai trò không đáng kể trong vụ án.\n\n2. Cơ quan điều tra, Viện kiểm sát hoặc Tòa án quyết định áp dụng biện pháp khiển trách. Việc khiển trách đối với người dưới 18 tuổi\nphạm tội phải có sự chứng kiến của cha mẹ hoặc người đại diện hợp pháp của người dưới 18 tuổi.\n\n3. Người bị khiển trách phải thực hiện các nghĩa vụ sau đây:\n\na) Tuân thủ pháp luật, nội quy, quy chế của nơi cư trú, học tập, làm việc;\n\nb) Trình diện trước cơ quan có thẩm quyền khi được yêu cầu;\n\nc) Tham gia các chương trình học tập, dạy nghề do địa phương tổ chức, tham gia lao động với hình thức phù hợp.\n\n4. Tùy từng trường hợp cụ thể cơ quan có thẩm quyền ",
  "embedding": [
    -0.00051018555,
    0.04530764,
    -0.104473345,
    -0.08536314,
    -0.0007267178,
    0.12750684,
    0.014846795,
    -0.0036681946,
    0.023998495,
    -0.02379284,
    0.02483694,
    0.05356553,
    0.008008727,
    -0.04758568,
    -0.091691025,
    -0.03293663,
    0.11605337,
    0.059482098,
    0.09795563,
    0.006802474,
    -0.011991338,
    -0.0102749,
    0.1685748,
    -0.07239098,
    0.041922223,
    -0.048914533,
    -0.033759255,
    0.016452495,
    0.11453468,
    0.10877631,
    -0.09004577,
    -0.02860203,
    -0.051382408,
    0.02379284,
    0.0055962214,
    -0.0037907974,
    -0.016499955,
    -0.003567344,
    -0.012513388,
    -0.0012991935,
    -0.0789087,
    0.019157665,
    0.06419637,
    -0.029582852,
    0.06599982,
    0.055495534,
    -0.004496752,
    0.071568355,
    0.0026438686,
    -0.021277506,
    0.03622713,
    -0.0063713873,
    0.035974015,
    0.009341537,
    0.11592682,
    -0.07321361,
    0.01892037,
    -0.022938576,
    0.025659565,
    -0.08833724,
    0.018319221,
    0.07422607,
    0.03945435,
    -0.007874259,
    -0.015748518,
    -0.025627926,
    0.034297124,
    0.020233406,
    0.002922691,
    -0.017069465,
    -0.14111179,
    0.06872081,
    0.022274148,
    0.042903047,
    0.036986474,
    -0.03182925,
    -0.003541637,
    0.0068736626,
    -0.017496597,
    0.0046905433,
    -0.025627926,
    0.034708437,
    -0.04764896,
    0.019094387,
    0.0015651623,
    0.08004772,
    0.014514581,
    0.01569315,
    0.0040814844,
    -0.025707025,
    0.060716037,
    0.013430932,
    0.020439062,
    0.03197163,
    0.00069458404,
    -0.0029325783,
    -0.03878992,
    -0.033885814,
    -0.017069465,
    -0.0068341135,
    0.029978344,
    -0.01839832,
    0.025184974,
    0.066885725,
    0.018667255,
    0.020644719,
    -0.012632037,
    0.028934244,
    -0.0487247,
    0.010077153,
    -0.026276534,
    0.054071758,
    -0.047237646,
    -0.04749076,
    -0.0035475693,
    0.033632696,
    -0.034803357,
    0.1210524,
    -0.04650994,
    0.03337958,
    -0.02588104,
    0.011255722,
    0.0013970779,
    -0.026039237,
    0.018524878,
    0.01347048,
    -0.003998431,
    -0.011121254,
    -0.106181875,
    -0.051667165,
    -0.016721431,
    -0.05771029,
    -0.031734332,
    -0.0076646484,
    0.12181175,
    -0.0070358147,
    0.013842244,
    0.054103397,
    -0.030184,
    -0.005991714,
    -0.03080097,
    0.041858945,
    0.031497035,
    0.03296827,
    0.0010322359,
    -0.097133,
    -0.053344052,
    0.010694122,
    0.009072602,
    0.012062526,
    0.023049314,
    -0.01676889,
    -0.02597596,
    -0.015376755,
    -0.031228103,
    -0.00756973,
    -0.02493186,
    0.041289438,
    -0.010124613,
    0.023096772,
    0.015882986,
    0.022527263,
    -0.09010905,
    0.019806273,
    -0.018588156,
    0.073529996,
    -0.018588156,
    0.039802384,
    -0.0006530573,
    -0.065683424,
    0.014775607,
    -0.01944242,
    -0.042491734,
    -0.0139292525,
    -0.014190277,
    -0.04910437,
    -0.014965443,
    -0.05511586,
    -0.038062215,
    -0.06650605,
    0.03019982,
    -0.017638974,
    0.013850153,
    0.026007598,
    0.0015068271,
    0.0026814404,
    -0.01564569,
    -0.013249005,
    0.0863756,
    0.013423022,
    -0.0053351964,
    0.03401237,
    -0.00162152,
    0.020138487,
    -0.026640387,
    -0.034265485,
    -0.014285196,
    0.044485018,
    0.015266017,
    -0.017132742,
    0.061823417,
    0.004378104,
    -0.02698842,
    0.0066759163,
    0.04606699,
    -0.0008394332,
    0.032493677,
    0.00074056006,
    0.03187671,
    -0.05021175,
    -0.016341757,
    0.0031520766,
    -0.021720458,
    -0.049041092,
    0.014285196,
    0.063974895,
    -0.048408303,
    -0.042523373,
    0.014546221,
    0.029614491,
    0.011777772,
    0.0039035128,
    -0.017069465,
    0.020739635,
    -0.027225716,
    -0.0018874888,
    0.017148562,
    0.017037824,
    0.005287737,
    -0.0075024962,
    0.04606699,
    0.008843216,
    -0.03891648,
    -0.007134688,
    -0.011026336,
    -0.016310118,
    0.013367653,
    -0.013249005,
    0.031750154,
    0.13237931,
    0.088780195,
    0.016800528,
    0.06223473,
    0.03999222,
    -0.005528988,
    -0.027114978,
    -0.044105344,
    0.0006411925,
    0.021498982,
    0.0046786782,
    -0.09061528,
    -0.025833583,
    0.016246838,
    -0.029503753,
    0.04435846,
    -0.003652375,
    0.0075341356,
    0.008004772,
    -0.017433317,
    0.089982495,
    0.008155059,
    0.019917011,
    0.022543082,
    0.0036859917,
    0.028965883,
    -0.005362881,
    0.12775995,
    -0.021815376,
    -0.005718824,
    -0.021673,
    -0.0013446751,
    0.0032272204,
    0.018999469,
    0.03565762,
    0.10877631,
    0.027194077,
    0.0098240385,
    -0.023286609,
    -0.0010070233,
    -0.0009941697,
    -0.014554131,
    0.036290407,
    -0.047870435,
    0.045212723,
    0.01937914,
    -0.0031402118,
    0.07707361,
    0.046731416,
    0.0043425094,
    0.011065885,
    0.019157665,
    0.04594043,
    0.013256915,
    0.022590542,
    -0.016927086,
    0.050591424,
    0.00036533637,
    -0.030563675,
    0.014743967,
    -0.005572492,
    -0.014119089,
    0.004654949,
    0.003405192,
    -0.092640206,
    -0.017480776,
    -0.009515554,
    -0.013264825,
    0.03562598,
    0.002867322,
    0.037745822,
    -0.018319221,
    0.03935943,
    0.04758568,
    0.029519573,
    -0.07093557,
    -0.043124523,
    0.034233846,
    0.013059168,
    -0.04812355,
    -0.013446751,
    -0.007142598,
    0.018255942,
    -0.04654158,
    0.020707997,
    -0.06039964,
    0.026418911,
    0.022527263,
    0.06463932,
    0.016373398,
    0.06872081,
    -0.009222889,
    0.0009615416,
    0.10358744,
    -0.0062052803,
    -0.0464783,
    -0.04578223,
    -0.013794784,
    0.050876178,
    -0.034360405,
    0.023381528,
    -0.05669783,
    -0.011437648,
    0.13655572,
    0.0056555453,
    -0.016088642,
    -0.009776579,
    0.08561625,
    0.0098240385,
    0.009325718,
    -0.002483694,
    0.052806184,
    -0.01836668,
    -0.009863587,
    0.0059403,
    -0.045624036,
    -0.019901192,
    -0.011255722,
    0.010187891,
    -0.0011004584,
    0.016452495,
    0.018161023,
    -0.008906495,
    -0.009570923,
    -0.017449137,
    0.0139846215,
    -0.016847989,
    -0.05021175,
    0.022369066,
    -0.012537118,
    -0.05676111,
    0.019252583,
    -0.058216523,
    0.040182058,
    -0.13250586,
    0.060114887,
    -0.007783296,
    -0.009396906,
    -0.05340733,
    -0.025105875,
    -0.022068491,
    0.04435846,
    0.11130746,
    0.012869332,
    0.039106317,
    -0.04208042,
    -0.024710383,
    -0.037018117,
    -0.08200936,
    0.019553158,
    0.002748674,
    0.006826204,
    0.051477328,
    0.017749712,
    -0.048408303,
    0.034803357,
    0.01996447,
    -0.009349447,
