{
  "chunk_index": 405,
  "token_start": 182250,
  "token_end": 182750,
  "text": " đồng, phạt cải tạo không giam giữ\nđến 02 năm hoặc phạt tù từ 03 tháng đến 01 năm.\n\nĐiều 269. Tội đưa vào sử dụng phương tiện, thiết bị giao thông đường sắt không bảo đảm an toàn275\n\n1. Người nào chịu trách nhiệm trực tiếp về việc điều động hoặc về tình trạng kỹ thuật mà cho phép đưa vào sử dụng phương tiện, thiết\nbị giao thông đường sắt rõ ràng không bảo đảm tiêu chuẩn an toàn kỹ thuật, không có giấy chứng nhận đăng ký, đăng kiểm gây thiệt\nhại cho người khác thuộc một trong các trường hợp sau đây hoặc đã bị xử lý kỷ luật hoặc xử phạt vi phạm hành chính về hành vi này\nmà còn vi phạm, thì bị phạt tiền từ 20.000.000 đồng đến 100.000.000 đồng, phạt cải tạo không giam giữ đến 03 năm hoặc phạt tù từ 01\nnăm đến 05 năm:\n\na) Làm chết người;\n\nb) Gây thương tích hoặc gây tổn hại cho sức khỏe của 01 người mà tỷ lệ tổn thương cơ thể 61% trở lên;\n\nc) Gây thương tích hoặc gây tổn hại cho sức khỏe của 02 người trở lên mà tổng tỷ lệ tổn thương cơ thể của những người này từ 61%\nđến 121%;\n\nd) G",
  "embedding": [
    0.00016127234,
    0.038988527,
    -0.12966396,
    -0.13770415,
    0.0012144032,
    0.08722965,
    0.01780327,
    0.016590862,
    0.03959473,
    0.026465615,
    -0.1374489,
    0.043295767,
    0.011454076,
    -0.063938625,
    -0.02654538,
    -0.09814133,
    0.13323738,
    0.00018420443,
    0.071978815,
    0.003758867,
    -0.026098702,
    0.0137752015,
    0.024200324,
    -0.06917113,
    -0.09182404,
    0.16935441,
    -0.03908424,
    -0.1095635,
    -0.01005821,
    -0.0063691363,
    -0.097886086,
    0.04023284,
    -0.09399361,
    0.052707892,
    0.0012144032,
    -0.028970197,
    0.070192106,
    -0.0014796177,
    0.0053960183,
    -0.08161428,
    -0.04804969,
    -0.0033161782,
    0.05002783,
    0.008925565,
    0.0038067254,
    -0.03506415,
    -0.020547144,
    0.025699884,
    -0.039530918,
    -0.053346,
    0.017611837,
    0.0067440257,
    0.10075758,
    -0.014708437,
    0.054016016,
    -0.08946303,
    0.020515239,
    -0.011302524,
    0.09673749,
    0.10918063,
    0.0005184644,
    -0.020371664,
    -0.023498403,
    -0.07191501,
    -0.023338877,
    -0.01353591,
    0.049294002,
    0.026274182,
    0.0067559904,
    -0.033245534,
    -0.06559771,
    -0.014038421,
    -0.05669608,
    0.045401532,
    0.03930758,
    -0.022589097,
    -0.03761659,
    0.011462052,
    0.07848754,
    -0.02568393,
    -0.02156812,
    -0.032208607,
    -0.0011047281,
    0.009659391,
    0.0056951325,
    0.09794989,
    0.038509943,
    0.0031327216,
    -0.01197254,
    0.047730632,
    0.0022652908,
    -0.06266241,
    0.018904012,
    -0.005009164,
    0.021472404,
    -0.012570769,
    -0.03484081,
    -0.020084515,
    0.0027299146,
    -0.03026237,
    0.022301948,
    -0.029257346,
    -0.032623377,
    0.049900208,
    -0.043359578,
    0.018186137,
    -0.025173442,
    0.057940394,
    0.026353946,
    0.020084515,
    -0.03193741,
    0.046805374,
    -0.014995587,
    0.039499015,
    -0.025173442,
    0.051846445,
    -0.04064761,
    -0.048879232,
    -0.032272417,
    0.03078881,
    -0.03889281,
    0.06655488,
    -0.021201206,
    -0.02132883,
    0.07638177,
    -0.044859137,
    0.0079684,
    -0.040105216,
    -0.077977054,
    0.020499285,
    -0.0034358238,
    0.012283619,
    0.038701374,
    -0.005419947,
    0.14229855,
    0.009946541,
    0.026242277,
    -0.011238714,
    -0.007577557,
    0.036340367,
    -0.024264134,
    -0.038063265,
    0.028379945,
    0.020212136,
    -0.011039305,
    -0.05513271,
    -0.01078406,
    0.031267393,
    0.0057429904,
    0.0027000033,
    0.020387616,
    0.013288642,
    -0.03356459,
    0.054239355,
    -0.0075017815,
    -0.0012193884,
    -0.0029412885,
    -0.004494688,
    0.037010383,
    0.005643286,
    0.028300181,
    0.014716414,
    0.015817154,
    0.026561331,
    0.011055257,
    0.01179706,
    -0.030756906,
    0.05577082,
    -0.009810942,
    -0.025380827,
    -0.005001188,
    0.0062853843,
    0.012419217,
    0.0057390025,
    0.0014576827,
    -0.016351571,
    -0.06511913,
    -0.04284909,
    -0.0069753407,
    -0.041572873,
    -0.009850824,
    0.029289253,
    0.05350553,
    -0.059120897,
    0.013304595,
    0.026194418,
    -0.010879776,
    0.0107521545,
    0.012818036,
    0.0753608,
    -0.033022195,
    0.02238171,
    0.015514051,
    0.0158012,
    0.01582513,
    0.027023962,
    -0.0058746007,
    0.009204738,
    0.18186137,
    -0.01791494,
    0.008064116,
    -0.011015375,
    0.003096828,
    0.024264134,
    -0.00488553,
    0.00658051,
    -0.015155114,
    0.029895457,
    0.033245534,
    -0.020515239,
    0.011757178,
    0.03611703,
    -0.018218042,
    -0.010496911,
    0.02614656,
    0.06215192,
    -0.039786164,
    -0.021025727,
    0.017308736,
    0.011015375,
    0.012730296,
    0.0004259883,
    -0.009292478,
    0.0034457943,
    -0.04747539,
    0.01762779,
    -0.026864434,
    0.019685695,
    -0.0075456514,
    0.04074333,
    0.05443079,
    0.036850855,
    -0.010153927,
    -0.03902043,
    -0.020882152,
    0.026768718,
    0.03889281,
    -0.009356289,
    0.04201955,
    0.025380827,
    0.08856968,
    0.027566355,
    -0.004925412,
    0.008016258,
    -0.021663837,
    0.0039582765,
    0.03078881,
    0.009045211,
    0.033724118,
    -0.03397936,
    -0.0071428446,
    -0.023450544,
    -0.022605048,
    -0.05819564,
    0.00062714255,
    -0.032798856,
    0.012738273,
    -0.024886293,
    -0.0022333853,
    0.021296924,
    0.042179074,
    -0.1374489,
    0.010576675,
    -0.019446405,
    -0.009212714,
    0.083847664,
    0.041764304,
    -0.0035036232,
    0.0058466834,
    -0.008526746,
    0.0666825,
    0.033468872,
    0.07912565,
    -0.015609767,
    0.0429129,
    -0.016287759,
    -0.01710135,
    0.011087162,
    -0.019845223,
    0.005092916,
    -0.0015244848,
    -0.009874754,
    0.0010478963,
    -0.006835754,
    0.0158012,
    0.01067239,
    0.037935644,
    0.0051447623,
    -0.010632509,
    -0.009180808,
    0.024359852,
    -0.05171882,
    0.028379945,
    -0.0029712,
    0.017276831,
    0.06215192,
    -0.02475867,
    0.024311993,
    0.026417756,
    0.03512796,
    -0.0068676597,
    -0.005798825,
    0.030725,
    0.05350553,
    -0.018919963,
    0.07638177,
    -0.020371664,
    0.008327336,
    0.015083327,
    0.025492497,
    0.04051999,
    -0.023434592,
    0.028427804,
    0.044667706,
    -0.03761659,
    -0.008797943,
    0.002165586,
    0.052484553,
    -0.022413617,
    0.013519957,
    -0.014764272,
    0.025987033,
    -0.026816575,
    0.053984113,
    -0.016279783,
    0.04023284,
    0.04945353,
    0.020722624,
    0.032431945,
    0.061992392,
    -0.086591534,
    0.022764577,
    0.025604166,
    0.036404178,
    -0.019239018,
    -0.017787319,
    -0.013408287,
    0.025269158,
    0.007469876,
    0.023370782,
    -0.045880113,
    -0.055675104,
    0.11160545,
    0.05503699,
    0.016734436,
    -0.008734131,
    0.05541986,
    0.008582581,
    -0.04272147,
    -0.0047020735,
    0.012674461,
    0.026800623,
    -0.010576675,
    0.018600909,
    -0.041828115,
    0.031091914,
    0.018951869,
    0.041700494,
    0.08186952,
    -0.033086006,
    0.002783755,
    0.031905502,
    0.01982927,
    0.01362365,
    0.05462222,
    -0.02359412,
    -0.01930283,
    0.046294887,
    -0.10018328,
    0.017468262,
    -0.0137752015,
    0.021360734,
    0.052452646,
    -0.08359242,
    0.13515171,
    -0.015051421,
    0.016351571,
    0.007788931,
    -0.07351028,
    -0.0042314674,
    -0.030740952,
    0.070766404,
    -0.045082476,
    -0.0052683963,
    -0.052484553,
    -0.022222184,
    -0.060779985,
    -0.047220144,
    0.016830154,
    0.063109085,
    -0.0051327976,
    0.0100901155,
    -0.026369898,
    0.03570226,
    0.08142284,
    -0.043806255,
    0.0031945386,
    0.0649277,
    0.07759418,
