{
  "chunk_index": 578,
  "token_start": 260100,
  "token_end": 260600,
  "text": "ạt tù từ 05 năm đến 10 năm:\n\na) Dẫn đến người bị kết án, người phải chấp hành án tiếp tục thực hiện tội phạm rất nghiêm trọng hoặc tội phạm đặc biệt nghiêm trọng;\n\nb) Dẫn đến người bị kết án, người phải thi hành án, người có nghĩa vụ thi hành án tẩu tán tài sản và không thi hành được nghĩa vụ thi\nhành án với số tiền 1.000.000.000 đồng trở lên.\n\n4. Người phạm tội còn bị cấm đảm nhiệm chức vụ nhất định từ 01 năm đến 05 năm.\n\nĐiều 380. Tội không chấp hành án\n\n1. Người nào có điều kiện mà không chấp hành bản án hoặc quyết định của Tòa án đã có hiệu lực pháp luật mặc dù đã bị áp dụng biện\npháp cưỡng chế theo quy định của pháp luật hoặc đã bị xử phạt vi phạm hành chính về hành vi này mà còn vi phạm, thì bị phạt tù từ 03\ntháng đến 02 năm.\n\n2. Phạm tội thuộc một trong các trường hợp sau đây, thì bị phạt tù từ 02 năm đến 05 năm:\n\na) Chống lại chấp hành viên hoặc người đang thi hành công vụ;\n\nb) Dùng thủ đoạn tinh vi, xảo quyệt;\n\nc) Tẩu tán tài sản.\n\n3. Người phạ",
  "embedding": [
    -0.0005934206,
    -0.022909226,
    -0.031769875,
    -0.19355084,
    -0.0018034221,
    0.090121694,
    0.03534378,
    -0.04117402,
    0.019121215,
    0.10922644,
    -0.13702714,
    -0.09519434,
    -0.00060886086,
    0.0019897346,
    -0.074376754,
    -0.04420443,
    0.1783988,
    0.05464616,
    0.11298151,
    0.012088693,
    -0.021970458,
    0.034223847,
    0.14941229,
    0.0049697044,
    -0.03537672,
    0.16851704,
    -0.023683297,
    0.02821244,
    0.013332148,
    -0.040185846,
    -0.07226864,
    -0.04262335,
    0.062123362,
    0.033762697,
    -0.00037854366,
    -0.019664712,
    -0.021690475,
    0.01726015,
    0.082216285,
    -0.040087026,
    -0.060772855,
    -0.0281795,
    -0.00090016704,
    0.013290974,
    -0.0025260262,
    -0.0748379,
    -0.017309558,
    -0.011652248,
    -0.013546253,
    -0.037221316,
    0.010614662,
    0.013785062,
    -0.009198276,
    0.0031168733,
    0.01981294,
    -0.14414202,
    -0.0057602455,
    -0.023518601,
    0.043512706,
    -0.017951874,
    0.03784716,
    -0.01285453,
    0.062782146,
    -0.031012272,
    -0.032576885,
    -0.038538884,
    -0.05388856,
    -0.08373149,
    0.014081515,
    -0.03827537,
    -0.084390275,
    0.043578584,
    -0.06218924,
    0.034619115,
    0.036826044,
    -0.020685827,
    -0.022250442,
    -0.012088693,
    0.060805794,
    0.05336153,
    0.024490308,
    0.0014668246,
    -0.05665545,
    -0.036891922,
    0.031769875,
    0.014097985,
    -0.011520491,
    0.012327502,
    0.04160223,
    0.010449966,
    0.03069935,
    0.00096038403,
    0.047695987,
    -0.008868884,
    0.023337435,
    -0.03071582,
    0.0026063155,
    -0.010277036,
    0.03280746,
    0.019170625,
    -0.012920408,
    -0.056754272,
    0.02559377,
    -0.009115928,
    0.021641066,
    0.0032733346,
    -0.018824762,
    0.027899517,
    0.015473197,
    0.0043685636,
    0.013949758,
    0.0354426,
    -0.009577077,
    -0.060344644,
    -0.006167868,
    0.048157137,
    -0.019961165,
    -0.06456087,
    -0.031868692,
    -0.01580259,
    -0.019911757,
    0.037781283,
    0.018528309,
    -0.009214746,
    0.04120696,
    -0.038308308,
    -0.007901295,
    -0.019022398,
    -0.06261745,
    0.0070819315,
    -0.041009326,
    -0.051286362,
    -0.03241219,
    -0.016527252,
    -0.016947227,
    -0.0039650584,
    0.014855587,
    0.007003701,
    -0.05214278,
    0.00987353,
    -0.010309975,
    0.040614054,
    0.0061143422,
    0.04166811,
    -0.029233554,
    -0.03537672,
    0.023370374,
    -0.03412503,
    0.01177577,
    0.0044138553,
    0.02356801,
    0.006246099,
    -0.02434208,
    0.020389374,
    -0.0377154,
    -0.039362364,
    -0.047399532,
    0.014781473,
    -0.024770292,
    0.0039197668,
    0.02099875,
    0.019582365,
    -0.045225546,
    0.024902048,
    -0.016683713,
    0.02860771,
    -0.0278007,
    0.017803647,
    -0.021196386,
    0.00070407573,
    0.015028518,
    0.012080458,
    -0.015629658,
    0.007814829,
    -0.014830883,
    0.010820533,
    0.0006140076,
    -0.093152106,
    -0.028443014,
    -0.012352207,
    0.028130092,
    0.009354738,
    -0.0027442486,
    -0.014419142,
    0.044764396,
    -0.050627578,
    -0.0008636251,
    -0.0031930453,
    0.08056933,
    0.033334486,
    0.067196004,
    -0.038538884,
    0.0123604415,
    0.04071287,
    0.0068760617,
    -0.02057054,
    0.0074730846,
    -0.014262681,
    0.07991054,
    -0.00015774797,
    0.03195104,
    0.0054555577,
    0.08103047,
    -0.025000867,
    -0.013241565,
    0.011471082,
    0.018808292,
    0.018314205,
    0.031226378,
    -0.02096581,
    -0.009395911,
    -0.043545645,
    -0.012903938,
    -0.0766825,
    -0.027372489,
    0.05714954,
    -0.042590406,
    -0.05385562,
    0.024720883,
    -0.03160518,
    -0.026730174,
    -0.045785513,
    0.0014884409,
    -0.03285687,
    -0.0251985,
    -0.016296677,
    -0.015687302,
    0.00050849916,
    0.01936826,
    0.010029991,
    0.026236087,
    0.03965882,
    -0.0008842121,
    -0.041898683,
    0.025741998,
    0.022184562,
    0.07872473,
    -0.0024086803,
    -0.0063449168,
    0.039757635,
    0.10652543,
    -0.02773482,
    0.009626486,
    0.015250857,
    -0.011298152,
    -0.025774937,
    -0.025840815,
    -0.010318209,
    0.003987704,
    -0.041009326,
    -0.06950175,
    -0.053625043,
    -0.0016901935,
    -0.015415554,
    0.017836586,
    0.014196803,
    0.00056459877,
    0.055667277,
    -0.00042589378,
    0.12721126,
    0.025445545,
    0.017951874,
    0.01515204,
    -0.02730661,
    -0.012162806,
    0.00557908,
    0.088870004,
    -0.039296485,
    -0.004096815,
    -0.027487777,
    0.08768419,
    -0.040515237,
    0.024556186,
    0.0085312575,
    0.01897299,
    0.03323567,
    0.01535791,
    0.0013103632,
    -0.048223015,
    0.009321799,
    -0.039230607,
    0.021575186,
    0.06090461,
    -0.0010046461,
    0.08933116,
    -0.059949376,
    -0.0058920025,
    0.0077654202,
    -0.015020283,
    -0.0007467938,
    0.033499185,
    0.0014791767,
    0.0018229798,
    -0.014797944,
    0.00033891367,
    -0.0020484074,
    -0.030040566,
    -0.027372489,
    -0.0003623314,
    0.03030408,
    0.017836586,
    -0.015522606,
    -0.003403033,
    -0.015456728,
    -0.01179224,
    0.044830274,
    -0.00032939218,
    -0.027537186,
    0.014163863,
    0.09334974,
    0.0123933805,
    0.04120696,
    0.030468775,
    0.036002565,
    0.03616726,
    0.009692364,
    0.05141812,
    0.05596373,
    -0.07958115,
    -0.055700216,
    0.027932456,
    0.064659685,
    0.057511874,
    0.027108975,
    -0.030831108,
    0.045620814,
    0.025132623,
    0.038011856,
    -0.0009454585,
    0.04081169,
    -0.001976353,
    0.07793419,
    0.05932353,
    0.035903748,
    0.006377856,
    -0.03442148,
    -0.051022846,
    0.046872504,
    -0.0015327029,
    0.03784716,
    -0.033762697,
    0.02483617,
    0.038868275,
    -0.01767189,
    0.06317742,
    -0.0006716512,
    0.03946118,
    0.0708852,
    0.013752123,
    -0.035936687,
    0.05767657,
    -0.042820983,
    -0.012796885,
    -0.04209632,
    -0.011619309,
    0.057841264,
    0.033301547,
    0.024523247,
    0.018248327,
    -0.07042404,
    -0.0184789,
    -0.009140633,
    -0.045159668,
    0.0062790383,
    -0.053163897,
    -0.011355795,
    -0.02980999,
    0.0012177217,
    0.07529905,
    -0.052011024,
    0.016090807,
    -0.097302444,
    0.05164869,
    -0.044270307,
    0.12457612,
    0.032214556,
    -0.02653254,
    0.0063737384,
    -0.0371225,
    0.003339213,
    -0.01722721,
    0.095984876,
    0.008424205,
    0.006192573,
    -0.0074154413,
    -0.049837034,
    -0.048980616,
    -0.060410526,
    0.018676536,
    0.026005512,
    -0.03272511,
    -0.0606411,
    0.0328404,
    -0.033367425,
    0.050232306,
    0.0057684802,
    -0.017968344,
    0.07958115,
