{
  "chunk_index": 494,
  "token_start": 222300,
  "token_end": 222800,
  "text": "ệm chứcvụ, cấm hành nghề hoặc làm\ncông việc nhất định từ 01 năm đến 05 năm.\n\nĐiều 317. Tội vi phạm quy định về an toàn thực phẩm331\n\n1. Người nào thực hiện một trong các hành vi sau đây vi phạm quy định về an toàn thực phẩm, thì bị phạt tiền từ 50.000.000 đồng đến\n200.000.000 đồng hoặc phạt tù từ 01 năm đến 05 năm:\n\na) Sử dụng chất, hóa chất, kháng sinh, thuốc thú y, thuốc bảo vệ thực vật, phụ gia thực phẩm hoặc chất hỗ trợ chế biến thực phẩm mà\nbiết là cấm sử dụng hoặc ngoài danh mục được phép sử dụng trong sản xuất thực phẩm mà sản phẩm trị giá từ 10.000.000 đồng đến\ndưới 100.000.000 đồng hoặc đã bị xử phạt vi phạm hành chính về một trong các hành vi quy định tại Điều này hoặc đã bị kết án về tội\nnày, chưa được xóa án tích mà còn vi phạm;\n\nb) Sử dụng động vật chết do bệnh, dịch bệnh hoặc động vật bị tiêu hủy theo quy định của pháp luật để chế biến thực phẩm hoặc cung\ncấp, bán thực phẩm mà biết là có nguồn gốc từ động vật chết do bệnh, dịch bệnh hoặc động vật bị tiêu hủy",
  "embedding": [
    -0.00037838597,
    0.0846409,
    -0.13592702,
    -0.19222888,
    -0.0017956803,
    0.020533256,
    0.039310995,
    0.034514677,
    0.022335794,
    0.11122441,
    -0.12301144,
    0.014765135,
    0.009749378,
    -0.034169845,
    0.031944104,
    -0.12627168,
    0.08382584,
    -0.061599765,
    0.09109869,
    -0.0023961996,
    -0.0058504106,
    0.09467241,
    0.05391939,
    -0.13153823,
    -0.0273829,
    0.14595853,
    -0.03222624,
    0.048872285,
    0.04025145,
    -0.027727732,
    0.06147437,
    0.015870169,
    0.0016506935,
    -0.031364154,
    -0.0016555917,
    -0.010297976,
    -0.034765467,
    -0.008605158,
    0.06689766,
    -0.10332459,
    -0.035674572,
    -0.082007624,
    0.0567721,
    0.020282468,
    0.096929505,
    -0.08696069,
    -0.007233662,
    -0.007574577,
    -0.035172995,
    -0.040721677,
    0.022382816,
    0.014639741,
    0.047367554,
    -0.010540927,
    0.09950008,
    -0.03880942,
    0.07028329,
    -0.013793332,
    -0.06589451,
    0.1380587,
    0.021646127,
    0.05103533,
    0.06946824,
    -0.045706086,
    -0.02169315,
    -0.033730965,
    -0.04724216,
    0.05717963,
    0.007758749,
    -0.05382534,
    -0.063762814,
    0.03758683,
    -0.03473412,
    0.08959396,
    -0.010658484,
    -0.013495522,
    -0.021019157,
    -0.0061521395,
    0.07699187,
    -0.008236813,
    0.005701505,
    -0.055800296,
    -0.021379665,
    -0.01888746,
    0.023589732,
    0.045047767,
    0.028730884,
    0.011246268,
    0.0033484097,
    -0.007582414,
    0.028950322,
    -0.031395506,
    0.034201194,
    0.042195056,
    -0.0032817943,
    -0.0016183654,
    -0.0033523282,
    0.03633289,
    0.029765382,
    0.020407861,
    0.008801086,
    -0.0475243,
    0.077493444,
    0.0413173,
    -0.047806434,
    -0.024106983,
    -0.01899718,
    0.0051881736,
    0.011207082,
    0.0065792627,
    0.0037578992,
    0.00035095605,
    -0.04645845,
    -0.04006336,
    -0.05865301,
    -0.004988327,
    -0.0764903,
    -0.025643058,
    -0.03448333,
    0.008620832,
    -0.005615297,
    0.020815391,
    0.026520815,
    0.041035164,
    0.040376846,
    -0.056427266,
    -0.025047436,
    0.016034748,
    -0.11022126,
    -0.01899718,
    0.0066537154,
    -0.06884126,
    0.011003317,
    -0.02321355,
    -0.024436142,
    0.02054893,
    0.009710192,
    -0.040627632,
    -0.053167026,
    0.038997512,
    -0.015313733,
    0.017743241,
    0.009663169,
    0.08583214,
    -0.026802951,
    -0.0039087636,
    0.043825176,
    0.029467573,
    0.02724183,
    -0.011755681,
    0.03216354,
    0.014482998,
    -0.010877923,
    0.042445846,
    -0.0063402303,
    -0.024185354,
    -0.031129042,
    0.029044367,
    0.025454966,
    0.00023793007,
    0.025423618,
    0.022053657,
    -0.11718062,
    -0.02169315,
    0.011504893,
    0.032508377,
    0.0054742284,
    0.019984657,
    -0.009913958,
    -0.053982086,
    0.02087809,
    0.016990878,
    -0.009561287,
    0.006626285,
    0.00070044264,
    0.01777459,
    0.0011060137,
    -0.0329786,
    -0.0017349425,
    -0.0027077252,
    0.013683612,
    0.014835669,
    0.02065865,
    0.0017114312,
    0.00038499854,
    0.008652181,
    -0.019968983,
    0.04335495,
    0.007527554,
    0.034169845,
    -0.047367554,
    0.03526704,
    0.023244899,
    -0.018981505,
    0.023041135,
    -0.029953474,
    -0.021896914,
    -0.008119257,
    0.08978205,
    -0.008417067,
    0.012139699,
    0.023417316,
    0.029655663,
    0.010360673,
    -0.00036295663,
    -0.04373113,
    0.013072317,
    0.030329656,
    0.028150937,
    -0.01105034,
    0.026034914,
    0.010791715,
    -0.02217905,
    0.020517582,
    0.0011187489,
    0.013754146,
    -0.033135343,
    -0.038119752,
    -4.6563517e-05,
    0.017743241,
    -0.0062501035,
    -0.031207412,
    0.020831065,
    0.023699451,
    0.0014155799,
    0.022414165,
    -0.0028840604,
    0.005654482,
    0.03536109,
    0.051474206,
    0.03573727,
    0.029420549,
    -0.06009504,
    -0.0047101094,
    -0.021630453,
    0.016363908,
    0.095487475,
    -0.0040204427,
    -0.025784126,
    0.007801853,
    0.072791174,
    -0.023934565,
    -0.013981422,
    -0.019420383,
    -0.0063284747,
    0.015595869,
    0.008377882,
    0.019122574,
    0.01796268,
    0.027853126,
    0.011254105,
    -0.030376678,
    -0.02384052,
    -0.0598756,
    -0.027806103,
    0.02258658,
    0.0021414931,
    -0.019639824,
    0.015243199,
    0.047022723,
    0.016254188,
    -0.062038645,
    0.0045376928,
    -0.033417482,
    -0.001812334,
    -0.011818377,
    0.020674324,
    -0.011011154,
    0.038934816,
    -0.0072650104,
    0.0073747304,
    -0.019326339,
    0.085957535,
    -0.007864551,
    0.042696632,
    -0.010078537,
    -0.00449067,
    -0.021849891,
    -0.0011745885,
    0.026364073,
    -0.048652843,
    -0.07034599,
    0.0154234525,
    -0.052696798,
    0.013895215,
    -0.030219937,
    0.020392187,
    0.01480432,
    0.019122574,
    0.008699204,
    -0.020784043,
    0.012931249,
    -0.034201194,
    -0.02435777,
    0.05984425,
    0.025674406,
    -0.018464256,
    0.02849577,
    0.0804402,
    -0.010823064,
    0.007829283,
    -0.022382816,
    0.003175993,
    -0.0034189438,
    0.022523884,
    0.03388771,
    0.010956294,
    0.01369145,
    -0.024843672,
    -0.020235445,
    0.004721865,
    0.008283836,
    0.009239965,
    0.0059405374,
    -0.052571405,
    0.03470277,
    0.015407778,
    -0.024185354,
    -0.07454669,
    -0.0039636237,
    0.034514677,
    0.016254188,
    -0.024953391,
    0.018730719,
    -0.020674324,
    0.0077391565,
    0.029890778,
    0.046301708,
    -0.06147437,
    0.09178835,
    -0.027884474,
    0.039906617,
    0.065204844,
    0.0044436473,
    -0.008005618,
    -0.057712555,
    -0.034828164,
    0.024969066,
    0.035580527,
    0.01633256,
    -0.02912274,
    -0.009765052,
    0.0076020067,
    -0.08564405,
    0.056082435,
    -0.008040885,
    0.03344883,
    0.02912274,
    0.044075966,
    -0.0038147185,
    0.012124025,
    -0.0028350784,
    -0.012280768,
    -0.0064460314,
    0.034389284,
    -0.00032230158,
    0.0039205193,
    0.07498557,
    -0.006567507,
    -0.06022043,
    0.024201028,
    0.016504975,
    0.0180724,
    0.0304237,
    -0.050878584,
    0.027570989,
    -0.007135698,
    0.020188423,
    -0.03470277,
    0.04376248,
    0.019530104,
    -0.05037701,
    0.073668934,
    -0.12539393,
    0.07047138,
    -0.027962845,
    0.0278688,
    0.032445677,
    -0.021865565,
    -0.0065870997,
    -0.03906021,
    0.0826346,
    -0.034326587,
    0.021505058,
    0.0164893,
    -0.024342095,
    -0.045079116,
    -0.008080071,
    0.049655996,
    0.053543206,
    0.002672458,
    0.038276497,
    -0.021520732,
    -0.021849891,
    0.091913745,
    -0.04376248,
    0.002049407,
    0.061913252,
