{
  "chunk_index": 480,
  "token_start": 216000,
  "token_end": 216500,
  "text": " đồng đến dưới 1.500.000.000 đồng.\n\n4. Phạm tội thuộc một trong các trường hợp sau đây, thì bị phạt tù từ 15 năm đến 20 năm hoặc tù chung thân:\n\na) Làm chết 03 người trở lên;\n\nb) Gây thương tích hoặc gây tổn hại cho sức khỏe của 03 người trở lên mà tổng tỷ lệ tổn thương ơ\n                                                                                               c thể của những người này 201% trở\nlên;\n\nc) Gây thiệt hại về tài sản 1.500.000.000 đồng trở lên.\n\n5. Người phạm tội còn có thể bị phạt tiền từ 10.000.000 đồng đến 50.000.000 đồng, phạt quản chế hoặc cấm cư trú từ 01 năm đến 05\nnăm.\n\nĐiều 310. Tội vi phạm quy định về quản lý chất phóng xạ, vật liệu hạt nhân322\n\n1. Người nào vi phạm quy định về quản lý việc sản xuất, trang bị, sử dụng, bảo quản, lưu giữ, vận chuyển, mua bán hoặc xử lý chất\nphóng xạ, vật liệu hạt nhân gây thiệt hại cho người khác thuộc một trong các trường hợp sau đây, thì bị phạt tù từ 03 năm đến 10 năm:\n\na) Làm chết người;\n\nb) Gây thương tích hoặc gây tổn hại cho sức khỏe của 01 người mà tỷ lệ tổn",
  "embedding": [
    -0.00017360649,
    0.011918587,
    -0.06059869,
    -0.1673829,
    -0.00024735523,
    0.042194173,
    -0.06303784,
    0.03058444,
    0.03082202,
    0.06810621,
    -0.109476775,
    -0.017786808,
    0.0018026368,
    -0.008671663,
    -0.05467503,
    -0.10789291,
    0.13747951,
    -0.026054585,
    0.01105538,
    0.0006508697,
    -0.01930732,
    0.14406839,
    0.024169786,
    -0.053376265,
    -0.07349135,
    0.025484394,
    -0.028462062,
    -0.06645899,
    0.10960349,
    0.054041486,
    -0.05483342,
    -0.05587877,
    0.05397813,
    0.019402351,
    -0.0052544735,
    -0.0054762145,
    0.010508947,
    0.0064265337,
    -0.017929357,
    -0.08109391,
    -0.014785383,
    0.08660576,
    0.034654975,
    0.013660839,
    0.0905971,
    -0.11644578,
    -0.01848371,
    -0.019117255,
    -0.029586606,
    -0.021445537,
    0.033261172,
    0.046692353,
    0.0559738,
    0.007265982,
    0.039723344,
    -0.13709939,
    0.02529433,
    0.003377593,
    -0.0052782316,
    0.063988164,
    0.00049099827,
    -0.04399978,
    0.034781683,
    -0.0621192,
    -0.019782478,
    -0.04083205,
    0.013383662,
    0.03338788,
    0.033482913,
    -0.052204203,
    -0.05353465,
    -0.03861464,
    -0.04599545,
    0.02176231,
    0.060060173,
    -0.009891239,
    -0.01811942,
    0.023108596,
    0.07406154,
    -0.006802702,
    0.03143973,
    -0.021635601,
    0.015957443,
    -0.02953909,
    0.013138163,
    0.075898826,
    -0.026529744,
    0.020669444,
    -0.044189844,
    -0.027274162,
    0.03614381,
    0.00016618213,
    0.052520975,
    -0.14926347,
    0.016440522,
    -0.004660524,
    0.017042391,
    -0.0079945605,
    -0.012425424,
    -0.003339976,
    0.0060424465,
    -0.035478584,
    0.052077495,
    0.01777097,
    -0.0068225,
    -0.004977297,
    -0.032199983,
    -0.0023164032,
    0.043904748,
    0.030441893,
    -0.008774614,
    0.001776899,
    -0.124808595,
    -0.06747267,
    -0.019022223,
    0.02670397,
    -0.01998838,
    -0.092877865,
    -0.022269147,
    0.004391267,
    -0.024312334,
    0.035193488,
    -0.013264872,
    -0.0009740772,
    0.02976083,
    -0.06753602,
    -0.0050723287,
    -0.0029083728,
    -0.014539884,
    0.033134464,
    -0.011799797,
    -0.03870967,
    -0.008164826,
    0.010611898,
    -0.06892982,
    -0.015743623,
    0.01848371,
    0.025389362,
    0.002599519,
    0.0642099,
    -0.035732,
    0.000835489,
    0.023694627,
    0.09167413,
    -0.03329285,
    0.03172482,
    0.024644945,
    -0.01211657,
    0.009186419,
    -0.013280711,
    0.051000465,
    0.0057692295,
    -0.0023441208,
    0.0019194469,
    -0.052869428,
    -0.016630586,
    0.0075431587,
    0.023488723,
    0.0050842077,
    0.008291535,
    0.0052505136,
    0.040990435,
    -0.07767276,
    -0.05188743,
    -0.01423895,
    0.005824665,
    -0.015894089,
    0.03246924,
    -0.004272477,
    0.036904063,
    0.025135944,
    -0.0042289207,
    -0.009724934,
    0.03235837,
    0.014722029,
    -0.02117628,
    -0.013391581,
    -0.05670238,
    -0.006446332,
    0.019703286,
    0.00030984366,
    0.023916367,
    0.13215773,
    -0.011744361,
    -0.03376801,
    -0.013423259,
    -0.018372837,
    0.05730425,
    0.019180609,
    0.049099825,
    -0.024027238,
    -0.0312655,
    -0.009566547,
    0.021207957,
    -0.018974707,
    0.012013619,
    0.010405996,
    -0.011094977,
    0.14039382,
    -0.014967528,
    0.040895402,
    0.037600964,
    0.058634695,
    0.00095130916,
    -0.037347544,
    -0.018135259,
    0.030346861,
    0.03893141,
    0.037474256,
    -0.019703286,
    0.011229605,
    -0.023235304,
    -0.012211602,
    -0.03991341,
    0.028794672,
    0.03918483,
    -0.050050147,
    -0.026165456,
    0.0151338335,
    0.013565807,
    -0.02976083,
    -0.044665005,
    0.0005469285,
    -0.0140251275,
    0.009534869,
    -0.017612584,
    -0.02011509,
    0.030790344,
    0.008141068,
    0.005709835,
    0.071717426,
    0.016614748,
    -0.033261172,
    0.0013611343,
    0.015038801,
    0.0044189845,
    0.013581646,
    0.007024443,
    0.05964837,
    0.07456838,
    0.14799638,
    -0.02435985,
    0.008996355,
    0.0113008795,
    -0.016076233,
    0.0037438618,
    -0.022443373,
    -0.00905971,
    0.022332503,
    -0.043049462,
    -0.019497383,
    -0.034781683,
    0.016788973,
    -0.021984052,
    -0.07944669,
    -0.015814897,
    0.009447757,
    -0.014135999,
    -0.007899528,
    0.05952166,
    0.04846628,
    -0.18220787,
    -0.01222744,
    -0.034338202,
    0.053376265,
    -0.020194283,
    0.05777941,
    -0.005856342,
    0.048307896,
    -0.010556463,
    0.056227222,
    -0.0047793137,
    0.04149727,
    0.015434768,
    0.08299454,
    -0.008513276,
    0.017359164,
    0.010445592,
    0.0053574247,
    -0.0022094923,
    -0.025547748,
    -0.026339682,
    0.02505675,
    -0.032881044,
    -0.057209216,
    0.018261967,
    0.084768474,
    0.030853698,
    -0.0052267555,
    0.005519771,
    0.02507259,
    0.112010956,
    -0.04951163,
    -0.016963199,
    -0.04586874,
    0.023425369,
    -0.009210177,
    0.015434768,
    0.034148138,
    -0.0016165326,
    0.016757296,
    -0.016020799,
    0.0011067259,
    0.06892982,
    0.038076125,
    0.04811783,
    -0.0124095855,
    0.032057434,
    -0.063576356,
    0.033894718,
    0.015062559,
    0.04859299,
    -0.003941845,
    -0.018182775,
    -0.09655243,
    0.005721714,
    0.0050485707,
    0.02941238,
    -0.034750007,
    -0.018990546,
    0.024423204,
    0.064843446,
    -0.061707396,
    0.011102896,
    -0.038582962,
    0.025215138,
    0.033356205,
    0.035700325,
    -0.07247768,
    0.024391526,
    -0.030394377,
    -0.030663634,
    0.13938016,
    0.025326008,
    -0.03250092,
    -0.050683692,
    -0.039026443,
    0.036270518,
    0.006881895,
    0.039469924,
    -0.04672403,
    -0.06021856,
    0.05895147,
    -0.0045932094,
    0.06557202,
    -0.007052161,
    0.06677576,
    0.025452716,
    -0.042415913,
    0.026418874,
    0.0043833475,
    -0.008853807,
    0.049004793,
    0.035858713,
    -0.021873182,
    0.034338202,
    0.026212972,
    0.05955334,
    0.029063929,
    -0.07862308,
    0.028066095,
    0.02022596,
    0.021334667,
    0.0036171526,
    -0.03424317,
    0.03494007,
    0.02223747,
    0.030093443,
    -0.058191214,
    -0.058381278,
    -0.026624776,
    -0.032881044,
    0.049448278,
    -0.061485656,
    0.08122062,
    -0.017010715,
    0.03766432,
    0.04681906,
    -0.023045242,
    0.034528267,
    -0.05014518,
    0.0665857,
    0.0062879454,
    0.079319976,
    -0.017501712,
    -0.06300616,
    -0.043429587,
    0.005598964,
    0.026608938,
    0.057209216,
    -0.0076183924,
    0.01742252,
    -0.05058866,
    -0.03779103,
    0.05071537,
