{
  "chunk_index": 190,
  "token_start": 85500,
  "token_end": 86000,
  "text": "t Nam, ngoại tệ, kim khí quý, đá quý trị giá từ 200.000.000\nđồng đến dưới 300.000.000 đồng; hàng hóa trị giá dưới 200.000.000 đồng nhưng là di vật, cổ vật; hàng hóa, tiền Việt Nam, ngoại tệ,\nkim khí quý, đá quý trị giá từ 100.000.000 đồng đến dưới 200.000.000 đồng nhưng đã bị xử phạt vi phạm hành chính về hành vi quy\nđịnh tại Điều này hoặc tại một trong các điều 188, 190, 191, 192, 193, 194, 195, 196 và 200 của Bộ luật này hoặc đã bị kết án về một\ntrong các tội này, chưa được xóa án tích mà còn vi phạm, thì bị phạt tiền từ 200.000.000 đồng đến 500.000.000 đồng;\n\nb) Phạm tội thuộc một trong các trường hợp quy định tại các điểm a, b, c, e và g khoản 2 Điều này, thì bị phạt tiền từ 500.000.000 đồng\n\fđến 2.000.000.000 đồng;\n\nc) Phạm tội thuộc trường hợp quy định tại khoản 3 Điều này, thì bị phạt tiền từ 2.000.000.000 đồng đến 5.000.000.000 đồng hoặc đình\nchỉ hoạt động có thời hạn từ 06 tháng đến 03 năm;\n\nd) Phạm tội thuộc trường hợp quy định tại Đi",
  "embedding": [
    8.789847e-05,
    -0.030607654,
    -0.07050527,
    -0.14888547,
    0.0003756263,
    0.014873167,
    0.06453755,
    -0.01750327,
    0.044727165,
    0.1116641,
    -0.1965042,
    -0.05537063,
    0.00046694936,
    -0.076288424,
    -0.022194395,
    -0.09086935,
    0.029715572,
    -0.042604625,
    0.014480958,
    0.0031395915,
    -0.014119511,
    0.058846675,
    0.09289961,
    -0.01431946,
    -0.06976699,
    -0.008659352,
    -0.023470994,
    0.034299027,
    0.094622254,
    0.07253552,
    -0.053647988,
    0.05558596,
    0.0138888,
    0.019871904,
    -0.0040797386,
    -0.0032088049,
    0.01874911,
    0.009935952,
    -0.024609169,
    -0.025332063,
    0.0031703531,
    0.026408713,
    0.046296,
    0.0042450815,
    0.030776842,
    -0.0626611,
    -0.013704231,
    0.0052140676,
    -0.052786667,
    -0.03915934,
    0.028331306,
    0.00600233,
    0.015672965,
    0.008113335,
    0.04128188,
    -0.11861619,
    0.06459907,
    -0.0047680265,
    -0.040235993,
    0.05767774,
    0.00663294,
    -0.0025762725,
    0.013358165,
    -0.050448798,
    -0.02125617,
    -0.030992173,
    0.07936457,
    0.010220495,
    0.04042056,
    -0.0059446525,
    -0.07333532,
    -0.033222377,
    -0.024178509,
    -0.027131608,
    0.061215308,
    -0.053617228,
    -0.013927251,
    0.023640182,
    0.07831868,
    -0.0130582405,
    0.07690365,
    -0.018241547,
    0.019979568,
    -0.11707812,
    -0.027131608,
    0.10071302,
    -0.028577397,
    0.021594545,
    -0.03134593,
    0.04125112,
    0.0075827003,
    0.09874429,
    0.013096692,
    0.025870388,
    0.011966208,
    -0.011666284,
    0.017949313,
    -0.0073558344,
    -0.012381488,
    -0.018456876,
    -0.0067290696,
    -0.060661603,
    -0.019671954,
    -0.007921076,
    -0.00506026,
    -0.003030004,
    0.011712426,
    0.026454857,
    0.024455361,
    -0.0054024816,
    -0.012527605,
    -0.007309692,
    -0.030469228,
    -0.08028741,
    0.016780376,
    0.039651524,
    0.07050527,
    -0.006429145,
    -0.013388926,
    -0.017164895,
    0.0015553763,
    0.05601662,
    -0.040512845,
    0.033222377,
    0.013604256,
    -0.08453249,
    -0.006629095,
    0.00028358222,
    -0.080164365,
    0.043958127,
    -0.012312274,
    -0.032945525,
    0.019595051,
    0.012035422,
    -0.09665251,
    0.009420698,
    -0.026116481,
    0.0060407817,
    -0.0484493,
    0.021779114,
    -0.021102361,
    -0.01199697,
    0.04755722,
    0.038790204,
    -0.039374672,
    -0.024255412,
    0.044727165,
    -0.02883887,
    0.004545006,
    0.016134387,
    -0.015519157,
    -0.013765754,
    0.017810887,
    0.03835954,
    -0.017180275,
    -0.049587473,
    -0.029807856,
    0.07444274,
    0.052417528,
    0.04257386,
    -0.00278968,
    0.033191618,
    -0.022502009,
    -0.011243314,
    0.016549665,
    -0.0026570212,
    -0.074196644,
    0.0319304,
    -0.041774064,
    -0.064968206,
    0.021163885,
    -0.024439981,
    0.0185184,
    0.014219485,
    -0.0024936008,
    0.012766006,
    -0.027716076,
    -0.029946283,
    0.019241294,
    -0.062199675,
    0.019487385,
    0.017810887,
    0.039928377,
    -0.006763676,
    -0.013781134,
    0.0026377952,
    -0.03396065,
    0.029531002,
    0.020533275,
    0.036790706,
    0.01808774,
    0.041497212,
    -0.013335093,
    0.0032261082,
    -0.0014880857,
    0.025501251,
    -0.009013108,
    0.043435182,
    0.060384747,
    0.0091207735,
    -0.02757765,
    0.043958127,
    0.0610615,
    -0.026147243,
    0.006817509,
    -0.03306857,
    0.03137669,
    0.006802128,
    0.013673469,
    -0.012112325,
    0.014519409,
    -0.033591516,
    -0.019887285,
    0.032145727,
    -0.014388673,
    0.064660594,
    -0.012927504,
    -0.039005533,
    0.0073173824,
    -0.01619591,
    -0.002558969,
    -0.024470743,
    0.009020799,
    0.01641124,
    -0.012066183,
    0.013089001,
    -0.013350474,
    0.027500747,
    -0.021425357,
    0.006290719,
    0.04946443,
    0.035529487,
    -0.02926953,
    0.013565804,
    -0.024393838,
    0.06927481,
    0.07758041,
    0.0111664105,
    0.013642708,
    -0.01198928,
    0.10606552,
    -0.018010836,
    -0.019502766,
    0.013988774,
    0.00026219338,
    -0.025501251,
    0.02714699,
    0.027500747,
    0.016595809,
    -0.0020014176,
    -0.042696908,
    -0.023809372,
    -0.0051102475,
    -0.03242258,
    -0.027623791,
    -0.00038211502,
    0.014765501,
    0.03962076,
    -0.020117996,
    0.0336838,
    0.03260715,
    -0.113940455,
    0.0018072359,
    -0.004906453,
    0.0053947913,
    0.08207158,
    0.029146485,
    -0.010020546,
    0.029177247,
    -0.017733982,
    0.09080783,
    -0.045342393,
    0.004141262,
    0.006248422,
    0.13362779,
    0.036360048,
    0.0069636256,
    0.0068944125,
    0.023655564,
    0.026377954,
    -0.011404811,
    -0.06896719,
    0.00068924896,
    -0.013181286,
    0.01558837,
    0.0023532517,
    0.07856477,
    0.02399394,
    -0.027654553,
    0.0034202898,
    -0.01515002,
    0.04315833,
    -0.0013275493,
    0.01682652,
    -0.055862814,
    -0.006017711,
    0.029407958,
    -0.02820826,
    0.014611694,
    0.002653176,
    0.008336356,
    0.019687336,
    0.02230206,
    0.010012856,
    0.030607654,
    -0.019102868,
    -0.007905696,
    -0.048910722,
    -0.03346847,
    -0.069951564,
    0.030884506,
    0.018010836,
    -0.010551181,
    -0.017718602,
    -0.010728059,
    0.014796263,
    0.041804824,
    0.06761369,
    -0.024163127,
    -0.07087441,
    0.07991827,
    0.11953904,
    -0.0118508525,
    0.063922316,
    0.03728289,
    0.01012052,
    0.022871146,
    0.024147747,
    0.007840327,
    0.06669085,
    -0.021609927,
    0.0034645095,
    0.15048507,
    0.0043066046,
    -0.05017194,
    -0.022594294,
    -0.035744816,
    0.005056415,
    -0.01853378,
    -0.017164895,
    -0.011135649,
    -0.010535801,
    -0.06041551,
    -0.13891876,
    0.02757765,
    -0.042020157,
    0.034422074,
    -0.022886528,
    0.029746333,
    -0.0023840133,
    0.0638608,
    -0.011058745,
    0.107665114,
    -0.0046488256,
    0.012173848,
    0.04278919,
    -0.000884392,
    -0.031653542,
    0.06459907,
    -0.18567617,
    -0.014265628,
    -0.019395102,
    -0.0039720736,
    -0.024886021,
    -0.021348454,
    -0.03491426,
    0.00037033914,
    0.038174972,
    0.04909529,
    -0.017672459,
    -0.015442253,
    -0.052540574,
    0.036698423,
    -0.10760359,
    0.084717065,
    -0.027700696,
    0.0070982073,
    0.04365051,
    -0.024455361,
    0.0014073368,
    -0.04967976,
    0.083671175,
    -0.019656574,
    0.026670186,
    -0.0010708834,
    -0.041158836,
    -0.02882349,
    0.040605128,
    0.10501963,
    -0.015442253,
    0.0029665583,
    0.017595556,
    0.01727256,
    0.029561764,
    -0.007221253,
    0.0029742487,
    0.009328413,
    0.0614614,
    -0.054724637,
    -0.018672207,
