{
  "chunk_index": 204,
  "token_start": 91800,
  "token_end": 92300,
  "text": " g, h, i, k,l và m khoản 2 Điều này, thì bị phạt tiền từ\n3.000.000.000 đồng đến 6.000.000.000 đồng;\n\nc) Phạm tội thuộc trường hợp quy định tại khoản 3 Điều này, thì bị phạt tiền từ 6.000.000.000 đồng đến 9.000.000.000 đồng hoặc đình\nchỉ hoạt động có thời hạn từ 06 tháng đến 03 năm;\n\nd) Phạm tội thuộc trường hợp quy định tại Điều 79 của Bộ luật này, thì bị đình chỉ hoạt động vĩnh viễn;\n\nđ) Pháp nhân thương mại còn có thể bị phạt tiền từ 50.000.000 đồng đến 200.000.000 đồng, cấm kinh doanh, cấm hoạt động trong một\nsố lĩnh vực nhất định hoặc cấm huy động vốn từ 01 năm đến 03 năm.\n\nĐiều 193. Tội sản xuất, buôn bán hàng giả là lương thực, thực phẩm, phụ gia thực phẩm\n\n1. Người nào sản xuất, buôn bán hàng giả là lương thực, thực phẩm, phụ gia thực phẩm, thì bị phạt tù từ 02 năm đến 05 năm.\n\n2.136 Phạm tội thuộc một trong các trường hợp sau đây, thì bị phạt tù từ 05 năm đến 10 năm:\n\na) Có tổ chức;\n\nb) Có tính chất chuyên nghiệp;\n\nc) Tái phạm nguy hiểm;\n\nd)",
  "embedding": [
    -0.00021903685,
    0.078761555,
    -0.08898541,
    -0.09718975,
    -0.0014968956,
    0.036603928,
    0.045565583,
    0.034268852,
    0.023461225,
    0.079140216,
    -0.17178603,
    0.065950185,
    0.0050369846,
    -0.070367895,
    -0.01768664,
    -0.078130454,
    0.02892026,
    -0.14300777,
    0.17380555,
    -0.006449076,
    0.003508534,
    0.11290419,
    0.09744219,
    -0.11132643,
    -0.07560605,
    0.07996065,
    -0.036603928,
    0.117385015,
    0.013355701,
    -0.059165835,
    0.050077964,
    -0.0113835065,
    0.0017522948,
    -0.016771542,
    -0.009821529,
    -0.027026953,
    0.017276423,
    0.000993493,
    0.043135837,
    -0.09864128,
    -0.006827737,
    -0.08090731,
    0.073838964,
    0.020069052,
    0.09807329,
    -0.043514498,
    -0.0057430305,
    0.010712961,
    -0.045123808,
    -0.035846606,
    0.023319228,
    0.010176524,
    0.086397894,
    -0.023540113,
    0.078887776,
    -0.092077814,
    0.033290643,
    -0.0049068197,
    0.010200189,
    0.09725285,
    0.010720849,
    -0.008922208,
    0.07768869,
    -0.03253332,
    -0.02697962,
    -0.05421168,
    0.03531017,
    0.011872611,
    0.019737722,
    -0.065571524,
    -0.044208713,
    0.031476222,
    -0.029314699,
    0.06885325,
    0.058503177,
    -0.033416864,
    -0.03169711,
    -0.045786466,
    0.09428667,
    -0.035247058,
    0.034395073,
    -0.008661878,
    0.009206204,
    -0.062195126,
    0.04932064,
    0.0031397336,
    0.039727885,
    0.018317742,
    -0.023193007,
    0.05266548,
    0.012164496,
    0.043009616,
    0.030103575,
    0.044145603,
    -0.008866986,
    0.039506998,
    -0.018964622,
    0.036761705,
    -0.0063741324,
    0.005305203,
    -0.0035992549,
    -0.040232766,
    0.0136870295,
    0.008937986,
    -0.037140366,
    0.002433688,
    -0.036383044,
    -0.024313213,
    0.0036012272,
    0.008003165,
    0.0040824427,
    -0.007943999,
    -0.014483796,
    -0.040863868,
    -0.036162157,
    -0.0059678606,
    -0.051087726,
    -0.016392881,
    0.008653989,
    -0.040295877,
    -0.021094592,
    0.057588078,
    0.0029681528,
    0.044050936,
    0.0044571594,
    -0.05866095,
    -0.009332424,
    -0.015785445,
    -0.11940454,
    -0.017229091,
    0.0153121175,
    -0.037329696,
    -0.0035026174,
    -0.020305714,
    -0.052633926,
    0.024896983,
    0.041400306,
    -0.00096588227,
    -0.072955415,
    0.055726327,
    -0.023997663,
    0.016787319,
    0.027910497,
    0.065823965,
    -0.0299458,
    0.001135984,
    0.039286114,
    0.038939007,
    0.011699057,
    -0.037645247,
    0.029062258,
    0.006737016,
    -0.008717099,
    0.0062715784,
    -0.036477707,
    -0.018838402,
    -0.036383044,
    0.0938449,
    0.016503323,
    0.034647513,
    0.03052957,
    0.035247058,
    -0.08753388,
    -0.051718827,
    6.471263e-05,
    0.034521293,
    0.0058455844,
    0.05569477,
    -0.048941977,
    -0.03157089,
    0.021615252,
    -0.023587447,
    -0.03098712,
    -0.0017069343,
    -0.011344062,
    -0.008977429,
    0.022230577,
    -0.008937986,
    -0.016053664,
    -0.04111631,
    0.018207299,
    0.05260237,
    0.05900806,
    0.017560419,
    -0.019232841,
    -0.021410143,
    -0.041558083,
    0.040958535,
    0.01407358,
    0.015611892,
    -0.08021309,
    0.019059287,
    0.0070841224,
    -0.00019315179,
    -0.019800832,
    0.01135984,
    -0.008511991,
    -0.020952594,
    0.06784349,
    -0.013844805,
    -0.025748972,
    0.021536363,
    0.007320786,
    -0.005029096,
    -0.021457477,
    -0.034237295,
    0.008164885,
    0.037298143,
    -0.028762484,
    -0.011691169,
    0.041747414,
    -0.046291348,
    0.0015669086,
    0.049415305,
    0.006476687,
    0.030640014,
    -0.015422561,
    -0.038844343,
    0.010673516,
    0.011770057,
    0.0051395386,
    -0.045628693,
    0.023918774,
    0.005865306,
    0.025748972,
    0.011825278,
    0.0043901047,
    0.014901902,
    0.031902216,
    0.020353047,
    0.039002117,
    0.044839814,
    -0.056515206,
    0.009237759,
    0.009884639,
    0.0033842856,
    0.041842077,
    0.008227996,
    0.06500353,
    0.02814716,
    0.037897687,
    -0.032975093,
    -0.038087018,
    -0.015469894,
    -0.018743737,
    0.0017730028,
    0.024534099,
    0.018428186,
    0.027468724,
    0.008480436,
    -0.033038203,
    0.007210343,
    -0.021851914,
    -0.018696403,
    0.036193714,
    0.035878163,
    -0.017229091,
    -0.029330475,
    -0.01387636,
    0.061027586,
    0.03201266,
    -0.07920333,
    -0.003569672,
    -0.025007427,
    0.043009616,
    -0.024455212,
    0.06487731,
    -0.025086313,
    -0.0096716415,
    0.020999927,
    0.009703197,
    -0.00060990115,
    0.070494115,
    0.021646807,
    0.039948773,
    0.0521606,
    0.023145674,
    -0.024597209,
    -0.033984855,
    0.018538628,
    -0.060522705,
    -0.080149986,
    -0.038055465,
    -0.027989384,
    -0.009569088,
    0.02929892,
    0.11927832,
    0.009016873,
    0.008685544,
    -0.040611427,
    -0.031839106,
    0.011596504,
    0.016897762,
    -0.028573154,
    -0.016945096,
    0.019706167,
    0.0035657275,
    0.0007425312,
    0.024802318,
    0.019201286,
    -0.040895425,
    0.004311217,
    0.027894719,
    0.013418811,
    -0.033606194,
    0.020479267,
    -0.014507462,
    0.028809818,
    -0.10646695,
    -0.045470916,
    -0.010531519,
    0.00346909,
    -0.024739208,
    0.0065555745,
    0.011706946,
    0.048878867,
    -0.004563658,
    -0.037108812,
    -0.0512455,
    -0.008732877,
    0.021520587,
    0.103311434,
    -0.059607606,
    0.025764748,
    -0.04796377,
    0.032438654,
    0.06352044,
    0.023966108,
    -0.010539407,
    0.005395924,
    -0.044934478,
    0.013221592,
    0.062321346,
    -0.004926542,
    -0.0058100848,
    -0.018207299,
    -0.047837548,
    0.020226827,
    -0.046228237,
    -0.008748654,
    -0.03247021,
    -0.013844805,
    -0.038055465,
    -0.11953076,
    0.050519735,
    -0.00567992,
    0.018223077,
    0.023760999,
    0.06809593,
    -0.012898152,
    -0.016519101,
    -0.017970636,
    0.0071038445,
    -0.017607752,
    0.08488325,
    -0.0132137025,
    -0.027326727,
    0.0127719315,
    0.059544496,
    -0.047427334,
    -0.0012030386,
    0.0039660833,
    0.05913428,
    0.009687419,
    -0.07844601,
    0.036982592,
    -0.008188551,
    0.026553627,
    -0.023934552,
    0.0051632053,
    -0.034331962,
    -0.0005231246,
    0.01284293,
    -0.086776555,
    0.034679066,
    -0.047869105,
    -0.04395627,
    0.009916194,
    0.006153247,
    -0.0013312313,
    0.010444742,
    0.0070407344,
    -0.019453727,
    0.042062964,
    -0.010555184,
    -0.0148703465,
    0.0068435147,
    -0.011170509,
    0.075921595,
    0.02639585,
    -0.011817389,
    0.08128597,
    -0.009158871,
    -0.0037747803,
    0.050898395,
    -0.02478654,
