{
  "chunk_index": 430,
  "token_start": 193500,
  "token_end": 194000,
  "text": " sản từ 500.000.000 đồng đến dưới 1.500.000.000 đồng.\n\n4. Phạm tội thuộc một trong các trường hợp sau đây, thì bị phạt tù từ 12 năm đến 20 năm:\n\na) Làm chết 03 người trở lên;\n\nb) Gây thương tích hoặc gây tổn hại cho sức khỏe của 03 người trở lên mà tổng tỷ lệ tổn thương cơ thể của những người này 201% trở\nlên;\n\nc) Gây thiệt hại về tài sản 1.500.000.000 đồng trở lên.\n\n5. Người phạm tội còn có thể bị cấm đảm nhiệm chức vụ, cấm hành nghề hoặc làm công việc nhất định từ 01 năm đến 05 năm.\n\nĐiều 281. Tội vi phạm quy định về duy tu, sửa chữa, quản lý công trình giao thông287\n\n1. Người nào có trách nhiệm trong việc duy tu, sửa chữa, quản lý công trình giao thông đường bộ, đường sắt, đường thủy, đường không\nmà có một trong các hành vi sau đây, dẫn đến hậu quả làm chết người, gây thương tích hoặc gây tổn hại cho sức khỏe của người khác\nmà tỷ lệ tổn thương cơ thể 61% trở lên hoặc gây thương tích hoặc gây tổn hại cho sức khỏe của 02 người trởlên mà tổng tỷ lệ tổn\nthương cơ thể của",
  "embedding": [
    -3.2937525e-05,
    -0.013429039,
    -0.1059402,
    -0.14175098,
    0.0009495722,
    0.06223365,
    0.03319957,
    0.053747244,
    0.02572345,
    -0.016164584,
    -0.15443395,
    0.004445261,
    0.0047794324,
    -0.020858532,
    -0.03720963,
    -0.120799184,
    0.098914824,
    -0.008447549,
    0.10065562,
    0.010608008,
    -0.01083338,
    0.116882384,
    -0.034256484,
    -0.04939524,
    -0.033354998,
    0.08679138,
    -0.03867066,
    -0.008587436,
    -0.00097482937,
    0.012752925,
    -0.09642796,
    -0.0040217177,
    0.0039517744,
    -0.01386424,
    -0.011097609,
    0.008307664,
    0.036090545,
    0.008369835,
    0.034443,
    -0.074667946,
    -0.017703328,
    0.09729836,
    -0.013732125,
    -0.0045190896,
    -0.013382411,
    -0.065839596,
    -0.0087195495,
    0.039043687,
    -0.03060391,
    -0.038857173,
    0.008315436,
    0.021806646,
    0.064844854,
    -1.4875012e-05,
    0.036743343,
    -0.12968971,
    0.05610976,
    -0.008253264,
    0.0930707,
    0.09077036,
    0.0033028598,
    -0.017143786,
    0.063290566,
    -0.050514325,
    -0.027137851,
    -0.0372718,
    0.030541738,
    -0.04507432,
    0.018589273,
    -0.05312553,
    -0.1046346,
    -0.07901995,
    -0.028583337,
    0.08281241,
    0.07174589,
    -0.009753151,
    -0.024759792,
    0.006360919,
    0.02329876,
    -0.0023605733,
    -0.03304414,
    -0.021697845,
    -0.004305375,
    0.0006586291,
    0.0037380601,
    0.060741536,
    -0.033883456,
    0.0072002346,
    -0.04252529,
    0.014322754,
    0.031489853,
    -0.09139208,
    0.03201831,
    -0.06472051,
    0.015348583,
    0.00899155,
    -0.0043092608,
    -0.010102865,
    0.013887554,
    -0.008082292,
    0.0023217162,
    -0.0119291525,
    0.0062598907,
    0.029173966,
    0.028956367,
    0.0067533767,
    -0.032266997,
    0.028614422,
    0.04050472,
    0.016770756,
    -0.015224241,
    0.024246877,
    -0.04268072,
    0.010242751,
    0.0022187447,
    0.030743796,
    -0.013056011,
    -0.081817664,
    -0.02134036,
    0.053156614,
    -0.023221048,
    0.04712598,
    -0.0043558893,
    -0.025101734,
    0.053716157,
    -0.06608828,
    0.0067028627,
    0.030355224,
    -0.08032555,
    0.00674172,
    -0.017718872,
    -0.017703328,
    -0.009574408,
    0.031676367,
    0.0071730344,
    -0.020034758,
    0.038701747,
    -0.0012657725,
    0.0037244603,
    0.084677555,
    -0.016646413,
    -0.0035787458,
    0.03633923,
    0.048027467,
    -0.035344485,
    -0.0171127,
    0.022179674,
    0.007837492,
    0.00172623,
    -0.011322981,
    0.05859662,
    0.030805968,
    -0.015356355,
    0.010934409,
    -0.037085287,
    -0.008090064,
    0.0034913172,
    0.02123156,
    0.005541033,
    -0.010048465,
    -0.0062560053,
    0.020159101,
    0.011354066,
    -0.0015455441,
    -0.014501497,
    0.03668117,
    -0.021262646,
    0.038515233,
    -0.039012603,
    0.021091674,
    0.02334539,
    -0.0019088587,
    -0.015263098,
    0.022708133,
    -0.014820126,
    -0.02101396,
    -0.029173966,
    -0.08952693,
    -0.004946518,
    -0.033728026,
    0.0073789773,
    0.06478268,
    0.09338156,
    -0.049706098,
    -0.010755666,
    0.0047405753,
    -0.010592465,
    0.017376928,
    0.033448257,
    0.06726954,
    -0.005789719,
    0.010709037,
    -0.009457836,
    0.02437122,
    -0.0044918894,
    -0.028707681,
    -0.016071327,
    -0.025909964,
    0.10693494,
    0.0010782866,
    0.025785621,
    -0.007452806,
    0.052783586,
    0.023081161,
    -0.051229298,
    -0.032080483,
    0.013600011,
    0.027215565,
    0.05872096,
    0.024884135,
    0.0059917765,
    -0.04967501,
    -0.035220142,
    0.009014864,
    0.0053700614,
    0.076346576,
    -0.026997965,
    -0.034909286,
    0.006943777,
    -0.015395213,
    -0.0073362347,
    -0.024759792,
    0.020874074,
    0.0138797825,
    0.0014561726,
    0.009939665,
    -0.017532358,
    0.012154524,
    0.007242977,
    0.020392245,
    0.09300853,
    0.0350958,
    -0.03304414,
    -0.045043238,
    0.004208232,
    0.00070185773,
    0.029717967,
    -0.0030619453,
    0.0014882297,
    0.014128469,
    0.17408015,
    0.004864918,
    0.0007378006,
    -0.010895552,
    -0.0064852624,
    -0.017718872,
    -0.00084562926,
    -0.042276606,
    0.058472276,
    -0.025692364,
    -0.045571692,
    -0.034443,
    0.024309048,
    -0.011626067,
    -0.07951732,
    -0.012667439,
    0.015550641,
    -0.021511331,
    -0.00877395,
    0.084677555,
    0.045789294,
    -0.17694002,
    0.019941501,
    -0.030417396,
    0.029920025,
    -0.0020302874,
    0.046317752,
    -0.00028438595,
    -0.020236816,
    -0.023733962,
    0.004950404,
    -0.0064658336,
    0.037178546,
    0.0034582885,
    0.03730289,
    -0.00025014306,
    0.003879889,
    -0.003660346,
    -0.065031365,
    -0.00023775734,
    -0.057601877,
    -0.0018447443,
    0.066709995,
    -0.028070422,
    -0.0179831,
    -0.021247104,
    0.047374666,
    0.0010705151,
    -0.016599786,
    0.00055420044,
    0.0184183,
    0.03985192,
    -0.014703555,
    0.007798635,
    -0.020003673,
    0.04923981,
    -0.02291019,
    0.028458994,
    0.012387667,
    0.019459672,
    -0.0013804011,
    -0.019894874,
    -0.010048465,
    0.07261629,
    0.026733736,
    0.038795,
    -0.02042333,
    -0.006050062,
    -0.12521335,
    0.02339202,
    0.04662861,
    0.0038293744,
    0.03559317,
    -0.0053312043,
    -0.049426325,
    0.00058965763,
    0.016724128,
    0.07056463,
    -0.019723902,
    -0.06341491,
    -0.014307211,
    0.06677217,
    -0.02702905,
    0.03456734,
    -0.057850562,
    0.009823094,
    0.064844854,
    0.03982083,
    0.034443,
    0.03260894,
    -0.017237043,
    -0.0018836015,
    0.056358445,
    0.025521392,
    -0.02567682,
    -0.017610071,
    -0.010211665,
    0.007359549,
    -0.028661052,
    0.0089138355,
    -0.071621545,
    -0.044048492,
    0.06733171,
    0.043955237,
    0.0357486,
    -0.06422314,
    0.04224552,
    0.03568643,
    -0.031722996,
    0.0680156,
    0.0024480019,
    -0.0012337153,
    0.039043687,
    0.011571666,
    -0.022770304,
    -0.008020121,
    -0.012333267,
    0.03503363,
    0.05517719,
    -0.001154058,
    0.019801617,
    -0.015962528,
    0.028971909,
    0.035126887,
    -0.002076916,
    0.0015533156,
    -0.028769853,
    0.04407958,
    -0.07491663,
    -0.033386085,
    -0.0035437744,
    0.012644124,
    0.01868253,
    -0.06826428,
    0.16214322,
    -0.016335556,
    0.029686881,
    0.034474086,
    -0.038266547,
    -0.0026422879,
    0.016397728,
    0.12104787,
    -0.022443904,
    0.036650088,
    -0.03969649,
    -0.006520234,
    -0.08511276,
    -0.013817611,
    0.00519909,
    0.04442152,
    -0.009286865,
    -0.02615865,
    -0.02524162,
    -0.009123664,
    0.076533094,
    -0.026562765,
