{
  "chunk_index": 147,
  "token_start": 66150,
  "token_end": 66650,
  "text": "ộ luật này,\nthì bị phạt cải tạo không giam giữ đến 03 năm hoặc phạt tù từ 06 tháng đến 03 năm.\n\n2.80 Phạm tội thuộc một trong các trường hợp sau đây, thì bị phạt tù từ 02 năm đến 07 năm:\n\na) Có tổ chức;\n\nb) Lợi dụng chức vụ, quyền hạn;\n\nc) Đối với người đang thi hành công vụ;\n\nd) Phạm tội 02 lần trở lên;\n\nđ) Đối với 02 người trở lên;\n\ne) Đối với người dưới 18 tuổi, phụ nữ mà biết là có thai, người già yếu hoặc người không có khả năng tự vệ;\n\ng) Làm cho người bị bắt, giữ, giam hoặc gia đình họ lâm vào hoàn cảnh kinh tế đặc biệt khó khăn;\n\nh) Gây thương tích, gây tổn hại cho sức khỏe hoặc gây rối loạn tâm thần và hành vi của người bị bắt, giữ, giam mà tỷ lệ tổn thương cơ\nthể từ 31% đến 60%.\n\n3.81 Phạm tội thuộc một trong các trường hợp sau đây, thì bị phạt tù ừt 05 năm đến 12 năm:\n\na) Làm người bị bắt, giữ, giam chết hoặc tự sát;\n\fb) Tra tấn, đối xử hoặc trừng phạt tàn bạo, vô nhân đạo hoặc hạ nhục nhân phẩm của người bị bắt, giữ, giam;\n\nc) Gây thương tích, g",
  "embedding": [
    -2.3797293e-05,
    -0.0038011428,
    -0.018137954,
    -0.18824255,
    0.0015922104,
    0.05945833,
    -0.06673249,
    0.021537833,
    0.04604858,
    0.08925075,
    -0.040166,
    -0.043075666,
    0.008246681,
    0.040640403,
    -0.011662372,
    -0.114615425,
    0.12789866,
    0.027578546,
    0.11904317,
    0.010492181,
    -0.034915958,
    -0.051298626,
    0.108037055,
    -0.066795744,
    -0.011875853,
    0.10664548,
    -0.024368428,
    -0.059489958,
    0.065973446,
    -0.006661389,
    -0.031547707,
    -0.034220167,
    -0.039027438,
    0.017378911,
    -0.0010762986,
    -0.0056730523,
    0.113982886,
    0.026281849,
    0.008238774,
    -0.14054938,
    -0.081470564,
    0.020762976,
    0.017964007,
    -0.022344315,
    0.03096261,
    0.0379205,
    -0.020525776,
    0.024621442,
    -0.044657003,
    -0.026044646,
    -0.0066179023,
    0.030045433,
    0.018786304,
    0.011970733,
    0.037193086,
    -0.09222367,
    0.07634703,
    -0.01877049,
    0.054239914,
    0.066859,
    0.017331472,
    0.0144218085,
    0.016540801,
    -0.028369214,
    -0.028369214,
    -0.033872273,
    0.016730562,
    -0.025427924,
    0.019070944,
    -0.07122349,
    -0.097726725,
    0.020699723,
    -0.0326072,
    0.018564915,
    0.04898987,
    0.0004400569,
    -0.039153945,
    -0.0008326736,
    0.01635104,
    0.029571032,
    0.05016006,
    0.037003323,
    -0.059995987,
    -0.033334617,
    0.04301241,
    0.1106937,
    0.024621442,
    0.021253191,
    -0.0008825846,
    0.01723659,
    0.023925653,
    0.016967764,
    0.017157525,
    -0.05161489,
    0.012294908,
    0.027942253,
    0.0021802706,
    0.00018568375,
    -0.011923294,
    -0.0015368635,
    0.022818716,
    -0.04339193,
    0.08716338,
    0.04253801,
    0.04358169,
    -0.00012786605,
    -0.0339039,
    0.044340733,
    0.008555042,
    -0.0024154948,
    -0.023055917,
    0.023577759,
    -0.038553037,
    -0.073563874,
    0.0198458,
    0.05515709,
    -0.017062644,
    -0.07381689,
    -0.0106265955,
    0.005843046,
    -0.025159098,
    0.039122317,
    0.0067839427,
    -0.02087367,
    0.054998957,
    -0.036370788,
    -0.0029808234,
    -0.067934304,
    -0.02900175,
    -0.00402846,
    -0.084190466,
    -0.051488385,
    -0.0343783,
    0.030851917,
    -0.005669099,
    -0.03138957,
    0.0069974232,
    0.0163036,
    -0.05019169,
    0.022945223,
    -0.016604055,
    0.009092697,
    0.031373758,
    0.02302429,
    -0.049843792,
    -0.008302027,
    -0.008515509,
    0.020936923,
    -0.012302814,
    -0.013085577,
    0.008523415,
    0.016153375,
    -0.018738862,
    -0.012184214,
    -0.038268395,
    0.0022217808,
    -0.004953543,
    0.062336367,
    -0.024858642,
    0.0033089512,
    0.010832169,
    0.005680959,
    -0.061861966,
    -0.04693413,
    -0.009393152,
    0.03997624,
    -0.020525776,
    0.040988296,
    -0.04029251,
    0.00019470231,
    0.00799762,
    -0.010594969,
    -0.026092088,
    0.002172364,
    -0.025412112,
    -0.017457979,
    -0.05072934,
    -0.07666329,
    -0.0074757785,
    -0.08064827,
    0.020889483,
    -0.01491993,
    0.049337763,
    -0.02601302,
    -0.029744979,
    -0.026677182,
    -0.018754676,
    0.020936923,
    0.09361525,
    0.04759829,
    -0.008578762,
    0.022344315,
    -0.04655461,
    0.0379205,
    0.029903114,
    -0.020683909,
    -0.03947021,
    0.0012126891,
    0.09342548,
    -0.045542553,
    0.030061247,
    -0.017584486,
    0.039659973,
    -0.003637079,
    0.014556222,
    0.0061869873,
    0.039944615,
    0.009211297,
    0.014263675,
    -0.029365458,
    0.0321328,
    -0.026218595,
    -0.025380485,
    0.023482878,
    0.008238774,
    0.056390535,
    -0.048072696,
    -0.01690451,
    0.0073176445,
    -0.0074481047,
    -0.035168972,
    -0.012951164,
    -0.0157106,
    0.04712389,
    -0.025301417,
    -0.004570069,
    -0.018264461,
    0.013757646,
    -0.014611569,
    0.023830773,
    0.14194095,
    0.023894027,
    -0.0042696144,
    -0.04206361,
    0.022360127,
    -0.0027851327,
    0.061197806,
    0.0065665087,
    0.011543772,
    0.096398406,
    0.10791055,
    0.025475366,
    -0.051425133,
    0.024020534,
    -0.01723659,
    -0.01802726,
    0.016667308,
    -0.020336015,
    0.019640226,
    -0.027610172,
    -0.060502015,
    -0.051393505,
    0.032417443,
    -0.031690028,
    -0.015228291,
    -0.011361918,
    -0.0022059674,
    -0.069705404,
    -0.065973446,
    0.044245854,
    0.01303023,
    -0.021174124,
    0.00700533,
    -0.028211081,
    -0.00095374486,
    0.008839683,
    0.060122494,
    -0.0072583444,
    0.022122927,
    -0.029792419,
    0.08602482,
    0.03535873,
    0.033650886,
    0.0017483676,
    0.08153382,
    0.06439211,
    -0.012864189,
    0.03842653,
    0.0055386387,
    -0.004629369,
    -0.029444525,
    -0.021854099,
    0.050001927,
    0.009843833,
    0.013077671,
    -0.022755463,
    0.05262695,
    0.042316623,
    -0.017790059,
    0.007760419,
    0.037983753,
    0.007610192,
    -0.014358555,
    0.01741054,
    -0.033081602,
    0.022360127,
    -0.010990303,
    0.028875243,
    -0.00045784694,
    0.03950184,
    -0.010081034,
    -0.023625199,
    0.025427924,
    0.0018126094,
    -0.026819503,
    0.028416654,
    0.0006863998,
    0.04721877,
    -0.009432685,
    0.07723258,
    -0.009401058,
    0.055315226,
    0.039343704,
    -0.028369214,
    -0.017505419,
    -0.017916566,
    0.056864936,
    0.015512932,
    -0.029966367,
    0.0055030584,
    -0.024510749,
    0.040071122,
    -0.06578369,
    0.021395512,
    -0.03349275,
    0.034947585,
    0.055947762,
    0.006171174,
    -0.09038932,
    0.104811125,
    -0.06945239,
    0.014998997,
    0.053069726,
    0.029729165,
    -0.0147222625,
    -0.025712566,
    -0.052279055,
    0.028274335,
    -0.012405601,
    0.0059379265,
    -0.010341954,
    -0.08475975,
    0.081280805,
    0.007550892,
    0.07217229,
    -0.042474754,
    0.040419016,
    0.011970733,
    0.03852141,
    0.0103261415,
    0.06220986,
    -0.076283775,
    0.070654206,
    -0.027088331,
    -0.060596894,
    0.0113540115,
    0.028685482,
    0.027815746,
    0.10019361,
    -0.024637256,
    -0.0035797553,
    -0.022628956,
    -0.019165823,
    -0.008713176,
    -0.04664949,
    -0.0061632674,
    -0.015742226,
    0.052974842,
    -0.011448892,
    -0.015655253,
    -0.05926857,
    -0.08684712,
    0.032986723,
    -0.068250574,
    0.14042287,
    0.0033781347,
    0.03861629,
    0.025269791,
    -0.018833743,
    0.00906107,
    -0.006443955,
    0.09576587,
    0.0011237387,
    0.0057797926,
    -0.034220167,
    -0.012326535,
    -0.03842653,
    -0.0294129,
    -0.014690636,
    0.03072541,
    0.004668902,
    -0.039818108,
    -0.034568064,
    -0.00053617265,
    0.060438763,
    -0.0028167595,
    -0.014840863,
