{
  "chunk_index": 257,
  "token_start": 115650,
  "token_end": 116150,
  "text": " hoặc vị trí độc quyền;\n\nd) Thu lợi bất chính 3.000.000.000 đồng trở lên;\n\nđ) Gây thiệt hại cho người khác 5.000.000.000 đồng trở lên.\n\n3. Người phạm tội còn có thể bị phạt tiền từ 50.000.000 đồng đến 200.000.000 đồng, cấm đảm nhiệm chức vụ, cấm hành nghề hoặc\nlàm công việc nhất định từ 01 năm đến 05 năm.\n\n4. Pháp nhân thương mại phạm tội quy định tại Điều này, thì bị phạt như sau:\n\na) Phạm tội thuộc trường hợp quy định tại khoản 1 Điều này, thì bị phạt tiền từ 1.000.000.000 đồng đến 3.000.000.000 đồng;\n\nb) Phạm tội thuộc trường hợp quy định tại khoản 2 Điều này, thì bị phạt tiền từ 3.000.000.000 đồng đến 5.000.000.000 đồng hoặc đình\nchỉ hoạt động có thời hạn từ 06 tháng đến 02 năm;\n\nc)167 Pháp nhân thương mại còn có thể bị phạt tiền từ 100.000.000 đồng đến 500.000.000 đồng, cấm kinh doanh, cấm hoạt động trong\nmột số lĩnh vực nhất định hoặc cấm huy động vốn từ 01 năm đến 03 năm.\n\nĐiều 217a. Tội vi phạm quy",
  "embedding": [
    -0.00029752828,
    0.062005185,
    -0.112680726,
    -0.11619045,
    -0.0015191501,
    0.059819303,
    0.06520704,
    0.04033108,
    0.0027169602,
    0.04590354,
    -0.07702928,
    -0.039530616,
    0.000898598,
    -0.06576121,
    -0.06748529,
    -0.1053534,
    0.055016518,
    -0.08423346,
    0.16243266,
    0.0039022628,
    0.013046026,
    0.07875336,
    0.10757007,
    -0.03515885,
    -0.024845175,
    0.086080685,
    -0.021289269,
    0.05107577,
    -0.017841116,
    -0.0104137305,
    -0.02924773,
    0.027200388,
    0.02559946,
    -0.0058764843,
    -0.01251495,
    0.0013103753,
    -0.0014364099,
    0.016070858,
    0.0028324116,
    -0.06902464,
    0.004083137,
    -0.02917076,
    0.055786196,
    0.010590756,
    0.005972694,
    -0.042270664,
    -0.0067962487,
    0.09303857,
    -0.033958152,
    -0.039992422,
    0.03167991,
    0.010706209,
    0.09156079,
    -0.008782015,
    0.078260764,
    -0.16575766,
    0.029463239,
    -0.006442197,
    0.027954672,
    0.0626825,
    0.0100519825,
    0.0048682075,
    0.06779316,
    -0.031110348,
    -0.019011024,
    -0.03632876,
    0.017009864,
    -0.0324188,
    0.0120762335,
    -0.0648376,
    -0.10769322,
    -0.12856686,
    -0.023613693,
    0.08232466,
    0.05655587,
    -0.025414737,
    -0.03386579,
    -0.049228545,
    0.09254597,
    0.023844596,
    0.0039407467,
    -0.0070540905,
    -0.007450474,
    -0.09174551,
    0.011922298,
    0.10252099,
    -0.047042664,
    0.009020615,
    0.02733893,
    0.053046145,
    0.031048773,
    0.08601911,
    0.019026417,
    -0.0020896732,
    -0.0007768928,
    -0.008674261,
    -0.015378148,
    0.031525973,
    -0.0064729843,
    -0.01821056,
    -0.009644054,
    -0.05849546,
    0.07259594,
    -0.016794354,
    -0.015716806,
    0.02412168,
    -0.0290784,
    0.0004812887,
    0.028970646,
    0.009751809,
    0.0023898473,
    0.011452795,
    0.012945969,
    -0.08497235,
    0.021751074,
    0.012176291,
    0.010075073,
    -0.033711854,
    -0.0154936,
    -0.037498668,
    0.00057677674,
    0.053138506,
    -0.040084783,
    0.010837053,
    -0.005110656,
    -0.05597092,
    -0.012191685,
    -0.0021955038,
    -0.11378906,
    -0.0012872849,
    -0.025799576,
    -0.079984844,
    0.036667418,
    0.025676427,
    -0.06311352,
    0.019826882,
    0.050429244,
    -0.0006109312,
    -0.045441736,
    0.05215332,
    -0.031895418,
    -0.0022089733,
    0.03734473,
    0.016809747,
    -0.028000852,
    -0.073088534,
    0.045595672,
    0.033742644,
    0.010113557,
    -0.013630982,
    0.048582017,
    -0.011383524,
    -0.004460279,
    -0.008666564,
    -0.017656391,
    -0.01925732,
    -0.0359901,
    0.046180625,
    -0.01108335,
    0.042609323,
    0.030910231,
    0.016609631,
    -0.036174823,
    -0.06785473,
    -0.014977916,
    0.02399853,
    0.008928254,
    0.054185268,
    -0.026646221,
    -0.03107956,
    0.0138234,
    0.0062728683,
    -0.007281145,
    -0.008728138,
    0.005272288,
    0.011522066,
    0.014823981,
    -0.07709086,
    -0.010652331,
    -0.048489656,
    0.013307717,
    0.002076204,
    0.12308676,
    0.017502457,
    -0.02333661,
    -0.011029473,
    -0.048089422,
    0.02090443,
    0.010321369,
    0.048889887,
    -0.015901528,
    -0.0076852255,
    -0.0018905193,
    0.043625295,
    0.010213614,
    0.016440302,
    0.0093669705,
    -0.0014104332,
    0.04630377,
    -0.042578537,
    0.011037169,
    0.034142874,
    0.06557649,
    0.02559946,
    -0.013284626,
    -0.04190122,
    0.0029632568,
    0.030571574,
    -0.0052568945,
    0.00016355638,
    0.040515803,
    -0.054616287,
    0.003365413,
    0.08749689,
    0.0009505512,
    0.05732555,
    -0.009243822,
    -0.05141443,
    0.03451232,
    -0.010937111,
    0.01985767,
    -0.04812021,
    0.0018222105,
    0.028493445,
    0.041531775,
    -0.007284994,
    0.017225374,
    0.0040254113,
    0.029093795,
    -0.0055339783,
    0.05427763,
    0.036113247,
    -0.044918355,
    -0.0029190003,
    -0.0057456396,
    0.0070233033,
    0.024398763,
    0.018287528,
    0.037529454,
    0.026677007,
    0.0619744,
    -0.012738156,
    -0.021766467,
    -0.011329646,
    -0.0129613625,
    -0.0015634065,
    -0.0053184684,
    -0.012530343,
    0.035620656,
    -0.007819919,
    -0.035928525,
    -0.005310772,
    -0.0139003685,
    -0.041962795,
    0.0060766004,
    0.018364495,
    0.00908219,
    0.028493445,
    0.02581497,
    0.060157962,
    0.05612485,
    -0.09445477,
    0.01327693,
    -0.034697045,
    0.027893098,
    0.05181466,
    0.09913441,
    0.02159714,
    0.006726978,
    0.025768789,
    0.105722845,
    -0.004002321,
    0.00982108,
    0.013392381,
    0.060650554,
    0.03555908,
    0.032480374,
    -0.02164332,
    -0.0290784,
    -0.039653763,
    -0.06822418,
    -0.027677588,
    -0.019749913,
    -0.039130382,
    -0.015031793,
    -0.024137074,
    0.0831867,
    0.0022609264,
    0.008689654,
    -0.020488804,
    -0.005591704,
    0.081031606,
    -0.0053261654,
    -0.0037483275,
    -0.008204757,
    0.019980816,
    0.0051529882,
    -0.012037749,
    -0.0006219953,
    -0.00081730087,
    -0.013269233,
    0.010898627,
    0.025630247,
    -0.021997372,
    0.0014219785,
    0.0005310772,
    -0.014092787,
    -0.011899208,
    -0.15947708,
    0.0057340944,
    0.010221312,
    0.02225906,
    0.001067927,
    -0.02616902,
    0.00910528,
    0.037744965,
    0.016347941,
    0.025507098,
    -0.042978767,
    -0.04969035,
    0.02190501,
    0.11188026,
    -0.03346556,
    0.024152467,
    0.0010332915,
    0.013361594,
    0.06760844,
    0.035312783,
    0.0054069813,
    0.027092634,
    -0.005711004,
    -0.0043486757,
    0.040515803,
    0.010713905,
    0.018287528,
    -0.024475731,
    -0.04793549,
    0.012938271,
    -0.04421025,
    -0.02364448,
    -0.05655587,
    -0.0037656452,
    -0.02890907,
    -0.08195522,
    0.086758,
    -0.048582017,
    0.042363025,
    0.001987691,
    -0.0117144855,
    -0.0007379279,
    0.06335982,
    0.006369078,
    0.104860805,
    0.0033615646,
    0.057356335,
    0.06693112,
    -0.008835893,
    0.0095286025,
    0.066438526,
    -0.077645026,
    0.02333661,
    -0.0006999251,
    0.04073131,
    0.020396443,
    -0.046426922,
    0.0070271515,
    -0.014115877,
    0.019180354,
    -0.0066461614,
    -0.021042971,
    -0.02633835,
    -0.022489965,
    0.02781613,
    -0.06323667,
    0.038668577,
    -0.02824715,
    -0.033219263,
    0.049782712,
    -0.013184569,
    -0.018564612,
    -0.0035405145,
    0.08060058,
    -0.03685214,
    0.04969035,
    0.014177452,
    -0.0056147943,
    0.008782015,
    0.016055465,
    0.084295034,
    0.04488757,
    0.0062882616,
    0.04150099,
    -0.016609631,
    -0.03608246,
    0.046426922,
    -0.03808362,
    -0.024152467,
    0.053138506,
    -0.0113527365,
    -0.06951723,
    0.008451055,
