{
  "chunk_index": 318,
  "token_start": 143100,
  "token_end": 143600,
  "text": "m hành nghề hoặc\nlàm công việc nhất định từ 01 năm đến 05 năm.\n\nĐiều 237. Tội vi phạm quy định về phòng ngừa, ứng phó, khắc phục sự cố môi trường\n\n1.207 Người nào thực hiện một trong các hành vi sau đây, thì bị phạt tiền từ 50.000.000 đồng đến 500.000.000 đồng, phạt cải tạo không\ngiam giữ đến 03 năm hoặc phạt tù từ 06 tháng đến 03 năm:\n\na) Vi phạm quy định về phòng ngừa sự cố môi trường để xảy ra sự cố môi trường;\n\nb) Vi phạm quy định về ứng phó, khắc phục sự cố môi trường làm môi trường bị ô nhiễm nghiêm trọng hoặc gây thương tích hoặc gây\ntổn hại cho sức khỏe của người khác mà tỷ lệ tổn thương cơ thể 61% trở lên hoặc gây thương tích hoặc gây tổn hại cho sức khỏe của\n02 người trở lên mà tổng tỷ lệ tổn thương cơ thể của những người này từ 61% đến 121% hoặc gây thiệt hại từ 1.000.000.000 đồng đến\ndưới 3.000.000.000 đồng.\n\n2.208 Phạm tội thuộc một trong các trường hợp sau đây, thì bị phạt tiền từ 500.000. 000 đồng đến 2.000.000.000 đồ",
  "embedding": [
    -9.485564e-05,
    0.07191455,
    -0.17272165,
    -0.12057568,
    0.00037150245,
    0.076603256,
    0.1084104,
    0.075526126,
    0.02255646,
    -0.04280025,
    -0.017820237,
    0.08610739,
    0.0073181773,
    0.0917465,
    0.069696926,
    -0.12431397,
    0.0023918718,
    0.07672998,
    0.034975186,
    0.0050253067,
    -0.01584021,
    0.118231334,
    0.0031205215,
    -0.086487554,
    0.029684555,
    0.072611526,
    -0.022223815,
    0.014541314,
    0.022730703,
    0.014747236,
    -0.06906332,
    0.06076305,
    -0.051607408,
    -0.062156986,
    -0.0024314723,
    -0.0109614255,
    -0.0030571606,
    0.013788903,
    0.07438563,
    -0.07109087,
    -0.036432486,
    -0.01430371,
    0.035006866,
    0.04432091,
    0.09852611,
    -0.060477924,
    -0.022667341,
    -0.016457979,
    -0.03700273,
    -0.034753423,
    0.032694194,
    0.04058262,
    0.08015147,
    -0.004427339,
    0.04112119,
    -0.1478842,
    0.019800264,
    -0.010739663,
    0.015333324,
    0.052019253,
    0.0029799396,
    -0.001424629,
    0.029763756,
    -0.03687601,
    -0.014580914,
    -0.020196268,
    0.025724502,
    0.021653568,
    0.004839184,
    -0.068873234,
    -0.0677961,
    -0.024077121,
    -0.0013375079,
    0.06551511,
    0.018232083,
    -0.029747916,
    -0.0042808168,
    0.032820918,
    0.056486193,
    -0.0012602868,
    -0.0375413,
    -0.0038808517,
    0.023538554,
    -0.058101892,
    -0.005789597,
    0.06659225,
    -0.025803704,
    0.008157709,
    -0.009424926,
    0.016885664,
    0.01731335,
    -0.056074347,
    0.07280161,
    -0.017107427,
    0.008403231,
    -0.036590885,
    0.00036209731,
    0.004066974,
    0.0034432658,
    -0.029161828,
    -0.023190068,
    -0.054426964,
    0.10803024,
    0.010375338,
    -0.008688356,
    0.0038887719,
    -0.018612247,
    0.005120348,
    0.0135117,
    -0.0075439005,
    0.0027621367,
    -0.029431112,
    -0.030286483,
    -0.028306456,
    0.005575754,
    0.01581645,
    0.025439378,
    -0.060319524,
    0.034943506,
    0.03545039,
    -0.023443513,
    0.049294736,
    0.026437312,
    -0.03253579,
    0.01724999,
    -0.028718302,
    0.019467618,
    0.061935224,
    -0.054553688,
    -0.0057579167,
    -0.03158538,
    -0.04112119,
    -0.019325057,
    0.011436632,
    -0.045176283,
    0.04682366,
    0.04590493,
    0.000375215,
    -0.01881817,
    0.049358096,
    -0.045303002,
    0.010201096,
    0.009155642,
    0.035608795,
    -0.03402477,
    0.028163895,
    0.040392537,
    -0.023348471,
    0.02024379,
    -0.014058187,
    0.0052747903,
    0.015095721,
    0.0078013036,
    0.02703924,
    -0.035070226,
    0.020814037,
    -0.024457285,
    -0.009219003,
    0.03250411,
    -0.026484832,
    -0.012490006,
    0.0068904916,
    -0.046253417,
    -0.057373244,
    -7.004343e-05,
    0.03605232,
    -0.025439378,
    0.044510994,
    -0.029510314,
    -0.026009627,
    0.062442113,
    0.008411152,
    0.019261695,
    0.007935946,
    0.012577128,
    0.0031225015,
    -0.0009231873,
    -0.08097516,
    -0.0076310216,
    -0.013804744,
    0.04891457,
    0.008213149,
    0.083509594,
    0.023427673,
    0.007654782,
    0.0284807,
    0.013638422,
    0.028258936,
    0.01880233,
    0.050815396,
    0.007290457,
    0.017756876,
    0.021621889,
    0.05778509,
    -0.056010984,
    -0.01353546,
    0.006862771,
    -0.049294736,
    0.05936911,
    0.022999987,
    0.066022,
    0.010066454,
    0.04831264,
    0.023902878,
    -0.0056628752,
    -0.034278218,
    0.0070409738,
    0.0300964,
    0.0779972,
    -0.0063558845,
    0.011848478,
    -0.0003833826,
    -0.042768568,
    -0.0041501354,
    0.018374644,
    0.06608536,
    -0.01951514,
    -0.021099161,
    -0.0020711075,
    0.054553688,
    -0.019911146,
    -0.0120544005,
    0.045271322,
    0.04831264,
    0.029716235,
    -0.018469686,
    -0.00901308,
    0.013678022,
    0.03833331,
    -0.0068944516,
    0.08484017,
    0.027561966,
    -0.03985397,
    -0.019420099,
    -0.018675609,
    0.035640474,
    0.056137707,
    -0.029399432,
    0.005167869,
    0.040075734,
    0.12779883,
    -0.0020077468,
    0.034056455,
    0.0045461403,
    -0.0034452458,
    -0.021843651,
    -0.001959236,
    -0.027451085,
    0.048597768,
    0.017424231,
    -0.039758928,
    -0.02547106,
    0.037192814,
    -0.035893917,
    -0.0587355,
    0.041913196,
    0.023174228,
    0.028274776,
    -0.009512046,
    0.049168013,
    0.036590885,
    -0.097132176,
    -0.02101996,
    -0.008918039,
    0.03399309,
    -0.038586754,
    0.07495588,
    0.0017473733,
    0.00899724,
    -0.04828096,
    0.013630501,
    -0.02995384,
    0.027419405,
    -0.0052708304,
    0.09605504,
    0.012648408,
    0.0036551286,
    0.034151495,
    0.028306456,
    0.026437312,
    -0.08192557,
    0.014612595,
    0.06551511,
    -0.03367629,
    0.012585048,
    -0.107206546,
    0.019657701,
    -0.0070924545,
    0.028987586,
    -0.010264456,
    -0.010391179,
    0.12627816,
    -0.016695581,
    0.019166656,
    0.0127988905,
    0.02711844,
    0.022778222,
    0.0055163535,
    0.013693863,
    0.019911146,
    0.0054292325,
    0.014493793,
    -0.016252056,
    -0.038840197,
    0.021146681,
    0.012838491,
    0.01425619,
    -0.0035699876,
    -0.01724999,
    -0.0062172827,
    0.016022373,
    -0.0042293365,
    0.0750826,
    0.02181197,
    -0.03160122,
    0.06085809,
    0.011381191,
    0.028781664,
    -0.009876371,
    -0.018247923,
    0.008339871,
    0.06811291,
    -0.01956266,
    0.023522712,
    -0.06453302,
    0.005049067,
    0.028797504,
    0.015990693,
    0.027989652,
    0.03152202,
    -0.029890478,
    -0.016822305,
    0.10587597,
    0.006363805,
    -0.014794757,
    -0.010201096,
    -0.020148749,
    0.013472099,
    0.031110175,
    0.0028175774,
    -0.07989802,
    -0.013329538,
    -0.00024577076,
    -0.050878756,
    0.019388419,
    -0.026659075,
    0.06836635,
    0.0033462446,
    0.030935932,
    0.0038768917,
    0.050023384,
    0.002791837,
    0.040075734,
    0.012640488,
    -0.018881531,
    0.0053500314,
    0.012664248,
    0.014018587,
    0.08699444,
    0.034753423,
    0.02404544,
    -0.05239942,
    0.02551858,
    0.038048185,
    -0.03817491,
    -0.028876705,
    -0.016362937,
    0.040139094,
    -0.0961184,
    -0.031173535,
    0.026104668,
    -0.014018587,
    0.037097774,
    -0.07210464,
    0.046728622,
    -0.05281126,
    0.015563007,
    0.036337443,
    -0.07090078,
    -0.01875481,
    0.017218309,
    0.13990074,
    -0.037984826,
    0.04885121,
    -0.0021958493,
    0.016149094,
    -0.022762382,
    -0.0042530964,
    0.087311246,
    -0.02474241,
    -0.007080574,
    -0.014462112,
    -0.03297932,
    -0.027229322,
    0.047235508,
    0.0009301174,
    -0.008593314,
    0.043370496,
    -0.041754797,
    -0.08807157,
    0.03833331,
