{
  "chunk_index": 392,
  "token_start": 176400,
  "token_end": 176900,
  "text": " lên;\n\nc) Gây thương tích hoặc gây tổn hại cho sức khỏe của 02 người trở lên mà tổng tỷ lệ tổn thương cơ thể của những người này từ 61%\nđến 121%;\n\nd) Gây thiệt hại về tài sản từ 100.000.000 đồng đến dưới 500.000.000 đồng.\n\n2. Phạm tội thuộc một trong các trường hợp sau đây, thì bị phạt tù từ 02 năm đến 07 năm:\n\na) Làm chết 02 người;\n\nb) Gây thương tích hoặc gây tổn hại cho sức khỏe của 02 người trở lên mà tổng tỷ lệ tổn thương cơ thể của những người này từ 122%\nđến 200%;\n\nc) Gây thiệt hại về tài sản từ 500.000.000 đồng đến dưới 1.500.000.000 đồng.\n\n3. Phạm tội thuộc một trong các trường hợp sau đây, thì bị phạt tù từ 05 năm đến 12 năm:\n\na) Làm chết 03 người trở lên;\n\nb) Gây thương tích hoặc gây tổn hại cho sức khỏe của 03 người trở lên mà tổng tỷ lệ tổn thương cơ thể của những người này 201% trở\nlên;\n\nc) Gây thiệt hại về tài sản 1.500.000.000 đồng trở lên.\n\n4. Người phạm tội còn có thể bị phạt tiền từ 10.000.000 đồng đến 30.000.000 đồng, cấm đảm nhiệm",
  "embedding": [
    0.00025653298,
    -0.048660908,
    -0.05973819,
    -0.16774167,
    0.0025372752,
    0.036366343,
    0.0010965061,
    0.031618938,
    0.033140544,
    0.035331655,
    -0.096834905,
    -0.06463775,
    0.00026865827,
    -0.04053554,
    -0.11369428,
    -0.13779649,
    0.078697376,
    -0.026475916,
    0.048052266,
    0.008893778,
    -0.021530703,
    0.123249955,
    0.014303081,
    -0.09318305,
    0.0016195576,
    0.018670086,
    -0.01911135,
    -0.073219605,
    0.11332909,
    0.039105233,
    -0.03980517,
    0.008574241,
    0.00791995,
    -0.027830144,
    0.0031364071,
    -0.0057136244,
    0.051521525,
    0.014135704,
    0.032014556,
    -0.11065107,
    -0.01115336,
    0.14510019,
    -0.0064211707,
    -0.010316478,
    -0.023539219,
    -0.09519157,
    -0.020541659,
    0.07948861,
    -0.050943315,
    -0.020374283,
    0.004066488,
    0.03381005,
    0.017102834,
    -0.008756833,
    -0.0038991112,
    -0.14497846,
    0.01815274,
    0.0043023364,
    0.00022098926,
    0.076506265,
    0.0011183792,
    -0.05526467,
    0.043335292,
    -0.07778442,
    -0.014234609,
    -0.030219063,
    0.0067977677,
    -0.029123507,
    0.028849619,
    -0.06542899,
    -0.06792442,
    -0.07808874,
    -0.048782635,
    0.026247675,
    0.09257441,
    -0.005953277,
    -0.019172216,
    0.019187432,
    0.019674344,
    0.02261104,
    0.00973066,
    -0.025699899,
    0.0016528427,
    0.013793344,
    -0.0020199297,
    0.029838663,
    -0.008171015,
    0.021059005,
    -0.05337788,
    -0.011457681,
    0.03111681,
    -0.061868433,
    0.045282945,
    -0.084175155,
    0.010894687,
    0.0138389915,
    0.0047017573,
    -0.013458591,
    -0.002773124,
    -0.024741286,
    -0.005295183,
    -0.018943975,
    0.063907385,
    0.025060823,
    0.062142324,
    0.0016832749,
    -0.015870333,
    0.017102834,
    0.050486833,
    -0.008711185,
    -0.0047321897,
    0.022063263,
    -0.059068684,
    -0.061564114,
    0.0043670046,
    0.026019435,
    0.011868514,
    -0.07778442,
    -0.025791194,
    -0.008711185,
    -0.028058385,
    0.045404673,
    0.0037393428,
    -0.036214184,
    0.033475295,
    -0.0577601,
    -0.0017897871,
    -0.0050631384,
    -0.06780269,
    0.014645442,
    -0.052830104,
    -0.034601282,
    -0.0115033295,
    0.01653984,
    -0.028073601,
    -0.022854498,
    0.011647881,
    -0.01727021,
    0.008559025,
    0.06822874,
    -0.021165516,
    -1.7192346e-05,
    0.020359067,
    0.07261096,
    -0.037948813,
    -0.0030241888,
    0.021408973,
    -0.019248296,
    0.004264296,
    -0.020298202,
    0.068411335,
    -0.0018620633,
    -0.013595535,
    0.022565393,
    -0.044704735,
    -0.0028872443,
    0.02242845,
    0.04227017,
    0.0063526984,
    -0.020435147,
    0.0007959893,
    0.022763202,
    -0.017087618,
    -0.019674344,
    -0.01711805,
    0.014029193,
    -0.008863346,
    0.031527642,
    -0.01184569,
    0.047900107,
    0.01822882,
    0.02499996,
    -0.02726715,
    0.028986564,
    -0.0038876992,
    -0.015352988,
    -0.054412574,
    -0.07565417,
    -0.0032695474,
    -0.06281183,
    -0.007828655,
    0.011206617,
    0.11667662,
    -0.037796654,
    -0.050365105,
    -0.011997851,
    -0.010095845,
    0.035453383,
    0.055782016,
    0.035605542,
    -0.0068586315,
    -0.009205706,
    -0.035088196,
    0.04403523,
    -0.042026713,
    -0.028362706,
    -0.01699632,
    -0.007665082,
    0.10876428,
    -0.020069962,
    0.037796654,
    -0.026019435,
    0.024665207,
    0.019765642,
    -0.030584248,
    -0.032988384,
    0.022443665,
    0.040474676,
    0.0447656,
    -0.007535746,
    -0.015063884,
    -0.087157495,
    -0.023174034,
    -0.023280546,
    -0.0051354147,
    0.043213565,
    -0.0014607402,
    -0.020313418,
    -0.011815258,
    -0.016905025,
    -0.010065413,
    -0.022869714,
    -0.013215134,
    0.03846616,
    0.013641183,
    0.0005891462,
    -0.02099814,
    0.007866695,
    0.005264751,
    0.015573621,
    0.12720613,
    0.0004025119,
    -0.040352948,
    -0.018365765,
    0.015687741,
    0.0015558405,
    0.0107425265,
    0.010248005,
    -0.00059913174,
    0.024406534,
    0.13000588,
    -0.009388299,
    0.008589457,
    -0.023752244,
    0.013762912,
    -0.048052266,
    0.002107422,
    -0.079853795,
    0.015337772,
    -0.02165243,
    -0.044491712,
    -0.018624438,
    0.037248876,
    -0.0040398594,
    -0.044004798,
    -0.005454952,
    0.013435767,
    -0.03788795,
    0.008901386,
    0.015238868,
    0.03438826,
    -0.16944586,
    0.006234774,
    -0.044126526,
    0.021956751,
    0.04020079,
    0.08514898,
    -0.011853298,
    0.011944594,
    -0.014911722,
    0.07297614,
    -0.012979285,
    0.050912883,
    0.012743437,
    0.08660972,
    0.0016062437,
    -0.006683647,
    0.0068510235,
    -0.008520984,
    0.004876742,
    -0.05715146,
    -0.00884813,
    0.051734548,
    -0.020343851,
    -0.04464387,
    0.017072402,
    0.032988384,
    0.024300022,
    0.0057554687,
    0.01257606,
    -0.0060597896,
    0.06089461,
    -0.0077906144,
    -0.0011573703,
    -0.00969262,
    0.08015812,
    -0.019141782,
    0.036761962,
    -0.0012058715,
    0.011982635,
    0.010803391,
    -0.051856276,
    -0.03764449,
    0.040322516,
    0.009791524,
    0.03788795,
    -0.029534342,
    -0.031055946,
    -0.08076676,
    -0.01880703,
    0.03099508,
    0.01769626,
    -0.001722266,
    0.015809469,
    -0.02515212,
    0.00846012,
    0.056055903,
    0.04534381,
    -0.017939715,
    -0.033901345,
    0.009464379,
    0.05133893,
    -0.059129547,
    0.017909283,
    -0.07857565,
    0.0057402523,
    0.07364565,
    0.015596445,
    -0.06968948,
    0.07127195,
    -0.009745876,
    -0.04634807,
    0.04427869,
    0.017681044,
    0.0016861279,
    -0.043183133,
    -0.045161217,
    0.012751045,
    -0.051125906,
    -0.0004029874,
    -0.026551995,
    -0.086974904,
    0.024315238,
    0.032318875,
    0.04780881,
    -0.0078895185,
    0.04838702,
    0.015573621,
    -0.0140900565,
    0.018943975,
    0.023097955,
    0.0019875958,
    0.103469096,
    0.030964648,
    -0.00911441,
    0.025699899,
    -0.01727021,
    0.029838663,
    0.079062566,
    -0.032166716,
    0.024939096,
    -0.008840522,
    0.008064503,
    0.0060065333,
    -0.009251354,
    -0.011754394,
    -0.004610461,
    0.032318875,
    -0.08210577,
    -0.058064424,
    -0.021013357,
    0.01411288,
    0.011275088,
    -0.059251275,
    0.11168576,
    -0.01807666,
    0.022458881,
    0.040139925,
    -0.027054125,
    0.0051392186,
    -0.033110112,
    0.05800356,
    -0.0075053135,
    0.07230664,
    0.024984743,
    -0.017726691,
    -0.039166097,
    -0.009243746,
    -0.00553864,
    0.042331032,
    -0.010088237,
    -0.017741907,
    -0.054564733,
    -0.032105852,
    0.04096159,
    -0.019598264,
