{
  "chunk_index": 612,
  "token_start": 275400,
  "token_end": 275900,
  "text": "nh của cấp trên, thì bị phạt tù từ 10 năm đến 20 năm.\n\nĐiều 424. Tội tuyển mộ, huấn luyện hoặc sử dụng lính đánh thuê\n\nNgười nào tuyển mộ, huấn luyện hoặc sử dụng lính đánh thuê nhằm chống lại một quốc gia hoặc một vùng lãnh thổ độc lập, có chủ\nquyền, thì bị phạt tù từ 10 năm đến 20 năm hoặc tù chung thân.\n\nĐiều 425. Tội làm lính đánh thuê\n\nNgười nào làm lính đánh thuê nhằm chống một quốc gia hoặc một vùng lãnh thổ độc lập, có chủ quyền, thì bị phạt tù từ 05 năm đến 15\nnăm.\n\nPhần thứ ba\n\n                                                       ĐIỀU KHOẢN THI HÀNH407\n\nĐiều 426. Hiệu lực thi hành408\n\nBộ luật này có hiệu lực thi hành từ ngày 01 tháng 01 năm 2018409.\n\nBộ luật Hình sự số 15/1999/QH10 và Luật số 37/2009/QH12 sửa đổi, bổ sung một số điều của Bộ luật Hình sự hết hiệu lực thi hành kể\ntừ ngày Bộ luật này có hiệu lực thi hành.\n\f                                                             XÁC THỰC VĂN BẢN HỢP NHẤT\n\nNơi nhận:                                                            CHỦ NHIỆM\n- Văn phòng Chính phủ (để đăng Công báo);\n- Vụ thông tin - VPQH (để đăng trên Cổng thông tin điện",
  "embedding": [
    -0.0005846642,
    -0.023447115,
    0.013668654,
    -0.08912628,
    -0.00088787597,
    0.09730023,
    0.019602332,
    -0.06157706,
    0.016226796,
    0.062485274,
    -0.08155782,
    -0.05343339,
    0.0027189723,
    0.0030198188,
    0.04931614,
    -0.13901763,
    0.090518884,
    0.016832273,
    -0.060245007,
    0.01062613,
    -0.017846448,
    0.029501889,
    0.13586915,
    -0.06533102,
    0.041929316,
    0.086462185,
    -0.029168878,
    -0.015636455,
    -0.06351459,
    0.052615993,
    -0.043806296,
    -0.060578022,
    -0.005910974,
    0.0023992045,
    -0.0075987424,
    -0.009225963,
    0.07665345,
    0.006122891,
    0.12509164,
    -0.06817676,
    -0.022614583,
    -0.049649153,
    0.022962732,
    -0.018194597,
    -0.046349302,
    0.05721762,
    -0.007144634,
    -0.007333846,
    -0.03784234,
    -0.019693155,
    0.0023878517,
    0.047408886,
    0.007999871,
    -0.012344172,
    0.061637606,
    -0.1557288,
    0.0712647,
    0.0027416777,
    0.055128723,
    0.047106147,
    0.0015714032,
    0.014629849,
    0.0872493,
    -0.042474244,
    -0.024113141,
    -0.057550635,
    -0.017483162,
    -0.03623783,
    0.0060964013,
    -0.0054682186,
    -0.086764924,
    -0.022614583,
    -0.0044540437,
    0.011352703,
    0.074534275,
    -0.0132675255,
    -0.019905072,
    -0.0044502593,
    -0.04283753,
    0.047106147,
    0.061032128,
    0.009029183,
    -0.036328647,
    -0.013259957,
    0.017755628,
    0.041051373,
    0.07350496,
    0.026202038,
    -0.030167915,
    -0.008779423,
    0.035420433,
    0.049195044,
    0.059972543,
    -0.011625167,
    0.0044162013,
    0.006304534,
    -0.03284715,
    0.00081313733,
    -0.016045153,
    -0.008930793,
    0.039749596,
    -0.026762104,
    -0.057247896,
    0.024597522,
    -0.033210438,
    -0.028790453,
    -0.02648964,
    0.028079018,
    0.03033442,
    -0.007999871,
    0.027927648,
    0.048407923,
    -0.04986107,
    -0.07223346,
    -0.0051806164,
    0.017801037,
    -0.055915844,
    -0.035571802,
    0.027624909,
    -0.14119735,
    0.0015543742,
    0.031545375,
    0.007924186,
    0.038478095,
    0.022372393,
    -0.032937974,
    -0.0015638347,
    0.026852926,
    -0.12412288,
    0.017816175,
    0.038235903,
    0.011072669,
    0.04749971,
    0.0030690138,
    -0.02530896,
    -0.009278942,
    -0.025263548,
    0.033482905,
    -0.00929408,
    0.0143422475,
    0.0019886151,
    -0.010240138,
    0.011155922,
    -0.04329164,
    -0.056067213,
    -0.034360845,
    0.019345006,
    0.058035016,
    0.02806388,
    0.010013084,
    0.008242062,
    -0.013259957,
    0.0029611632,
    0.015205053,
    -0.029910587,
    -0.002115387,
    -0.019102814,
    -0.040294524,
    -0.016181385,
    0.025626834,
    0.018270282,
    -0.0056460775,
    -0.014841766,
    0.003909114,
    0.007091655,
    0.015681867,
    -0.018103776,
    -0.004332948,
    -0.022781089,
    0.02094952,
    0.017392341,
    0.009127573,
    -0.023265472,
    0.013252388,
    -0.01813405,
    -0.015265601,
    -0.02989545,
    0.034966324,
    -0.04126329,
    -0.04580437,
    -0.0017029054,
    0.024885124,
    0.116130576,
    -0.048529018,
    -0.0022289138,
    0.0235228,
    -0.018557884,
    0.009180552,
    0.029668396,
    0.062666915,
    -0.05500763,
    0.05534064,
    -0.0034814954,
    -0.0043253796,
    -0.019723428,
    0.004798409,
    -0.061395414,
    0.022009106,
    0.093001336,
    0.037539605,
    0.016832273,
    0.002115387,
    0.057611182,
    -0.027049705,
    -0.0031503749,
    -0.026444228,
    -0.012987492,
    -0.033513177,
    0.008181514,
    -0.026050668,
    -0.004245911,
    -0.053372838,
    -0.02697402,
    0.036782756,
    -0.010800204,
    0.056188308,
    -0.035390157,
    -0.037630424,
    0.021025205,
    0.054916807,
    0.010588287,
    -0.026474502,
    -0.0070727337,
    0.020571098,
    -0.02812443,
    -0.003246873,
    0.011193764,
    0.0057785255,
    0.00765929,
    0.010663972,
    0.056460775,
    -0.00617587,
    -0.021721505,
    -0.013312936,
    0.054190233,
    -0.0040150722,
    0.086401634,
    0.006580783,
    0.03596536,
    0.15730305,
    0.084282465,
    0.011844653,
    -0.019087678,
    0.0429889,
    -0.019950483,
    -0.008098261,
    0.0134718735,
    -0.017165286,
    -0.021539861,
    -0.025021356,
    -0.06496773,
    -0.025747929,
    0.00028523666,
    -0.0511023,
    0.028396893,
    0.024930535,
    0.00012594405,
    -0.090155594,
    -0.022781089,
    0.04483561,
    0.01477365,
    -0.009649797,
    -0.016771726,
    -0.01798268,
    0.04798409,
    -0.04828683,
    0.061667882,
    -0.0036158357,
    0.013418894,
    0.0032809312,
    0.10014597,
    -0.044653963,
    0.034966324,
    0.006221281,
    -0.0013434031,
    -0.0040642675,
    -0.0013784074,
    0.012404719,
    0.00071995053,
    -0.012185234,
    0.0038182924,
    -0.004930857,
    0.05267654,
    0.0015212621,
    0.043049447,
    -0.09324353,
    0.11183169,
    0.010800204,
    -0.025460327,
    0.020964658,
    0.023749854,
    0.018345967,
    0.022069653,
    0.005377397,
    -0.018815212,
    0.053070102,
    0.0057255463,
    0.011125648,
    0.0073262774,
    0.034360845,
    0.01027798,
    -0.027791416,
    0.03408838,
    -0.04353383,
    -0.060214736,
    -0.06015419,
    -0.029289972,
    0.025657108,
    -0.034754407,
    0.024597522,
    -0.040445894,
    -0.013358347,
    0.01764967,
    -0.019299595,
    0.029259698,
    -0.0007956352,
    0.048074912,
    0.040385347,
    -0.05627913,
    0.059911996,
    0.021857737,
    0.087370396,
    0.001954557,
    0.026610734,
    -0.041626576,
    0.015878648,
    -0.0030482006,
    0.008779423,
    -0.11225552,
    0.08228439,
    0.013040471,
    0.04656122,
    0.10044871,
    0.027458403,
    -0.035723172,
    -0.0143422475,
    -0.011345134,
    0.097663514,
    -0.007833364,
    0.004329164,
    0.02985004,
    -0.047287792,
    0.06599704,
    -0.0006106808,
    0.038962476,
    -0.017695079,
    0.019511512,
    -0.017604258,
    -0.0042383424,
    0.0063121025,
    0.03938631,
    -0.0457741,
    -0.09530216,
    -0.023931498,
    -0.021630682,
    -0.012669616,
    0.01353999,
    0.014614712,
    0.049800523,
    -0.037751522,
    0.019239048,
    -0.027307034,
    -0.019829387,
    0.025445191,
    -0.06981155,
    -0.0060964013,
    -0.048710663,
    0.03375537,
    0.036964398,
    -0.042322874,
    -0.028381756,
    -0.099903785,
    0.05752036,
    -0.034118656,
    0.04671259,
    -0.013706496,
    -0.032695785,
    0.07731947,
    -0.018255146,
    0.017165286,
    0.012041433,
    0.079862475,
    0.0003682533,
    0.049437236,
    0.012934512,
    -0.0073489826,
    -0.027730867,
    -0.008060419,
