{
  "chunk_index": 495,
  "token_start": 222750,
  "token_end": 223250,
  "text": "ực phẩm mà biết là có nguồn gốc từ động vật chết do bệnh, dịch bệnh hoặc động vật bị tiêu hủy mà sản phẩm trị giá từ\n10.000.000 đồng đến dưới 100.000.000 đồng hoặc đã bị xử phạt vi phạm hành chính về một trong các hành vi quy định tại Điều này\nhoặc đã bị kết án về tội này, chưa được xóa án tích mà còn vi phạm;\n\nc) Sử dụng chất, hóa chất, kháng sinh, thuốc thú y, thuốc bảo vệ thực vật, phụ gia thực phẩm hoặc chất hỗ trợ chế biến thực phẩm mà\nbiết là chưa được phép sử dụng hoặc chưa được phép lưu hành tại Việt Nam trong sản xuất thực phẩm mà sản phẩm trị giá từ\n100.000.000 đồng đến dưới 300.000.000 đồng hoặc sản phẩm trị giá từ 50.000.000 đồng đến dưới 100.000.000 đồng nhưng đã bị xử\nphạt vi phạm hành chính về một trong các hành vi quy định tại Điều này hoặc đã bị kết án về tội này, chưa được xóa án tích mà còn vi\nphạm;\n\n                                                                                                                ợ chế biến thực\nd) Nhập khẩu, cung cấp hoặc bán thực phẩm mà biết là có sử dụng chất, hóa chất, phụ gia thực phẩm hoặc chất hỗ tr\nphẩm cấm sử dụng hoặc ngoài danh mục được phép sử d",
  "embedding": [
    -0.00068858656,
    0.12842013,
    -0.121102184,
    -0.15659095,
    -0.003656946,
    -0.0020905507,
    0.01848913,
    -0.0069334237,
    0.010564061,
    0.08975809,
    -0.16630504,
    0.044943806,
    0.008418868,
    -5.8151665e-05,
    0.017404392,
    -0.0990836,
    0.07266131,
    -0.09111806,
    -0.033643093,
    -0.00054085156,
    -0.0038572988,
    0.14312077,
    0.0518408,
    -0.11080526,
    -0.08483629,
    0.08380012,
    -0.048505634,
    0.064145304,
    0.085742936,
    -0.031554565,
    0.10186831,
    -0.0072653214,
    0.06650906,
    -0.061975826,
    0.00079685805,
    -0.0259204,
    -0.061846305,
    -0.011932127,
    0.032364074,
    -0.06806331,
    -0.017145349,
    -0.059320644,
    0.069229,
    0.042677186,
    0.074927926,
    -0.085742936,
    -0.0050553684,
    -0.0042418144,
    -0.059773967,
    -0.036589697,
    0.025175655,
    0.023653783,
    0.019314827,
    -0.016238702,
    0.114949934,
    -0.08308776,
    0.06903472,
    -0.0022059055,
    -0.09059998,
    0.025548028,
    -0.003049816,
    0.005970111,
    0.0085969595,
    -0.032930728,
    -0.011996888,
    -0.013211148,
    -0.031408854,
    0.0689052,
    0.020545278,
    -0.03694588,
    0.011616419,
    0.033513572,
    -0.016643455,
    0.035164967,
    0.04572093,
    -0.03684874,
    -0.007844118,
    0.0062210583,
    0.1378104,
    -0.018715791,
    0.030129835,
    -0.053751238,
    -0.0017586531,
    -0.025256606,
    0.03930964,
    0.056794982,
    0.032283124,
    0.034711644,
    -0.04173816,
    -0.014352552,
    0.034679264,
    -0.033740234,
    0.002036921,
    0.016918687,
    -0.010224069,
    0.019071976,
    0.016052516,
    0.029190807,
    -0.017776765,
    0.035100207,
    -0.023961395,
    -0.02086908,
    0.10186831,
    0.011114526,
    -0.046757102,
    -0.028818434,
    -0.032040272,
    -0.0005580536,
    0.003189456,
    -0.02590421,
    -0.018893884,
    0.00464252,
    -0.0543017,
    -0.08224587,
    -0.0319917,
    -0.006767475,
    -0.05556453,
    -0.05407504,
    -0.02941747,
    -0.049897987,
    -0.0045453794,
    0.019411968,
    0.0048125167,
    0.0539779,
    0.0146196885,
    -0.10096166,
    -0.025564218,
    0.014441597,
    -0.09824172,
    -0.02192144,
    -0.0036953976,
    -0.057377826,
    0.052423645,
    -0.007617457,
    -0.056859743,
    0.018359609,
    0.0016797262,
    -0.009997406,
    -0.03578019,
    0.020205284,
    -0.0040272954,
    0.0037743244,
    0.02470614,
    0.05187318,
    -0.03338405,
    0.0044239536,
    0.048958957,
    -0.009705984,
    0.048699915,
    -0.001672643,
    -0.00026283666,
    -0.0015734785,
    0.012450212,
    0.01976815,
    -0.015704427,
    -0.011065955,
    -0.01415827,
    0.044717144,
    0.0038755129,
    -0.013170672,
    0.022763325,
    0.04303337,
    -0.08962857,
    -0.0013498522,
    0.0008909632,
    0.021290023,
    -0.0257585,
    0.019282447,
    -0.026875619,
    -0.06896996,
    0.00013331561,
    -0.009948836,
    -0.031441234,
    -0.0172263,
    -0.014279696,
    0.005103939,
    -0.005022988,
    -0.05530549,
    -0.0023495927,
    0.03552115,
    -0.0019337089,
    0.017728195,
    -0.03684874,
    -0.0026754192,
    0.007572934,
    -0.019039595,
    -0.047275186,
    0.05420456,
    0.029190807,
    -0.00046673114,
    -0.0959751,
    0.049897987,
    0.016368223,
    -0.016594885,
    -0.0043834783,
    -0.014384932,
    -0.011357377,
    0.027296562,
    0.01857008,
    0.0006202844,
    0.004877277,
    0.037658244,
    0.06696238,
    0.0046384726,
    0.00043612169,
    -0.0393744,
    0.04313051,
    0.020027192,
    0.00433086,
    0.009560273,
    0.026778478,
    0.017064398,
    -0.0295308,
    0.021662395,
    -0.0048570395,
    0.016562505,
    -0.017064398,
    -0.024835661,
    0.007147943,
    -0.014635879,
    0.01297639,
    0.011584039,
    -0.0072734165,
    0.02096622,
    -0.022455713,
    0.007002232,
    0.034225937,
    0.0049339426,
    0.023929015,
    0.026794668,
    0.018035807,
    0.021581445,
    -0.050934155,
    -0.005338696,
    -0.0064072446,
    -0.006099632,
    0.079331644,
    0.016109182,
    0.0073827,
    -0.0032157649,
    0.10840912,
    -0.021451924,
    -0.021565255,
    -0.01967101,
    0.009017903,
    -0.010491205,
    -0.014668259,
    0.045008566,
    0.006067252,
    0.025013754,
    -0.0050634635,
    -0.0058001145,
    -0.0003751557,
    -0.046983764,
    -0.07829548,
    -0.0058891606,
    -0.007156038,
    -0.034064036,
    0.0172263,
    0.022439523,
    0.0076822173,
    -0.06754523,
    -0.007139848,
    -0.027280372,
    0.013818277,
    0.025450887,
    -0.021079551,
    0.0010134011,
    0.038791556,
    -0.013267813,
    -0.031327903,
    -0.03574781,
    0.104070164,
    0.021694776,
    0.047566608,
    -0.0122640245,
    0.013041151,
    -0.0070184222,
    0.0033756425,
    0.030226976,
    -0.077971675,
    -0.12051934,
    -0.028494632,
    -0.027199421,
    -0.0035598052,
    0.03568305,
    0.04785803,
    0.030405067,
    -0.025677549,
    0.025434697,
    -0.0066420017,
    0.0015977636,
    -0.013041151,
    -0.004784184,
    0.07525173,
    0.06239677,
    -0.019217687,
    0.012215454,
    0.046919003,
    -0.011454518,
    -0.0048853722,
    -0.0003394868,
    -0.023621403,
    0.03565067,
    0.03331929,
    0.050934155,
    0.046854243,
    0.023799494,
    -0.07512221,
    -0.0370754,
    0.0050796536,
    0.020221474,
    0.02583945,
    0.01351876,
    -0.054495983,
    -0.018699601,
    -0.0054763122,
    -0.016360128,
    -0.054722644,
    -0.06466339,
    0.044425722,
    -0.015672047,
    -0.01287925,
    0.01356733,
    -0.010968815,
    0.0009334623,
    0.008475534,
    0.051225577,
    -0.0370754,
    0.107567236,
    -0.039957244,
    0.021743346,
    0.09681699,
    -0.016578695,
    -0.02943366,
    -0.06294723,
    -0.059968248,
    0.015170153,
    0.03165171,
    0.010240259,
    -0.023313789,
    -0.033902135,
    0.0047275187,
    -0.10445873,
    0.08509533,
    0.004253957,
    0.028381301,
    0.02098241,
    0.06987661,
    -0.024609,
    0.004549427,
    0.01415827,
    0.000112255795,
    0.010426445,
    0.09228375,
    -0.0088964775,
    0.004073842,
    0.07097754,
    0.011948317,
    -0.118187964,
    0.023329979,
    0.06265581,
    0.009851695,
    0.04772851,
    -0.034387838,
    0.034679264,
    0.009965026,
    0.040831514,
    -0.017971046,
    0.05005989,
    0.020529088,
    0.0015319912,
    0.059255883,
    -0.07602886,
    0.043486692,
    0.0063748644,
    0.052488405,
    0.016141562,
    -0.017679624,
    -0.024981374,
    -0.03782015,
    0.0017384153,
    -0.038629655,
    0.0319917,
    0.02710228,
    -0.005537025,
    -0.003146957,
    0.0067998553,
    0.032785017,
