{
  "chunk_index": 473,
  "token_start": 212850,
  "token_end": 213350,
  "text": "ng, mua bán trái phép hoặc chiếm đoạt súng săn, vũ khí thô sơ, vũ khí thể\nthao hoặc công cụ hỗ trợ 318\n\n1. Người nào chế tạo, tàng trữ, vận chuyển, sử dụng, mua bán trái phép hoặc chiếm đoạt súng săn, vũ khí thô sơ, vũ khí thể thao, vũ khí\nkhác có tính năng, tác dụng tương tự như súng săn, vũ khí thể thao hoặc công cụ hỗ trợ nhưng đã bị xử phạt vi phạm hành chính về\nmột trong các hành vi quy định tại Điều này hoặc đã bị kết án về tội này, chưa được xóa án tích mà còn vi phạm, thì bị phạt tù từ 03\ntháng đến 02 năm.\n\n2. Phạm tội thuộc một trong các trường hợp sau đây, thì bị phạt tù từ 01 năm đến 05 năm:\n\na) Có tổ chức;\n\nb) Vật phạm pháp có số lượng lớn;\n\nc) Vận chuyển, mua bán qua biên giới;\n\nd) Làm chết người;\n\nđ) Gây thương tích hoặc gây tổn hại cho sức khỏe của người khác mà tỷ lệ tổn thương cơ thể 61% trở lên;\n\ne) Gây thương tích hoặc gây tổn hại cho sức khỏe của 02 người trở lên màtổng tỷ lệ tổn thương cơ thể của những ng",
  "embedding": [
    -0.0002468534,
    -0.034951504,
    -0.16462763,
    -0.18327737,
    -0.0001339743,
    0.087412305,
    0.038808916,
    -0.029115073,
    0.034012306,
    0.11176431,
    -0.11833868,
    0.051253263,
    -0.006352151,
    -0.1136427,
    -0.0025639208,
    -0.10391532,
    0.14839295,
    -0.043739695,
    -0.030557409,
    0.0041404283,
    -0.03367688,
    0.03810452,
    0.08077084,
    -0.068360046,
    0.04367261,
    0.100561045,
    -0.030238753,
    -0.03454899,
    0.005094299,
    0.10928215,
    -0.031278577,
    -0.0038280617,
    -0.003574395,
    0.039412685,
    0.0058322386,
    -0.022725185,
    0.09881683,
    0.013408698,
    -0.008259892,
    -0.10666582,
    -0.038305774,
    -0.015161305,
    0.08962612,
    -0.008913975,
    0.0549765,
    -0.012075376,
    0.0018081617,
    0.030892836,
    -0.038406402,
    0.008155071,
    0.021383477,
    0.029031215,
    0.029618213,
    -0.0073710107,
    -0.07976457,
    -0.09841431,
    0.1017015,
    -0.000604817,
    -0.048469216,
    -0.0043982877,
    -0.0072368397,
    -0.09727386,
    0.078624114,
    -0.00146959,
    -0.024301693,
    -0.020259798,
    0.011538693,
    0.036293212,
    0.024771292,
    -0.03897663,
    -0.058632657,
    0.02425138,
    -0.07607487,
    0.0069852695,
    0.1255839,
    -0.025710488,
    -0.028746102,
    0.03699761,
    0.038775373,
    -0.016855212,
    0.054775245,
    -0.040553138,
    0.0050565638,
    -0.0453162,
    0.028159106,
    0.035823613,
    -0.0651064,
    0.03837286,
    -0.085198484,
    0.027991392,
    -0.014624622,
    0.036427382,
    0.07292185,
    -0.088083155,
    0.022087874,
    0.0054548834,
    -0.03391168,
    0.00024017105,
    -0.025240889,
    0.008104757,
    0.034079395,
    -0.030842522,
    0.026414884,
    0.013299685,
    0.018398177,
    -0.0025974636,
    0.02376501,
    0.04025125,
    0.026129771,
    0.019874055,
    0.002264133,
    -0.017274495,
    -0.015874088,
    -0.102640696,
    -0.00065146235,
    0.023211556,
    -0.0001464873,
    -0.045618087,
    0.009819629,
    0.013106814,
    -0.024939004,
    0.04330364,
    0.011479992,
    0.046926253,
    0.06279195,
    -0.042766955,
    -0.015228391,
    -0.023010299,
    -0.103982404,
    -0.02337927,
    -0.005589054,
    -0.019203201,
    0.03168109,
    0.011664477,
    0.012301789,
    -0.066850625,
    0.02896413,
    -0.011773491,
    -0.042263813,
    0.04628894,
    -0.014767178,
    -0.0038322546,
    -7.94674e-05,
    -0.027320538,
    -0.0043312022,
    -0.04763065,
    0.030171668,
    0.061685044,
    -0.005719032,
    0.0063773077,
    0.030658036,
    -0.012947486,
    -0.04652374,
    0.04367261,
    -0.023781782,
    -0.023362497,
    -0.009417116,
    0.016503014,
    0.017006153,
    0.008880433,
    0.003704373,
    0.011656092,
    -0.03538756,
    0.030641265,
    0.00884689,
    0.032452572,
    -0.049207155,
    0.0024213644,
    0.011614163,
    -0.049039442,
    0.010960081,
    -0.010951695,
    -0.0143395085,
    0.0098364,
    -0.017006153,
    -0.018549118,
    -0.026146542,
    -0.013609955,
    0.02302707,
    -0.045618087,
    -0.01928706,
    -0.0057316106,
    0.06363052,
    -0.034079395,
    0.0030817366,
    -0.007077512,
    -0.012561745,
    0.0731902,
    0.058498487,
    0.038943086,
    -0.06688417,
    -0.018347863,
    -0.03215069,
    0.024905462,
    -0.019219972,
    0.025425375,
    -0.009928642,
    -0.01843172,
    0.058498487,
    0.023932723,
    0.008863661,
    0.017744094,
    0.005853203,
    -0.027203139,
    0.0016624606,
    -0.009014604,
    0.0076854737,
    0.0008537668,
    -0.004507302,
    0.041660044,
    -0.012293403,
    -0.0007515664,
    -0.04960967,
    0.022591015,
    -0.03153015,
    0.03998291,
    -0.0028720945,
    -0.027370851,
    0.0003818104,
    -0.045953512,
    -0.03144629,
    -0.006092195,
    -6.760952e-05,
    -0.0034402243,
    -0.026800625,
    0.00043605524,
    -0.007928658,
    0.001064457,
    -0.010691739,
    -0.008104757,
    0.041156907,
    0.005073335,
    -0.02029334,
    -0.042163186,
    0.011647706,
    0.033391766,
    0.0786912,
    0.01769378,
    -0.0066917706,
    0.048234418,
    0.06074585,
    -0.056351755,
    -0.0052242773,
    -0.0018479937,
    0.006209594,
    -0.020310111,
    -0.0033668496,
    -0.008280857,
    -0.020209484,
    -0.05880037,
    -0.04182776,
    -0.029785927,
    -0.004570194,
    -0.051588688,
    -0.040519595,
    0.024335237,
    0.013978925,
    -0.05578153,
    -0.044477634,
    0.039580397,
    0.023362497,
    -0.08043542,
    -0.022356216,
    -0.020611996,
    0.017995665,
    0.072251,
    0.06936633,
    0.0040607643,
    -0.010381469,
    0.0075596883,
    0.08633894,
    -0.013408698,
    -0.025106719,
    0.0039496543,
    0.07292185,
    0.0050272136,
    -0.04206256,
    0.008230543,
    -0.0066498425,
    0.03119472,
    0.003999968,
    0.015530275,
    0.07379396,
    0.0068678698,
    -0.030926378,
    -0.001689714,
    0.06148379,
    0.041391704,
    -0.025240889,
    0.0060963877,
    -0.0036184199,
    0.016494628,
    0.0717814,
    0.016679112,
    -0.057592835,
    0.033425312,
    0.02128285,
    -0.035555273,
    0.023681153,
    -0.011127794,
    -0.0048553073,
    0.0017075336,
    0.05286331,
    -0.001220116,
    -0.0042326706,
    -0.009324874,
    -0.016402386,
    -0.03117795,
    -0.112770595,
    -0.03364334,
    -0.00021055913,
    0.030792208,
    0.030389696,
    -0.02302707,
    -0.016930683,
    -0.005798696,
    -0.019203201,
    -0.00069705944,
    -0.063295096,
    0.042465072,
    0.015580589,
    -0.004444409,
    -0.0015482057,
    -0.013936996,
    -0.05121972,
    0.009182317,
    0.047731277,
    0.00081288663,
    -0.079026625,
    0.12578516,
    -0.07084221,
    -0.019538628,
    0.079160795,
    -0.03810452,
    0.0361255,
    -0.043840323,
    -0.013022957,
    0.0416265,
    -0.03860766,
    -0.01552189,
    0.045752257,
    -0.052326627,
    0.015840545,
    -0.0024528108,
    0.040150624,
    -0.009324874,
    0.039714567,
    0.02165182,
    0.027655965,
    0.00013613624,
    0.0071697542,
    -0.03897663,
    0.008704334,
    0.05299748,
    -0.06789044,
    -0.03548819,
    -0.046792082,
    0.049710296,
    0.05071658,
    -0.07701407,
    0.0050901063,
    0.0067965914,
    0.010968466,
    0.026280714,
    -0.0199076,
    -0.025391832,
    -0.0011760913,
    0.028226191,
    0.0030754472,
    -0.05839786,
    -0.019152887,
    -0.02820942,
    0.0049182,
    -0.09391959,
    0.11478315,
    0.019823741,
    -0.0295679,
    0.031362433,
    -0.02425138,
    0.052158915,
    -0.02857839,
    -0.023546983,
    0.012855244,
    0.02919893,
    0.02463712,
    0.040049996,
    -0.0025177996,
    -0.03736658,
    0.003863701,
    0.04119045,
    -0.0018700061,
    -0.020159168,
    -0.034649618,
    -0.0026855133,
    -0.009039761,
    -0.019102573,
    0.018851003,
    0.08674145,
    0.026901254,
