{
  "chunk_index": 591,
  "token_start": 265950,
  "token_end": 266450,
  "text": "iều 392. Những người phải chịu trách nhiệm hình sự về các tội xâm phạm nghĩa vụ, trách nhiệm của quân nhân\n\n1. Quân nhân tại ngũ, công nhân, viên chức quốc phòng.\n\n2. Quân nhân dự bị trong thời gian tập trung huấn luyện.\n\n3. Dân quân, tự vệ trong thời gian phối thuộc với quân đội trong chiến đấu, phục vụ chiến đấu.\n\n4. Công dân được trưng tập vào phục vụ trong quân đội.\n\nĐiều 393. Tội ra mệnh lệnh trái pháp luật\n\n1. Người nào lợi dụng chức vụ, quyền hạn ra mệnh lệnh trái pháp luật gây hậu quả nghiêm trọng, thì bị phạt cải tạo không giam giữ đến\n03 năm hoặc phạt tù từ 06 tháng đến 05 năm.\n\n2. Phạm tội thuộc một trong các trường hợp sau đây, thì bị phạt tù từ 03 năm đến 10 năm:\n\na) Trong chiến đấu;\n\nb) Trong khu vực có chiến sự;\n\nc) Trong thực hiện nhiệm vụ cứu hộ, cứu nạn;\n\nd) Trong tình trạng khẩn cấp;\n\nđ) Gây hậu quả rất nghiêm trọng.\n\n3. Phạm tội gây hậu quả đặc biệt nghiêm trọng hoặc trong trường hợp đặc biệt nghiêm trọng khác, thì bị phạt tù từ 07 năm đến",
  "embedding": [
    -0.0007095394,
    0.013750221,
    -0.06813091,
    -0.097960874,
    -0.0012120313,
    0.11090937,
    -0.07049068,
    -0.029572807,
    0.034065455,
    0.100139126,
    -0.013606517,
    0.0068788924,
    0.013508193,
    -0.0015448199,
    0.09777935,
    -0.122466214,
    0.11696008,
    0.027923992,
    -0.010505532,
    0.017668052,
    -0.010316447,
    0.031977963,
    0.14800018,
    -0.092575744,
    0.09935253,
    0.12180064,
    -0.044926465,
    -0.026955878,
    0.00019239343,
    0.080534846,
    -0.00015611284,
    -0.037090804,
    0.010573602,
    -0.008107942,
    0.0024656611,
    -0.046106353,
    0.032855313,
    0.003477263,
    0.11302712,
    -0.021056443,
    -0.052338574,
    -0.024732245,
    0.033520892,
    0.00028268126,
    0.040085904,
    -0.043716326,
    -0.011556841,
    -0.01697222,
    -0.034035202,
    -0.041205283,
    0.0073591666,
    0.0064023994,
    0.03376292,
    0.026849993,
    0.07871964,
    -0.17256603,
    0.13069516,
    -0.0035812594,
    -0.012842616,
    0.031584665,
    0.022796022,
    -0.002870302,
    0.04601559,
    -0.01354601,
    -0.012063588,
    -0.052368827,
    -0.043716326,
    -0.06168691,
    0.0022236332,
    -0.026502077,
    -0.099292025,
    -0.028120639,
    -0.022160698,
    0.027213033,
    0.05678584,
    -0.004870815,
    -0.006629301,
    0.000914696,
    -0.0006963035,
    0.040842243,
    0.043928098,
    0.032098975,
    -0.009280264,
    -0.05031159,
    0.009159251,
    0.023143936,
    0.03972286,
    0.018333629,
    -0.07109575,
    0.0016251808,
    0.0072759697,
    0.016654558,
    0.045803815,
    0.0015438745,
    0.0011146528,
    -0.019891685,
    -0.039299313,
    -0.009590363,
    -0.01636715,
    -0.0034621363,
    0.042959988,
    -0.03291582,
    -0.051884774,
    0.034398243,
    0.04317176,
    -0.010202996,
    -0.053820997,
    0.012086278,
    0.021601008,
    0.021737149,
    0.0041674213,
    0.033399876,
    -0.083197154,
    -0.042627197,
    -0.0059637236,
    -0.0038138332,
    -0.0008376441,
    0.0348823,
    0.045471027,
    -0.025291936,
    -0.022478359,
    -0.0074990895,
    0.0047951816,
    0.016382277,
    0.012343433,
    0.038149677,
    -0.0051317518,
    0.01531584,
    -0.091789156,
    0.016352024,
    0.018152107,
    -0.014574629,
    0.040297676,
    0.02377926,
    0.040600214,
    0.07200336,
    -0.007272188,
    0.023703627,
    -0.03167543,
    0.049948547,
    -0.012721602,
    0.04979728,
    0.0108383205,
    0.042596944,
    -0.03842196,
    -0.084649324,
    -0.050432604,
    0.02033036,
    0.00014606773,
    -0.01403763,
    -0.032794807,
    0.0014408235,
    -0.015958728,
    -0.0053926883,
    -0.060597785,
    0.006697371,
    -0.016473036,
    -0.0020118586,
    0.012229982,
    0.010369391,
    0.0026944533,
    0.036727764,
    -0.029255146,
    -0.015746953,
    -0.0014559502,
    0.0049880478,
    0.00097473036,
    0.037544608,
    -0.018076474,
    -0.059750687,
    0.033883933,
    -0.0052452027,
    -0.027349174,
    -0.015928473,
    -0.021827908,
    -0.026093654,
    0.0018303375,
    -0.04090275,
    -0.040993508,
    -0.026774358,
    0.018560529,
    -0.024883514,
    0.08573845,
    -0.040085904,
    -0.024959147,
    -0.011927447,
    -0.03128213,
    -0.045864325,
    0.057693448,
    0.03421672,
    -0.01813698,
    0.00956011,
    -0.018530276,
    0.050341845,
    -0.04244568,
    -0.010081983,
    -0.054244548,
    -0.029436667,
    0.047134973,
    0.02527681,
    0.0148696015,
    -0.00034602455,
    0.045017224,
    -0.006209533,
    -0.036364723,
    -0.041296043,
    0.0037041644,
    -0.0098323915,
    0.0020080768,
    0.007177646,
    0.013349362,
    0.032522526,
    -0.036455482,
    -0.036485735,
    0.041568324,
    0.026048273,
    -0.042929735,
    -0.024928894,
    0.011140856,
    0.050009053,
    -0.02158588,
    -0.030344272,
    -0.012857743,
    0.021011064,
    -0.013871235,
    -0.010913954,
    0.026002893,
    0.008765955,
    0.03161492,
    -0.0009804028,
    0.008516364,
    0.013266165,
    2.5112779e-05,
    -0.010460151,
    0.047770295,
    -0.022357345,
    0.07157981,
    -0.007911294,
    0.037121058,
    0.12742779,
    0.123918384,
    -0.011942574,
    0.013493067,
    0.021479994,
    -0.028831597,
    -0.008992856,
    -0.012010644,
    -0.047528267,
    0.006670899,
    -0.050583873,
    -0.040297676,
    -0.011897193,
    -0.014430925,
    -0.057269897,
    0.025110414,
    -0.0016384168,
    0.032855313,
    -0.09191017,
    -0.00049871026,
    0.02462636,
    0.03231075,
    -0.0065612304,
    0.021948922,
    -0.010308884,
    0.04746776,
    -0.10522171,
    0.017637797,
    -0.016563797,
    0.009098744,
    -0.011246743,
    0.024096923,
    -0.057995982,
    0.021374106,
    -0.028589569,
    0.09777935,
    -0.018953824,
    -0.0062208786,
    0.023431344,
    0.04643914,
    -0.028786216,
    -0.026759231,
    0.02989047,
    0.010921517,
    -0.033036835,
    0.023249824,
    -0.056453053,
    0.048647646,
    0.022417853,
    -0.021843035,
    0.023385964,
    0.014574629,
    0.063532375,
    0.0010106564,
    0.0041296044,
    -0.035366356,
    0.044926465,
    -0.0024335168,
    0.027303794,
    0.024686866,
    0.013016573,
    0.018681543,
    -0.035608385,
    0.011458518,
    0.015179699,
    -0.025609598,
    -0.026653344,
    -0.009272701,
    0.03693954,
    -0.03926906,
    0.025443204,
    -0.011254306,
    0.035850413,
    0.019286614,
    0.024459964,
    0.03926906,
    -0.037786637,
    0.007850787,
    0.010066856,
    -0.06934105,
    0.0680099,
    0.013674587,
    0.07599682,
    0.020088332,
    0.03575965,
    -0.07254792,
    0.026063401,
    0.037121058,
    -0.0069167092,
    -0.11096988,
    0.040267423,
    -0.031191371,
    0.010520658,
    0.060930572,
    -0.030601427,
    -0.0063532377,
    -0.03497306,
    -0.08210803,
    0.06132387,
    0.0123358695,
    -0.015073813,
    0.010626546,
    -0.062503755,
    0.10673439,
    -0.031463653,
    0.06607367,
    -0.026819738,
    0.07999028,
    -0.010271067,
    0.053639475,
    -0.037151314,
    -0.037756383,
    -0.031917457,
    -0.00226145,
    0.013228348,
    -0.010059292,
    0.0031917456,
    -0.001161924,
    -0.00790373,
    0.076117836,
    0.021737149,
    0.004356506,
    -0.061717164,
    0.010074419,
    0.023885148,
    -0.09160763,
    0.008523927,
    -0.038028665,
    0.044654183,
    0.0019910592,
    -0.038149677,
    -0.016473036,
    -0.0486779,
    0.0048443438,
    -0.042778466,
    0.02886185,
    -0.016775573,
    0.017547037,
    0.024641486,
    -0.027107146,
    0.0077524623,
    0.012910686,
    0.06486353,
    0.007933984,
    0.041054014,
    -0.022206077,
    0.007623885,
    -0.017093234,
    -0.07623885,
    -0.052883137,
    -0.005725477,
    0.011087912,
    -0.013629207,
    -0.041205283,
    -0.07400009,
    0.10649236,
