{
  "chunk_index": 515,
  "token_start": 231750,
  "token_end": 232250,
  "text": " 05 năm.\n\nĐiều 327. Tội chứa mại dâm\n\n1. Người nào chứa mại dâm, thì bị phạt tù từ 01 năm đến 05 năm.\n\n2. Phạm tội thuộc một trong các trường hợp sau đây, thì bị phạt tù từ 05 năm đến 10 năm:\n\na) Có tổ chức;\n\nb) Cưỡng bức mại dâm;\n\nc) Phạm tội 02 lần trở lên;\n\nd) Chứa mại dâm 04 người trở lên;\n\nđ) Đối với người từ đủ 16 tuổi đến dưới 18 tuổi;\n\ne) Gây rối loạn tâm thần và hành vi của người bán dâm mà tỷ lệ tổn thương cơ thể từ 31% đến 60%\n                                                                                              340;\n\ng) Thu lợi bất chính từ 50.000.000 đồng đến dưới 200.000.000 đồng;\n\nh) Tái phạm nguy hiểm.\n\n3. Phạm tội thuộc một trong các trường hợp sau đây, thì bị phạt tù từ 10 năm đến 15 năm:\n\na) Đối với người từ đủ 13 tuổi đến dưới 16 tuổi;\n\nb) Thu lợi bất chính từ 200.000.000 đồng đến dưới 500.000.000 đồng;\n\nc) Gây rối loạn tâm thần và hành vi của người bán dâm mà tỷ lệ tổn thương cơ thể 61% trở lên341.\n\n4. Phạm tội thuộc một trong các trường hợp sau đây, thì bị phạt tù từ 15 năm đến 20 năm hoặc tù chung thân:\n\na",
  "embedding": [
    -0.00037316338,
    -0.024780655,
    -0.0801963,
    -0.15769799,
    -0.0001771837,
    0.06736489,
    0.06216817,
    0.0132323885,
    0.040611405,
    0.06787814,
    -0.028533842,
    -0.029047098,
    0.0005039836,
    -0.0697387,
    -0.08103034,
    -0.035992097,
    0.13780932,
    -0.09354096,
    0.06492692,
    0.002468041,
    -0.0350939,
    -0.037820574,
    0.114841096,
    -0.11054257,
    -0.024604224,
    0.043306,
    -0.039777365,
    0.011957267,
    -0.011468071,
    -0.03955281,
    -0.1070781,
    -0.014146627,
    -0.035158057,
    0.043273922,
    -0.0003308097,
    0.0020650546,
    0.051806808,
    0.00068016484,
    -0.010345322,
    -0.053635284,
    -0.031228438,
    0.040386856,
    0.060564242,
    -0.012221916,
    -0.00931881,
    0.058126274,
    -0.006006703,
    0.025069362,
    0.0007673783,
    0.0022234423,
    0.00015199704,
    0.023465436,
    -0.05841498,
    -0.00844467,
    0.050106645,
    -0.0797472,
    0.03730732,
    -0.0052688965,
    -0.048983898,
    0.036056254,
    0.028886706,
    0.092578605,
    0.056586508,
    -0.033008795,
    -0.0303142,
    -0.047989465,
    0.013448919,
    -0.07756586,
    0.016488358,
    -0.01018493,
    -0.120679386,
    -0.043658864,
    -0.021540726,
    -0.02251912,
    0.05693937,
    -0.028277215,
    -0.018958405,
    0.030618945,
    0.033906993,
    -0.00036815112,
    0.031148242,
    0.007454246,
    -0.029640552,
    -0.015133041,
    -0.004639356,
    0.047251657,
    -0.0039035548,
    -0.0071495,
    -0.030057572,
    -0.013088035,
    0.040162306,
    0.018685738,
    -0.0150368055,
    -0.030570827,
    0.012638936,
    0.016287867,
    -0.039232027,
    -0.0146598825,
    -0.037114847,
    0.0022154227,
    0.005581662,
    -0.002464031,
    0.09020479,
    0.05071614,
    0.018605541,
    -0.032206833,
    0.021685079,
    0.027812075,
    -0.009374947,
    -0.012975761,
    -0.02316069,
    0.057196,
    -0.03589586,
    -0.062328562,
    -0.028245136,
    0.005786163,
    -0.00035060817,
    -0.06255311,
    -0.02555054,
    -0.047508284,
    -0.014988688,
    0.051069003,
    -0.015076904,
    0.05613741,
    0.003765216,
    -0.035799626,
    -0.022567237,
    -0.038494222,
    -0.06460614,
    -0.032848403,
    -0.090910524,
    -0.073010705,
    -0.013970194,
    0.017643185,
    -0.044845767,
    -0.02575905,
    -0.005677898,
    0.040130228,
    -0.035190135,
    0.027523369,
    -0.015117002,
    0.016809143,
    0.024732538,
    -0.019519778,
    -0.0250854,
    -0.025855286,
    -0.027138427,
    -0.02057837,
    -0.020177389,
    0.0039215987,
    0.0009117316,
    -0.018044166,
    0.014122568,
    -0.005910467,
    0.0091824755,
    0.013416841,
    -0.048406485,
    0.07275408,
    -0.007863247,
    0.030282121,
    0.049882095,
    0.030891614,
    -0.063387156,
    -0.048631035,
    -0.018509306,
    0.018733855,
    -0.030250043,
    0.017595068,
    -0.00096586416,
    -0.028261175,
    0.028614039,
    -0.020834997,
    -0.02555054,
    0.011018971,
    -0.0152693745,
    -0.02599964,
    -0.010473636,
    -0.029095216,
    -0.03352205,
    -0.03029816,
    -0.012494583,
    -0.0044749533,
    0.06871219,
    -0.030955771,
    -0.00047741857,
    0.011628463,
    -0.02879047,
    -0.00030023488,
    0.0120775625,
    0.060564242,
    -0.02118786,
    0.08475144,
    -0.027250702,
    0.02530995,
    0.036216646,
    0.0341957,
    0.016616672,
    -0.0013462954,
    0.08013214,
    -0.008757436,
    0.05023496,
    -0.010866598,
    0.035767548,
    0.020514213,
    0.0010435543,
    -0.032543655,
    0.04131713,
    0.0043706982,
    0.04616099,
    -0.04308145,
    0.017514871,
    -0.062809736,
    -0.024315517,
    0.0010149843,
    0.003422377,
    0.08013214,
    -0.038173437,
    -0.03894332,
    0.022711592,
    -0.024764616,
    -0.027138427,
    -0.01580669,
    -0.007013166,
    0.030827457,
    -0.036954455,
    0.008524866,
    -0.023080494,
    0.001840505,
    0.0077269133,
    -0.02012927,
    0.067621514,
    0.013055957,
    -0.023272965,
    0.0075825597,
    -0.0066522826,
    0.00014134597,
    0.041894544,
    0.030137768,
    0.035831705,
    0.07211251,
    0.12183421,
    -0.031597342,
    -0.042311564,
    -0.001460575,
    0.01039344,
    -0.011957267,
    0.01995284,
    -0.005176671,
    -0.02856592,
    -0.003831378,
    -0.065023154,
    -0.009270692,
    0.013954155,
    -0.012430426,
    0.07256161,
    0.03249554,
    -0.0013011849,
    -0.06001891,
    -0.0064878804,
    0.115290195,
    -0.0027166496,
    -0.010930755,
    0.0056618587,
    -0.0038133338,
    -0.011820934,
    0.014716021,
    0.05517505,
    0.020947272,
    -0.026496856,
    -0.025133519,
    0.11753569,
    0.007249745,
    0.016696868,
    0.019311268,
    0.0058503198,
    0.04433251,
    0.0037211082,
    0.01473206,
    0.021813393,
    0.0015668351,
    -0.037820574,
    -0.0129918,
    0.0303142,
    0.04532695,
    -0.043626785,
    -0.014868394,
    0.11516188,
    0.043883413,
    -0.05889616,
    -0.011780836,
    0.035863783,
    0.041445445,
    -0.038013045,
    0.012719133,
    -0.017803578,
    0.033874914,
    0.07538452,
    0.028710274,
    0.03162942,
    0.026721407,
    -0.007622658,
    -0.03894332,
    0.016600633,
    0.025037283,
    0.0091824755,
    0.05020288,
    -0.033040874,
    0.027988506,
    -0.022839906,
    0.09764701,
    -0.03445233,
    0.02640062,
    0.039713208,
    0.0047315815,
    0.05453348,
    0.020594409,
    0.044845767,
    0.013545155,
    -0.07397307,
    0.046674244,
    -0.017899813,
    0.0062873894,
    -0.078014955,
    0.01926315,
    -0.0398736,
    0.022583276,
    0.051261473,
    0.04093219,
    -0.068006456,
    0.1103501,
    0.01060195,
    0.03814136,
    0.09687713,
    0.010417499,
    -0.047508284,
    -0.040643483,
    -0.034324016,
    -0.0007929409,
    0.008123885,
    -0.009102279,
    -0.03612041,
    -0.023433357,
    -0.0025081392,
    0.031725656,
    0.03268801,
    -0.036601588,
    0.06508731,
    0.0147641385,
    -0.05068406,
    -0.04936884,
    0.045872282,
    -0.037339397,
    0.037211083,
    0.0022214374,
    -0.04372302,
    -0.014403255,
    0.0515181,
    0.08327583,
    0.034805194,
    -0.02575905,
    0.0027567476,
    -0.0041621877,
    -0.0026585073,
    -0.008556945,
    -0.050042488,
    0.051678494,
    0.008003591,
    0.04526279,
    0.019808484,
    -0.031565264,
    -0.013625351,
    -0.013248428,
    0.06303429,
    -0.05677898,
    0.050748218,
    -0.018028127,
    -0.03791681,
    -0.011668561,
    -0.0011698635,
    -0.038847085,
    -0.004563169,
    0.048438564,
    0.032319106,
    0.017498832,
    -0.046193067,
    0.0068928716,
    -0.059730202,
    -0.01968017,
    0.042600274,
    -0.037114847,
    -0.011379855,
    0.057067685,
