{
  "chunk_index": 199,
  "token_start": 89550,
  "token_end": 90050,
  "text": "à Nhà nước cấm kinh doanh, cấm lưu hành, cấm sử dụng 300 kilôgam trở lên hoặc 300 lít trở lên;\n\nb) Thuốc lá điếu nhập lậu 4.500 bao trở lên;\n\nc) Pháo nổ 120 kilôgam trở lên;\n\nd) Hàng hóa khác mà Nhà nước cấm kinh doanh, cấm lưu hành, cấm sử dụng trị giá 500.000.000 đồng trở lên hoặc thu lợi bất chính\n500.000.000 đồng trở lên;\n\nđ) Hàng hóa chưa được phép lưu hành, chưa được phép sử dụng tại Việt Nam trị giá 1.000.000.000 đồng trở lên hoặc thu lợi bất chính\n\f700.000.000 đồng trở lên.\n\n4. Người phạm tội còn có thể bị phạt tiền từ 10.000.000 đồng đến 50.000.000 đồng, cấm đảm nhiệm chức vụ, cấm hành nghề hoặc làm\ncông việc nhất định từ 01 năm đến 05 năm.\n\n5. Pháp nhân thương mại phạm tội quy định tại Điều này, thì bị phạt như sau:\n\na)128 Phạm tội thuộc trường hợp quy định tại khoản 1 Điều này, thì bị phạt tiền từ 300.000.000 đồng đến 1.000.000.000 đồng;\n\nb)129 Phạm tội thuộc một trong các trường hợp quy định tại các điểm a,d, đ, e, g, h",
  "embedding": [
    -0.0002843529,
    -0.03869437,
    -0.0982127,
    -0.11664995,
    -0.0014637182,
    0.014051695,
    0.041528575,
    0.008226655,
    0.018079251,
    0.070407644,
    -0.09290229,
    -0.08263948,
    0.003468173,
    -0.0980337,
    -0.020630036,
    -0.10984786,
    0.035293322,
    -0.13449053,
    0.077269405,
    -0.0013751492,
    0.00022014043,
    0.10626781,
    0.1753031,
    -0.11688862,
    -0.12375038,
    0.101017065,
    -0.030027667,
    0.04421361,
    0.0057989345,
    -0.0052470104,
    -0.021495216,
    -0.0021797281,
    0.00052488747,
    0.016154975,
    -0.010083807,
    -0.010024139,
    -0.0087860385,
    0.009420006,
    -0.005120217,
    -0.098570704,
    -0.01488704,
    -0.019735023,
    0.073450685,
    -0.0036919261,
    0.048688676,
    -0.038545202,
    -0.009628842,
    0.030818261,
    -0.056147113,
    -0.045287628,
    0.030340921,
    0.025507854,
    0.09433431,
    0.0054409294,
    0.118917316,
    -0.094155304,
    0.012366088,
    -0.0058511435,
    -0.017214073,
    0.09254429,
    -0.006425443,
    -0.027760303,
    0.04179708,
    -0.012686801,
    -0.014051695,
    -0.026507284,
    0.034845818,
    0.011799247,
    0.017303573,
    -0.0203317,
    -0.11104121,
    -0.02843156,
    -0.03517399,
    0.033175126,
    0.13007514,
    -0.039917555,
    -0.019958777,
    0.005996583,
    0.08341516,
    0.013872692,
    0.041021403,
    -0.0015933085,
    0.008614494,
    -0.089620575,
    0.014402241,
    0.04603347,
    0.0031661065,
    0.021957638,
    -0.028744815,
    0.051164877,
    -5.558866e-05,
    0.108296506,
    0.022658732,
    0.0215698,
    0.0055938275,
    0.011687371,
    -0.017601911,
    0.0132611,
    0.004620502,
    -0.0021983744,
    -0.013276017,
    -0.0697513,
    0.034726482,
    -0.018556591,
    -0.046630148,
    -0.0017061174,
    -0.022226142,
    0.012888179,
    -0.003553945,
    0.0056795995,
    0.004538459,
    0.008196822,
    -0.06372488,
    -0.06575358,
    0.010292643,
    0.017840581,
    -0.057280794,
    -0.03782919,
    -0.0457053,
    -0.09093326,
    -0.017407991,
    0.02790947,
    -0.00830124,
    0.06402322,
    0.029938165,
    -0.09928671,
    -0.01116528,
    -0.012000625,
    -0.12082668,
    -0.022255976,
    -0.031325433,
    -0.03860487,
    0.08520518,
    0.022658732,
    -0.08019311,
    0.012545091,
    0.019928943,
    0.0015765271,
    -0.080133446,
    0.03535299,
    -0.029669661,
    -0.009860054,
    0.022628898,
    -0.0089053735,
    -0.030430423,
    -0.020823956,
    0.042334087,
    -0.008420575,
    0.00921117,
    -0.010963902,
    0.020540535,
    -0.010382144,
    0.013969652,
    -0.00061485486,
    -0.012574924,
    -0.027566383,
    -0.040424727,
    0.0553416,
    0.009681051,
    0.022166474,
    0.012030459,
    0.028879067,
    -0.028953651,
    0.02858073,
    0.0010553688,
    0.0035912374,
    0.005325324,
    0.0039753467,
    -0.01731849,
    -0.12094601,
    -0.00084373564,
    0.026984625,
    -0.0069960137,
    -0.006880408,
    -0.022032222,
    -0.0044079362,
    0.01531963,
    -0.029565243,
    -0.004303518,
    -0.044153947,
    -0.017348325,
    0.040335227,
    0.02189797,
    -0.0025265454,
    -0.019198017,
    -0.01411882,
    -0.04021589,
    0.010128557,
    0.021733886,
    0.039112043,
    -0.013641481,
    0.08120746,
    -0.016348893,
    0.014320198,
    -0.013522146,
    0.023150988,
    0.03230995,
    -0.01584172,
    0.064142555,
    0.0005439997,
    -0.026731037,
    0.052775897,
    0.045794804,
    0.014200863,
    -0.018601341,
    -0.041289907,
    0.0071489117,
    0.0132611,
    0.0011942822,
    0.019720107,
    0.019735023,
    -0.0018319786,
    -0.013984569,
    0.0069251587,
    -0.001514995,
    0.044840124,
    -0.01488704,
    -0.03439831,
    0.014603619,
    -0.0148273725,
    0.024180252,
    -0.045824636,
    0.0049412143,
    0.014469367,
    0.0146259945,
    -0.009934638,
    -0.0020771746,
    0.028282393,
    0.03063926,
    0.016304143,
    0.04949419,
    -0.0042252042,
    -0.0074062278,
    0.003082199,
    -0.015677635,
    0.029595077,
    0.07321201,
    0.023553744,
    0.0087039955,
    0.03135527,
    0.08007378,
    -0.01966044,
    -0.03669551,
    -0.012709176,
    0.005649766,
    -0.0046466063,
    0.023150988,
    0.028923819,
    -0.00052488747,
    -0.008793497,
    -0.03233978,
    -0.0051425924,
    -0.0072309547,
    -0.06366522,
    -0.02113721,
    0.024926096,
    -0.0052470104,
    -0.03496515,
    0.0031903463,
    0.025686856,
    0.03797836,
    -0.07016897,
    -0.0077269403,
    -0.036665674,
    0.024985764,
    0.06324755,
    0.06730493,
    0.033891138,
    0.022166474,
    0.025075264,
    0.013029889,
    -0.024747094,
    0.008241572,
    0.010367227,
    0.043258935,
    0.025746524,
    0.0066193626,
    -0.026298448,
    0.012224378,
    -0.006697676,
    -0.054595757,
    0.0053887204,
    -0.059518326,
    -0.045585968,
    0.019824525,
    -0.03281712,
    0.081267126,
    -0.029505577,
    -0.0010190089,
    -0.00058408885,
    0.020346615,
    0.06420223,
    -0.020823956,
    -0.009158961,
    0.0087487465,
    -0.0008367434,
    -0.013141765,
    -0.021271462,
    0.014148654,
    0.00672751,
    -0.001974621,
    0.025776358,
    0.00810732,
    -0.016975403,
    -0.007928318,
    -0.041051235,
    -0.032578453,
    -0.010091265,
    -0.07983511,
    -0.035293322,
    0.012142335,
    0.051642217,
    -0.028700065,
    -0.010576064,
    0.012097584,
    0.06324755,
    0.013895067,
    0.026134362,
    -0.05134388,
    -0.02743213,
    0.06426189,
    0.020316781,
    -0.06444089,
    0.014320198,
    -0.035382826,
    0.038396034,
    0.03320496,
    0.059160322,
    -0.027253129,
    0.074584365,
    -0.053283073,
    0.029788997,
    0.07864176,
    -0.00026780448,
    0.006149481,
    0.003997722,
    -0.03415964,
    0.008383283,
    -0.036725342,
    -0.012873262,
    0.0048890053,
    0.016468229,
    -0.011858915,
    -0.072138004,
    0.1011364,
    -0.01116528,
    0.01866101,
    0.019958777,
    -0.011254781,
    -0.06139785,
    0.043348435,
    0.061576854,
    0.04427328,
    0.02328524,
    0.05969733,
    0.025254266,
    -0.019928943,
    0.035889998,
    0.094930984,
    -0.14558868,
    0.02476201,
    -0.01913835,
    0.017154405,
    0.009181336,
    -0.11855931,
    -0.012649509,
    0.018675925,
    0.00415062,
    0.03290662,
    -0.036964014,
    -0.005888436,
    -0.00796561,
    0.016333977,
    -0.066230915,
    0.015946139,
    -0.010389603,
    -0.0578178,
    0.038873374,
    -0.02762605,
    0.0041953707,
    -0.009994306,
    0.03750102,
    -0.013052264,
    0.021077542,
    -0.0034569856,
    -0.07076565,
    -0.013648939,
    0.037202682,
    0.1108622,
    0.030848095,
    0.030191753,
    0.04355727,
    -0.031265765,
    0.022942152,
    -0.013089556,
    -0.07959644,
    0.0075031873,
    0.088486895,
    -0.012753927,
