{
  "chunk_index": 525,
  "token_start": 236250,
  "token_end": 236750,
  "text": ", vị trí công tác\n\fNgười nào giả mạo chức vụ, cấp bậc, vị trí công tác thực hiện hành vi trái pháp luật nhưng không nhằm mục đích chiếm đoạt tài sản, thì\nbị phạt cải tạo không giam giữ đến 02 năm hoặc phạt tù từ 03 tháng đến 02 năm.\n\nĐiều 340. Tội sửa chữa và sử dụng giấy chứng nhận, các tài liệu của cơ quan, tổ chức\n\n1. Người nào sửa chữa, làm sai lệch nội dunghộ chiếu, thị thực, hộ khẩu, hộ tịch, các loại giấy chứng nhận hoặc tài liệu của cơ quan, tổ\nchức và sử dụng giấy tờ đó thực hiện tội phạm hoặc đã bị xử phạt vi phạm hành chính về hành vi này hoặc đã bị kết án về tội này, chưa\nđược xóa án tích mà còn vi phạm, thì bị phạt cảnh cáo, phạt tiền từ 10.000.000 đồng đến 50.000.000 đồng, phạt cải tạo không giam giữ\nđến 03 năm hoặc phạt tù từ 06 tháng đến 03 năm.\n\n2. Phạm tội thuộc một trong các trường hợp sau đây, thì bị phạt tù từ 02 năm đến 05 năm:\n\na) Phạm tội 02 lần trở lên;\n\nb) Sử dụng giấy tờ, tài liệu đã bị sửa chữa hoặc làm sai lệch thực hiện",
  "embedding": [
    -0.00045168746,
    -0.02386554,
    -0.10836584,
    -0.14143935,
    -0.0017940262,
    0.0069686123,
    0.06959216,
    -0.063923314,
    0.028798379,
    0.03504664,
    -0.09157853,
    0.10266567,
    0.009810867,
    0.046822812,
    -0.045695305,
    -0.16185974,
    0.039619304,
    0.05105096,
    0.111309886,
    0.0027032737,
    -0.018572526,
    -0.015182179,
    0.16211028,
    0.037051097,
    -0.062357336,
    0.0637354,
    -0.03102207,
    -0.053901043,
    0.05994573,
    7.762614e-05,
    -0.01117327,
    -0.06310901,
    -0.035015322,
    -0.008424974,
    -0.00189973,
    -0.024397973,
    0.013811947,
    0.0011500168,
    -0.012277286,
    -0.033511978,
    -0.0335433,
    -0.07059439,
    0.07353844,
    0.009873506,
    0.13717988,
    0.004940668,
    -0.002350928,
    0.054433476,
    -0.014704555,
    -0.033198785,
    0.017961795,
    0.016270535,
    -0.00636571,
    -4.6214773e-05,
    0.0079865,
    -0.04475572,
    0.046697535,
    0.0047331755,
    0.029315151,
    0.06865258,
    0.01744502,
    -0.009622949,
    0.040026456,
    -0.05578022,
    -0.020874519,
    -0.042939182,
    0.025353221,
    -0.08174417,
    -0.0033257508,
    -0.027623894,
    -0.10178872,
    -0.081681535,
    -0.02936213,
    0.025165305,
    -0.023583664,
    -0.027248058,
    -0.019386837,
    0.0097560575,
    0.026919203,
    0.03335538,
    -0.01761728,
    0.02234654,
    0.009810867,
    -0.07654512,
    0.009364562,
    0.12527843,
    0.027717853,
    0.019778332,
    0.009967465,
    0.07497914,
    0.015659804,
    0.06210678,
    0.05101964,
    0.028187646,
    -0.0034451568,
    -0.012950658,
    -0.022440499,
    0.015565844,
    -0.018588187,
    -0.020592641,
    0.028782718,
    -0.02868876,
    -0.0006489031,
    0.017789537,
    -0.10178872,
    -0.002638677,
    -0.027921429,
    4.431847e-05,
    0.028845359,
    0.018556867,
    -0.024491932,
    -0.027796151,
    0.03654998,
    0.0060720886,
    0.004087209,
    0.030677555,
    0.036800537,
    0.034984,
    0.03335538,
    -0.051426794,
    -0.00596247,
    0.040746808,
    -0.0032141746,
    0.013005467,
    0.033261422,
    -0.029346472,
    -0.017977454,
    0.010194532,
    -0.018744785,
    0.029659668,
    0.02223692,
    -0.062075462,
    -0.010045764,
    0.009027877,
    0.0019594328,
    0.046603575,
    0.058285788,
    0.011345528,
    -0.030943772,
    0.03507796,
    -0.0413732,
    -0.018776104,
    0.005265609,
    -0.000973844,
    -0.019778332,
    0.027357677,
    0.030098142,
    0.08431238,
    0.019559095,
    0.0076302392,
    0.043690853,
    0.0035469455,
    0.0010080999,
    -0.028970636,
    -0.015886871,
    0.056845088,
    -0.02071792,
    0.0041106986,
    -0.00015035858,
    0.03344934,
    0.008652042,
    0.010288491,
    -0.054809313,
    -0.084375024,
    0.006581032,
    0.03193034,
    -0.035328515,
    0.02955005,
    -0.049892135,
    -0.016239217,
    0.005273439,
    0.0043181907,
    -0.013169895,
    0.0021316907,
    -0.014297401,
    -0.021219034,
    -0.023066891,
    -0.040245693,
    -0.013436112,
    -0.0022667565,
    0.0063109007,
    0.013913736,
    0.05023665,
    0.012833209,
    -0.008612892,
    -0.025635099,
    -0.015730273,
    -0.00519514,
    -0.0038777587,
    0.051552072,
    -0.020122847,
    0.022221262,
    0.0037818425,
    0.03020776,
    -0.030849813,
    -0.017069185,
    0.017648598,
    -0.028500842,
    0.05393236,
    -0.002243267,
    0.07454067,
    0.020342086,
    0.08174417,
    -0.016755989,
    -0.0070664864,
    -0.00876166,
    0.0048114746,
    0.016160917,
    -0.0012752953,
    0.009998784,
    0.04250071,
    -0.029925885,
    -0.025963955,
    0.034514207,
    0.03448289,
    0.04779372,
    -0.014164292,
    -0.03908687,
    0.01995059,
    -0.035359837,
    -0.009716908,
    -0.036863178,
    -0.0044904486,
    0.0037896724,
    -0.022440499,
    0.016411474,
    0.015769422,
    -0.025212284,
    0.05333729,
    0.0007585217,
    0.033073504,
    0.011235909,
    -0.005433952,
    -0.010445089,
    -0.0017705365,
    0.0063304757,
    0.075605534,
    -0.0367379,
    0.050518528,
    0.060916636,
    0.10429429,
    -0.007998245,
    -0.0143757,
    0.017225783,
    -0.017883496,
    -0.04447384,
    0.024194397,
    -0.025227943,
    0.041185282,
    -0.02386554,
    -0.017366722,
    -0.0055670603,
    0.025290582,
    -0.020905837,
    0.02864178,
    -0.01669335,
    0.008691191,
    -0.124526754,
    -0.002758083,
    0.022925952,
    0.04932838,
    -0.07284941,
    0.004545258,
    -0.03983854,
    0.047261287,
    -0.06141775,
    0.012520012,
    0.020796219,
    0.036925815,
    0.010907053,
    0.057847314,
    -0.0035665203,
    0.04484968,
    0.025321903,
    0.024147417,
    0.018870063,
    0.02397516,
    -0.010781774,
    0.0018067498,
    0.013420451,
    -0.01833763,
    -0.025744718,
    0.041592438,
    0.032321833,
    0.06267054,
    0.019606074,
    0.12928733,
    0.019747011,
    0.029080255,
    -0.04450516,
    0.02633979,
    -0.022393519,
    0.06627229,
    0.0043181907,
    0.03432629,
    0.077484705,
    0.01739804,
    0.03846048,
    -0.034639485,
    0.028344244,
    -0.048889905,
    -0.010719135,
    0.026778264,
    0.09665231,
    -0.001298785,
    -0.010515558,
    0.024632871,
    0.037802767,
    -0.021187713,
    0.089761995,
    -0.012621801,
    0.027388996,
    0.044129327,
    -0.028907998,
    -0.007587175,
    0.004188997,
    0.005347823,
    0.020013228,
    -0.03820992,
    -0.01434438,
    -0.008025649,
    0.09759189,
    0.003548903,
    0.034608167,
    0.05408896,
    0.0720351,
    0.03601755,
    0.06132379,
    0.0129193375,
    0.04250071,
    0.015017752,
    0.02460155,
    -0.04059021,
    0.0032337494,
    -0.013115086,
    -0.0071095508,
    -0.07109551,
    0.052554302,
    0.02558812,
    -0.02234654,
    -0.018087072,
    0.015730273,
    0.00051628414,
    -0.07009328,
    -0.02319217,
    -0.0060172793,
    0.04785636,
    -0.025979614,
    -0.019324198,
    0.047229968,
    0.04143584,
    -0.058536347,
    -0.038053323,
    -0.083873905,
    -0.0070508267,
    0.0055983798,
    -0.054903273,
    0.014023354,
    0.13855794,
    0.015448396,
    -0.017961795,
    0.039306108,
    0.0024390144,
    0.048169557,
    0.017993115,
    -0.028375564,
    -0.0254002,
    0.070030645,
    0.024163077,
    0.013420451,
    -0.044160645,
    -0.0827464,
    0.0428139,
    -0.04942234,
    0.043565575,
    -0.012292946,
    0.035610393,
    0.05346257,
    -0.040183056,
    0.008362335,
    0.0303487,
    0.08606628,
    -0.016489772,
    0.03479608,
    -0.033699896,
    0.010405939,
    0.0035019235,
    -0.044129327,
    0.023239149,
    0.023474045,
    -0.020060208,
    0.003537158,
    0.026480727,
    0.009889166,
    -0.003347283,
    -0.004439554,
    -0.009098345,
    0.061762266,
    0.08299696,
    -0.060947955,
