{
  "chunk_index": 643,
  "token_start": 289350,
  "token_end": 289850,
  "text": "c” được bổ sung theo quy định tại điểm g khoản 1 Điều 2 của Luật\nsố 12/2017/QH14 sửa đổi, bổ sung một số điều của Bộ luật Hình sự số 100/2015/QH13, có hiệu lực kể từ ngày 01 tháng 01 năm 2018.\n\n113 Điều này được sửa đổi, bổ sung theo quy định tại khoản 37 Điều 1 của Luật số 12/2017/QH14 sửa đổi, bổ sung một số điều của Bộ\nluật Hình sự số 100/2015/QH13, có hiệu lực kể từ ngày 01 tháng 01 năm 2018.\n\n114 Khoản này được sửa đổi, bổ sung theo quy định tại điểm a khoản 38 Điều 1 của Luật số 12/2017/QH14 sửa đổi, bổ sung một số\nđiều của Bộ luật Hình sự số 100/2015/QH13, có hiệu lực kể từ ngày 01 tháng 01 năm 2018.\n\n115 Khoản này được sửa đổi, bổ sung theo quy định tại điểm b khoản 38 Điều 1 của Luật số 12/2017/QH14 sửa đổi, bổ sung một số\nđiều của Bộ luật Hình sự số 100/2015/QH13, có hiệu lực kể từ ngày 01 tháng 01 năm 2018.\n\n116 Khoản này được sửa đổi, bổ sung theo quy định tại điểm a khoản 39 Điều 1 của Luật số 12/2017/QH14 sửa đổi, bổ sung một số\n\fđiều của Bộ luật Hình sự số 100/2015/QH13, có hiệu",
  "embedding": [
    0.00012214818,
    -0.055281665,
    -0.048089746,
    -0.035992738,
    0.0018093726,
    -0.01260243,
    -0.03718587,
    -0.004929945,
    0.025436858,
    0.07622772,
    -0.06071703,
    -0.021227762,
    0.00021801541,
    0.008484476,
    -0.13409449,
    -0.18758647,
    0.055679377,
    -0.04709547,
    0.033009917,
    0.009959317,
    -0.002810897,
    0.07450431,
    0.054850813,
    -0.010506168,
    -0.050177723,
    0.07662543,
    -0.008857329,
    -0.010058744,
    0.0042132386,
    -0.004710376,
    -0.031667646,
    -0.05388968,
    0.07019579,
    -0.054221105,
    0.0028150398,
    -0.021426616,
    0.069267794,
    -0.008840758,
    0.0031091794,
    -0.020233488,
    0.007461202,
    -0.0050998,
    -0.055811945,
    -0.016529815,
    0.044874925,
    0.03907499,
    -0.007270633,
    0.07589629,
    -0.049117163,
    0.0354956,
    0.014897547,
    0.04388065,
    -0.067643814,
    -0.0077843415,
    -0.025619142,
    -0.1918287,
    -0.0065704975,
    0.017731229,
    0.00486366,
    0.025039148,
    0.00049972656,
    0.025933994,
    -0.00095077505,
    -0.03344077,
    -0.011964438,
    -0.017499233,
    0.058430202,
    -0.054121677,
    0.022354607,
    -0.02626542,
    -0.09419094,
    0.076890565,
    -0.036523018,
    -0.0019864778,
    0.07052721,
    -0.027557977,
    -0.029115673,
    0.038080715,
    0.02493972,
    -0.032446492,
    0.025171718,
    -0.10241028,
    -0.0035338176,
    -0.00999246,
    0.015046689,
    0.0116910115,
    0.037981287,
    0.005957362,
    -0.04842117,
    -0.021526044,
    0.02215575,
    -0.04401322,
    0.06555583,
    0.009909603,
    0.0026037565,
    -0.013754131,
    -0.01998492,
    -0.029745381,
    0.0022267608,
    -0.020100918,
    0.0144252665,
    -0.014541266,
    0.001898443,
    0.013754131,
    -0.013008426,
    -0.03880985,
    -0.0026431133,
    -0.0023324024,
    0.009578179,
    0.000933686,
    0.011525299,
    0.013414421,
    0.008956756,
    -0.05561309,
    -0.019885492,
    -0.01735009,
    0.15020174,
    0.0052572265,
    -0.0076931994,
    0.027939115,
    -0.008356049,
    0.02999395,
    0.034070473,
    0.021575758,
    0.028187683,
    -0.044742357,
    -0.02242089,
    0.030176234,
    -0.10360341,
    0.016546385,
    0.019504353,
    0.017913513,
    0.0344019,
    -0.0059656473,
    0.018874645,
    -0.021393474,
    0.0006675104,
    0.015228972,
    -0.036622446,
    0.020498628,
    -0.035561886,
    0.012726715,
    0.003838314,
    0.025304288,
    -0.021658614,
    -0.057535354,
    0.013157567,
    0.061147887,
    -0.0035068893,
    -0.0029123959,
    0.0075233444,
    0.008525904,
    -0.029082531,
    -0.0007415631,
    -0.019786064,
    -0.07185291,
    0.027939115,
    -0.04291952,
    -0.036854442,
    0.009893032,
    -0.021774612,
    -0.017499233,
    -0.023415165,
    0.0032376065,
    0.021857468,
    0.046200626,
    -0.05319369,
    -0.01618182,
    -0.037384722,
    -0.050741144,
    0.024061445,
    -0.02134376,
    -0.016471814,
    0.029248243,
    -0.033424195,
    -0.014102127,
    0.007684914,
    0.005514081,
    -0.004391379,
    -0.06187702,
    -0.026315134,
    -0.008998184,
    0.05040972,
    -0.007382489,
    -0.05534795,
    0.03576074,
    0.010514453,
    -0.0050045154,
    0.011724154,
    0.019239213,
    -0.09902975,
    -0.05852963,
    0.012817856,
    0.04895145,
    -0.056342226,
    0.029297957,
    -0.037782434,
    0.029364241,
    0.02880082,
    0.00626393,
    -0.0055886516,
    0.0091970395,
    0.07874654,
    -0.007220919,
    -0.00860876,
    -0.027823117,
    -0.017714659,
    -0.018775217,
    0.010207886,
    -0.03201564,
    0.011111018,
    -0.081795655,
    -0.05836392,
    -0.05385654,
    0.013952986,
    0.04401322,
    -0.035197318,
    -0.01958721,
    0.020979194,
    0.038345855,
    -0.01998492,
    -0.029645953,
    -0.06081646,
    0.061645024,
    -0.0078174835,
    0.036622446,
    0.0062017874,
    0.026033422,
    0.028999675,
    0.01593325,
    0.08046995,
    -0.01801294,
    -0.051403996,
    -0.0027073268,
    0.0025933995,
    -0.01619839,
    -0.025668856,
    0.029811665,
    -0.039936695,
    0.11924666,
    -0.027243122,
    -0.011682726,
    0.052464556,
    0.008757901,
    -0.015808966,
    0.015054974,
    0.0036311736,
    -0.022470605,
    0.012237863,
    -0.0071173487,
    -0.082922496,
    -0.0035731741,
    -0.0018041941,
    -0.009619607,
    -0.025817996,
    -0.014740121,
    0.018543221,
    -0.02174147,
    0.0051702275,
    0.02734255,
    -0.006690639,
    -0.07152148,
    -0.03443504,
    5.5304904e-06,
    0.080735095,
    -0.033689335,
    0.036523018,
    0.0331922,
    0.0043623797,
    -0.0049630874,
    -0.02280203,
    -0.0741066,
    0.030689942,
    0.025917424,
    0.16836382,
    0.014682121,
    -0.007701485,
    0.039572127,
    0.031667646,
    -0.01381213,
    -0.0018487292,
    -0.023183169,
    0.015054974,
    0.006147931,
    0.062307872,
    0.0008119909,
    0.03052423,
    -0.017051809,
    0.004499092,
    -0.013215566,
    0.008045338,
    -0.07430545,
    0.03080594,
    -0.001849765,
    -0.09193725,
    0.09883089,
    0.01720095,
    -0.03001052,
    0.020067776,
    0.0143506965,
    0.02880082,
    0.02255346,
    -0.0144749805,
    0.0456372,
    -0.04510692,
    -0.011964438,
    0.0049589444,
    -0.001027417,
    -0.026480846,
    0.07834884,
    0.013720989,
    -0.029977378,
    0.048653167,
    -0.02479058,
    -0.025155146,
    0.006218359,
    0.024724294,
    0.057303358,
    0.017896943,
    -0.00034048726,
    0.03920756,
    0.11831867,
    -0.0354956,
    -0.0060733603,
    -0.04484178,
    0.03987041,
    -0.0071007777,
    -0.022454035,
    -0.019636923,
    0.121235214,
    0.00787134,
    0.013903272,
    0.0073244893,
    -0.04295266,
    -0.010423312,
    -0.06469413,
    -0.02533743,
    0.08040367,
    0.011003305,
    0.025271146,
    -0.041726388,
    -0.03262878,
    0.07105749,
    -0.04653205,
    -0.020747196,
    0.056474794,
    0.118451245,
    -0.048553742,
    0.017416377,
    -0.0017679444,
    0.109303914,
    -0.028784249,
    -0.09896346,
    0.07079235,
    -0.0056963647,
    0.031617932,
    -0.004685519,
    0.023481451,
    0.06466099,
    -0.0118981525,
    0.027408835,
    -0.0331922,
    -0.023282597,
    0.06661639,
    0.029364241,
    -0.02906596,
    -0.024011731,
    0.07954197,
    0.05266341,
    -0.045040637,
    -0.06068389,
    -0.040334404,
    -0.015502398,
    -0.032711633,
    -0.014176698,
    0.0025996137,
    0.033523623,
    0.050476003,
    0.0076352,
    0.008422334,
    0.018095797,
    0.068207234,
    -0.01958721,
    0.09094298,
    -0.004664805,
    -0.006785924,
    -0.062341016,
    -0.033225343,
    -0.013464135,
    -0.010771308,
    0.026083136,
    0.008480334,
    0.027856259,
    -0.096113205,
    0.04838803,
    -0.03973784,
