{
  "chunk_index": 249,
  "token_start": 112050,
  "token_end": 112550,
  "text": " thất nghiệp từ 10.000.000 đồng đến\ndưới 100.000.000 đồng hoặc gây thiệt hại từ 20.000.000 đồng đến dưới 200.000.000 đồng mà không thuộc trường hợp quy định tại một\ntrong các điều 174, 353 và 355 của Bộ luật này, thì bị phạt tiền từ 20.000.000 đồng đến 100.000.000 đồng, phạt cải tạo không giam giữ\nđến 02 năm hoặc phạt tù từ 03 tháng đến 02 năm:\n\na) Lập hồ sơ giả hoặc làm sai lệch nội dung hồ sơ bảo hiểm xã hội, hồ sơ bảo hiểm thất nghiệp lừa dối cơ quan bảo hiểm xã hội;\n\nb) Dùng hồ sơ giả hoặc hồ sơ đã bị làm sai lệch nội dung lừa dối cơ quan bảo hiểm xã hội hưởng các chế độ bảo hiểm xã hội, bảo\nhiểm thất nghiệp.\n\n2. Phạm tội thuộc một trong các trường hợp sau đây, thì bị phạt tiền từ 100.000.000 đồng đến 200.000.000 đồng hoặc phạt tù từ 01 năm\nđến 05 năm:\n\na) Có tổ chức;\n\nb) Có tính chất chuyên nghiệp;\n\nc) Chiếm đoạt tiền bảo hiểm xã hội, bảo hiểm thất nghiệp từ 100.000.000 đồng đến dưới 500.000.000 đồng;\n\nd) Gây",
  "embedding": [
    -0.00028587796,
    0.10957608,
    -0.021563368,
    -0.09308941,
    -0.0014011163,
    0.062327683,
    0.054184873,
    -0.006613939,
    0.025115374,
    -0.0066767693,
    -0.10314226,
    0.070168905,
    0.009122963,
    -0.042992696,
    0.04627663,
    -0.054654006,
    0.087057695,
    0.053079057,
    0.098853044,
    0.008540736,
    -0.006969977,
    0.059948508,
    0.2093674,
    -0.051336564,
    -0.003742593,
    0.06390263,
    -0.018664796,
    -0.019569552,
    0.07110717,
    -0.0641707,
    -0.10542091,
    0.07271563,
    -0.005122766,
    0.015054146,
    -0.004603368,
    -0.043193754,
    -0.02844957,
    0.006999298,
    -0.040278427,
    -0.0041049146,
    -0.04329428,
    0.09429575,
    0.060551677,
    -0.0017194565,
    0.09456383,
    -0.016185092,
    -0.04553942,
    0.028147986,
    0.009382661,
    -0.04081458,
    0.016469922,
    0.0146185225,
    0.06517599,
    -0.022602161,
    -0.0074558654,
    -0.11326213,
    0.02312156,
    -0.0006518646,
    -0.0015487676,
    0.11996403,
    0.02545047,
    -0.01615996,
    0.044534136,
    0.007832848,
    -0.01584162,
    -0.031699993,
    0.015523279,
    -0.093223445,
    0.010421457,
    -0.05093445,
    -0.040479485,
    -0.09784776,
    -0.023624202,
    0.03920612,
    0.01471905,
    -0.012666593,
    -0.04664523,
    -0.010563872,
    0.065075465,
    0.020273251,
    -0.043361302,
    -0.014015351,
    0.016687734,
    -0.031180596,
    0.033291694,
    0.07814417,
    0.0299575,
    -0.01698932,
    0.02129529,
    0.063299455,
    0.03186754,
    0.05988149,
    0.04610908,
    0.0064296364,
    -0.00053405773,
    -0.025014846,
    -0.030443387,
    -0.008628698,
    0.01337867,
    -0.014141012,
    0.005319634,
    -0.054151364,
    0.037028003,
    0.02136231,
    -0.025349941,
    -0.010614136,
    -0.019921402,
    -0.026690321,
    0.0066977125,
    -0.017064717,
    0.0038138006,
    0.00041546553,
    0.047617007,
    -0.028818175,
    -0.01663747,
    -0.0010052852,
    -0.034129433,
    0.014961994,
    0.011770214,
    0.015230071,
    -0.025266169,
    0.07372092,
    -0.0135210855,
    -0.011041382,
    -0.0066851466,
    -0.00018273153,
    -0.0322529,
    -0.019117173,
    -0.03726257,
    0.0062327683,
    -0.005994013,
    -0.02844957,
    -0.050431807,
    -0.01341218,
    -0.020574836,
    -0.048722822,
    0.02922029,
    -0.039105594,
    -0.025986623,
    -0.0042201034,
    -0.04138424,
    -0.006031711,
    0.022200048,
    -0.017542226,
    -0.024679752,
    -0.003621121,
    0.031599466,
    -0.030610934,
    -0.0031854974,
    -0.025919603,
    0.08739279,
    0.024210619,
    0.0067395996,
    0.053246606,
    -0.037162043,
    0.029756442,
    -0.05033128,
    0.0018116077,
    -0.024545714,
    0.01082357,
    0.026371982,
    0.024964582,
    -0.04215496,
    -0.043193754,
    -0.0015435317,
    0.016578829,
    0.02615417,
    0.045170814,
    0.019552797,
    -0.069029585,
    0.019569552,
    -0.02111099,
    -0.044065002,
    0.01459339,
    -0.005763635,
    -0.015950525,
    -0.046678744,
    -0.043629378,
    0.0048672557,
    0.006655826,
    0.00271427,
    0.070973136,
    0.062495228,
    -0.020424044,
    0.026975153,
    -0.032269653,
    0.0008178414,
    -0.007070506,
    0.0299575,
    0.0366594,
    -0.02171416,
    -0.041116163,
    0.0057971445,
    0.05093445,
    -0.02069212,
    -0.044534136,
    0.015464637,
    -0.048521765,
    0.107766576,
    -0.049895655,
    0.040546503,
    0.06179153,
    0.025668282,
    0.004094443,
    -0.025919603,
    7.7163495e-05,
    -0.008620321,
    0.043729905,
    0.0062704664,
    -0.012557687,
    0.052743964,
    -0.10320928,
    -0.016394526,
    -0.00980153,
    0.031448673,
    0.032973353,
    -0.014291804,
    -0.027829645,
    0.03950771,
    -0.0071417135,
    -0.006199259,
    -0.035553586,
    0.0024985527,
    -0.047449462,
    -0.007145902,
    -0.021580122,
    0.004083971,
    0.035754643,
    0.0606187,
    0.030326104,
    0.048588783,
    0.030259084,
    -0.043327793,
    -0.009374284,
    -0.020323515,
    -0.008523981,
    0.06936468,
    -0.014291804,
    0.04952705,
    0.03602272,
    0.11212281,
    -0.029103007,
    0.04064703,
    -0.0012890688,
    -0.0018283625,
    -0.040881597,
    -0.011108401,
    -0.026991908,
    0.042356018,
    -0.012892783,
    -0.05549174,
    -0.04339481,
    -0.039139103,
    0.006680958,
    0.08203127,
    0.007673677,
    0.015020636,
    -0.010136626,
    -0.020524573,
    0.062863834,
    0.051101997,
    -0.08357271,
    -0.023942543,
    0.005131143,
    0.011033005,
    -0.011342968,
    0.08880019,
    0.031850785,
    -0.020172723,
    -0.016327508,
    0.019904647,
    0.017709775,
    0.045740478,
    0.010287418,
    -0.028952213,
    0.058206014,
    0.028533345,
    -0.022501634,
    0.018312946,
    0.0040420843,
    -0.054620497,
    -0.041953903,
    0.08920231,
    0.014073993,
    0.010739797,
    0.012113687,
    0.12914564,
    0.043897454,
    0.0023163445,
    -0.082232326,
    0.0010141862,
    -0.10689533,
    0.017894076,
    -0.0074223555,
    -0.051101997,
    0.06688497,
    0.031666484,
    -0.029974254,
    0.04751648,
    0.027427532,
    -0.07459216,
    -0.0155735435,
    0.024344657,
    -0.017131735,
    0.008218206,
    0.00772813,
    0.022317331,
    -0.013831049,
    -0.07908244,
    0.016788263,
    -0.024495449,
    0.03138165,
    -0.020273251,
    -0.0130268205,
    -0.04429957,
    0.033291694,
    -0.019921402,
    -0.0058767297,
    -0.05482155,
    0.05911077,
    -0.024897564,
    0.07231352,
    -0.02478028,
    0.03141516,
    0.0014922202,
    0.00049007655,
    0.06715305,
    0.007175223,
    0.007979452,
    0.06370157,
    0.086722605,
    -0.008038092,
    0.015715959,
    0.047114365,
    -0.018044868,
    -0.013261387,
    -0.0035792342,
    0.01015338,
    -0.07358687,
    0.0014189181,
    -0.047885086,
    -0.013068708,
    0.0037928573,
    -0.04734893,
    -0.02551749,
    -0.044065002,
    0.035386037,
    -0.018061625,
    -0.04878984,
    0.055257175,
    -0.028315533,
    -0.062294174,
    -0.06685147,
    -0.02861712,
    -0.01931823,
    -0.003030516,
    -0.031297877,
    -0.015908638,
    0.07090612,
    0.08015474,
    -0.004649444,
    0.030175311,
    -0.04966109,
    0.005864164,
    0.010429834,
    0.0125660645,
    -0.04734893,
    0.0064547686,
    0.0027729117,
    -0.041652318,
    0.0077825827,
    -0.050599355,
    0.03796627,
    -0.043863945,
    0.055994384,
    0.0035980833,
    -0.08766087,
    0.0071123927,
    -0.011426741,
    -0.013671879,
    -0.00731345,
    0.12646487,
    0.0027226475,
    0.0065552974,
    -0.007254808,
    -0.04429957,
    0.031750258,
    -0.05033128,
    -0.0020608346,
    0.01829619,
    -0.0043771793,
    0.037798725,
    0.040144388,
    0.0020042874,
    0.010069607,
    -0.03176701,
    -0.03355977,
    0.030610934,
    0.05907726,
    0.033241432,
