{
  "chunk_index": 432,
  "token_start": 194400,
  "token_end": 194900,
  "text": " nước ngập hoặc trên đoạn đường có nguy cơ không bảo đảm an toàn giao\nthông;\n\fđ) Không có biện pháp xử lý kịp thời và biện pháp ngăn ngừa tai nạn khi phát hiện hoặc nhận được tin báo công trình giao thông thuộc\nthẩm quyền quản lý của mình bị hư hỏng;\n\ne) Không thực hiện hoặc thực hiện không đúng quy định về đặt tín hiệu phòng vệ khi thi công, sửa chữa công trình giao thông;\n\ng) Không thu dọn, thanh thải biển hiệu phòng vệ, rào chắn, phương tiện, vật liệu khi thi công xong;\n\nh) Vi phạm quy định khác về duy tu, sửa chữa, quản lý công trình giao thông.\n\n2. Phạm tội thuộc một trong các trường hợp sau đây, thì bị phạt tù từ 02 năm đến 07 năm:\n\na) Làm chết 02 người;\n\nb) Gây thương tích hoặc gây tổn hại cho sức khỏe của 02 người trở lên màtổng tỷ lệ tổn thương cơ thể của những người này từ 122%\nđến 200%;\n\nc) Gây thiệt hại về tài sản từ 500.000.000 đồng đến dưới 1.500.000.000 đồng.\n\n3. Phạm tội thuộc một trong các trường hợp sau đây, thì bị phạt tù từ 06 năm đến 15 năm:\n\na) Làm chết 03 người trở lên;\n\nb) Gây thương tích hoặc gây tổn hại",
  "embedding": [
    0.00030280382,
    -0.071896024,
    -0.098568134,
    -0.1315491,
    0.0025512625,
    0.042413034,
    0.03966462,
    0.026500337,
    0.04175716,
    -0.058091488,
    -0.12955026,
    0.03373054,
    0.0044310377,
    -0.047004133,
    -0.0011819353,
    -0.081078224,
    0.0939458,
    0.05006487,
    0.07476936,
    0.008214012,
    -0.015850231,
    0.1310494,
    -0.055218145,
    -0.08382664,
    -0.036354028,
    0.12805113,
    -0.049596388,
    -0.001853423,
    0.021175284,
    -0.0039274218,
    -0.1539112,
    0.026797041,
    -0.02434533,
    0.017161975,
    -0.005254781,
    0.009853691,
    0.04662935,
    0.0087605715,
    0.03260619,
    -0.036510188,
    -0.025875697,
    0.080890834,
    -0.008151547,
    0.00015847791,
    -0.019457525,
    -0.043568615,
    -0.00720678,
    0.017302519,
    -0.03482366,
    -0.048253413,
    0.008206204,
    0.015647223,
    0.08176533,
    -0.00765574,
    0.052657124,
    -0.11437152,
    0.07052182,
    -0.0083779795,
    0.0894484,
    0.054624736,
    -0.00691398,
    -0.023626994,
    0.012891001,
    -0.038165484,
    -0.020550644,
    -0.022002932,
    0.012344441,
    -0.023174131,
    0.02593816,
    -0.043568615,
    -0.07483183,
    -0.060402654,
    -0.048784357,
    0.074706905,
    0.053000674,
    -0.01114201,
    -0.01780223,
    0.027374832,
    0.013859192,
    -0.0066446043,
    -0.039133675,
    -0.01683404,
    0.01149337,
    0.034573805,
    -0.00403283,
    0.05987171,
    0.026422257,
    0.008253051,
    -0.055592928,
    -0.0005275277,
    0.014858616,
    -0.15441093,
    0.042912744,
    -0.01145433,
    0.016958967,
    0.021799924,
    -0.0227525,
    -0.020909812,
    0.036947437,
    0.003591678,
    0.014546296,
    -0.005602237,
    0.02048818,
    0.046379495,
    0.020129012,
    0.0026625264,
    -0.013054969,
    0.033917934,
    0.010962426,
    0.02108159,
    -0.015779959,
    0.03127883,
    -0.03127883,
    -0.006851516,
    0.008471675,
    0.010220666,
    0.005832573,
    -0.057560544,
    -0.0044505573,
    0.067023836,
    -0.009791226,
    0.046879206,
    -0.009955195,
    0.0061214687,
    0.062089182,
    -0.05434365,
    0.01850495,
    0.03738468,
    -0.043599848,
    -0.009080699,
    -0.02126898,
    0.014983543,
    -0.031622384,
    0.045036517,
    0.020613108,
    0.014757112,
    0.022768116,
    0.007183356,
    0.008253051,
    0.06514992,
    -0.02757784,
    -0.0058403807,
    0.031575534,
    0.044692967,
    -0.01499916,
    -0.057404384,
    0.0223621,
    0.02567269,
    0.0042553577,
    -0.027749617,
    0.029889008,
    0.029467376,
    -0.015209976,
    0.02582885,
    -0.02796824,
    0.026297329,
    0.017755382,
    0.019410677,
    -0.0043529575,
    -0.0047121253,
    0.0030607344,
    0.0292956,
    0.05621757,
    0.023580147,
    0.004157758,
    0.042256873,
    -0.014093433,
    0.044380646,
    -0.043349992,
    -0.025703922,
    0.01086873,
    -0.034448877,
    0.0045911013,
    0.008916731,
    0.0045520617,
    -0.008987003,
    -0.02796824,
    -0.07114646,
    0.009393019,
    -0.02298674,
    0.008885499,
    0.050002404,
    0.08801173,
    -0.036947437,
    -0.016037622,
    0.022971123,
    0.01378892,
    0.0032520301,
    0.0083077075,
    0.07433212,
    -0.005211837,
    0.005258685,
    -0.022783732,
    0.014015352,
    0.007554236,
    -0.026141169,
    -0.014897656,
    -0.022065395,
    0.095569864,
    0.010095739,
    0.035198443,
    -0.007452732,
    0.020769268,
    0.009799034,
    -0.023986163,
    -0.009986427,
    0.008346748,
    0.01468684,
    0.051407844,
    0.020253941,
    0.012266361,
    -0.026125554,
    -0.051189218,
    -0.0026000626,
    0.01709951,
    0.071896024,
    -0.02956107,
    -0.036197867,
    0.021331444,
    -0.027530992,
    -0.034136556,
    -0.0015264632,
    0.022611955,
    0.037572075,
    -0.030794734,
    0.0031349103,
    -0.010228475,
    0.012930041,
    0.007124796,
    0.009588218,
    0.04803479,
    0.010353402,
    -0.022424564,
    -0.026328562,
    -0.021550069,
    -0.017630454,
    0.04993994,
    0.009174394,
    0.0138123445,
    0.014967928,
    0.13617145,
    0.0007202876,
    0.008479483,
    0.008112508,
    0.005083005,
    -0.0013195513,
    -0.0023794866,
    -0.010408058,
    0.06508745,
    -0.01819263,
    -0.042475495,
    -0.038540266,
    -0.009650683,
    -0.019410677,
    -0.1194311,
    -0.029092591,
    0.021690613,
    -0.0033418222,
    -0.00806566,
    0.08601288,
    0.053156834,
    -0.09956756,
    0.025157362,
    -0.019223286,
    0.03366808,
    -0.0074800598,
    0.0655247,
    0.010892154,
    0.0031700463,
    -0.043287527,
    0.005305533,
    0.02575077,
    0.008846459,
    -0.0043178215,
    0.027780848,
    -0.015069432,
    0.007175548,
    -0.018895349,
    -0.05596771,
    0.021799924,
    -0.046098407,
    0.013445368,
    0.0038493418,
    -0.052063715,
    0.008877691,
    0.026156785,
    -0.0011428953,
    0.011805689,
    -0.008112508,
    -0.0034101421,
    0.019769846,
    0.062807515,
    -0.020425716,
    0.014444792,
    0.012328825,
    0.08282722,
    -0.017583607,
    0.011501177,
    0.0028343024,
    0.016068855,
    -0.017755382,
    -0.016646646,
    0.01047833,
    0.06896022,
    0.008495099,
    0.014616568,
    0.0027933104,
    0.0050634854,
    -0.09307131,
    -0.036166634,
    0.06255766,
    -0.02228402,
    0.039164905,
    -0.011360634,
    -0.045348838,
    -0.019254517,
    -0.021971699,
    0.078017496,
    -0.025891313,
    -0.04297521,
    -0.024642034,
    0.030013936,
    0.01628748,
    0.04662935,
    -0.06664905,
    0.020613108,
    0.057997793,
    0.0022428466,
    0.07976648,
    0.03957092,
    -0.009471099,
    -0.016053239,
    0.080890834,
    0.020144628,
    -0.021471988,
    -0.007507388,
    0.015842423,
    -0.0023287346,
    -0.01686527,
    -0.0056490847,
    -0.05846627,
    -0.043256298,
    0.09825582,
    0.030669807,
    0.047941092,
    -0.048440807,
    -0.00969753,
    0.024001779,
    -0.040726505,
    0.013921657,
    -0.063900635,
    -0.001809503,
    -0.0078118998,
    0.047222756,
    -0.01414028,
    -0.017240055,
    -0.005309437,
    0.01764607,
    0.089261,
    0.013913848,
    -0.0020222708,
    -0.04647319,
    0.0027757424,
    0.048003558,
    0.006468924,
    -0.013952889,
    -0.015092855,
    0.069397464,
    -0.05606141,
    -0.018145781,
    -0.020972276,
    0.032949742,
    0.06977225,
    -0.053968865,
    0.16740343,
    -0.027530992,
    0.045848552,
    0.013460984,
    -0.070709206,
    0.026359793,
    0.033761773,
    0.119181246,
    -0.008635643,
    0.039945707,
    -0.047535077,
    0.003581918,
    -0.08732463,
    -0.018130166,
    0.007359036,
    0.00324227,
    0.0026800944,
    -0.04488036,
    -0.015022583,
    -0.02645349,
