{
  "chunk_index": 202,
  "token_start": 90900,
  "token_end": 91400,
  "text": " đến 10 năm:\n\na) Có tổ chức;\n\nb) Có tính chất chuyên nghiệp;\n\nc) Lợi dụng chức vụ, quyền hạn;\n\nd) Lợi dụng danh nghĩa cơ quan, tổ chức;\n\nđ) Hàng giả tương đương với số lượng của hàng thật hoặc hàng hóa có cùng tính năng kỹ thuật, công dụng trị giá từ 150.000.000 đồng\nđến dưới 500.000.000 đồng;\n\ne) Thu lợi bất chính từ 100.000.000 đồng đến dưới 500.000.000 đồng;\n\ng) Làm chết người;\n\nh) Gây thương tích hoặc gây tổn hại cho sức khỏe của người khác mà tỷ lệ tổn thương cơ thể 61% trở lên;\n\ni) Gây thương tích hoặc gây tổn hại cho sức khỏe của 02 người trở lên mà tổng tỷ lệ tổn thương cơ thể của những người này từ 61%\nđến 121%;\n\nk) Gây thiệt hại về tài sản từ 500.000.000 đồng đến dưới 1.500.000.000 đồng;\n\nl) Buôn bán qua biên giới;\n\nm) Tái phạm nguy hiểm.\n\n3.133 Phạm tội thuộc một trong các trường hợp sau đây, thì bị phạt tù từ 07 năm đến 15 năm:\n\na) Hàng giả tương đương với số lượng của hàng thật hoặc hàng hóa có cùng tính năng kỹ thuật, công dụng trị giá 500.000.000 đồng trở\nlên;\n\nb) Thu lợi bất",
  "embedding": [
    -0.0006680048,
    -0.024644725,
    -0.075560786,
    -0.12914695,
    -0.0022289203,
    0.046128295,
    0.059448108,
    0.022496367,
    0.01015866,
    0.050946753,
    -0.12399089,
    0.009943824,
    -0.0049220393,
    -0.03722796,
    -0.13737209,
    -0.14289643,
    0.047969744,
    -0.06776532,
    0.09072205,
    0.0033625625,
    -0.01878278,
    0.09465048,
    0.09250212,
    -0.054384124,
    -0.039376315,
    0.04183158,
    -0.0238928,
    0.023969527,
    0.08194447,
    -0.008708519,
    0.01941194,
    0.0030556542,
    -0.05386238,
    0.0034987528,
    0.0009552516,
    0.008992408,
    0.05456827,
    0.0048031127,
    -0.027391553,
    -0.047939055,
    -0.0023133203,
    0.008363247,
    0.013273777,
    0.03464993,
    0.051683333,
    -0.021913242,
    -0.013611376,
    0.011516728,
    -0.059908472,
    0.007941249,
    0.0124758165,
    0.030276489,
    0.05410791,
    -0.027851915,
    0.030092344,
    -0.0685019,
    0.041095,
    0.0060230726,
    -0.03584687,
    0.06641492,
    0.015360753,
    -0.026808428,
    0.06141232,
    -0.055458304,
    -0.014278902,
    -0.062271662,
    0.0066100345,
    0.0030498998,
    0.016327513,
    -0.07488559,
    -0.08740744,
    -0.0782002,
    -0.053340636,
    0.036614142,
    0.12779656,
    -0.030276489,
    -0.02676239,
    -0.0037461976,
    0.05717699,
    0.0033069353,
    0.035202365,
    -0.015168935,
    0.004546077,
    -0.067642555,
    0.01881347,
    0.02930973,
    -0.0022557748,
    0.025580794,
    -0.033084698,
    0.043212667,
    0.039284244,
    0.058005642,
    0.037412103,
    -0.037964538,
    0.0014683637,
    0.026685664,
    -0.024567997,
    0.011639492,
    -0.02466007,
    -0.012368399,
    -0.014064066,
    -0.038332827,
    0.034404404,
    0.020240592,
    -0.027913297,
    0.023140874,
    -0.021345463,
    -0.007085742,
    0.029616637,
    -0.0060652723,
    0.018767433,
    -0.017463073,
    -0.019519359,
    -0.078445725,
    0.011248183,
    0.044378918,
    -0.02145288,
    -0.07562217,
    -0.02596443,
    -0.07077302,
    -0.01072644,
    0.04827665,
    -0.019611431,
    0.040910855,
    0.034557857,
    -0.04413339,
    -0.011769927,
    -0.009667607,
    -0.10674266,
    -0.016849257,
    -0.026133228,
    -0.040603947,
    -0.030046308,
    -0.008892664,
    -0.02545803,
    -0.013388868,
    0.03167292,
    0.0238928,
    -0.0327471,
    0.020087138,
    -0.025504068,
    -0.016511658,
    0.04370372,
    -0.0028830185,
    -0.042199872,
    -0.048245963,
    0.049043924,
    0.040511876,
    0.012659961,
    -0.012636943,
    0.047662836,
    -0.028695911,
    -0.008908009,
    -0.0057737096,
    -0.018261034,
    0.022511713,
    -0.003163072,
    0.05423067,
    -0.0039245877,
    -0.0057084914,
    0.0042775325,
    0.013703449,
    -0.07869125,
    -0.06972953,
    -0.04818458,
    0.0153377345,
    0.030460633,
    0.01827638,
    -0.049412213,
    0.011447674,
    0.002069712,
    0.019718848,
    -0.011332584,
    -0.0052059293,
    0.006932288,
    -0.02866522,
    -0.029079547,
    -0.08765297,
    -0.00865481,
    -0.052511986,
    -0.023601238,
    0.054015834,
    0.1025687,
    -0.004776258,
    -0.04361165,
    -0.0060000545,
    -0.03030718,
    0.032624338,
    0.050332937,
    0.020869754,
    -0.006659907,
    0.011908037,
    -0.033759896,
    0.016634421,
    -0.0040243333,
    0.00658318,
    -0.0033644806,
    0.020854408,
    0.14596552,
    -0.019058997,
    -0.00022130954,
    0.024890251,
    0.059018437,
    -0.014048721,
    -0.016634421,
    -0.027652424,
    0.00084639515,
    0.032440193,
    0.015168935,
    -0.013879921,
    0.034128185,
    -0.04471652,
    -0.008378592,
    -0.032440193,
    -0.012214945,
    0.044685826,
    0.0021637024,
    -0.025519412,
    0.012299344,
    -0.028389003,
    -0.0049220393,
    -0.047724217,
    -0.01747842,
    0.010634367,
    -0.0117085455,
    0.023309674,
    -0.005585728,
    -0.00024300891,
    -0.0010971966,
    0.037811086,
    0.012061491,
    0.00179829,
    -0.045361023,
    -0.0030345544,
    0.020056447,
    0.003205272,
    0.020440083,
    0.006379853,
    0.026286684,
    0.05453758,
    0.108645484,
    -0.007465541,
    -0.035294436,
    -0.020378701,
    0.002386211,
    -0.031120487,
    0.022803275,
    -0.054445505,
    0.003326117,
    -0.022680512,
    -0.030890305,
    -0.024874905,
    0.031550158,
    -0.019642122,
    0.022235496,
    0.019534703,
    -0.024936287,
    -0.077402234,
    -0.00828652,
    0.027483625,
    0.049841885,
    -0.101218306,
    0.0025492557,
    -0.061228175,
    0.046435203,
    0.063652754,
    0.037473485,
    0.013020578,
    0.027360862,
    0.0117776,
    0.048000436,
    -0.014823664,
    0.04732524,
    0.039591152,
    0.027314825,
    0.011685528,
    0.014033375,
    -0.019058997,
    -0.0025339103,
    0.016066642,
    -0.02676239,
    -0.028312277,
    -0.007806976,
    0.008416956,
    -0.057575967,
    0.044164084,
    0.09379113,
    -0.0022097386,
    -0.01506919,
    -0.03087496,
    0.0033951714,
    -0.009376044,
    -0.011286547,
    0.01112542,
    0.0324095,
    0.08372454,
    0.019672813,
    0.03584687,
    -0.014463047,
    0.010051242,
    0.0012439371,
    -0.030184416,
    -0.036337923,
    0.039038718,
    -0.036337923,
    0.0076036495,
    -0.02726879,
    0.017018057,
    -0.09078343,
    -0.045453098,
    0.006736634,
    0.015928533,
    -0.008984736,
    0.027560351,
    -0.019120378,
    0.028158823,
    0.01137862,
    0.029094893,
    -0.060921267,
    0.008992408,
    -0.0033107717,
    0.05002603,
    -0.08366316,
    0.02241964,
    -0.07022058,
    0.05048639,
    0.080839604,
    -0.008838954,
    -0.008439974,
    0.06733565,
    0.021437535,
    -0.010918258,
    0.024015563,
    -0.007948921,
    0.0053363657,
    -0.005232784,
    -0.028573148,
    0.04330474,
    -0.03391335,
    0.01901296,
    -0.05911051,
    -0.0568087,
    -0.029816126,
    -0.06438933,
    0.019457977,
    -0.015460498,
    0.037013125,
    -0.006376017,
    0.07961197,
    0.026793081,
    0.022005314,
    -0.021391498,
    0.050210174,
    -0.017570492,
    0.036460686,
    -0.014240538,
    -0.017938782,
    0.039867368,
    0.09876304,
    -0.10398048,
    -0.00536322,
    -0.0076611945,
    0.03989806,
    -0.0036713888,
    -0.024675416,
    -0.010434877,
    -0.029432492,
    0.03882388,
    -0.03879319,
    -0.06371413,
    -0.053708926,
    -0.02653221,
    0.03388266,
    -0.058496695,
    0.08200586,
    0.013434905,
    -0.011064039,
    0.09532567,
    -0.029954236,
    -0.0055013285,
    0.016588386,
    0.031319976,
    -0.041647434,
    0.031013068,
    -0.0177086,
    0.012982215,
    0.0009221631,
    0.00051311206,
    0.0527882,
    0.034066804,
    0.0024571833,
    0.061719228,
    -0.033974733,
    -0.0030345544,
    -0.028419694,
