{
  "chunk_index": 627,
  "token_start": 282150,
  "token_end": 282650,
  "text": " này được sửa đổi, bổ sung theo quy định tại khoản 24 Điều1 của Luật số 12/2017/QH14 sửa đổi, bổ sung một số điều của\nBộ luật Hình sự số 100/2015/QH13, có hiệu lực kể từ ngày 01 tháng 01 năm 2018.\n\n54 Khoản này được sửa đổi, bổ sung theo quy định tại khoản 24 Điều 1 của Luật số 12/2017/QH14 sửa đổi, bổ sung một số điều của\nBộ luật Hình sự số 100/2015/QH13, có hiệu lực kể từ ngày 01 tháng 01 năm 2018.\n\n55 Khoản này được sửa đổi, bổ sung theo quy định tại khoản 25 Điều 1 của Luật số 12/2017/QH14 sửa đổi, bổ sung một số điều của\nBộ luật Hình sự số 100/2015/QH13, có hiệu lực kể từ ngày 01 tháng 01 năm 2018.\n\n56 Khoản này được sửa đổi, bổ sung theo quy định tại khoản 25 Điều 1 của Luật số 12/2017/QH14 sửa đổi, bổ sung một số điều của\nBộ luật Hình sự số 100/2015/QH13, có hiệu lực kể từ ngày 01 tháng 01 năm 2018.\n\n57 Khoản này được sửa đổi, bổ sung theo quy định tại khoản 26 Điều 1 của Luật số 12/2017/QH14 sửa đổi, bổ sung một số điều của\nBộ luật Hình sự số 100/2015/QH13, có hiệu lực kể từ ngày 01 tháng 01 n",
  "embedding": [
    0.00010589053,
    -0.04585936,
    -0.05900571,
    -0.027124962,
    0.0023311842,
    -0.00095911877,
    -0.01943078,
    -0.004265345,
    0.02962175,
    0.068211555,
    -0.065222204,
    -0.016704697,
    0.0029957201,
    -0.0027897777,
    -0.12528098,
    -0.1717518,
    0.04219061,
    0.0069893063,
    0.04599524,
    0.011889463,
    -0.0026369132,
    0.051600274,
    0.05652591,
    -0.006670838,
    -0.041171513,
    0.058632042,
    -0.0062079984,
    0.03130326,
    0.008275916,
    0.024169581,
    -0.03651764,
    -0.0029405192,
    0.0592435,
    -0.049562078,
    0.002420355,
    -0.00021071952,
    0.06957035,
    -0.006704808,
    0.012441475,
    -0.012713234,
    0.008755741,
    -0.019515706,
    -0.060398474,
    -0.01637349,
    0.05214379,
    0.038419954,
    -0.0071209394,
    0.06675085,
    -0.04881474,
    0.01637349,
    0.010097552,
    0.044738352,
    -0.09076756,
    -0.020076208,
    -0.040933724,
    -0.18085572,
    0.012917053,
    0.014122984,
    0.008534936,
    0.050581176,
    -0.002526511,
    0.014674995,
    0.012161223,
    -0.03916729,
    -0.014275849,
    -0.01915902,
    0.07520935,
    -0.047014337,
    0.020653697,
    -0.03522678,
    -0.099124156,
    0.069774166,
    -0.023829883,
    -0.010173984,
    0.086827055,
    -0.027651496,
    -0.033256527,
    0.025137722,
    0.037978344,
    -0.025086768,
    0.047048308,
    -0.10136617,
    -0.0028895643,
    -0.033392407,
    -0.0001212168,
    0.033749092,
    0.03655161,
    0.010411773,
    -0.037876435,
    -0.01946475,
    0.01966857,
    -0.032237433,
    0.0795575,
    0.012305595,
    0.00069479056,
    -0.018683443,
    -0.014258864,
    -0.039031412,
    -0.000120287936,
    -0.021570884,
    0.023575108,
    -0.017579421,
    0.0012791789,
    0.00801265,
    -0.029383961,
    -0.027855314,
    -0.01853058,
    0.008216469,
    0.02145199,
    0.0066580996,
    0.015388363,
    0.029163156,
    0.028025165,
    -0.071404725,
    -0.01571957,
    -0.014530623,
    0.141043,
    0.02275983,
    -0.0022844756,
    0.056593847,
    -0.013307706,
    0.040220357,
    0.03181281,
    0.020364953,
    0.033018738,
    -0.08703087,
    -0.016900023,
    0.02985954,
    -0.10537462,
    0.014216402,
    -0.0026581443,
    0.012178208,
    0.049528107,
    0.0029829815,
    -0.017316155,
    -0.037740555,
    -0.01685756,
    0.018547563,
    -0.032016627,
    0.011133634,
    -0.030844666,
    -0.0041676816,
    0.0013418109,
    0.0038385983,
    -0.04959605,
    -0.053366706,
    0.0067090546,
    0.06124772,
    0.017120827,
    0.0018131433,
    0.021893598,
    -0.020415908,
    -0.01909108,
    -0.0034840375,
    -0.025528377,
    -0.05975305,
    0.024288476,
    -0.060806114,
    -0.02763451,
    0.01960063,
    -0.012874591,
    -0.023863852,
    -0.02242013,
    0.031931702,
    0.017112335,
    0.036347788,
    -0.04898459,
    -0.014955247,
    -0.033426378,
    -0.044704385,
    0.028772501,
    -0.0424284,
    -0.021299126,
    0.023320334,
    -0.039540958,
    -0.020195104,
    0.012874591,
    -0.006768502,
    0.0019787464,
    -0.07629639,
    -0.035056934,
    -0.03971081,
    0.008174006,
    -0.020517817,
    -0.031710897,
    0.020551788,
    0.008849158,
    0.0015509381,
    0.021044351,
    0.028585669,
    -0.092534,
    -0.03899744,
    0.009596496,
    0.029570796,
    -0.05615224,
    0.0063523706,
    -0.021502944,
    0.040729906,
    0.014190924,
    -0.0017982813,
    0.01225464,
    0.0032292632,
    0.08227509,
    -0.0046114135,
    0.007881016,
    -0.025494408,
    -0.037264977,
    -0.01774927,
    0.018445654,
    -0.025392497,
    0.011294991,
    -0.06807567,
    -0.0715406,
    -0.046640668,
    0.014182432,
    0.04613112,
    -0.0322714,
    -0.019838419,
    0.021927567,
    0.04246237,
    -0.025222648,
    -0.014326803,
    -0.045451723,
    0.064678684,
    -0.023048574,
    0.03526075,
    -0.001059967,
    0.02461119,
    0.047795646,
    0.014632533,
    0.109518945,
    -0.014394743,
    -0.05937938,
    -0.003205909,
    0.010759965,
    -0.023422243,
    -0.02632667,
    0.03240728,
    -0.03191472,
    0.07942162,
    -0.015294946,
    -0.014369266,
    0.044670414,
    0.010267401,
    -0.020585757,
    -0.0034988993,
    -0.0046368907,
    -0.0056474954,
    0.007931971,
    0.0008370395,
    -0.09416455,
    0.003547731,
    -0.008823681,
    -0.0057281735,
    -0.019243946,
    -0.007507347,
    0.014912784,
    -0.009052977,
    -0.0002449548,
    0.021842644,
    0.0019967929,
    -0.053536557,
    -0.037570704,
    0.009885239,
    0.06586763,
    -0.0434475,
    0.06287828,
    0.0306918,
    -0.014403236,
    0.007953202,
    -0.0072143567,
    -0.07065739,
    0.006114581,
    0.03930317,
    0.1471576,
    0.0231335,
    -0.010624085,
    0.028347878,
    0.033409394,
    -0.025511391,
    -0.016619772,
    -0.036755428,
    0.049528107,
    0.008917098,
    0.05601636,
    0.0046538757,
    0.035328694,
    -0.003388497,
    -0.012365042,
    -0.018292788,
    0.016364997,
    -0.073510855,
    0.021197215,
    -0.0043056845,
    -0.08893319,
    0.09212636,
    0.047625795,
    -0.014564593,
    0.023948777,
    0.020229073,
    0.059820987,
    0.015125097,
    -0.00036331866,
    0.05204188,
    -0.042870007,
    -0.026207775,
    0.013808763,
    0.002220782,
    -0.016704697,
    0.08288655,
    -0.020161133,
    -0.028806472,
    0.05241555,
    -0.045179963,
    -0.013672884,
    0.0025923278,
    0.04871283,
    0.04317574,
    0.025919031,
    0.008925591,
    0.03600809,
    0.112440355,
    -0.054419775,
    0.008874635,
    -0.050479267,
    0.03522678,
    -0.019074097,
    -0.016415952,
    -0.042360462,
    0.12806651,
    -0.0046538757,
    0.0014543362,
    -0.0020774715,
    -0.041409303,
    -0.016781129,
    -0.057850733,
    -0.03113341,
    0.07914986,
    0.00017024757,
    0.02948587,
    -0.037502766,
    -0.024933904,
    0.066784814,
    -0.052891128,
    -0.040831815,
    0.04303986,
    0.080712475,
    -0.041545182,
    0.01736711,
    0.01640746,
    0.10000738,
    -0.038250104,
    -0.08118805,
    0.076432265,
    -0.008399057,
    0.048203282,
    -0.0033948666,
    0.018309774,
    0.040288296,
    -0.029316021,
    0.04001654,
    -0.040967695,
    -0.03181281,
    0.054521684,
    0.024220536,
    -0.017086858,
    -0.032560147,
    0.07683991,
    0.043549407,
    -0.041579153,
    -0.03332447,
    -0.04602921,
    0.00045700127,
    -0.051192634,
    -0.0036836106,
    0.022403147,
    0.01846264,
    0.047693733,
    0.019651584,
    -0.017443541,
    0.032729995,
    0.07520935,
    -0.023082545,
    0.08723469,
    -0.011447855,
    -0.020059224,
    -0.06342179,
    -0.044636443,
    -0.03075974,
    0.0028364863,
    0.0121527305,
    -0.028195014,
    0.009324737,
    -0.10680135,
    0.055031233,
