{
  "chunk_index": 667,
  "token_start": 300150,
  "token_end": 300650,
  "text": "y chuẩn” được thay thế bằng từ “Quy chuẩn” theo quy định tại điểm m khoản 2 Điều 2 của Luật số 12/2017/QH14 sửa đổi, bổ\nsung một số điều của Bộ luật Hình sự số 100/2015/QH13, có hiệu lực kể từ ngày 01 tháng 01 năm 2018.\n\n207 Khoản này được sửa đổi, bổ sung theo quy định tại điểm a khoản 59 Điều 1 của Luật số 12/2017/QH14 sửa đổi, bổ sung một số\nđiều của Bộ luật Hình sự số 100/2015/QH13, có hiệu lực kể từ ngày 01 tháng 01 năm 2018.\n\n208 Khoản này được sửa đổi, bổ sung theo quy định tại điểm a khoản 59 Điều 1 của Luật số 12/2017/QH14 sửa đổi, bổ sung một số\nđiều của Bộ luật Hình sự số 100/2015/QH13, có hiệu lực kể từ ngày 01 tháng 01 năm 2018.\n\n209 Khoản này được sửa đổi, bổ sung theo quy định tại điểm a khoản 59 Điều 1 của Luật số 12/2017/QH14 sửa đổi, bổ sung một số\nđiều của Bộ luật Hình sự số 100/2015/QH13, có hiệu lực kể từ ngày 01 tháng 01 năm 2018.\n\n210 Điểm này được sửa đổi, bổ sung theo quy định tại điểm b khoản 59 Điều 1 của Luật số 12/2017/QH14 sửa đổi, bổ sung một số điều\ncủa Bộ lu",
  "embedding": [
    -9.5942625e-05,
    -0.038594104,
    -0.054245457,
    -0.023539888,
    0.001058745,
    -0.004270337,
    0.0077706776,
    -0.031396993,
    0.011164947,
    0.107548065,
    -0.054434028,
    0.0028521293,
    -0.0014869572,
    -0.0038794458,
    -0.09931382,
    -0.2295532,
    0.073165365,
    -0.0031448065,
    0.011251375,
    0.004128909,
    -0.0019740977,
    0.032072704,
    0.11238804,
    0.008265675,
    -0.085988164,
    0.048022628,
    -0.015187785,
    0.012186371,
    0.0130427955,
    0.008807816,
    -0.025582736,
    -0.0069456813,
    0.034162696,
    -0.01902991,
    -0.00021177356,
    -0.0017757058,
    0.03428841,
    -0.010834949,
    0,
    -0.02619559,
    0.0057003302,
    -0.035922688,
    -0.013427794,
    -0.0008308889,
    0.020915614,
    0.08410246,
    -0.008202818,
    0.032104135,
    -0.062636845,
    0.034508407,
    0.012720654,
    0.029574146,
    -0.031616993,
    -0.03175842,
    -0.008854958,
    -0.13790792,
    0.046922635,
    0.009019957,
    0.017254204,
    0.01954848,
    -0.011879943,
    0.0037596251,
    -0.01433136,
    -0.09617097,
    -0.00694961,
    -0.032622702,
    0.045351215,
    -0.025818449,
    0.026557017,
    -0.031224137,
    -0.098559536,
    0.09145671,
    -0.059462577,
    -0.027295586,
    0.07687392,
    -0.0179142,
    -0.038531248,
    0.0020664188,
    -0.002196061,
    -0.043591224,
    0.032999843,
    -0.07970248,
    -0.005963543,
    -0.08051962,
    0.024797026,
    0.04101409,
    0.047645487,
    -0.0032606989,
    -0.023414174,
    -0.032968417,
    0.038562674,
    -0.00024099216,
    0.023178462,
    0.048965484,
    0.0091063855,
    -0.004001231,
    -0.016594207,
    -0.02342989,
    -0.012987795,
    -0.0179142,
    0.0011608873,
    -0.00947567,
    -0.041076947,
    -0.018967053,
    -0.011204232,
    -0.02638416,
    -0.014480646,
    0.0028383795,
    0.0045964066,
    0.011078519,
    0.009326384,
    0.0014064219,
    0.037085537,
    -0.08303389,
    0.0012964224,
    -0.017694201,
    0.13350794,
    0.030752711,
    -0.0021273114,
    0.09692526,
    -0.025991306,
    0.04695406,
    0.011659944,
    0.018464198,
    0.041799802,
    -0.03639411,
    -0.012445656,
    0.03507412,
    -0.10069667,
    0.0364884,
    0.0027067729,
    0.016735636,
    0.040794093,
    -0.002785344,
    -0.006034257,
    -0.0011353517,
    -0.0005278993,
    0.032811273,
    -0.017568488,
    0.062008277,
    -0.03325127,
    0.019045625,
    -0.003545519,
    0.025205595,
    -0.02201561,
    -0.030124143,
    0.047551204,
    0.0817139,
    0.00023473104,
    -0.011542088,
    0.025268452,
    -0.014402075,
    -0.019689906,
    -0.01693992,
    -0.0018316878,
    -0.030595569,
    0.013207794,
    -0.018307056,
    -0.036111258,
    0.023744173,
    -0.012767796,
    -0.0006133453,
    0.009695669,
    -0.018542768,
    0.034382693,
    0.038405534,
    -0.050914045,
    0.028175581,
    -0.053302605,
    -0.05220261,
    0.05336546,
    -0.057231158,
    -0.032622702,
    0.034728408,
    -0.025048453,
    -0.0037242682,
    0.0108270915,
    -0.03205699,
    -0.03739982,
    -0.011824944,
    0.0037989106,
    0.009389241,
    0.037336964,
    -0.033188414,
    -0.037965536,
    0.04937405,
    0.012697083,
    0.029904144,
    0.007774606,
    0.008839244,
    -0.09038814,
    -0.044911217,
    0.0010950841,
    0.042459797,
    -0.048965484,
    0.008407103,
    -0.060059715,
    0.0270913,
    0.09749097,
    0.019517051,
    0.023194175,
    0.0037635537,
    0.039788384,
    -0.007703892,
    -0.016437065,
    0.0028757006,
    -0.0012168692,
    -0.0114792315,
    -0.0015321356,
    -0.037116967,
    0.030171286,
    -0.050316904,
    -0.048871197,
    -0.018008485,
    0.0060106856,
    0.030642712,
    -0.0364884,
    -0.007774606,
    0.02223561,
    0.006140328,
    0.017757058,
    0.0014761537,
    -0.055502594,
    0.05455974,
    -0.027248442,
    0.02969986,
    0.010497093,
    0.026745588,
    0.0048989053,
    0.0067531825,
    0.063799694,
    -0.035576973,
    -0.044942643,
    -0.011015662,
    0.017772773,
    -0.0012129407,
    -0.015604212,
    0.010897806,
    -0.0066706827,
    0.112702325,
    -0.03205699,
    0.0034649835,
    0.020852758,
    0.01772563,
    -0.017694201,
    -0.003510162,
    0.0032646274,
    0.00021226463,
    0.016672779,
    -0.0024121315,
    -0.06351684,
    -0.00817139,
    0.027248442,
    -0.0019721335,
    -0.032842703,
    -0.010229952,
    0.015832068,
    -0.10176523,
    0,
    -0.03639411,
    0.0090278145,
    -0.0012915117,
    -0.033502698,
    -0.008273533,
    0.0973024,
    -0.051511183,
    0.017489918,
    0.015439212,
    0.0005067833,
    0.0006722736,
    -0.009734954,
    -0.0571683,
    0.019501336,
    0.019061338,
    0.1271594,
    -0.007853177,
    0.0057160445,
    0.037305538,
    0.0010155309,
    0.016657064,
    0.0007935677,
    -0.044879787,
    -0.05902258,
    0.0021115972,
    0.097176686,
    -0.041894086,
    0.03585983,
    0.019359909,
    -0.013930649,
    0.0095620975,
    0.0073738936,
    -0.09755383,
    0.040542666,
    0.024309885,
    -0.060688283,
    0.058205437,
    0.01843277,
    -0.002693023,
    -0.004337122,
    -0.0149599295,
    0.028599864,
    0.021371327,
    -0.013066366,
    0.07467393,
    -0.025331309,
    -0.028144153,
    -0.004788906,
    0.016657064,
    -0.03444555,
    0.08416531,
    -0.028961292,
    0.0031251637,
    0.03529412,
    -0.042836938,
    -0.02899272,
    -0.01169923,
    -0.012249228,
    0.06141114,
    0.0061835423,
    0.05537688,
    0.043402653,
    0.11760516,
    -0.07228537,
    -0.0060381857,
    -0.030297,
    0.04167409,
    0.023854172,
    -0.01319208,
    -0.049971193,
    0.11791944,
    -0.022439893,
    0.00037075716,
    -0.007723535,
    -0.031821277,
    -0.008784244,
    -0.025614165,
    -0.046734065,
    0.09403384,
    0.0008024069,
    0.019124195,
    -0.038122676,
    -0.033974126,
    0.078822486,
    -0.061002567,
    -0.041925516,
    0.007012467,
    0.052831177,
    -0.03601697,
    0.060719714,
    -0.02182704,
    0.08517102,
    -0.040888377,
    -0.054716885,
    0.031255566,
    0.021371327,
    0.06295113,
    -0.03037557,
    0.004867477,
    0.026368447,
    -0.052265465,
    0.0142292185,
    -0.008352104,
    0.00800639,
    0.075302504,
    -0.018039914,
    -0.018574197,
    -0.028977005,
    0.08655388,
    0.037839822,
    -0.03252842,
    -0.011117805,
    -0.03545126,
    0.033565555,
    -0.0362684,
    -0.05503117,
    0.015604212,
    -0.008611388,
    0.076999635,
    0.00017076929,
    0.01319208,
    0.05361689,
    0.08938243,
    -0.015486355,
    0.08366246,
    -0.027751297,
    0.02369703,
    -0.06398827,
    -0.084605314,
    -0.04817977,
    -0.013836363,
    -0.0054017603,
    0.019265624,
    0.002863915,
    -0.07725106,
    0.055062596,
