{
  "chunk_index": 586,
  "token_start": 263700,
  "token_end": 264200,
  "text": "ữ, sử dụng thiết bị thông tin liên lạc cá nhân hoặc phương tiện ghi âm, ghi hình trong cơ sở\ngiam giữ.\n\n2. Phạm tội thuộc một trong các trường hợp sau đây, thì bị phạt tù từ 02 năm đến 07 năm:\n\na) Có tổ chức;\n\nb) Lợi dụng chức vụ, quyền hạn;\n\nc) Dùng thủ đoạn tinh vi, xảo quyệt;\n\nd) Tái phạm nguy hiểm.\n\n3. Người phạm tội còn có thể bị cấm cư trú từ 01 năm đến 03 năm, cấm đảm nhiệm chức vụ từ 01 năm đến 03 năm.\n\nĐiều 389. Tội che giấu tội phạm\n\n1.399 Người nào không hứa hẹn trước mà che giấu một trong các tội phạm quy định tại các điều sau đây của Bộ luật này, nếu không\nthuộc trường hợp quy định tại khoản 2 Điều 18 của Bộ luật này, thì bị phạt cải tạo không giam giữ đến 03 năm hoặc phạt tù từ 06 tháng\nđến 05 năm:\n\na) Các điều 108, 109, 110, 111, 1 12, 113, 1 14, 115, 116, 117, 118, 119, 120 và 121;\n\nb) Điều 123, các khoản 2, 3 và 4 Điều 141, Điều 142, Điều 144, khoản 2 và khoản 3 Điều 146, các khoản 1, 2 và 3 Đ",
  "embedding": [
    -0.00020802932,
    -0.08559149,
    -0.083933234,
    -0.16888693,
    -0.0003076841,
    0.022944514,
    0.011544008,
    -0.0727719,
    0.027648218,
    0.048057515,
    -0.048121292,
    -0.0013473325,
    0.0013463359,
    0.0018266719,
    -0.09050247,
    -0.07391992,
    0.07289945,
    0.0178103,
    0.10702125,
    0.011743317,
    -0.01325807,
    -0.020409297,
    0.14452332,
    -0.02410848,
    -0.06677666,
    0.17309634,
    -0.027472826,
    -0.03887333,
    0.080361605,
    -0.028286008,
    -0.019277219,
    -0.076789975,
    -0.028987579,
    0.04158394,
    -0.0059194933,
    -0.033962343,
    0.055009432,
    0.012947148,
    -0.0029318433,
    -0.021700822,
    -0.077938,
    0.011089583,
    0.03136335,
    0.013250098,
    0.049141757,
    0.061483003,
    0.0040718936,
    0.08916311,
    -0.07283568,
    0.008378973,
    0.014230701,
    0.04585714,
    -0.013640745,
    0.0065732286,
    0.07666242,
    -0.079660036,
    0.037406415,
    -0.014166921,
    0.014836602,
    0.038777664,
    0.025750792,
    0.05303228,
    0.020425241,
    -0.04362487,
    -0.026484251,
    -0.043305974,
    -0.010762715,
    -0.10147247,
    0.012173826,
    -0.029338364,
    -0.09362765,
    -0.050130334,
    -0.047164608,
    0.055679113,
    0.022482116,
    -0.01596868,
    -0.037119407,
    -0.006836317,
    0.07487661,
    0.016191907,
    0.020664413,
    0.044039436,
    -0.022785066,
    -0.010172758,
    0.023056127,
    0.13738008,
    0.0026807133,
    0.019404776,
    -0.04713272,
    0.0028122575,
    0.0073465495,
    0.02186027,
    0.043274086,
    -0.09853864,
    0.020680357,
    0.020026622,
    -0.010499626,
    0.01161576,
    -0.02551162,
    0.009359576,
    -0.015163469,
    -0.015777342,
    0.10121735,
    0.019883119,
    -0.018033527,
    -0.014876463,
    -0.013146457,
    0.060303092,
    0.019532334,
    0.012516638,
    0.0055487775,
    0.0015197352,
    -0.029162971,
    -0.05912318,
    0.03769342,
    0.03444069,
    0.025942128,
    -0.036672954,
    -0.030741502,
    -0.0022302738,
    -0.017858135,
    0.028509235,
    -0.0038984944,
    -0.01211802,
    0.027313378,
    -0.10121735,
    -0.03297377,
    -0.02651614,
    -0.05309606,
    0.012556501,
    -0.040531587,
    -0.06805225,
    -0.05988853,
    -0.0037390469,
    -0.037374523,
    -0.017108731,
    0.016096238,
    0.016518774,
    -0.036864292,
    0.037278853,
    -0.031219846,
    0.009144321,
    0.018719152,
    -0.030247215,
    -0.02728149,
    -0.028620848,
    0.012078158,
    0.014892409,
    -0.003242766,
    0.0062862225,
    0.02423604,
    0.024092536,
    0.0018585614,
    -0.014270563,
    -0.051310245,
    0.0070356266,
    -0.018272698,
    0.090438694,
    -0.0144858165,
    0.0031391252,
    0.06196135,
    0.035493042,
    -0.05768815,
    -0.025623234,
    0.013664662,
    0.011838987,
    -0.05229882,
    0.045506354,
    -0.06317315,
    0.014533651,
    0.004910987,
    -0.033260774,
    -0.0117592625,
    0.0093356585,
    0.0034301172,
    0.015251165,
    -0.052617718,
    -0.05516888,
    -0.035748158,
    -0.021238424,
    0.03428124,
    -0.022689397,
    0.07315457,
    -0.026069688,
    -0.005042531,
    -0.01847998,
    -0.025384063,
    -0.0006412784,
    0.05854917,
    0.017762465,
    -0.026866926,
    0.05229882,
    -0.037533972,
    0.04697327,
    -0.0059912447,
    0.008363028,
    0.05048112,
    -0.06508652,
    0.08201986,
    -0.0083949175,
    0.03833121,
    0.027169876,
    0.036768623,
    -0.0077092927,
    0.023311242,
    0.008578283,
    0.041233156,
    0.0026249066,
    0.04694138,
    -0.041041818,
    0.024698438,
    -0.015522227,
    -0.017252233,
    0.014071253,
    0.0060988716,
    0.039893795,
    -0.024969498,
    -0.03973435,
    0.018974267,
    -0.027727943,
    -0.034472577,
    -0.016144073,
    -0.027488772,
    0.015904902,
    -0.028477347,
    -0.030869061,
    0.01975556,
    0.0036832402,
    -0.024570879,
    0.017029006,
    0.0021286258,
    0.0031052425,
    0.027504716,
    -0.019500446,
    0.03050233,
    -0.0123811085,
    0.037151296,
    0.002152543,
    0.0028939745,
    0.06677666,
    0.098411076,
    -0.018942378,
    0.00092429796,
    0.007111364,
    -0.033420224,
    -0.019101826,
    0.022466172,
    -0.04722839,
    0.03260704,
    -0.024969498,
    -0.08093561,
    -0.024825996,
    -0.0011928675,
    -0.024666548,
    0.042030394,
    -0.009965477,
    -0.008873261,
    -0.030215325,
    -0.01619988,
    0.057720043,
    0.022226999,
    -0.047196496,
    0.0036732748,
    -0.06039876,
    -0.0033145174,
    0.028780296,
    0.052362602,
    0.01820892,
    0.0044804784,
    -0.042891413,
    0.095158346,
    -0.035142258,
    0.02280101,
    0.022769121,
    0.01144834,
    0.06342827,
    0.016167989,
    -0.017523294,
    -0.0032886073,
    0.030773392,
    0.0029198846,
    -0.016295547,
    0.05239449,
    0.0041735414,
    -0.012739865,
    -0.050513007,
    0.08163719,
    0.013210236,
    -0.044517778,
    -0.030853115,
    0.045474462,
    0.046558708,
    0.019309107,
    0.02581457,
    -0.01077866,
    0.038012315,
    0.0076694307,
    0.007502011,
    -0.006525394,
    0.043433532,
    -0.046558708,
    0.000269317,
    0.0423174,
    0.032144643,
    0.01824081,
    0.0021645015,
    0.004946863,
    0.034089904,
    0.010037228,
    0.04107371,
    -0.016160017,
    0.0618019,
    0.040850483,
    -0.0154265575,
    -0.004675802,
    0.03785287,
    0.03893711,
    0.059410185,
    -0.08265765,
    -0.029306473,
    -0.018177029,
    0.044135105,
    -0.03629028,
    0.022115385,
    -0.06869004,
    0.03826743,
    0.03415368,
    0.02484194,
    -0.0484083,
    0.10880706,
    0.081700966,
    -0.0076654446,
    0.0684987,
    -0.02209944,
    -0.0074900524,
    -0.027249599,
    -0.029449977,
    0.06613888,
    -0.0018406236,
    0.023598248,
    -0.03629028,
    -0.03357967,
    -0.030598,
    0.023709862,
    0.040148914,
    -0.029784817,
    0.029449977,
    -0.00552486,
    -0.020776026,
    -0.024299819,
    0.004998683,
    -0.050768126,
    0.0022043635,
    0.002901947,
    -0.04636737,
    0.016662277,
    0.00027155923,
    0.071496315,
    0.040148914,
    -0.027536605,
    0.041998506,
    -0.03495092,
    -0.001998078,
    -0.044039436,
    -0.014557568,
    0.009989394,
    -0.016024487,
    0.036864292,
    -0.011352671,
    -0.033452112,
    -0.039893795,
    -0.08348678,
    0.06167434,
    -0.045984697,
    0.088206425,
    -0.042700075,
    -0.017013062,
    0.037406415,
    -0.034217462,
    0.016287575,
    -0.016582552,
    0.08935445,
    0.015554116,
    0.005453109,
    -0.011663594,
    0.029242694,
    -0.009925615,
    -0.0077890167,
    0.008968929,
    0.038139872,
    -0.002862085,
    0.05038545,
    0.021015197,
    -0.03568438,
    0.003762964,
    -0.048759084,
    0.0034719722,
    0.122392,
    0.05300039,
    -0.05590234,
    0.016981171,
