{
  "chunk_index": 67,
  "token_start": 30150,
  "token_end": 30650,
  "text": "hiệm hình sự theo những quy định của Chương này; theo quy định khác của Phần thứ\nnhất của Bộ luật này không trái với quy định của Chương này.\n\nĐiều 75. Điều kiện chịu trách nhiệm hình sự của pháp nhân thương mại\n\n1. Pháp nhân thương mại chỉ phải chịu trách nhiệm hình sự khi có đủ các điều kiện sau đây:\n\na) Hành vi phạm tội được thực hiện nhân danh pháp nhân thương mại;\n\nb) Hành vi phạm tội được thực hiện vì lợi ích của pháp nhân thương mại;\n\nc) Hành vi phạm tội được thực hiện có sự chỉ đạo, điều hành hoặc chấp thuận của pháp nhân thương mại;\n\fd) Chưa hết thời hiệu truy cứu trách nhiệm hình sự quy định tại khoản 2 và khoản 3 Điều 27 của Bộ luật này.\n\n2. Việc pháp nhân thương mại chịu trách nhiệm hình sự không loại trừ trách nhiệm hình sự của cá nhân.\n\nĐiều 76. Phạm vi chịu trách nhiệm hình sự của pháp nhân thương mại25\n\nPháp nhân thương mại phải chịu trách nhiệm hình sự về tội phạm quy định tại một trong các điều 188, 189, 190, 191, 192, 193, 194,\n195, 196, 200, 203, 209, 210, 211, 213, 216, 217, 225, 226, 227, 232, 234",
  "embedding": [
    -0.00054227264,
    -0.056269363,
    -0.13462698,
    -0.08402717,
    -0.0006620949,
    0.079701275,
    -0.00022274654,
    0.025857033,
    0.01976146,
    0.03454159,
    -0.011617641,
    0.006370039,
    0.004452883,
    -0.03162489,
    -0.15311034,
    -0.11404623,
    0.10349368,
    -0.09536625,
    0.0773417,
    0.0077054943,
    0.0075334418,
    0.0773417,
    0.1044113,
    -7.5529e-05,
    0.015017726,
    0.101592906,
    -0.03971955,
    0.086780004,
    -0.047650352,
    0.011658605,
    -0.020613529,
    -0.07249146,
    0.058006275,
    -0.022235738,
    -0.005718698,
    -0.004997716,
    -0.02664356,
    0.006165215,
    0.041653093,
    0.036442358,
    0.00872552,
    -0.03939183,
    0.05689203,
    0.0057965307,
    0.001535159,
    -0.048928455,
    0.0067510125,
    0.10414912,
    -0.021039564,
    -0.021531142,
    0.04640502,
    -0.0100527825,
    0.08035672,
    0.027102366,
    0.05138635,
    -0.15927146,
    0.0032321292,
    -0.007725977,
    -0.022645388,
    -0.029166996,
    0.022891177,
    0.013690464,
    0.011732343,
    -0.057907958,
    -0.027462857,
    -0.025168825,
    0.035786923,
    -0.07609636,
    0.03883471,
    0.0153618315,
    -0.11181775,
    0.008053696,
    -0.007824292,
    0.033017695,
    0.06206999,
    -0.044930283,
    -0.014304937,
    0.004102633,
    0.017172478,
    -0.0009529456,
    -0.0032239363,
    0.009364572,
    -0.012887552,
    -0.061840586,
    -0.0133299725,
    0.07622746,
    -0.045618493,
    0.018925777,
    -0.054892942,
    0.03454159,
    0.016689094,
    0.010429659,
    0.019810617,
    -0.0073941615,
    -0.017909847,
    -0.0063044955,
    -0.07032851,
    -0.0055753207,
    -0.0442093,
    0.009790607,
    0.013854323,
    -0.021809703,
    0.032853834,
    0.025250753,
    -0.040473305,
    -0.019253494,
    -0.014542533,
    0.03000268,
    0.030740049,
    -0.0065298025,
    0.016558006,
    0.024349526,
    0.01684476,
    -0.043422777,
    0.026987664,
    -0.032083698,
    0.010200256,
    0.057088662,
    -0.01202729,
    0.0080700815,
    -0.026184753,
    0.012453324,
    -0.03873639,
    -0.042537935,
    -0.009380958,
    0.009733256,
    0.013092376,
    -0.016648129,
    -0.11896202,
    -0.016541619,
    0.03955569,
    -0.07419559,
    0.026594402,
    0.015730515,
    -0.06361027,
    0.048600737,
    0.047355406,
    -0.04142369,
    -0.04761758,
    0.027593944,
    -0.035819694,
    0.0046372246,
    0.020924862,
    -0.0049444614,
    0.007517056,
    -0.07032851,
    0.018040935,
    0.04214467,
    0.0012555737,
    0.0031870678,
    0.04352109,
    0.01882746,
    -0.03955569,
    -0.004078054,
    -0.018106477,
    -0.010011817,
    -0.024497,
    0.011314501,
    -0.022563457,
    0.022186581,
    0.030248469,
    0.0037011772,
    -0.025054123,
    -0.045290776,
    0.010650869,
    0.04620839,
    0.057842415,
    0.072098196,
    -0.010822922,
    -0.054368593,
    0.06321701,
    -0.048207473,
    -0.0010691835,
    -0.0002649916,
    -0.025431,
    -0.035491973,
    -0.0010282185,
    -0.0719671,
    -0.024103737,
    -0.05138635,
    -0.0021547528,
    0.030510645,
    0.007865258,
    0.008389608,
    -0.018319495,
    0.04486474,
    -0.06157841,
    0.02906868,
    0.048731826,
    0.04830579,
    -0.048436876,
    0.028511558,
    -0.014608077,
    0.07111504,
    -0.048994,
    0.0062184692,
    0.055941645,
    -0.049616665,
    0.051845156,
    -0.013919868,
    5.4214463e-05,
    -0.003322252,
    0.08265075,
    0.020711845,
    -0.008356836,
    -0.035328116,
    0.022825632,
    0.013280815,
    -0.0053377245,
    0.006132443,
    0.0017000426,
    -0.0032095986,
    0.02397265,
    -0.021547528,
    0.04571681,
    0.01935181,
    -0.035655834,
    -0.036475133,
    0.0152635155,
    -0.007836582,
    0.024202053,
    -0.06610093,
    -0.030887522,
    0.036147412,
    0.05210733,
    -0.0041661286,
    0.014821094,
    0.012813815,
    0.026184753,
    0.01813925,
    0.016189322,
    0.0074146437,
    -0.01745104,
    0.006923065,
    -0.006759206,
    -0.06665806,
    -0.018565284,
    -0.02603728,
    0.024218438,
    0.056531537,
    0.110113606,
    -0.0050632595,
    0.014542533,
    0.024513386,
    -0.04198081,
    -0.001124486,
    -0.0075293453,
    -0.028888436,
    0.03473822,
    -0.0071360827,
    -0.029085066,
    -0.016312215,
    -0.007574407,
    -0.065379955,
    0.026414156,
    -0.001972459,
    0.0332471,
    0.042865653,
    0.008905766,
    0.08501033,
    0.018237567,
    -0.03473822,
    -0.019466512,
    -0.0625288,
    0.095628425,
    0.004547102,
    0.05554838,
    0.0024619894,
    -0.008700941,
    0.031313557,
    0.0412926,
    -0.019302653,
    0.058202904,
    -0.0097988,
    0.08120878,
    0.036376815,
    0.0017492005,
    -0.019007705,
    -0.023956263,
    -0.02887205,
    -0.040014498,
    0.05744915,
    -0.027872507,
    -0.028216612,
    -0.014730972,
    -0.0025050025,
    0.062364936,
    0.00573918,
    -0.0066076354,
    0.023186123,
    0.015173392,
    0.08133987,
    0.009585783,
    -0.0048379526,
    -0.021940792,
    0.0030580284,
    0.0071319863,
    0.008373222,
    0.013010447,
    -0.008319967,
    0.012240307,
    -0.0057350835,
    -0.0087091345,
    -0.015976304,
    -0.0134282885,
    -0.023710474,
    -0.022497913,
    0.0077915206,
    -0.059841502,
    0.037753236,
    -0.00218138,
    0.020466056,
    -0.011027747,
    0.049026772,
    0.04869905,
    -0.0293964,
    0.0059358114,
    -0.007574407,
    -0.049026772,
    0.021547528,
    -0.022235738,
    0.06370859,
    -0.032001767,
    0.037163343,
    -0.101724,
    0.019777846,
    0.059972588,
    0.022186581,
    -0.02700405,
    0.019106021,
    -0.02518521,
    0.0029576644,
    0.12125605,
    -0.072098196,
    -0.004301313,
    0.0003146615,
    -0.020761002,
    0.047388177,
    -0.008405994,
    -0.019187951,
    -0.007357293,
    -0.064265706,
    0.09208906,
    0.033230714,
    0.07701398,
    0.0015218453,
    0.1069675,
    -0.017893462,
    0.099429965,
    -0.052500594,
    0.01833588,
    0.014567113,
    0.021187037,
    0.04486474,
    0.107033044,
    0.010077361,
    -0.053090487,
    0.019613985,
    0.0068001705,
    0.0021547528,
    0.036016326,
    -0.010929431,
    0.022006335,
    0.008319967,
    -0.0040145586,
    -0.010429659,
    -0.03162489,
    0.03041233,
    0.01899132,
    -0.050796453,
    0.028446015,
    -0.014706393,
    -0.014165657,
    0.016271252,
    0.025398226,
    -0.04280011,
    -0.027610332,
    0.014804709,
    -0.0135266045,
    -0.07006633,
    0.009593976,
    0.0990367,
    -0.047715895,
    0.018499741,
    -0.0108475005,
    0.014403253,
    -0.038965795,
    -0.06560936,
    0.020957634,
    0.03201815,
    -0.024890263,
    0.05656431,
    -0.021645844,
    -0.030510645,
    0.10854055,
