{
  "chunk_index": 470,
  "token_start": 211500,
  "token_end": 212000,
  "text": "y thiệt hại về tài sản từ 500.000.000 đồng đến dưới 1.500.000.000 đồng;\n\nđ) Vật phạm pháp có số lượng rất lớn hoặc có giá trị rất lớn.\n\n4.314 Phạm tội thuộc một trong các trường hợp sau đây, thì bị phạt tù từ 15 năm đến 20 năm hoặc tù chung thân:\n\na) Làm chết 03 người trở lên;\n\nb) Gây thương tích hoặc gây tổn hại cho sức khỏe của 03 người trở lên mà ổng\n                                                                         t   tỷ lệ tổn thương cơ thể của những người này 201% trở\nlên;\n\nc) Gây thiệt hại về tài sản 1.500.000.000 đồng trở lên;\n\nđ) Vật phạm pháp có số lượng đặc biệt lớn hoặc có giá trị đặc biệt lớn.\n\n5. Người phạm tội còn có thể bị phạt tiền từ 10.000.000 đồng đến 50.000.000 đồng, phạt quản chế hoặc cấm cư trú từ 01 năm đến 05\nnăm.\n\nĐiều 305. Tội chế tạo, tàng trữ, vận chuyển, sử dụng, mua bán trái phép hoặc chiếm đoạt vật liệu nổ\n\n1. Người nào chế tạo, tàng trữ, vận chuyển, sử dụng, mua bán trái phép hoặc chiếm đoạt vật liệu nổ, thì bị phạt tù từ 01 năm đến 05\nnăm.\n\n2.",
  "embedding": [
    -4.4932927e-05,
    -0.068463884,
    -0.0722309,
    -0.15558343,
    6.3998035e-05,
    0.048761833,
    0.017654115,
    0.031003078,
    0.03300617,
    0.054053582,
    -0.1857195,
    -0.097643256,
    0.0007278025,
    -0.04804431,
    -0.03629483,
    -0.1299917,
    0.047506165,
    -0.051721625,
    0.035936065,
    0.0006965042,
    -0.0153520545,
    0.17567414,
    0.053874202,
    -0.042842247,
    -0.067447394,
    0.07725357,
    -0.027056688,
    -0.038118538,
    0.07366595,
    0.045174208,
    -0.038537096,
    -0.014933499,
    -0.045622658,
    -0.013289169,
    -0.0030065062,
    -0.0073733213,
    0.020658754,
    -0.0047685546,
    0.0028588905,
    -0.11151541,
    -0.02348401,
    0.12688242,
    0.029269058,
    0.012676283,
    0.0050451006,
    -0.045831937,
    -0.013072417,
    0.019193806,
    -0.039194826,
    -0.038178332,
    0.024814421,
    0.021331433,
    0.02760978,
    -0.0014201024,
    0.00789278,
    -0.10523707,
    0.06206595,
    0.0033596633,
    0.006861337,
    0.04436699,
    0.010321902,
    -0.04726699,
    0.0202103,
    -0.047416475,
    -0.016876796,
    -0.021436073,
    0.03184019,
    0.019971125,
    0.034590706,
    -0.06977935,
    -0.026907204,
    -0.10194841,
    -0.054412346,
    0.04693812,
    0.08173811,
    -0.02022525,
    -0.012997675,
    0.02732576,
    0.0519907,
    0.026653081,
    0.034889676,
    -0.028327307,
    0.0082365945,
    -0.092500985,
    0.011824221,
    0.082754605,
    -0.01506056,
    0.030165965,
    -0.025262875,
    -0.0048246114,
    0.013603087,
    0.015710818,
    0.041168023,
    -0.050077297,
    0.013169582,
    -0.0015443614,
    -0.005388915,
    -0.00022504419,
    -0.021107206,
    -0.010217263,
    0.020060815,
    -0.04054019,
    0.057970077,
    -0.00865515,
    -0.004278993,
    0.008774738,
    0.0097987065,
    0.03148143,
    0.04361957,
    -0.003314818,
    -0.0102097895,
    0.0013752572,
    -0.09740408,
    -0.09483295,
    -0.0060466467,
    0.007500383,
    -0.016398447,
    -0.091065936,
    -0.02840205,
    -0.009140975,
    -0.031331945,
    0.03243813,
    -0.00089410396,
    -0.005956956,
    0.04888142,
    -0.07252986,
    -0.023753082,
    -0.0012323125,
    -0.084129855,
    0.022198444,
    -0.017968033,
    -0.043081425,
    -0.020868031,
    -0.0078255115,
    -0.08777728,
    -0.010927315,
    0.024694834,
    0.007321002,
    -0.0346206,
    0.041706167,
    -0.020494321,
    -0.013565715,
    0.015157725,
    -0.007661079,
    -0.013902055,
    0.02943349,
    0.037281428,
    -0.020344837,
    0.0178036,
    -0.0057364665,
    0.048283484,
    0.00088709686,
    0.0012827636,
    0.045772143,
    -0.054591727,
    -0.009679119,
    0.007365847,
    0.0074069556,
    0.02367834,
    -0.009559532,
    -0.024590194,
    -0.0013033177,
    -0.032109264,
    0.018027827,
    0.0005530925,
    -0.035756685,
    -0.0039052817,
    0.025053596,
    0.0013621772,
    0.014627055,
    0.008161852,
    -0.00040827945,
    -0.018954631,
    0.017160816,
    -0.019597413,
    -0.017833497,
    -0.008475769,
    -0.02088298,
    0.015456694,
    -0.026309267,
    -0.019029373,
    0.027953595,
    0.08508656,
    -0.024754629,
    -0.027116483,
    -0.018222157,
    -0.017773703,
    0.051901005,
    0.04290204,
    0.029119574,
    -0.025636585,
    -0.023992257,
    -0.009462367,
    0.017041229,
    -0.01819226,
    0.0042715184,
    -0.012190458,
    -0.023229886,
    0.13070922,
    -0.013543293,
    0.032408234,
    0.040839158,
    0.039523695,
    0.0143430345,
    -0.0016433948,
    -0.038148437,
    0.02059896,
    0.018924734,
    0.01497087,
    0.013535818,
    -0.021600505,
    -0.0066333734,
    -0.046250492,
    0.058926776,
    -0.0076461304,
    0.015860302,
    -0.0009725833,
    -0.026339164,
    -0.022886071,
    -0.024934009,
    -0.014126282,
    -0.026668029,
    -0.01164484,
    -0.015531437,
    -0.0035091478,
    0.00060167495,
    -0.0028121765,
    0.006767909,
    -0.0062036053,
    -0.00565425,
    0.057342242,
    0.010785304,
    -0.054412346,
    -0.030464934,
    0.03192988,
    0.022811329,
    0.03569689,
    0.038088642,
    -0.011054376,
    0.04254328,
    0.1424288,
    -0.035756685,
    -0.022183495,
    -0.025711328,
    -0.00789278,
    -0.042363897,
    -0.005893425,
    -0.030479884,
    -0.0015434271,
    -0.0365938,
    -0.04840307,
    -0.002090914,
    0.025158236,
    -0.00392023,
    -0.032946378,
    0.018461332,
    0.029896893,
    -0.045802042,
    0.0044023176,
    0.037640188,
    0.026518544,
    -0.15606178,
    -0.007130409,
    -0.042483486,
    -0.0014257081,
    0.027101533,
    0.052618533,
    0.013057468,
    0.014784014,
    0.0042378847,
    0.07306801,
    -0.051721625,
    0.021137103,
    0.00090391387,
    0.07252986,
    0.020374732,
    -0.009611852,
    -0.025472153,
    -0.01385721,
    -0.004854508,
    -0.010904892,
    0.0018246447,
    0.023454113,
    -0.00982113,
    -0.02943349,
    0.009656697,
    0.08998965,
    0.009709016,
    -0.012676283,
    -0.0041855653,
    0.006319456,
    0.022482464,
    -0.045383483,
    -0.011368293,
    -0.06535461,
    0.037191734,
    -0.01790824,
    0.016802054,
    0.03964328,
    0.0066445847,
    0.0022572156,
    -0.01569587,
    0.00046083258,
    0.019477826,
    0.04119792,
    -0.02589071,
    -0.028820606,
    0.002246004,
    -0.09680614,
    -0.025666483,
    0.033932973,
    0.028760811,
    0.02059896,
    -0.011069325,
    -0.058926776,
    0.0074443263,
    0.07264945,
    0.044606164,
    -0.048134,
    -0.044516474,
    0.026682977,
    0.056056675,
    -0.06320203,
    0.031989675,
    -0.074263886,
    0.02252731,
    0.02916442,
    0.025128338,
    -0.06463709,
    0.08879378,
    -0.024814421,
    -0.010643294,
    0.11952778,
    0.022183495,
    -0.044875238,
    -0.020942774,
    -0.029657718,
    0.045323692,
    -0.026742771,
    0.010277057,
    -0.026623184,
    -0.034979366,
    0.027385555,
    0.015150251,
    0.052110285,
    -0.0018414618,
    0.09477315,
    0.03548761,
    -0.021794835,
    -0.0016901088,
    0.012422159,
    -0.019388136,
    0.023364423,
    0.048971113,
    -0.008939171,
    0.03261751,
    -0.0098585,
    0.05435255,
    0.13118757,
    -0.115641184,
    0.03781957,
    0.027878853,
    -0.0051758997,
    -0.0202103,
    -0.055458736,
    -0.022796381,
    -0.029508233,
    0.012048448,
    -0.02387267,
    -0.06918141,
    0.00048162026,
    0.017160816,
    0.03184019,
    -0.05435255,
    0.107270055,
    -0.012594067,
    -0.014948446,
    0.05205049,
    -0.015224993,
    0.0062783477,
    -0.030793801,
    0.040689673,
    -0.016951539,
    0.055398945,
    -0.0050376267,
    -0.052110285,
    -0.045951527,
    0.014574735,
    0.061408218,
    0.10230717,
    -0.024081947,
    0.041975237,
    -0.028626276,
    -0.062305126,
