{
  "chunk_index": 153,
  "token_start": 68850,
  "token_end": 69350,
  "text": "ái pháp luật đối với người lao động;\n\nc) Cưỡng ép, đe dọa buộc công chức, viên chức, người lao động phải thôi việc.\n\n2.84 Phạm tội thuộc một trong các trường hợp sau đây, thì bị phạt tiền từ 100.000.000 đồng đến 200.000.000 đồng hoặc phạt tù từ 01\nnăm đến 03 năm:\n\na) Đối với 02 người trở lên;\n\nb) Đối với phụ nữ mà biết là có thai;\n\nc) Đối với người đang nuôi con dưới 12 tháng tuổi;\n\nd) Làm người bị buộc thôi việc, người bị sa thải tự sát;\n\nđ) Gây hậu quả rất nghiêm trọng hoặc đặc biệt nghiêm trọng khác.\n\n3. Người phạm tội còn có thể bị cấm đảm nhiệm chức vụ nhất định từ 01 năm đến 05 năm.\n\nĐiều 163. Tội xâm phạm quyền hội họp, lập hội của công dân\n\n1. Người nào dùng vũ lực, đe dọa dùng vũ lực hoặc dùng thủ đoạn khác ngăn cản hoặc ép buộc người khác lập hội, hội họp hợp pháp,\nđã bị xử lý kỷ luật hoặc xử phạt vi phạm hành chính về một trong các hành vi này mà còn vi phạm, thì bị phạt cải tạo không giam giữ\nđến 01 năm hoặc phạt tù",
  "embedding": [
    -0.00044694918,
    0.04221756,
    -0.045300316,
    -0.080541104,
    -0.0009375032,
    0.11370509,
    0.07340209,
    0.040822204,
    0.014691776,
    0.022471683,
    -0.049778428,
    -0.026738869,
    0.0042590736,
    -0.008810198,
    0.028945474,
    -0.06253131,
    0.20456533,
    0.064316064,
    0.07203919,
    0.009548437,
    -0.008607385,
    0.0782047,
    0.18743168,
    -0.06318031,
    0.075219296,
    0.11260179,
    -0.04221756,
    -0.05866975,
    -0.07119548,
    -0.03546794,
    -0.07061138,
    -0.03446199,
    -0.029837852,
    0.040887106,
    -0.010732865,
    0.027598796,
    0.030405728,
    0.0018121343,
    0.010546277,
    -0.08755033,
    0.004033951,
    0.018691247,
    0.021449504,
    -0.011422429,
    0.028020646,
    -0.010311014,
    -0.019486275,
    0.058864452,
    0.0030340827,
    -0.050751932,
    0.0119740805,
    0.027955746,
    0.0789835,
    -0.006210135,
    0.037220247,
    -0.09670125,
    -0.019210448,
    -0.007641995,
    -0.018821048,
    0.06931338,
    0.017652845,
    0.052828737,
    0.06113596,
    0.01757172,
    -0.028620973,
    -0.041049354,
    -0.016103353,
    -0.052114833,
    -0.013539798,
    -0.063504815,
    -0.121947415,
    0.00026822023,
    -0.033877887,
    0.01773397,
    0.009499762,
    0.009572774,
    -0.03975135,
    -0.0388103,
    0.09358604,
    0.024159087,
    -0.04276921,
    0.00072302844,
    -0.022633933,
    -0.12778842,
    0.04309371,
    0.022552809,
    -0.017003844,
    -0.009361849,
    -0.0392646,
    0.036603693,
    0.04585197,
    0.03517589,
    0.056008846,
    0.07995701,
    0.030097453,
    0.017312119,
    -0.0051595634,
    -0.005066269,
    0.013320759,
    -0.008988673,
    -0.015916767,
    -0.059643254,
    0.10007606,
    0.05133603,
    0.018123372,
    -0.034397088,
    -0.020703154,
    -0.002833298,
    0.014870251,
    0.0058491277,
    0.014497074,
    0.007512194,
    -0.07061138,
    -0.03838845,
    -0.021871356,
    -0.0058369585,
    -0.04714997,
    0.03262856,
    -0.0017472341,
    -0.0772312,
    -0.0019399065,
    0.02532729,
    0.014975714,
    0.0058775214,
    0.004100879,
    0.015430015,
    -0.02362366,
    0.020654477,
    -0.07190938,
    0.023445185,
    0.030551754,
    -0.033910338,
    0.030065002,
    -0.027598796,
    0.026268343,
    -0.009572774,
    0.028393824,
    0.033456035,
    -0.012760995,
    0.017750196,
    -0.022276983,
    -0.024954114,
    0.020557128,
    0.044359263,
    -0.038420897,
    -0.045819517,
    -0.010984353,
    -0.016630668,
    0.008315334,
    -0.002413475,
    0.030211028,
    0.024061738,
    -0.00041500616,
    0.02751767,
    -0.068988875,
    0.0043280297,
    -0.0384858,
    0.0031253486,
    -0.006384554,
    0.002833298,
    0.044846017,
    0.05386714,
    -0.08183911,
    0.013101721,
    -0.028085547,
    0.07119548,
    0.00073570426,
    -0.012193119,
    -0.014918926,
    -0.025132589,
    0.01271232,
    -0.011081704,
    -0.06363461,
    -0.010895115,
    0.027696146,
    -0.011690143,
    -0.004206342,
    -0.028848125,
    -0.02535974,
    -0.0387454,
    0.013831848,
    0.00031816293,
    0.033261336,
    -0.0585724,
    -0.0076866136,
    -0.011114154,
    -0.023591211,
    0.03520834,
    0.005617921,
    0.036149394,
    -0.04228246,
    0.023218034,
    0.017555496,
    0.055651892,
    -0.014375387,
    -0.020816728,
    -0.0001759403,
    -0.020962754,
    0.07067628,
    -0.040335454,
    0.045105617,
    0.036214292,
    0.04763672,
    0.016557654,
    -0.0068753613,
    -0.025603116,
    -0.0006642126,
    0.033877887,
    0.012404044,
    -0.027955746,
    0.0010698386,
    -0.09825885,
    -0.04293146,
    0.08605762,
    0.030470628,
    0.06207701,
    -0.029432226,
    -0.011187166,
    0.032093134,
    -0.038453348,
    -0.00988105,
    -0.025408415,
    -0.006944318,
    0.037090447,
    -0.000980601,
    -0.023445185,
    0.018058471,
    0.0288319,
    0.029983876,
    -0.02484054,
    0.09481914,
    -0.014935151,
    -0.01577074,
    -0.016728017,
    -0.022698833,
    -0.018026022,
    0.055489644,
    -0.0050094817,
    0.057209495,
    0.06821007,
    0.09352114,
    -0.026690194,
    0.0065995357,
    0.008380234,
    0.0067049987,
    -0.040238105,
    0.024013061,
    -0.008802085,
    0.019421374,
    -0.007682557,
    -0.08437022,
    -0.02680377,
    -0.0037317595,
    -0.054191638,
    -0.010384027,
    0.011446767,
    0.013296422,
    0.017993571,
    -0.03238518,
    0.07418089,
    0.023412734,
    -0.052536685,
    0.033293787,
    -0.011138491,
    0.04014075,
    -0.08138481,
    0.14888099,
    -0.03141168,
    0.015097401,
    -0.011333192,
    -0.009126586,
    -0.01177938,
    -0.009442974,
    -0.023607437,
    -0.020427328,
    0.027728597,
    0.019275349,
    0.029513352,
    -0.0067333924,
    -0.06223926,
    -0.06821007,
    0.027793497,
    0.03543549,
    0.011852393,
    0.060227353,
    -0.099297255,
    0.083526514,
    0.009321286,
    0.0041982294,
    -0.0090697985,
    -0.007264762,
    0.009978401,
    -0.024467362,
    -0.009475424,
    0.04319106,
    0.03897255,
    0.025765367,
    0.02571669,
    0.06256376,
    -0.010181214,
    0.06762598,
    -0.047896322,
    0.022293208,
    -0.028880574,
    0.028669648,
    -0.07431069,
    -0.018366747,
    -0.026966019,
    -0.032709684,
    0.074440494,
    0.0041982294,
    0.048415523,
    0.03540304,
    0.0064088916,
    0.048512876,
    0.037544746,
    0.02329916,
    0.07262329,
    -0.033358686,
    -0.036116943,
    -0.004997313,
    0.021027654,
    -0.067561075,
    0.040173203,
    0.026479268,
    0.03543549,
    0.057469096,
    -0.0020463835,
    -0.03472159,
    0.063147865,
    -0.038291097,
    0.0026365693,
    0.06444587,
    0.063764416,
    -0.000639368,
    -0.019324025,
    -0.006417004,
    0.04702017,
    -0.032287832,
    -0.049259227,
    -0.029416,
    -0.041536108,
    0.040173203,
    0.032596108,
    -0.007272875,
    -0.022358108,
    0.13135794,
    0.048869826,
    -0.032807034,
    0.05769625,
    0.13992476,
    -0.05458104,
    -0.055554543,
    -0.012541957,
    -0.074959695,
    0.013069271,
    -0.0058694086,
    0.027647471,
    0.060032655,
    0.06642532,
    0.019096874,
    -0.0061411783,
    0.029756727,
    -0.009053573,
    0.024467362,
    -0.011462992,
    -0.02571669,
    0.008007058,
    0.0035471998,
    -0.05117378,
    0.025732916,
    -0.05376979,
    0.0037784067,
    -0.08800463,
    -0.001448085,
    -0.00012187795,
    -0.0770365,
    0.0057396083,
    -0.043645363,
    -0.022260757,
    -0.019080648,
    0.12356992,
    0.018236946,
    0.014959488,
    -0.027842171,
    -0.022066057,
    -0.030357054,
    -0.039946053,
    0.049648628,
    0.029107725,
    -0.022536583,
    -0.027014695,
    0.002478375,
    -0.076906696,
    0.061168406,
    -0.0023607435,
    -0.03269346,
    0.07431069,
    -0.03465669,
    -0.034754038,
