{
  "chunk_index": 368,
  "token_start": 165600,
  "token_end": 166100,
  "text": "ể tích chất ma túy\nquy định tại một trong các điểm từ điểm a đến điểm g khoản này.\n\n5. Người phạm tội còn có thể bị phạt tiền từ 5.000.000 đồng đến 500.000.000 đồng, cấm đảm nhiệm chức vụ, cấm hành nghề hoặc làm\ncông việc nhất định từ 01 năm đến 05 năm hoặc tịch thu một phần hoặc toàn bộ tài sản.\n\nĐiều 252. Tội chiếm đoạt chất ma túy\n\n1.253 Người nào chiếm đoạt chất ma túy dưới bất kỳ hình thức nào thuộc một trong các trường hợp sau đây, thì bị phạt tù từ 01 năm\nđến 05 năm:\n\na) Đã bị xử phạt vi phạm hành chính về hành vi quy định tại Điều này hoặc đã bị kết án về tội này hoặc một trong các tội quy định tại\ncác điều 248, 249, 250 và 251 của Bộ luật này, chưa được xóa án tích mà còn vi phạm;\n\nb) Nhựa thuốc phiện, nhựa cần sa hoặc cao côca có khối lượng từ 01 gam đến dưới 500 gam;\n\nc) Heroine, Cocaine, Methamphetamine, Amphetamine, MDMA hoặc XLR-11 có khối lượng từ 0,1 gam đến dưới 05 gam;\n\nd) Lá cây côca; lá khát (lá cây Catha edulis); lá, rễ, thân, cành, hoa, quả của cây cần sa hoặc bộ phận",
  "embedding": [
    -0.0003754681,
    -0.08058729,
    -0.12965454,
    -0.19808875,
    -0.00028889976,
    0.07428328,
    0.009585988,
    0.0022116823,
    0.021349132,
    0.09988924,
    -0.031471286,
    -0.06778431,
    0.0036292712,
    -0.16312426,
    -0.05907568,
    -0.023640022,
    0.030610172,
    -0.068629175,
    0.120361015,
    0.010536463,
    -0.011885,
    0.10339869,
    0.13147426,
    -0.04354313,
    -0.091830514,
    0.016897334,
    -0.02047177,
    -0.03701166,
    0.048872292,
    0.022291483,
    -0.011738773,
    0.0029874975,
    0.018213376,
    0.019594409,
    -0.009041699,
    -0.03493199,
    -0.10833791,
    0.0031520028,
    0.021917792,
    -0.15766513,
    -0.057580918,
    0.055826195,
    -7.6159864e-05,
    -0.023786249,
    0.046435174,
    -0.04900227,
    -0.0326411,
    0.09546994,
    0.012039351,
    -0.05498133,
    0.017059809,
    0.030577676,
    -0.008992956,
    0.017287273,
    0.055566236,
    -0.033177268,
    -0.009821576,
    -0.0065923976,
    -0.006234954,
    -0.017384758,
    0.036101807,
    0.039773725,
    0.04812491,
    -0.029992769,
    -0.020845462,
    -0.020016842,
    -0.012567393,
    -0.0013505683,
    0.018424593,
    -0.011397577,
    -0.024631115,
    0.036686715,
    -0.024062455,
    -0.02497231,
    0.10580331,
    -0.035809353,
    -0.027425675,
    0.0053494684,
    0.05033456,
    0.02649957,
    0.08448667,
    -0.023445051,
    -0.028189303,
    -0.070903815,
    0.02175532,
    0.13634849,
    0.03327475,
    0.031162584,
    0.036101807,
    -0.04260078,
    0.008448667,
    -0.0012073877,
    0.023542536,
    0.016369293,
    0.035126958,
    -0.015613787,
    0.006169964,
    -0.0011474752,
    -0.030252729,
    -0.0076931613,
    -0.001717151,
    -0.014760797,
    0.094820045,
    -0.002420868,
    -0.0063446243,
    0.0056500463,
    -0.01048772,
    0.036296774,
    0.0022644866,
    -0.022096515,
    -0.011885,
    0.010406484,
    -0.10716809,
    -0.06206521,
    -0.017530985,
    -0.0064989747,
    -0.015426941,
    0.018912017,
    -0.011649412,
    -0.0424708,
    -0.032917306,
    0.033794668,
    0.014013414,
    -0.026613303,
    0.044452988,
    -0.009472256,
    -0.029359119,
    0.011706279,
    -0.034022134,
    0.007238233,
    -0.033697184,
    -0.070838824,
    0.02294138,
    -0.013997167,
    -0.067979276,
    -0.012421166,
    -0.011129495,
    -0.028855449,
    -0.06641952,
    0.02389998,
    -0.036231786,
    0.00716512,
    0.025524724,
    0.0627801,
    -0.005109819,
    -0.008054667,
    0.028156808,
    -0.06999396,
    -0.019171976,
    -0.013404136,
    -0.030382708,
    0.0386689,
    0.023932476,
    0.022681423,
    -0.043478142,
    6.273668e-05,
    -0.014557703,
    0.071228765,
    0.0079368735,
    0.009236668,
    0.022990124,
    0.013168547,
    -0.027360683,
    0.017595975,
    -0.03454205,
    0.015256343,
    -0.064697295,
    0.045687795,
    -0.01645053,
    -0.071553715,
    -0.017660964,
    0.005532252,
    -0.030057758,
    0.02872547,
    -0.009074193,
    0.0020451462,
    -0.043120697,
    -0.062032714,
    0.012096217,
    0.034477063,
    -0.008879225,
    0.025784682,
    0.051764335,
    -0.020390533,
    -0.011097,
    -0.0019171976,
    -0.017790943,
    0.03405463,
    0.02706823,
    0.033827163,
    0.008871101,
    0.055891182,
    -0.021072926,
    0.05033456,
    0.020325543,
    -0.0015201508,
    0.031487532,
    -0.041560944,
    0.06232517,
    -0.029066665,
    0.06407989,
    0.07785772,
    -0.0024675794,
    0.02333132,
    -0.008334936,
    -0.0576784,
    0.027815612,
    0.014517085,
    0.010796422,
    -0.009594112,
    0.0029204767,
    -0.06027799,
    -0.023493795,
    0.043348163,
    -0.0024432084,
    0.027019488,
    -0.019854369,
    -0.025947157,
    0.004072014,
    -0.03030147,
    -0.03143879,
    -0.03385966,
    0.018213376,
    0.0062796343,
    0.018863274,
    -0.03944878,
    -0.03980622,
    0.015475684,
    0.0025467859,
    0.015686901,
    0.068629175,
    0.004035457,
    -0.0141190225,
    -0.0152482195,
    0.0026422394,
    0.029342871,
    0.02833553,
    0.0589457,
    0.013932177,
    0.014671436,
    0.06352748,
    -0.027799364,
    0.00087837706,
    0.00049250043,
    0.00314591,
    -0.05407147,
    -0.010373988,
    -0.027019488,
    0.030009016,
    0.00297125,
    -0.018229624,
    -0.019886862,
    -0.050302066,
    -0.0335997,
    -0.039091334,
    -0.0047686226,
    0.0079368735,
    -0.04266577,
    0.013485373,
    0.048027422,
    0.019301955,
    -0.0633975,
    -0.0032230853,
    -0.02136538,
    -0.023461299,
    0.053616542,
    0.017807191,
    0.0076038004,
    0.027880602,
    -0.035841845,
    0.09371522,
    -0.04318569,
    -0.028043076,
    -0.0040029623,
    0.09469006,
    0.037954014,
    -0.010690814,
    -0.01850583,
    -0.021186657,
    -0.0053250976,
    -0.030187737,
    0.022583937,
    0.026402086,
    0.016263684,
    -0.031227574,
    -0.043478142,
    0.103983596,
    -0.01147069,
    -0.03220242,
    0.020504266,
    0.058653247,
    0.030837636,
    -0.03405463,
    0.02706823,
    -0.09988924,
    0.0042405813,
    -0.023640022,
    -0.03688168,
    0.013891559,
    0.0018054964,
    0.00035617428,
    0.030886378,
    0.03340473,
    0.021137916,
    -0.003574436,
    -0.028238045,
    -0.026645796,
    -0.013534115,
    -0.07961244,
    0.031471286,
    0.045850266,
    0.025086043,
    0.046110228,
    -0.012031227,
    -0.0041796532,
    -0.0044802306,
    0.075843036,
    0.04172342,
    -0.059205662,
    -0.018619563,
    0.010032793,
    0.039351292,
    -0.042763256,
    -0.0021121667,
    0.012136836,
    0.0122993095,
    0.060180508,
    0.090530716,
    -0.07889756,
    0.061772756,
    0.002887982,
    0.009886566,
    0.05179683,
    -0.0032129306,
    -0.0051179426,
    -0.071553715,
    -0.011454443,
    0.0557937,
    -0.051894315,
    0.04487542,
    -0.023818742,
    0.0065842737,
    -0.019935606,
    -0.00814809,
    0.05254421,
    -0.05013959,
    0.08442169,
    0.06453482,
    0.003960313,
    0.04266577,
    0.045362845,
    0.030853882,
    0.03023648,
    0.0014988261,
    -0.027685633,
    0.0545264,
    0.048774805,
    0.022275236,
    0.046922598,
    -0.10261881,
    0.020650493,
    0.029651573,
    0.0031499718,
    -0.018083397,
    -0.08182209,
    -0.025329754,
    0.0002016967,
    0.02180406,
    0.06453482,
    -0.044160534,
    -0.0076119243,
    -0.08214704,
    0.055078812,
    0.013834693,
    0.07779273,
    -0.019984348,
    0.025719693,
    0.06518472,
    -0.04614272,
    0.041430965,
    -0.046240207,
    0.04747501,
    -0.004756437,
    0.07772774,
    0.016564263,
    -0.0099109365,
    -0.008481163,
    0.045167875,
    0.083316855,
    0.0074291406,
    -0.008087162,
    0.04948969,
    -0.021771565,
    0.0113082165,
    0.015662529,
    -0.0538765,
