{
  "chunk_index": 216,
  "token_start": 97200,
  "token_end": 97700,
  "text": " hàng bình ổn giá hoặc thuộc danh mục hàng hóa được Nhà nước định\ngiá nhằm bán lại để thu lợi bất chính thuộc một trong các trường hợp sau đây, thì bị phạt tiền từ 30.000.000 đồng đến 300.000.000 đồng\nhoặc phạt tù từ 06 tháng đến 03 năm:\n\na) Hàng hóa trị giá từ 500.000.000 đồng đến dưới 1.500.000.000 đồng;\n\nb) Thu lợi bất chính từ 100.000.000 đồng đến dưới 500.000.000 đồng.\n\n2. Phạm tội thuộc một trong các trường hợp sau đây, thì bị phạt tiền từ 300.000.000 đồng đến 1.500.000.000 đồng hoặc phạt tù từ 03\nnăm đến 07 năm:\n\na) Có tổ chức;\n\nb) Lợi dụng chức vụ, quyền hạn;\n\nc) Lợi dụng danh nghĩa cơ quan, tổ chức;\n\nd) Hàng hóa trị giá từ 1.500.000.000 đồng đến dưới 3.000.000.000 đồng;\n\nđ) Thu lợi bất chính từ 500.000.000 đồng đến dưới 1.000.000.000 đồng;\n\ne) Gây ảnh hưởng xấu đến an ninh, trật tự, an toàn xã hội.\n\n3. Phạm tội thuộc một trong các trường hợp sau đây, thì bị phạt tiền từ 1.500.000.000 đồng đến 5.000.000.000 đồng hoặc phạt tù",
  "embedding": [
    -0.00028255067,
    -0.023607839,
    -0.06901217,
    -0.0636989,
    -0.0015453021,
    0.0060529048,
    0.05319311,
    0.020588934,
    0.028921112,
    0.07879343,
    -0.15311888,
    -0.06659705,
    -0.0012207698,
    -0.07100465,
    -0.05766109,
    -0.10433336,
    -0.007339713,
    -0.05313273,
    0.1478056,
    -0.0040264647,
    -0.0070604645,
    0.043804314,
    0.13959418,
    -0.097329505,
    -0.12908839,
    0.0719707,
    -0.030234335,
    0.015622835,
    0.034838166,
    0.033177767,
    -0.050476097,
    0.044740174,
    0.05895922,
    -0.0054944074,
    -0.0011669955,
    0.015517172,
    0.08145006,
    -0.0082567055,
    -0.033841927,
    -0.059442244,
    0.00733594,
    0.030023012,
    0.065389484,
    0.031638127,
    0.048845887,
    -0.07191032,
    -0.001029258,
    0.016347371,
    -0.0667178,
    -0.020181382,
    0.027728645,
    0.003871746,
    0.10801643,
    -0.02244556,
    0.13464317,
    -0.091291696,
    0.009222755,
    0.0062642284,
    0.030219242,
    0.09714837,
    -0.006758574,
    -0.026641838,
    0.062853605,
    -0.032573987,
    -0.013366203,
    -0.024392754,
    0.044528853,
    -0.0069397083,
    0.006279323,
    -0.027592793,
    -0.08543502,
    -0.060649805,
    -0.06357814,
    -0.0032641913,
    0.12280907,
    -0.027426753,
    -0.028166385,
    0.0025056913,
    0.11073344,
    0.010498243,
    -0.0053698774,
    -0.03498911,
    0.03791745,
    -0.14152628,
    0.031366426,
    0.06720083,
    -0.042626943,
    0.012120904,
    -0.033962686,
    0.04084579,
    0.023955014,
    0.0923785,
    0.048483618,
    -0.047668513,
    -0.00045896793,
    0.0021962535,
    -0.008037835,
    0.00818878,
    -0.0050528925,
    0.0014037909,
    0.021630457,
    -0.07686133,
    -0.0051170443,
    0.002500031,
    -0.040272195,
    0.018536078,
    0.008309537,
    0.0033321166,
    0.012649213,
    0.008045383,
    0.01747946,
    -0.025630506,
    0.006086868,
    -0.099563494,
    -0.0003830236,
    0.042596754,
    -0.01924552,
    -0.04045333,
    -0.014385084,
    -0.032845687,
    0.0084755765,
    0.092197366,
    0.013932248,
    0.038974065,
    0.0010368052,
    0.014045456,
    -0.012030337,
    -0.011917128,
    -0.07909532,
    -0.0039396714,
    -0.031336237,
    -0.017600218,
    0.031638127,
    0.015954914,
    -0.04685341,
    0.023215381,
    0.008935959,
    0.01458886,
    -0.023879541,
    0.020151192,
    -0.017585123,
    -0.017132288,
    0.03432495,
    0.04045333,
    -0.05029496,
    -0.026626743,
    0.06496684,
    -0.028226763,
    -0.015019054,
    -0.010475601,
    0.03441552,
    -0.07215183,
    0.025419181,
    0.013630357,
    -0.025056913,
    -0.041268434,
    -0.015109621,
    0.08018212,
    -0.023155004,
    0.03658913,
    -0.006018942,
    0.010151069,
    -0.09117094,
    0.03978917,
    -0.020966297,
    0.012392606,
    0.012415248,
    0.0446798,
    -0.012732233,
    -0.06997822,
    -0.030053202,
    -0.0031604164,
    -0.013834133,
    -0.006728385,
    -0.0027377696,
    0.00045212824,
    -0.0069397083,
    -0.039698604,
    -0.0036623094,
    -0.08012175,
    -0.0015066224,
    0.040272195,
    0.08948035,
    -0.022747451,
    0.01910967,
    -0.035502326,
    -0.026732406,
    0.009313323,
    0.036800455,
    0.027909778,
    0.004701945,
    0.035441946,
    -0.02641542,
    0.025721073,
    -0.014520934,
    0.00940389,
    -0.034174006,
    0.0073585813,
    0.027321093,
    -0.034536276,
    0.018354943,
    0.033962686,
    -0.014271875,
    0.029253192,
    -0.00177172,
    -0.018702118,
    -0.0022094613,
    0.020121003,
    0.010830322,
    0.0049887407,
    0.0071359375,
    -0.04295902,
    -0.018898347,
    0.016890775,
    -0.0134945065,
    0.043502424,
    -0.029570177,
    -0.017570028,
    0.03507968,
    0.0067472532,
    0.0028792808,
    -0.03849104,
    -0.01075485,
    0.026732406,
    -0.04141938,
    0.012415248,
    0.0047811912,
    0.06333663,
    0.032090962,
    -0.00025165404,
    0.011773731,
    0.03462684,
    -0.013139785,
    -0.007977457,
    -0.017328516,
    0.039064635,
    -0.021932347,
    0.031728692,
    0.008747278,
    0.037464615,
    0.048211917,
    -0.030460754,
    -0.004456659,
    0.006562345,
    -0.018430416,
    0.0016132275,
    -0.007509527,
    -0.018928535,
    0.0099472925,
    -0.0297815,
    -0.035109866,
    -0.024739929,
    -0.003441552,
    -0.047940213,
    0.06188756,
    0.024709739,
    0.005754788,
    -0.0025773903,
    0.018490795,
    0.03444571,
    0.042264674,
    -0.094370976,
    0.005815166,
    -0.049811937,
    0.015003959,
    0.035532515,
    0.051804412,
    0.020181382,
    0.047396813,
    0.023607839,
    0.059713945,
    -0.006773669,
    -0.029841878,
    -0.015653023,
    0.021313472,
    0.04178165,
    0.025856923,
    0.006275549,
    0.00010070879,
    0.0003495326,
    -0.0275777,
    -0.039336335,
    -0.014354894,
    -0.012996387,
    -0.014551124,
    0.0006283097,
    0.10523903,
    0.0084755765,
    0.007237825,
    -0.023351232,
    -0.023955014,
    -0.048604373,
    -0.0038075943,
    0.017464366,
    0.00286796,
    0.05382708,
    0.017736068,
    0.00030920195,
    0.00577743,
    0.0056264848,
    -0.023260664,
    -0.0050944025,
    -0.0008335009,
    -0.0053510093,
    0.032000396,
    0.03178907,
    0.002386822,
    0.011177497,
    -0.10215975,
    -0.02024176,
    0.0089435065,
    0.017751163,
    0.0077283974,
    -0.01417376,
    0.02724562,
    0.034234386,
    -0.032090962,
    0.046581708,
    -0.05406859,
    0.0027094674,
    0.033600416,
    0.05246857,
    -0.022687072,
    0.045676038,
    -0.011403915,
    0.02721543,
    0.058385625,
    0.008196328,
    0.05123082,
    0.10095219,
    -0.07082351,
    -0.003050981,
    0.06544986,
    0.024604078,
    0.00048090218,
    -0.012271849,
    -0.05772147,
    0.020287042,
    -0.009124641,
    -0.008717089,
    -0.035140056,
    -0.058415815,
    -0.031940017,
    -0.07426507,
    0.07547263,
    -0.03468722,
    -0.013381298,
    0.007894437,
    0.013139785,
    -0.05159309,
    0.046128873,
    -0.0029849426,
    0.051472332,
    0.0026717312,
    0.034898546,
    0.048634563,
    -0.012173736,
    0.017358705,
    0.07221221,
    -0.15154904,
    0.009811442,
    0.013720924,
    0.007652925,
    -0.0278494,
    -0.089118086,
    -0.011456746,
    -0.030370187,
    0.06683856,
    0.023094624,
    -0.0386118,
    -0.036800455,
    -0.0075585837,
    0.008430293,
    -0.06774423,
    0.050053447,
    0.03921558,
    -0.041872215,
    0.022430466,
    -0.012898273,
    -0.011079382,
    -0.014445461,
    0.030460754,
    -0.045102444,
    0.055306345,
    -0.0034679673,
    -0.017660595,
    -0.027336188,
    0.06143472,
    0.061736614,
    0.023985201,
    -0.012460532,
    0.03984955,
    -0.033570226,
    0.0025321068,
    -0.011313347,
    -0.092318125,
    0.007871795,
    0.0714273,
