{
  "chunk_index": 314,
  "token_start": 141300,
  "token_end": 141800,
  "text": ", chôn, lấp, đổ, thải ra môi trường chất thải rắn hoặc phát tán khí thải có chứa chất phóng xạ vượt giá\ntrị liều 400 milisivơ (mSv) trên năm trở lên hoặc giá trị suất liều 0,02 milisivơ (mSv) trên giờ trở lên;\n\ne) Gây hậu quả rất nghiêm trọng hoặc đặc biệt nghiêm trọng.\n\n4. Người phạm tội còn có thể bị phạt tiền từ 30.000.000 đồng đến 200.000.000 đồng, cấm đảm nhiệm chức vụ, cấm hành nghề hoặc\nlàm công việc nhất định từ 01 năm đến 05 năm.\n\n5. Pháp nhân thương mại phạm tội quy định tại Điều này, thì bị phạt như sau:\n\na) Phạm tội thuộc trường hợp quy định tại khoản 1 Điều này, thì bị phạt tiền từ 3.000.000.000 đồng đến 7.000.000.000 đồng;\n\nb) Phạm tội thuộc trường hợp quy định tại khoản 2 Điều này, thì bị phạt tiền từ 7.000.000.000 đồng đến 12.000.000.000 đồng hoặc đình\nchỉ hoạt động có thời hạn từ 06 tháng đến 02 năm;\n\nc) Phạm tội thuộc trường hợp quy định tại khoản 3 Điều này, thì bị phạt tiền từ 12.000.000",
  "embedding": [
    -0.00017542766,
    0.027986832,
    -0.079570726,
    -0.13309656,
    -0.00047707144,
    0.077873565,
    0.025359496,
    0.026762918,
    0.017542766,
    0.051078007,
    -0.08433583,
    0.03240924,
    -0.0031250603,
    0.025963293,
    -0.0077310563,
    -0.083878905,
    0.068473905,
    -0.05760555,
    0.060510304,
    -0.002033737,
    -0.012647111,
    0.122065015,
    0.06175054,
    -0.09856587,
    -0.09876169,
    0.07434869,
    -0.035216082,
    0.000109514796,
    0.06432892,
    0.001478896,
    -0.08074568,
    -0.004149068,
    0.013397777,
    0.038022928,
    -0.0093915,
    -0.022585291,
    0.0067315265,
    -0.0024009112,
    -0.022781119,
    -0.07872214,
    0.016955288,
    -0.0029618717,
    0.047879513,
    -0.011700617,
    0.09138557,
    -0.0716724,
    -0.0278726,
    -0.02105132,
    0.010182964,
    -0.034465417,
    0.039197885,
    0.033355735,
    0.09099392,
    -0.013006126,
    0.04693302,
    -0.14086433,
    0.042396378,
    0.0022540414,
    -0.0020286373,
    0.009163036,
    0.011986197,
    -0.08198591,
    -0.004965011,
    -0.03642368,
    -0.025522685,
    -0.04291858,
    -0.006670331,
    0.040046465,
    0.0059645404,
    -0.02263425,
    -0.098500594,
    -0.036293127,
    -0.034498055,
    0.005601446,
    0.04252693,
    -0.021345058,
    -0.019403115,
    0.0071313386,
    0.078787416,
    -0.026713962,
    -0.001974581,
    0.013022444,
    0.029945094,
    -0.13747,
    -0.004846699,
    0.031511705,
    -0.021540886,
    0.021916218,
    -0.0074454765,
    -0.029357616,
    0.025473729,
    0.062338017,
    0.068800285,
    -0.0873385,
    0.02717089,
    -0.008640832,
    0.022797437,
    0.017395897,
    0.014850155,
    0.004138869,
    -0.012932691,
    -0.053786937,
    0.0035575097,
    0.023841843,
    -0.03909997,
    -0.012149385,
    -0.03267034,
    -0.025424773,
    0.03187072,
    0.02247106,
    0.0021234907,
    0.00029807404,
    -0.08662047,
    -0.061097782,
    -0.03655423,
    0.022813756,
    -0.030989502,
    -0.072194606,
    -0.02757886,
    0.02118187,
    -0.026844513,
    0.03466124,
    -0.002831321,
    0.018538216,
    0.002674252,
    -0.10000193,
    0.0065764976,
    -0.0049446123,
    -0.039034694,
    0.011602704,
    -0.06906138,
    -0.056365315,
    -0.040862408,
    0.0064377873,
    -0.053427923,
    0.0008791782,
    0.07330429,
    0.03511817,
    -0.013177473,
    0.040013827,
    -0.059041608,
    -0.0053770617,
    0.017444853,
    0.08381362,
    -0.05306891,
    0.015282605,
    0.0662219,
    -0.047096208,
    0.042396378,
    -0.009114079,
    0.050882183,
    0.02984718,
    0.02132874,
    0.010060572,
    -0.04056867,
    0.006955911,
    -0.028639587,
    0.044713657,
    -0.035542462,
    -0.007996238,
    0.029683992,
    0.039850637,
    -0.06044503,
    -0.0798971,
    0.004879337,
    -0.0062460406,
    0.013773112,
    0.04915238,
    -0.010215602,
    -0.04122142,
    0.08120261,
    -0.016694186,
    -0.008901934,
    0.028590629,
    -0.0048018224,
    0.016612591,
    0.035183445,
    -0.044126175,
    -0.012459444,
    0.031054776,
    0.006923273,
    0.02345019,
    0.107312776,
    -0.013414097,
    -0.009097761,
    -0.012949009,
    -0.030630486,
    0.035770923,
    0.020365927,
    0.053232096,
    -0.053101547,
    0.022797437,
    -0.007465875,
    0.06527541,
    -0.02147561,
    0.015404996,
    0.047683686,
    -0.041449886,
    0.087077394,
    -0.0035473106,
    0.03084263,
    0.063545614,
    0.035085533,
    0.011463994,
    -0.0015523308,
    0.007265969,
    0.00483446,
    0.018750362,
    0.0170532,
    -0.0015910881,
    0.0634477,
    0.002690571,
    0.016400447,
    0.020839175,
    0.0064949035,
    0.07944018,
    -0.028541673,
    -0.0378271,
    0.015282605,
    0.0022112045,
    0.0156171415,
    -0.031364836,
    0.014401387,
    -0.014001575,
    -0.0063153957,
    -0.0341064,
    -0.0073598023,
    0.01350385,
    0.04122142,
    0.015543707,
    0.04595389,
    0.041090872,
    -0.051796038,
    -0.007053824,
    0.007147657,
    0.027954195,
    0.059955463,
    0.016808419,
    0.07695971,
    0.06364352,
    0.13981993,
    -0.037729185,
    -0.024217177,
    0.038186114,
    0.01821184,
    0.03472652,
    0.01351201,
    0.029749269,
    0.035379272,
    -0.019142013,
    -0.059074245,
    -0.018391347,
    0.026713962,
    -0.019501029,
    -0.05261198,
    0.018962506,
    0.013104038,
    -0.005230192,
    0.0005864588,
    0.083421975,
    0.043636613,
    -0.11938872,
    -0.03342101,
    -0.020170102,
    0.04582334,
    -0.010827559,
    0.096346505,
    0.025261583,
    0.036227852,
    -0.0060502146,
    0.0071925344,
    0.03257243,
    0.021377698,
    -0.00739244,
    0.039687447,
    0.030206196,
    0.028590629,
    0.016530998,
    0.012793981,
    0.0072863675,
    -0.085119136,
    -0.016743142,
    -0.008069673,
    -0.07173768,
    0.00910592,
    0.023499148,
    0.0674295,
    0.012883734,
    0.0025661394,
    -0.029259702,
    0.010036094,
    0.12578571,
    -0.04337551,
    0.011292646,
    -0.058193028,
    -0.0025640996,
    0.03456333,
    0.008371571,
    0.020806536,
    -0.014189242,
    0.017200071,
    0.0068620774,
    0.005075163,
    0.027383035,
    0.04321232,
    0.0024661866,
    0.0055647288,
    0.009758674,
    -0.09797839,
    0.0037064194,
    0.019794768,
    0.030385703,
    0.0077310563,
    7.566593e-05,
    -0.056626417,
    0.013071401,
    -0.01662891,
    0.008037034,
    -0.04663928,
    -0.03671742,
    0.043701887,
    0.02573483,
    -0.050294705,
    0.012010675,
    -0.0238908,
    0.025849063,
    0.040144376,
    0.050588444,
    -0.031479068,
    0.006743766,
    -0.0477816,
    0.0065601785,
    0.14804463,
    0.018244477,
    -0.029308658,
    -0.011692458,
    -0.0296024,
    -0.013977097,
    -0.0134793725,
    0.013675198,
    -0.06299077,
    -0.048401717,
    -0.005209794,
    -0.048107978,
    0.06175054,
    -0.00398384,
    0.08792598,
    0.036619503,
    -0.059792276,
    0.029194428,
    -0.013528328,
    0.01718375,
    0.03710907,
    -0.003598307,
    0.032539792,
    0.05620213,
    0.050098877,
    0.0719335,
    0.005593287,
    -0.05421123,
    0.059367985,
    0.017526448,
    0.046574004,
    0.026942424,
    -0.05218769,
    0.043995626,
    0.05391749,
    0.05362375,
    -0.013887343,
    -0.036162578,
    -0.004320416,
    -0.008249179,
    0.06005338,
    -0.0671684,
    0.05786665,
    -0.066450365,
    -0.0105746165,
    0.061260972,
    -0.012279936,
    0.032441877,
    -0.020268016,
    0.05891106,
    0.018309752,
    0.064002536,
    -0.02617544,
    -0.048336443,
    0.0009638322,
    -0.020039551,
    0.06361089,
    0.025702193,
    -0.013405938,
    0.02457619,
    -0.024102945,
    0.015592664,
    0.050229426,
    -0.026420223,
    -0.007869767,
    0.057572912,
    -0.009497572,
    -0.0033086473,
    0.03381266,
    0.027807325,
    0.0016798219,
