{
  "chunk_index": 571,
  "token_start": 256950,
  "token_end": 257450,
  "text": "ồng đến dưới 1.000.000.000 đồng.\n\n3.388 Phạm tội thuộc một trong các trường hợp sau đây, thì bị phạt tù từ 10 năm đến 15 năm:\n\na) Dẫn đến việc kết án oan người vô tội, bỏ lọt tội phạm hoặc người phạm tội;\n\nb) Làm người bị bắt, người bị tạm giữ, bị can, bị cáo, người bị kết án, người phải chấp hành án, người bị hại, đương sự tự sát;\n\nc) Gây thiệt hại 1.000.000.000 đồng trở lên.\n\n4. Người phạm tội còn bị cấm đảm nhiệm chức vụ, cấm làm công việc nhất định từ 01 năm đến 05 năm.\n\nĐiều 376. Tội thiếu trách nhiệm để người bị bắt, người bị tạm giữ, tạm giam, người đang chấp hành án phạt tù trốn\n\n1.389 Người nào được giao trách nhiệm trực tiếp quản lý, canh gác, áp giải người bị bắt, người bị tạm giữ, tạm giam, người đang chấp\nhành án phạt tù mà không thực hiện hoặc thực hiện không đúng quy định về quản lý, canh gác, áp giải để người thực hiện tội phạm ít\nnghiêm trọng hoặc tội phạm nghiêm trọng trốn thuộc một trong các trường hợp sau đây",
  "embedding": [
    -0.00018779635,
    -0.026302952,
    -0.010623267,
    -0.16716492,
    -0.0004012636,
    0.09787442,
    -0.0038780507,
    -0.035889413,
    0.038154434,
    0.08894195,
    -0.058348212,
    -0.05152125,
    0.00055877824,
    0.028025646,
    -0.07107699,
    -0.05193597,
    0.14508894,
    0.043386314,
    0.10431857,
    0.009044132,
    -0.021629354,
    0.034390036,
    0.15389381,
    -0.07050276,
    -0.07650028,
    0.15134168,
    -0.036495548,
    -0.035506595,
    0.085943185,
    0,
    -0.0693543,
    -0.028169204,
    0.032986358,
    0.02287352,
    -0.009418977,
    -0.0029907846,
    0.016876,
    0.013949019,
    0.015775392,
    0.008549656,
    -0.072991095,
    0.0034274391,
    0.027116446,
    0.021613402,
    -0.024867376,
    -0.044566676,
    -0.009753945,
    -0.033305377,
    -0.020337336,
    -0.021118926,
    0.010049036,
    0.03525138,
    0.045459926,
    0.01330301,
    0.049192425,
    -0.1573392,
    0.03206121,
    -0.019348383,
    0.07420336,
    0.034358133,
    0.02381462,
    -0.010080937,
    0.021007271,
    -0.0033536663,
    -0.029859994,
    -0.040770374,
    0.007138006,
    -0.09838485,
    0.016620787,
    -0.05043659,
    -0.08709165,
    -0.023942227,
    -0.04408815,
    0.03732499,
    0.026287002,
    -0.021725059,
    -0.031933602,
    -0.007903647,
    0.09315297,
    0.046831697,
    0.0032021333,
    0.041217,
    -0.044694286,
    -0.031997405,
    0.026398659,
    0.109550446,
    0.00018542864,
    0.0012022954,
    -0.008581557,
    0.008693214,
    0.033273473,
    0.035921317,
    0.018487036,
    -0.07413956,
    0.023878423,
    -0.0047413902,
    0.00081000413,
    -0.010200569,
    0.00946683,
    0.002165328,
    0.010152716,
    -0.0243729,
    0.026956938,
    0.015958827,
    0.06769541,
    -0.012314057,
    -0.035729907,
    0.040068537,
    -0.001500377,
    -0.015488276,
    0.0011065903,
    0.048012063,
    -0.06054943,
    -0.033401083,
    0.025058787,
    0.04424766,
    -0.008114995,
    -0.028424416,
    -0.011261301,
    0.040004734,
    -0.012904238,
    0.024803573,
    -0.018678447,
    -0.0047254395,
    0.01837538,
    -0.051489346,
    0.015193186,
    -0.020943467,
    -0.086326,
    0.01743428,
    -0.06858866,
    -0.05643411,
    -0.07005614,
    -0.00274554,
    -0.069609515,
    0.0064441436,
    0.051138427,
    0.022969225,
    -0.040610865,
    0.03320967,
    -0.028360613,
    0.013653928,
    0.04670409,
    0.03336918,
    -0.059337165,
    -0.005845987,
    0.004474214,
    -0.048107766,
    -0.011731851,
    -0.0066395416,
    0.036017023,
    0.007720212,
    -0.01396497,
    -0.0056984415,
    -0.053690564,
    -0.021390092,
    -0.023017079,
    0.041599818,
    -0.022012174,
    0.017402379,
    0.01574349,
    0.009897503,
    -0.03169434,
    0.04778875,
    -0.008222664,
    0.05601939,
    -0.009163763,
    0.0713322,
    -0.02718025,
    -0.027116446,
    0.016078457,
    -0.014084602,
    -0.023766767,
    -0.0065996647,
    -0.025808476,
    -0.030210912,
    -0.015177235,
    -0.12773441,
    -0.017147165,
    -0.01490607,
    0.02327229,
    0.0049048867,
    0.040164243,
    -0.015057603,
    0.017210968,
    -0.021230582,
    -0.011540441,
    -0.014515274,
    0.0824978,
    0.04855439,
    0.023001127,
    -0.01968335,
    -0.0040455344,
    0.048203472,
    -0.0023128735,
    0.0038242165,
    0.019396234,
    -0.026717676,
    0.077903956,
    -0.029301712,
    0.02285757,
    0.006619603,
    0.014571102,
    -0.027802333,
    -0.00076414546,
    0.0067830994,
    0.011309153,
    0.023352046,
    0.05777398,
    0.009131862,
    0.032890655,
    -0.037644006,
    -0.01668459,
    -0.033305377,
    0.023495603,
    0.046385076,
    -0.03220477,
    -0.03675076,
    0.03464525,
    -0.034390036,
    -0.02175696,
    -0.027722578,
    -0.008063155,
    -0.008653336,
    -0.04967095,
    -0.02005022,
    -0.029142205,
    0.014036749,
    0.010176643,
    -0.0022909408,
    0.07171503,
    0.01377356,
    -0.021342238,
    -0.03994093,
    0.012066819,
    0.00013097144,
    0.018423233,
    -0.0009804788,
    0.007552728,
    0.057901587,
    0.17864953,
    -0.019795006,
    0.008876649,
    0.018040413,
    -0.045396123,
    -0.010399954,
    -0.04427956,
    -0.01387724,
    0.023527505,
    -0.06705738,
    -0.02885509,
    -0.040228046,
    -0.01855084,
    -0.035155676,
    0.06833345,
    0.018407281,
    -0.0024325047,
    0.029525025,
    -0.044120055,
    0.08109412,
    0.010288299,
    -0.05381817,
    0.015583982,
    -0.028663678,
    0.010607316,
    0.0028133313,
    0.047118813,
    -0.007991376,
    0.063867204,
    -0.0019330437,
    0.10399955,
    -0.02796184,
    0.048650093,
    0.021246534,
    0.050947018,
    0.056976438,
    0.0025501424,
    -0.04555563,
    -0.017003607,
    0.0018413264,
    -0.047852553,
    -0.058412015,
    0.0039358726,
    0.012050868,
    0.023336096,
    -0.008485853,
    0.019109119,
    0.025074737,
    -0.016876,
    -0.011971113,
    0.021469845,
    0.04986236,
    0.0053554983,
    0.0047573415,
    0.017258821,
    0.039270993,
    0.0029389444,
    0.0041711475,
    0.02005022,
    0.02284162,
    -0.03188575,
    -0.016381525,
    0.012633074,
    0.0056466013,
    -0.01441957,
    0.07279968,
    0.020464942,
    0.011014063,
    0.018710349,
    0.058220606,
    -0.007883708,
    0.055764176,
    0.010647193,
    -0.0022251436,
    0.003720536,
    -0.035347085,
    -0.0010487684,
    0.05751877,
    -0.04105749,
    -0.016134286,
    -0.0011873414,
    0.10144741,
    0.05196787,
    0.012026941,
    -0.042269755,
    0.04609796,
    0.03579371,
    0.027036693,
    0.031742193,
    0.07956284,
    0.0009715065,
    -0.017896855,
    0.022347143,
    -0.008438,
    -0.015512203,
    -0.045109008,
    -0.03598512,
    0.01603858,
    0.013526321,
    0.043354414,
    -0.08230639,
    0.011484613,
    0.056370307,
    0.010120815,
    0.03767591,
    -0.034964263,
    0.018040413,
    0.0178171,
    -0.026350806,
    -0.057263553,
    0.0034394022,
    0.0048650093,
    0.052382596,
    0.01816802,
    -0.028057547,
    -0.00057622447,
    0.07228926,
    0.021039173,
    0.058826737,
    0.019651448,
    0.011333079,
    -0.026797429,
    0.010344127,
    -0.019922612,
    -0.033847705,
    0.045842744,
    -0.008940452,
    -0.009801798,
    0.046034157,
    -0.037803516,
    -0.047342125,
    -0.07011994,
    0.05755067,
    -0.037548304,
    0.11548416,
    0.06303776,
    0.018215872,
    -0.03295446,
    0.0066435295,
    0.00023377966,
    -0.019332431,
    0.11503754,
    -0.0118275555,
    0.042301655,
    -0.04086608,
    -0.058986247,
    -0.04070657,
    -0.072416864,
    0.016700542,
    0.012776632,
    -0.011644121,
    -0.0637396,
    -0.01874225,
    -0.035442792,
    0.055955585,
    -0.029859994,
    -0.010064987,
    0.083454855,
    -0.02662197,
    -0.020752057,
    0.028631777,
