{
  "chunk_index": 264,
  "token_start": 118800,
  "token_end": 119300,
  "text": ", ẩy\n                                                                            t xóa tài liệu kế toán;\n\nb) Dụ dỗ, thỏa thuận hoặc ép buộc người khác cung cấp, xác nhận thông tin, số liệu kế toán sai sự thật;\n\nc) Để ngoài sổ kế toán tài sản của đơn vị kế toán hoặc tài sản liên quan đến đơn vị kế toán;\n\nd) Hủy bỏ hoặc cố ý làm hư hỏng tài liệu kế toán trước thời hạn ư\n                                                                l u trữ theo176 quy định của Luật Kế toán;\n\nđ) Lập hai hệ thống sổ kế toán tài chính trở lên nhằm bỏ ngoài sổ kế toán tài sản, nguồn vốn, kinh phí của đơn vị kế toán.\n\n2. Phạm tội thuộc một trong những trường hợp sau đây, thì bị phạt tù từ 03 năm đến 12 năm:\n\na) Vì vụ lợi;\n\nb) Có tổ chức;\n\nc) Dùng thủ đoạn tinh vi, xảo quyệt;\n\nd) Gây thiệt hại từ 300.000.000 đồng đến dưới 1.000.000.000 đồng.\n\n3. Phạm tội gây thiệt hại 1.000.000.000 đồng trở lên, thì bị phạt tù từ 10 năm đến 20 năm.\n\n4. Người phạm tội còn có thể bị cấm đảm nhiệm chức vụ hoặc làm công việc nhất định từ 01 năm đến 05 năm hoặc tịch thu một phần\nhoặc toàn bộ tài sản.\n\nĐiều 222",
  "embedding": [
    -0.00016441857,
    0.00094556186,
    -0.075224034,
    -0.10711801,
    -0.00068447756,
    0.015669027,
    0.06569397,
    -0.027319541,
    0.026938338,
    0.04590318,
    -0.16429844,
    -0.018456573,
    0.007040341,
    0.013778896,
    -0.01558961,
    -0.2076285,
    0.056831,
    0.0700778,
    0.150321,
    -0.0026545222,
    0.013500935,
    0.10343305,
    0.09256877,
    -0.027891345,
    -0.10984997,
    0.046062015,
    -0.034212958,
    0.08437291,
    0.030877434,
    -0.034594163,
    -0.029924426,
    -0.0052693356,
    0.0080926195,
    -0.016312307,
    -0.010030401,
    -0.007528757,
    -0.038152054,
    0.006682963,
    -0.024587587,
    -0.08214922,
    -0.040725175,
    0.055020284,
    0.029273205,
    0.026843037,
    0.09574546,
    -0.030607415,
    -0.008108503,
    0.008775609,
    -0.047237393,
    -0.007238884,
    0.028383732,
    0.025731195,
    0.079226665,
    -0.0042885323,
    0.064963326,
    -0.15781799,
    0.027668977,
    -0.002602901,
    0.029003186,
    0.05556032,
    0.004677677,
    0.010300419,
    0.042662956,
    0.005416258,
    -0.019330163,
    -0.037516717,
    0.0285108,
    0.036627244,
    0.0025274546,
    -0.027621325,
    -0.097778544,
    -0.04202762,
    -0.057148665,
    0.049079873,
    0.02947969,
    -0.026144166,
    -0.027653093,
    -0.0019308323,
    0.11880823,
    -0.007008574,
    -0.00044250308,
    -0.022538621,
    0.0006874557,
    -0.036849614,
    0.028542567,
    0.044219535,
    -0.0047928323,
    0.022252718,
    -0.0055711213,
    0.050287016,
    0.043361828,
    0.03035328,
    0.013834489,
    0.05311427,
    -0.013556528,
    -0.01628054,
    -0.029908543,
    0.0075684655,
    0.029908543,
    -0.013167383,
    -0.02511174,
    -0.023205725,
    0.023793414,
    0.035102434,
    0.013000607,
    0.008056882,
    -0.0023189841,
    0.025429409,
    -0.008608832,
    -0.0020231549,
    -0.010387778,
    0.003780262,
    -0.009355354,
    -0.013159442,
    0.014175982,
    0.008473823,
    0.08246689,
    0.030798016,
    0.01917133,
    0.009958926,
    -0.009847742,
    0.038596794,
    0.036182508,
    0.03669078,
    0.022697456,
    -0.06226314,
    -0.03399059,
    0.0047054733,
    -0.104703724,
    0.012254084,
    0.0015287824,
    -0.045172542,
    -0.04418777,
    0.0026604785,
    -0.11760109,
    0.010673681,
    0.0484763,
    -0.00841823,
    0.001432489,
    0.043679498,
    -0.03338702,
    -0.023443978,
    0.041106377,
    -0.08145035,
    -0.019520765,
    -0.005904674,
    0.07744772,
    0.05330487,
    0.012976781,
    -0.008529414,
    0.07369923,
    0.009037686,
    -0.010173352,
    0.031576306,
    -0.050509382,
    -0.024714654,
    -0.0109198745,
    0.034022357,
    0.0022574358,
    0.0031766908,
    -0.004479134,
    0.008267337,
    -0.048126865,
    0.016487025,
    -0.0044831047,
    0.020807324,
    -0.0028848322,
    0.032434013,
    -0.020553188,
    -0.027398957,
    -0.002166106,
    -0.018170672,
    -0.02612828,
    0.027128939,
    0.013770955,
    0.011936415,
    -0.016359957,
    -0.019203095,
    -0.022745106,
    0.014851029,
    0.032132227,
    0.017741818,
    0.061881937,
    -0.0144460015,
    0.013739187,
    -0.006015858,
    -0.020743791,
    0.013675653,
    0.027811928,
    0.048508067,
    -0.00033578614,
    -0.022189185,
    0.009990692,
    0.009680965,
    -0.03278345,
    -0.041106377,
    -0.0044513377,
    -0.007651854,
    0.035769537,
    -0.013834489,
    0.043584198,
    -0.00022782829,
    0.06696464,
    -0.030940969,
    0.014922504,
    -0.005662451,
    0.011213718,
    0.006635313,
    0.013786837,
    0.010832516,
    0.013961555,
    -0.08049735,
    -0.009919217,
    -0.025683545,
    0.0240952,
    0.03183044,
    -0.04787273,
    -0.039359197,
    0.03168749,
    0.06664697,
    -0.018885426,
    -0.052097727,
    0.004518843,
    0.010395721,
    -0.024444636,
    0.008259396,
    -0.02768486,
    -0.001579411,
    0.03472123,
    -0.004701502,
    0.048222166,
    0.027017755,
    -0.07033193,
    -0.014692195,
    -0.045426678,
    -0.007445369,
    0.024857605,
    0.016455257,
    0.028971419,
    0.026191816,
    0.19403227,
    -0.034562394,
    -0.0045942888,
    0.009371238,
    -0.026175931,
    -0.0072666802,
    -0.02096616,
    -0.017058829,
    0.030480348,
    -0.005662451,
    -0.05937235,
    -0.0051978603,
    -0.014469827,
    -0.009418888,
    0.004526784,
    -0.0037643786,
    0.00929182,
    0.0395498,
    0.02014022,
    0.08862967,
    0.052002426,
    -0.15095635,
    -0.012667054,
    -0.05578269,
    0.020299055,
    -0.037802618,
    0.009283879,
    -0.0111819515,
    0.053971976,
    -0.0050787344,
    0.011070767,
    -0.008056882,
    0.032021042,
    0.0046895896,
    0.0074294857,
    0.020823209,
    0.0063613234,
    -0.0049556377,
    0.011968182,
    0.008243512,
    -0.03481653,
    -0.02018787,
    0.094220646,
    0.0073699225,
    0.05095412,
    0.0040899892,
    0.0790996,
    0.03054388,
    0.025905913,
    -0.039486267,
    0.005170064,
    0.0024361247,
    -0.016852343,
    -0.018790126,
    -0.05063645,
    0.028209014,
    0.030130912,
    -0.018424807,
    -0.021680914,
    0.006659138,
    -0.025556477,
    -0.012778238,
    -0.0032481663,
    0.0032799332,
    0.003692903,
    0.008362639,
    0.023888715,
    -0.011801406,
    0.008457939,
    0.0484763,
    0.011046942,
    0.01751945,
    -0.022729222,
    0.03923213,
    0.028224897,
    -0.00060357124,
    0.04272649,
    -0.018361272,
    -0.020632606,
    -0.032179877,
    -0.021379128,
    0.09854095,
    -0.006424857,
    0.04736446,
    0.014485709,
    0.009371238,
    0.027796043,
    0.05003288,
    0.019822551,
    0.11436087,
    -0.0068179723,
    0.032259293,
    0.02681127,
    0.06524923,
    -0.06283494,
    0.036087207,
    -0.023713997,
    0.03025798,
    0.016502907,
    0.037802618,
    -0.022506854,
    0.012674996,
    0.013715362,
    -0.05114472,
    -0.035960138,
    0.0020211695,
    0.020267287,
    0.013635945,
    -0.01209525,
    -0.00040254628,
    0.004296474,
    -0.01858364,
    0.083229296,
    0.022570388,
    0.05228833,
    0.018742476,
    -0.037008446,
    0.030734483,
    0.1149962,
    -0.023666346,
    0.022109767,
    -0.016248774,
    0.0046975315,
    0.041964084,
    0.034054123,
    -0.036246043,
    -0.0022772902,
    0.04047104,
    0.024952905,
    -0.017884769,
    0.0114440285,
    0.010832516,
    0.024714654,
    -0.05937235,
    0.033418786,
    0.008894734,
    -0.00025785793,
    0.026334766,
    -0.017440032,
    -0.03054388,
    -0.017090596,
    0.09873155,
    -0.06083363,
    -0.0084658805,
    -0.03156042,
    -0.009990692,
    0.00841823,
    -0.043393597,
    0.08456351,
    0.029162021,
    -0.019488998,
