{
  "chunk_index": 570,
  "token_start": 256500,
  "token_end": 257000,
  "text": "ực hiện tội phạm rất nghiêm trọng hoặc tội\nphạm đặc biệt nghiêm trọng386.\n\n5. Người phạm tội còn bị cấm đảm nhiệm chức vụ, cấm hành nghề từ 01 năm đến 05 năm.\n\nĐiều 375. Tội làm sai lệch hồ sơ vụ án, vụ việc\n\n1.387 Điều tra viên, Kiểm sát viên, Thẩm phán, Hội thẩm, Thư ký Tòa án, người khác có nhiệm vụ, quyền hạn trong hoạt động tư pháp,\nngười bào chữa, người bảo vệ quyền và lợi ích hợp pháp của bị hại, đương sự thêm, bớt, sửa đổi, đánh tráo, hủy hoặc làm hư hỏng tài\nliệu, vật chứng của vụ án, vụ việc hoặc bằng thủ đoạn khác nhằm làm sai lệch nội dung vụ án, vụ việc, thì bị phạt tù từ 01 năm đến 05\nnăm.\n\n2. Phạm tội thuộc một trong các trường hợp sau đây, thì bị phạt tù từ 05 năm đến 10 năm:\n\na) Có tổ chức;\n\nb) Dẫn đến việc giải quyết vụ án, vụ việc bị sai lệch;\n\nc) Gây thiệt hại từ 500.000.000 đồng đến dưới 1.000.000.000 đồng.\n\n3.388 Phạm tội thuộc một trong các trường hợp sau đây, thì bị ph",
  "embedding": [
    -0.00043307923,
    0.023925364,
    -0.09263048,
    -0.09695491,
    -0.00071143487,
    0.036914315,
    0.107107915,
    -0.007904614,
    0.024928128,
    0.13637614,
    -0.062077466,
    0.089622185,
    0.0036722377,
    0.046659943,
    -0.09131435,
    -0.14740656,
    0.08116135,
    0.09194108,
    0.11331253,
    0.0029475829,
    -0.0026557622,
    0.038387127,
    0.12791531,
    0.030365,
    -0.009197242,
    0.12985817,
    -0.042241506,
    0.014289412,
    0.029424908,
    0.0357862,
    -0.06756134,
    0.0011261529,
    -0.03816777,
    0.001119298,
    -0.0032726983,
    -0.033185277,
    -0.01815946,
    0.008264983,
    -0.010176505,
    -0.014532269,
    -0.07765167,
    -0.04772538,
    0.04951156,
    0.034908783,
    0.080847986,
    -0.07552079,
    -0.0001729624,
    0.04098805,
    -0.06536779,
    -0.019616604,
    0.028422141,
    0.028500482,
    -0.00307097,
    -0.012965447,
    0.076648906,
    -0.14264342,
    0.03823044,
    -0.010168672,
    0.05308391,
    0.035598185,
    0.02694933,
    -0.023925364,
    0.012981116,
    -0.032151178,
    -0.01144563,
    -0.031493112,
    0.050263632,
    -0.06461572,
    0.012424894,
    -0.016592639,
    -0.0840443,
    -0.09169039,
    -0.019099554,
    0.05201847,
    0.021434117,
    -0.02403504,
    -0.010184339,
    0.015472362,
    0.09864708,
    0.020274669,
    -0.008210144,
    0.049605567,
    -0.016811995,
    0.023016607,
    0.03237053,
    0.0752701,
    -0.0614194,
    0.022217529,
    0.020603701,
    0.059131842,
    0.038575143,
    0.038575143,
    0.028657164,
    -0.035159472,
    -0.012048857,
    -0.010325354,
    -0.0060518477,
    -0.012401392,
    0.011249778,
    0.009275583,
    -0.008186642,
    -0.04045533,
    0.025241494,
    0.010709224,
    -0.0052880226,
    0.024348406,
    0.012479733,
    0.05521479,
    0.017846096,
    -0.022593565,
    -0.014790795,
    0.049104184,
    0.017501395,
    0.0055739675,
    -0.0019350245,
    0.044717085,
    0.007371895,
    0.0058050733,
    0.018535499,
    0.07313923,
    -0.029550252,
    0.057377003,
    -0.043306943,
    0.028061772,
    -0.006055765,
    -0.02043135,
    -0.0038798416,
    0.032809243,
    -0.062171474,
    -0.011790331,
    0.013991715,
    -0.06536779,
    -0.050420314,
    0.018880198,
    -0.07946918,
    0.05546548,
    0.043557636,
    0.030114308,
    -0.025962232,
    0.031054402,
    -0.051015705,
    0.004618206,
    0.0061184377,
    0.004767054,
    -0.03860648,
    -0.068250746,
    0.005084336,
    -0.0017088146,
    -0.012166369,
    0.0057267323,
    0.04597054,
    0.009776966,
    0.0021132503,
    -0.0056013865,
    -0.0073248902,
    -0.03249588,
    -0.039295882,
    0.014759458,
    0.00043993408,
    0.0044066855,
    -0.003617399,
    0.026244259,
    -0.0715724,
    -0.048101418,
    0.008633186,
    0.04747469,
    0.0012377889,
    0.051830452,
    -0.03938989,
    -0.018801857,
    0.008390329,
    0.011351622,
    0.008018209,
    0.01026268,
    -0.003405878,
    -0.040549338,
    -0.0009660433,
    -0.043839663,
    -0.013145632,
    0.0049198195,
    0.046785288,
    -0.008609684,
    0.0049315705,
    0.026463615,
    -0.011469133,
    -0.019459922,
    -0.017626742,
    -0.048289437,
    0.017250704,
    0.03967192,
    0.02685532,
    0.0048924,
    0.018598171,
    0.05527746,
    -0.035065465,
    -0.012652083,
    0.015660381,
    0.022828588,
    0.03045901,
    0.015339182,
    0.016263606,
    0.003572353,
    0.11882774,
    -0.023894027,
    -0.010105998,
    -0.018206466,
    0.0195696,
    0.02386269,
    0.0128166,
    -0.0107954,
    0.022092182,
    -0.041552104,
    -0.028986197,
    -0.06630788,
    0.02729403,
    0.04503045,
    -0.030835046,
    -0.031681128,
    0.019773286,
    -0.020603701,
    -0.018049784,
    -0.012612913,
    -0.01579356,
    -0.0043518464,
    0.021825822,
    0.011547474,
    -0.023204627,
    0.0016637685,
    0.051830452,
    0.0011457382,
    0.02676131,
    0.013247475,
    -0.022577897,
    -0.023141952,
    0.014203236,
    -0.029550252,
    0.11644617,
    -0.032245185,
    0.029534584,
    -0.013678351,
    0.1521697,
    0.016874667,
    -0.008844707,
    0.014093559,
    -0.03255855,
    -0.011343787,
    0.042523533,
    -0.05179912,
    0.06536779,
    -0.029832281,
    -0.03562952,
    -0.00097093964,
    -0.009541943,
    -0.0124483965,
    0.044779755,
    -0.020854393,
    0.024332738,
    -0.060604654,
    0.011602313,
    0.052958567,
    0.046377916,
    -0.04571985,
    -0.0074071484,
    -0.04966824,
    0.021261767,
    0.0028163616,
    0.05747101,
    0.014955311,
    -0.0039307633,
    0.0013229848,
    0.061388064,
    -0.039107863,
    0.0038406712,
    -0.0026224675,
    0.098709755,
    0.0049354876,
    0.0046612937,
    -0.0068195905,
    -0.021919832,
    -0.019914301,
    -0.042805564,
    -0.031555783,
    0.10134201,
    0.0010507497,
    0.04844612,
    -0.03017698,
    0.07514476,
    -0.010286183,
    0.017971441,
    -0.0021387113,
    0.047318008,
    0.022170523,
    0.035159472,
    -0.0064592212,
    0.031493112,
    0.10698257,
    -0.01657697,
    0.0266673,
    0.010991252,
    0.03324795,
    -0.052676536,
    -0.019287571,
    0.008539177,
    0.054337367,
    -0.06887747,
    0.010341021,
    0.017908769,
    0.018629506,
    0.049605567,
    0.13800563,
    -0.035472836,
    0.01806545,
    0.02043135,
    0.008398163,
    0.028563155,
    0.034783438,
    0.012965447,
    0.045312475,
    -0.015198168,
    0.038637817,
    -0.04916686,
    0.1461531,
    0.035253484,
    0.021105085,
    0.027341034,
    0.03597422,
    0.034376062,
    0.047976073,
    0.06737332,
    0.07176042,
    0.034438737,
    0.0020584117,
    0.013278812,
    0.008210144,
    -0.020337343,
    -0.035253484,
    -0.07658623,
    0.050138287,
    0.011947013,
    0.03500279,
    -0.032589886,
    -0.0025970065,
    0.08485905,
    -0.08849408,
    -0.034125373,
    -0.016561303,
    0.059601888,
    0.01842582,
    -0.0340627,
    -0.06185811,
    0.049824923,
    -0.0017528814,
    0.02386269,
    0.0125267375,
    -0.021402782,
    0.06461572,
    0.0042108325,
    0.002516707,
    0.08091066,
    0.016216602,
    -0.013004618,
    -0.0065375627,
    0.0035077215,
    0.057596356,
    -0.08824338,
    -0.041176066,
    -0.028202785,
    0.039953947,
    0.094636016,
    -0.031446107,
    -0.003141477,
    -0.019647941,
    0.06912816,
    -0.05521479,
    0.06624521,
    -0.0061928616,
    -0.018316142,
    0.030286659,
    0.005722815,
    -0.00062036334,
    0.04368298,
    0.14703052,
    0.0149396425,
    0.069002815,
    0.0066785766,
    -0.007877195,
    -0.00027370412,
    -0.05142308,
    0.06254751,
    0.02149679,
    0.022499556,
    -0.02790509,
    0.015237339,
    -0.063330926,
    0.026526287,
    0.0391392,
    -0.018801857,
    0.060040597,
    0.012550239,
    -0.05107838,
    0.041865468,
    -0.050388977,
    -0.055496816,
