{
  "chunk_index": 653,
  "token_start": 293850,
  "token_end": 294350,
  "text": " có hiệu lực kể từ ngày 01 tháng 01 năm 2018.\n\n154 Cụm từ “lãi suất gấp 05 lần mức lãi suất cao nhất” được thay thế bằng cụm từ “lãi suất gấp 05 lần trở lên của mức lãi suất cao\nnhất” theo quy định tại điểm i khoản 2 Điều 2 của Luật số 12/2017/QH14 sửa đổi, bổ sung một số điều của Bộ luật Hình sự số\n100/2015/QH13, có hiệu lực kể từ ngày 01 tháng 01 năm 2018.\n\n155 Cụm từ “Phạm tội thu lợi bất chính từ 100.000.000 đồng trở lên” được thay thế bằng cụm từ “Phạm tội mà thu lợi bất chính\n100.000.000 đồng trở lên” theo quy định tại điểm i khoản 2 Điều 2 của Luật số 12/2017/QH14 sửa đổi, bổ sung một số điều của Bộ luật\nHình sự số 100/2015/QH13, có hiệu lực kể từ ngày 01 tháng 01 năm 2018.\n\n156 Cụm từ “100.000.000 đồng đến 500.000.000 đồng” được thay thế bằng cụm từ “200.000.000 đồng đến 500.000.000 đồng” theo quy\nđịnh tại điểm k khoản 2 Điều 2 của Luật số 12/2017/QH14 sửa đổi, bổ sung một số điều của Bộ luật Hình sự số 100/2015/QH13, có\nhiệu lực kể từ ngày 01",
  "embedding": [
    -0.0005564993,
    0.008153968,
    0.006726121,
    0.0018128841,
    -0.0015130765,
    0.021995258,
    0.017214378,
    -0.047327507,
    0.0035575847,
    0.08656923,
    -0.11159666,
    -0.10075144,
    0.00030281584,
    -0.060097914,
    -0.10100813,
    -0.14541577,
    0.031236155,
    -0.0019803352,
    0.12224936,
    0.00517795,
    0.0077889846,
    0.07001262,
    0.065007135,
    -0.050953276,
    -0.11961827,
    0.04790506,
    -0.033466164,
    0.0021979215,
    -0.003224688,
    0.027498083,
    -0.0677024,
    -0.015104694,
    0.014158144,
    -0.046300743,
    -0.008005568,
    -0.0010082163,
    0.0691142,
    -0.013805193,
    -0.015449624,
    0.0010072136,
    -0.0022520674,
    -0.054835737,
    -0.021417702,
    -0.01950856,
    0.035423435,
    0.06860082,
    -0.007083083,
    0.022620944,
    -0.036450204,
    0.012754362,
    0.025219947,
    0.048963916,
    -0.00040759813,
    -0.02026259,
    0.0012573876,
    -0.19457221,
    0.052525513,
    0.0040248437,
    0.025492681,
    0.005534912,
    0.004167227,
    0.02847672,
    0.0149041535,
    -0.04421512,
    -0.01304314,
    -0.057274304,
    0.029278882,
    -0.061958928,
    -0.0019101462,
    -0.0055790306,
    -0.12725484,
    -0.021433746,
    -0.046236567,
    0.00826226,
    0.1027408,
    -0.025909806,
    -0.044086777,
    -0.022540728,
    0.054675303,
    0.017807977,
    0.043124184,
    -0.05425818,
    -0.0038002385,
    -0.0041632163,
    -0.0044038645,
    0.04938104,
    0.029583704,
    0.003579644,
    0.012104612,
    -0.01119817,
    0.062440224,
    0.08753182,
    0.05101745,
    -0.0131394,
    -0.0050054854,
    0.0015531845,
    -0.0030341744,
    -0.034268323,
    -0.011815834,
    -0.02294181,
    0.0062729,
    -0.039755106,
    -0.04171238,
    0.021096839,
    -0.021834826,
    -0.024802823,
    -0.011871985,
    -0.000104970306,
    0.0024165104,
    -0.006461408,
    0.017342724,
    0.027818948,
    0.021193096,
    -0.024626346,
    -0.03413998,
    -0.00058357225,
    0.13078435,
    0.000979138,
    0.0060402732,
    -0.0033570444,
    0.00084678136,
    0.049894422,
    -0.003754114,
    0.024369655,
    0.023086198,
    -0.05236508,
    -0.017519198,
    0.026070237,
    -0.10896557,
    -0.0013045146,
    -0.050953276,
    -0.0051939934,
    0.012521735,
    -0.009313091,
    -0.020390935,
    0.00831039,
    0.010572484,
    0.01458329,
    -0.03718819,
    0.010035036,
    -0.014872068,
    -0.023503322,
    0.020230504,
    0.02080806,
    -0.070526004,
    -0.024305483,
    0.0551566,
    0.03449293,
    0.010861262,
    0.0022019322,
    0.022540728,
    -0.031492848,
    -0.03792618,
    0.012585908,
    0.0106526995,
    -0.039883453,
    0.0030381854,
    0.0009861569,
    -0.052685943,
    0.034428757,
    -0.02021446,
    0.012489649,
    -0.045081455,
    0.025604984,
    0.0153132565,
    0.020775974,
    -0.094655015,
    0.0023804132,
    -0.061092593,
    -0.07867596,
    0.014880089,
    0.007243515,
    -0.016797254,
    0.023727927,
    -0.028332332,
    -0.006461408,
    0.011374645,
    -0.08201295,
    -0.0041190973,
    -0.05146666,
    -0.015016456,
    0.026744053,
    0.14041029,
    -0.017358767,
    -0.025460595,
    0.018545965,
    -0.010043058,
    0.0076044877,
    0.029246796,
    0.03539135,
    -0.039498415,
    -0.036065165,
    -0.0031825744,
    0.03001687,
    -0.02563707,
    0.024225267,
    -0.016989773,
    0.055028252,
    0.041038565,
    -0.005546944,
    0.02395253,
    0.029679962,
    0.06783075,
    -0.008952118,
    -0.006890564,
    -0.028268158,
    -0.0071031367,
    0.00073598285,
    0.037894093,
    -0.031252198,
    0.003224688,
    -0.059456185,
    -0.012706232,
    -0.003728044,
    -0.026407145,
    0.048001323,
    -0.030000826,
    -0.030225432,
    0.026856355,
    0.05794812,
    0.028011467,
    -0.01548171,
    -0.046364915,
    0.06487879,
    -0.035680126,
    0.010083166,
    -0.008210119,
    0.019139566,
    0.00652157,
    -0.006834413,
    0.10139317,
    0.022765333,
    -0.048803482,
    0.0062047164,
    -0.012674146,
    -0.022091517,
    0.030177303,
    0.026679879,
    2.9313349e-05,
    0.03808661,
    0.059167407,
    -0.026070237,
    -0.016396174,
    0.0053022853,
    -0.016941642,
    -0.0066619483,
    0.008623232,
    -0.0013847307,
    0.0023443159,
    -0.016556606,
    -0.09908295,
    -0.010580505,
    0.02712909,
    -0.013965625,
    0.033337817,
    -0.0071392343,
    -0.011382666,
    -0.053423934,
    -0.009248918,
    0.027241392,
    0.014422857,
    -0.036193512,
    -0.021465832,
    -0.008045676,
    0.05615128,
    0.03699567,
    0.052044217,
    0.0025909804,
    0.02907032,
    0.0126260165,
    -0.02693657,
    -0.061958928,
    0.009441436,
    0.0407177,
    0.11114745,
    -0.011142018,
    0.018449707,
    0.016195633,
    0.009240896,
    -0.005803636,
    -0.01234526,
    -0.056632575,
    0.0037681519,
    0.011182127,
    0.00891201,
    -0.02653549,
    0.0445039,
    0.006629862,
    -0.0126260165,
    -0.0055028256,
    0.02106475,
    -0.08579916,
    0.018144885,
    0.0016644844,
    -0.0051258095,
    0.10351087,
    -0.012898752,
    -0.01827323,
    0.033016954,
    0.016396174,
    0.011246299,
    0.032423355,
    -0.01697373,
    0.005534912,
    -0.021497918,
    -0.018257188,
    -0.03141263,
    0.012144719,
    -0.056087106,
    0.041744467,
    -0.026134409,
    0.0110618025,
    0.02961579,
    -0.040878132,
    -0.01578653,
    0.0558625,
    0.0054827714,
    0.06917838,
    -0.009024313,
    0.008952118,
    0.049252693,
    0.061734322,
    -0.06654729,
    0.006686013,
    -0.044568073,
    0.032423355,
    0.0018981138,
    0.019604819,
    -0.0445039,
    0.13912682,
    0.035166744,
    0.018257188,
    0.050760757,
    -0.0062247706,
    0.01912352,
    -0.03131637,
    -0.040043883,
    0.07174529,
    -0.027658517,
    0.032423355,
    -0.033016954,
    -0.023230586,
    -0.012930837,
    -0.09664437,
    -0.041551948,
    0.0131875295,
    0.051242054,
    -0.01827323,
    -0.013412134,
    -0.0009881622,
    0.11512617,
    0.0026772127,
    -0.01234526,
    0.05749891,
    0.030097086,
    0.037059844,
    0.03933798,
    0.008855859,
    0.072707884,
    -0.106527,
    0.008615211,
    -0.08040863,
    -0.062151443,
    0.008992227,
    -0.029054277,
    -0.0031805688,
    -0.01110191,
    0.048418447,
    0.033787027,
    -0.07026932,
    -0.08117871,
    -0.031027593,
    0.06362742,
    -0.0023703862,
    0.012088568,
    0.042610798,
    -0.01433462,
    0.07418386,
    0.006092414,
    -0.029262839,
    0.015345342,
    0.07373465,
    -0.0506645,
    0.07912517,
    0.011928136,
    -0.014061885,
    -0.06827996,
    -0.04055727,
    0.022476556,
    0.002185889,
    0.037220277,
    0.011567163,
    0.020920362,
    -0.077841714,
    0.003583655,
    0.01453516,
    0.008398627,
    0.059103232,
