{
  "chunk_index": 186,
  "token_start": 83700,
  "token_end": 84200,
  "text": "ặc biệt khó khăn khác.\n\n5. Người phạm tội còn có thể bị phạt tiền từ 20.000.000 đồng đến 100.000.000 đồng, cấm đảm nhiệm chức vụ, cấm hành nghề hoặc\nlàm công việc nhất định từ 01 năm đến 05 năm hoặc tịch thu một phần hoặc toàn bộ tài sản.\n\n6.115 Pháp nhân thương mại phạm tội quy định tại Điều này, thì bị phạt như sau:\n\na) Thực hiện hành vi quy định tại khoản 1 Điều này với hàng hóa, tiền Việt Nam, ngoại tệ, kim khí quý, đá quý trị giá từ 200.000.000\nđồng đến dưới 300.000.000 đồng; hàng hóa trị giá dưới 200.000.000 đồng nhưng là di vật, cổ vật; hàng hóa, tiền Việt Nam, ngoại tệ,\nkim khí quý, đá quý trị giá từ 100.000.000 đồng đến dưới 200.000.000 đồng nhưng đã bị xử phạt vi phạm hành chính về hành vi quy\nđịnh tại Điều này hoặc tại một trong các điều 189, 190, 191, 192, 193, 194, 195, 196 và 200 của Bộ luật này hoặc đã bị kết án về một\ntrong các tội này, chưa được xóa án tích mà còn vi phạm, thì bị phạt tiền từ 300.000.000 đồng đến 1.000.000.000 đồng;\n\n",
  "embedding": [
    0.00014846043,
    -0.040173274,
    -0.11441446,
    -0.17058378,
    0.0013641665,
    0.026344633,
    0.06892952,
    -0.019430311,
    0.03400686,
    0.120031394,
    -0.1556867,
    -0.036632165,
    0.00069543876,
    -0.0668537,
    -0.07228747,
    -0.107881725,
    0.053391382,
    -0.09640364,
    0.10171531,
    0.0037185464,
    0.00021297215,
    0.06599895,
    0.12723573,
    -0.033121582,
    -0.021322973,
    0.062122047,
    -0.019552417,
    0.05302506,
    0.025856202,
    0.0249404,
    0.0008146841,
    0.031503662,
    0.007837757,
    0.0041783564,
    -0.0065670786,
    -0.008967249,
    -0.006895242,
    0.012775468,
    0.024375653,
    -0.06801372,
    0.0008499807,
    -0.011218601,
    0.04194383,
    -0.0017390739,
    0.021918245,
    -0.08584137,
    -0.0015024912,
    0.0844982,
    -0.030969443,
    -0.0456681,
    0.028115187,
    0.010920964,
    0.02283405,
    0.010035687,
    0.06380102,
    -0.13456215,
    0.0010321876,
    -0.011653608,
    0.011653608,
    0.015767094,
    0.015980782,
    -0.004315727,
    0.035136353,
    -0.05006396,
    -0.021384027,
    -0.03266368,
    0.065022096,
    -0.03763955,
    0.031839456,
    -0.026024101,
    -0.081018135,
    -0.06941795,
    -0.012195459,
    0.03922694,
    0.06520525,
    -0.038372193,
    -0.027306227,
    0.0050407387,
    0.090481445,
    0.00040638808,
    0.048262876,
    -0.030725228,
    0.0018869381,
    -0.081933945,
    -0.0014366677,
    0.09017618,
    -0.043958597,
    0.018163448,
    -0.00367848,
    0.03705954,
    0.016820269,
    0.08968775,
    0.028115187,
    0.040509067,
    0.008860405,
    -0.01857556,
    -0.0057810135,
    0.028160976,
    -0.0034323575,
    -0.010875174,
    0.0017438437,
    -0.06758635,
    0.029946795,
    -0.026344633,
    0.00388072,
    0.020178217,
    -0.024253545,
    0.008455925,
    0.038616408,
    0.0067197126,
    -0.000112448346,
    -0.0051437663,
    -0.0046896804,
    -0.05693249,
    0.015057346,
    0.025291458,
    0.02570357,
    -0.023673536,
    -0.030893127,
    -0.018957146,
    -0.01471392,
    0.04670601,
    -0.039196417,
    0.01305784,
    0.0009520547,
    -0.07295906,
    0.0035010427,
    -0.02211667,
    -0.10501221,
    0.03593005,
    -0.0389522,
    -0.07112745,
    0.0125312535,
    0.012195459,
    -0.08736771,
    0.0028275452,
    0.014782605,
    -0.024955662,
    -0.062427316,
    0.027443597,
    -0.038066924,
    0.011409393,
    0.035258457,
    0.016515002,
    -0.028252557,
    -0.03373212,
    0.030053638,
    -0.0045332303,
    0.010501221,
    0.001762923,
    0.017980287,
    0.00812013,
    0.03296895,
    0.016591318,
    -0.026848324,
    -0.0302368,
    -0.035380565,
    0.07967496,
    0.018697668,
    0.031564716,
    0.028496772,
    0.025489882,
    -0.042188045,
    -0.053696647,
    -0.0023677351,
    0.01440102,
    -0.006895242,
    0.049331315,
    -0.04060065,
    -0.034892138,
    0.019277677,
    -0.023917751,
    0.009348834,
    0.00023288613,
    0.0068494515,
    0.011302549,
    0.0024097096,
    -0.059954643,
    0.0060061486,
    -0.073569596,
    0.035227932,
    0.019002935,
    0.07973601,
    0.024665657,
    -0.02822203,
    -0.010539379,
    -0.044721767,
    0.023383532,
    0.014965766,
    0.040356435,
    -0.0017238104,
    0.025688305,
    -0.00924199,
    0.042371202,
    -0.0038730882,
    0.031931035,
    0.018987672,
    -0.012409146,
    0.065754734,
    -0.0104554305,
    -0.024680922,
    0.04643127,
    0.07112745,
    -0.0037128225,
    -0.013935486,
    -0.034708977,
    0.025016716,
    0.03373212,
    0.0044263867,
    -0.020330852,
    0.036021627,
    -0.063007325,
    -0.0047698133,
    0.084742405,
    0.0029820872,
    0.064594716,
    -0.01929294,
    -0.038372193,
    0.01704922,
    -0.035868995,
    0.0063839178,
    -0.038891148,
    0.01790397,
    0.009066461,
    0.04585126,
    -0.010394377,
    0.005479561,
    0.005456666,
    0.027642021,
    0.0021139812,
    0.05882515,
    0.039715372,
    -0.04850709,
    -0.0008142071,
    -0.017385015,
    0.023612482,
    0.08706245,
    0.01772081,
    0.022131933,
    0.023933014,
    0.08828352,
    -0.00928778,
    -0.04557652,
    0.001864997,
    -0.0120199295,
    -0.019643998,
    0.016789742,
    0.0038292059,
    0.039135363,
    0.0060061486,
    -0.058611464,
    -0.0350753,
    -0.0066166846,
    -0.03754797,
    0.0049415263,
    0.010157794,
    0.012340461,
    0.05998517,
    0.0056054844,
    0.06606001,
    0.038616408,
    -0.1371264,
    0.00016706271,
    -0.026359895,
    0.03641848,
    0.09921211,
    0.05140714,
    -0.006154967,
    0.0038959833,
    0.0050941603,
    0.109408066,
    -0.019323466,
    0.013576796,
    0.005532983,
    0.1268694,
    0.06270205,
    0.0120886145,
    -0.014546022,
    -0.014156805,
    -0.016576055,
    -0.057878822,
    -0.03449529,
    -0.0023391163,
    -0.044202812,
    0.01014253,
    -0.020697173,
    0.07747703,
    0.010417272,
    -0.023856698,
    0.009051197,
    -0.0030793913,
    0.04481335,
    0.008425398,
    -0.0052506104,
    -0.07418013,
    0.0048728413,
    0.002092994,
    -0.016957639,
    0.004651522,
    0.005899305,
    -0.023902487,
    -0.0029496525,
    0.03342685,
    -0.013500479,
    0.024467234,
    -0.009249622,
    -0.016667634,
    -0.030908389,
    -0.082971856,
    -0.010447798,
    0.02597831,
    0.022986684,
    0.00074361387,
    -0.01610289,
    0.008463557,
    0.028817303,
    0.0431649,
    0.05122398,
    -0.0431649,
    -0.051834513,
    0.045149144,
    0.12906733,
    -0.054612454,
    0.04673654,
    0.005208636,
    0.01633184,
    0.053269275,
    0.029839952,
    0.0038692723,
    0.03992906,
    0.025489882,
    -0.00038993222,
    0.09280148,
    -0.0119512435,
    -0.000611967,
    -0.035594255,
    -0.034831084,
    0.012577043,
    -0.031534187,
    0.00094728486,
    -0.04804919,
    0.0021387842,
    -0.05693249,
    -0.097319454,
    0.074729614,
    -0.04240173,
    0.03953221,
    0.0057543027,
    0.040264856,
    -0.028191503,
    0.0562609,
    0.0039723003,
    0.08315501,
    -0.009898316,
    0.03980695,
    0.06337365,
    0.012569412,
    -0.019079253,
    0.053055584,
    -0.11911559,
    0.022376148,
    -0.015003924,
    0.007967496,
    0,
    -0.024665657,
    -0.043897543,
    -0.0085856635,
    0.039868005,
    0.000638201,
    -0.011119388,
    -0.006666291,
    -0.062579945,
    0.03907431,
    -0.071493775,
    0.0829108,
    -0.053849284,
    -0.036326896,
    0.04804919,
    -0.019537155,
    -0.0003880243,
    -0.041852247,
    0.116368175,
    -0.030969443,
    0.03104576,
    0.00484613,
    -0.013927855,
    -0.03965432,
    0.058031455,
    0.097929984,
    0.025657779,
    0.007883547,
    0.039440632,
    -0.022605099,
    0.007368407,
    0.022498254,
    0.007498146,
    -0.014065225,
    0.06114519,
    -0.030511541,
    -0.033487905,
