{
  "chunk_index": 41,
  "token_start": 18450,
  "token_end": 18950,
  "text": "\n\n1. Chỉ các tình tiết sau đây mới là tình tiết tăng nặng trách nhiệm hình sự:\n\na) Phạm tội có tổ chức;\n\nb) Phạm tội có tính chất chuyên nghiệp;\n\nc) Lợi dụng chức vụ, quyền hạn để phạm tội;\n\nd) Phạm tội có tính chất côn đồ;\n\nđ) Phạm tội vì động cơ đê hèn;\n\ne) Cố tình thực hiện tội phạm đến cùng;\n\ng) Phạm tội 02 lần trở lên;\n\nh) Tái phạm hoặc tái phạm nguy hiểm;\n\ni) Phạm tội đối với người dưới 16 tuổi, phụ nữ có thai hoặc17 người đủ 70 tuổi trở lên;\n\nk) Phạm tội đối với người ở trong tình trạng không thể tự vệ được, người khuyết tật nặng hoặc khuyết tật đặc biệt nặng, người bị hạn\nchế khả năng nhận thức hoặc người lệ thuộc mình về mặt vật chất, tinh thần, công tác hoặc các mặt khác;\n\nl) Lợi dụng hoàn cảnh chiến tranh, tình trạng khẩn cấp, thiên tai, dịch bệnh hoặc những khó khăn đặc biệt khác của xã hội để phạm tội;\n\nm) Dùng thủ đoạn tinh vi, xảo quyệt hoặc18 tàn ác để phạm tội;\n\nn) Dùng thủ đoạn hoặc19 phương tiện có khả năng gây nguy hại cho nhiều ng",
  "embedding": [
    -0.00095914316,
    -0.008727901,
    -0.029468743,
    -0.1529154,
    -0.0016777457,
    0.108663976,
    -0.011159475,
    0.05449302,
    0.04576512,
    0.05665084,
    0.041224033,
    0.03790679,
    0.012246436,
    -0.032302897,
    -0.12721479,
    -0.13822934,
    0.09449322,
    0.057133935,
    0.08154629,
    0.0075241914,
    -0.021545999,
    0.038647532,
    0.09011316,
    -0.02698886,
    0.030901922,
    0.030177282,
    -0.04473452,
    -0.06099869,
    0.0590019,
    -0.03264106,
    -0.011650621,
    -0.035781175,
    -0.04141727,
    0.016199756,
    0.003717812,
    -0.010185235,
    0.05919514,
    -0.00059229357,
    -0.019001704,
    -0.063542984,
    -0.06615169,
    0.016095087,
    0.06808407,
    0.020289954,
    0.010273802,
    0.047697496,
    0.023011385,
    0.04299538,
    -0.015153053,
    -0.016392995,
    0.021739237,
    0.009146582,
    0.014645805,
    0.0116667235,
    0.0026690953,
    -0.10325333,
    0.05355904,
    -0.007194077,
    -0.024718318,
    0.045282025,
    0.020869667,
    0.020128923,
    0.025426855,
    -0.039227244,
    -0.02426743,
    -0.0579713,
    0.029082268,
    -0.015644198,
    0.04663469,
    0.004017733,
    -0.1364258,
    -0.012246436,
    0.012842253,
    0.017278668,
    0.06537874,
    -0.03196473,
    -0.0032206278,
    0.051207982,
    -0.01811603,
    0.022737632,
    0.042286843,
    0.043381855,
    0.013574946,
    0.03632868,
    0.0039794883,
    0.10441275,
    0.0032749758,
    0.018099928,
    -0.06660258,
    0.02093408,
    0.033945415,
    0.0084783025,
    0.034847192,
    -0.09417115,
    -0.013059645,
    -0.032302897,
    -0.019967891,
    -0.036264267,
    -0.033558942,
    0.0023792386,
    0.036199857,
    -0.013550791,
    0.00082578906,
    0.03700501,
    -0.00027199206,
    -0.021240039,
    -0.02734313,
    0.04454128,
    -0.0015096692,
    -0.012198128,
    0.006449307,
    0.027069375,
    -0.010297957,
    -0.05294712,
    0.0014523017,
    0.026795622,
    0.01303549,
    -0.0028683715,
    0.007902615,
    -0.008357529,
    -0.031562153,
    0.024235222,
    -0.027021067,
    0.0031360863,
    -0.00024041483,
    0.025475165,
    -0.03713384,
    -0.023462273,
    -0.07452533,
    0.0016938489,
    -0.0042995377,
    -0.07401002,
    -0.030612066,
    -0.024911555,
    0.006372817,
    0.009653832,
    -0.010805206,
    -0.0062359404,
    -0.01354274,
    0.03243172,
    -0.027568573,
    0.009138531,
    0.03215797,
    0.08032245,
    -0.04956546,
    -0.07014527,
    -0.012874459,
    0.02837373,
    0.028566968,
    0.017777866,
    0.044831138,
    0.010434833,
    -0.02391316,
    -9.278175e-05,
    -0.03890518,
    0.0062560695,
    -0.01830927,
    -0.025571784,
    -0.0029227196,
    -0.0045893947,
    0.021771444,
    0.022093507,
    -0.06296327,
    -0.09210995,
    -0.010128874,
    0.033623353,
    0.00795495,
    0.04151389,
    -0.03407424,
    -0.039259452,
    0.06698906,
    0.00010102203,
    -0.020660326,
    -0.02072474,
    -0.021384967,
    -0.008558818,
    -0.03494381,
    -0.038293265,
    -0.03884077,
    -0.06496006,
    0.00310388,
    -0.04582953,
    0.015265775,
    -0.020595914,
    -0.012624861,
    -0.008872829,
    -0.03198083,
    -0.016731162,
    0.08657047,
    0.03713384,
    -0.0328343,
    0.016634542,
    -0.039323863,
    0.06795525,
    -0.03349453,
    -0.009041912,
    -0.025475165,
    -0.006248018,
    0.038679738,
    -0.03903401,
    0.045475263,
    0.04212581,
    0.07143352,
    -0.00038068826,
    0.038454294,
    -0.036779568,
    0.021851959,
    0.0031018672,
    0.033526734,
    -0.031127367,
    0.0056199953,
    -0.0137520805,
    -2.2550685e-05,
    -0.102544785,
    0.02165872,
    0.00597829,
    -0.040515497,
    -0.023687717,
    0.0021437304,
    0.0400324,
    -0.01811603,
    -0.010442886,
    -0.02734313,
    0.056522015,
    -0.037842374,
    0.034235273,
    -0.010523401,
    -0.0048671737,
    -0.008639334,
    0.025797227,
    -0.0047745807,
    0.015539529,
    -0.033269085,
    0.005998419,
    0.028615277,
    -0.0040398748,
    0.022383362,
    -0.04099859,
    0.005153004,
    0.035845585,
    0.117359675,
    -0.013365605,
    0.0056642788,
    0.045378644,
    -0.02210961,
    -0.051948726,
    0.01821265,
    -0.04283435,
    0.038100027,
    -0.018405886,
    -0.06251238,
    -0.025684506,
    0.01971024,
    -0.05587789,
    0.076135635,
    0.024186915,
    0.012858356,
    -0.058132328,
    -0.03462175,
    0.03919504,
    0.0147021655,
    -0.08173953,
    0.014452566,
    -0.03832547,
    0.04041888,
    0.01020939,
    0.055620242,
    -0.0030958285,
    -0.0134139145,
    0.0037117733,
    -0.024492873,
    -0.017117636,
    0.039742544,
    -0.0029951837,
    0.15459013,
    -0.0009546142,
    0.015402652,
    -0.015861591,
    0.026457457,
    0.06756877,
    -0.004130455,
    0.05346242,
    0.10029034,
    0.016892193,
    -0.057939094,
    -0.031481635,
    0.063381955,
    0.025201412,
    -0.009227098,
    0.02642525,
    0.022785941,
    -0.07085381,
    0.0641549,
    -0.0021336658,
    -0.013776235,
    0.010917928,
    0.0040036426,
    0.020434882,
    0.01755242,
    0.03980696,
    -0.019307664,
    -0.012818098,
    0.02457339,
    -0.032947022,
    0.0044162855,
    0.0089694485,
    0.014251278,
    0.0507893,
    -0.08251248,
    0.029967941,
    0.0011262132,
    0.030724788,
    0.022995282,
    0.044412456,
    0.05838998,
    -0.0051852106,
    0.007975079,
    0.012399416,
    -0.07278619,
    0.02632863,
    -0.024814937,
    0.023574995,
    -0.09281849,
    0.0023872904,
    -0.095910296,
    0.042769935,
    0.0436073,
    0.004665884,
    -0.053011533,
    0.15368836,
    -0.027810121,
    0.005442861,
    0.076071225,
    0.0049235346,
    -0.00196257,
    -0.043091998,
    -0.0615784,
    0.051852107,
    -0.033011433,
    -0.0034138653,
    -0.0013124058,
    -0.067117885,
    0.08560429,
    -0.031159572,
    -0.008293116,
    -0.04421922,
    0.083607495,
    -0.019436488,
    0.027616883,
    -0.029903527,
    0.05706952,
    -0.021336658,
    0.037777964,
    0.010024204,
    0.060064707,
    0.03170708,
    -0.024154708,
    6.3972235e-05,
    0.07555593,
    -0.011191681,
    -0.00500405,
    -0.056779668,
    0.0061554248,
    0.008039492,
    -0.072206475,
    0.0128019955,
    -0.038196646,
    0.034042034,
    0.0008489373,
    -0.042286843,
    -0.03658633,
    0.0053703967,
    0.07323708,
    -0.08025804,
    0.04351068,
    -0.016046777,
    0.03713384,
    -0.0008484341,
    -0.02318852,
    -0.0060427026,
    0.00043101056,
    0.044605695,
    -0.04837383,
    0.033011433,
    -0.029356021,
    0.019678036,
    -0.019742448,
    -0.04444466,
    -0.012963027,
    0.027407542,
    -0.06576522,
    0.030692581,
    -0.035652347,
    0.011795549,
    0.07768154,
    -0.043220825,
    -0.002880449,
    0.06553978,
