{
  "chunk_index": 258,
  "token_start": 116100,
  "token_end": 116600,
  "text": " vực nhất định hoặc cấm huy động vốn từ 01 năm đến 03 năm.\n\nĐiều 217a. Tội vi phạm quy định về kinh doanh theo phương thức đa cấp168\n\n1. Người nào tổ chức hoạt động kinh doanh theo phương thức đa cấp mà không có giấy chứng nhận đăng ký hoạt động bán hàng đa\ncấp hoặc không đúng với nội dung giấy chứng nhận đăng ký hoạt động bán hàng đa cấp thuộc một trong các trường hợp sau đây, nếu\nkhông thuộc trường hợp quy định tại Điều 174 và Điều 290 của Bộ luật này, thì bị phạt tiền từ 500.000.000 đồng đến 1.000.000.000\nđồng, phạt cải tạo không giam giữ đến 03 năm hoặc phạt tù từ 06 tháng đến 02 năm:\n\na) Đã bị xử phạt vi phạm hành chính về hành vi này hoặc đã bị kết án về tội này, chưa được xóa án tích mà còn vi phạm;\n\nb) Thu lợi bất chính từ 200.000.000 đồng đến dưới 1.000.000.000 đồng;\n\nc) Gây thiệt hại cho người khác từ 500.000.000 đồng đến dưới 1.500.000.000 đồng.\n\n2. Phạm tội thuộc một trong các trường hợp sau đây, thì bị phạt tiền từ 1.000.000.000 đồng đến 5.000.000.000",
  "embedding": [
    -0.0012838179,
    0.035111934,
    -0.11262122,
    -0.09047077,
    -0.005451089,
    0.13802502,
    0.03696357,
    0.065793775,
    -0.017928025,
    0.08645599,
    -0.055722237,
    -0.107429706,
    0.005559245,
    -0.07420403,
    -0.10410714,
    -0.09109375,
    0.0881865,
    -0.08472549,
    0.15588383,
    0.0036946267,
    0.0030976026,
    0.09213205,
    0.14300887,
    -0.082372,
    -0.1194048,
    0.014813117,
    -0.03634059,
    0.029055167,
    -0.036859743,
    -0.050772995,
    -0.032273903,
    -0.012797079,
    -0.0051006614,
    -0.0050487462,
    -0.012027005,
    -0.012295233,
    -0.007899752,
    0.010755084,
    -0.007661808,
    0.034402426,
    -0.03630598,
    -0.038624857,
    0.039490107,
    0.013818077,
    0.046689007,
    0.06049843,
    -0.011628989,
    0.014951557,
    -0.03490427,
    -0.010062883,
    0.033779442,
    0.009093801,
    0.032585397,
    -0.013731551,
    0.027532324,
    -0.08880948,
    -0.016552273,
    -0.008929403,
    -0.0360291,
    0.09670058,
    0.034921575,
    -0.04080529,
    0.07531155,
    -0.0054727197,
    -0.021562083,
    -0.051257536,
    -0.010971397,
    0.039005566,
    0.014077652,
    -0.026753597,
    -0.1211353,
    -0.04710433,
    -0.00014100906,
    0.028743677,
    0.15117685,
    -0.0097686965,
    -0.026840122,
    -0.030647231,
    0.09143985,
    0.023586774,
    0.009725434,
    -0.0032144117,
    0.0023859327,
    -0.11511315,
    0.007051805,
    0.026718987,
    -0.07157366,
    0.025646074,
    0.031720143,
    0.028847506,
    0.045304604,
    0.028189914,
    0.03037035,
    0.05188052,
    -0.01664745,
    -0.009725434,
    -0.017140646,
    0.014397796,
    -0.012502894,
    -0.007328686,
    -0.028536016,
    -0.04028614,
    0.05264194,
    0.018031854,
    -0.06562072,
    0.001818111,
    -0.0059269774,
    0.014293966,
    -0.020264205,
    0.0048930007,
    0.0020127927,
    0.022600386,
    -0.017962635,
    -0.041186,
    -0.00033447403,
    0.021856269,
    -0.003666506,
    -0.018654836,
    0.014839075,
    -0.09753122,
    -0.039074786,
    0.0603946,
    -0.042916507,
    0.030699147,
    -0.0015109465,
    -0.04810802,
    -0.012537504,
    0.019052852,
    -0.1513153,
    0.01797994,
    0.04038997,
    -0.06063687,
    0.014043042,
    -0.013844035,
    -0.027324663,
    0.037171233,
    0.019122073,
    -0.022427335,
    -0.05620678,
    0.050080795,
    -0.024901956,
    0.0012027005,
    0.057764232,
    0.053541802,
    -0.033035327,
    -0.07122756,
    0.033121854,
    0.022686912,
    0.0008317236,
    -0.034298595,
    0.00301973,
    0.0078045744,
    -0.017469442,
    0.0115770735,
    -0.007216203,
    -0.023517553,
    -0.0689779,
    0.06748967,
    0.0145275835,
    0.058352605,
    0.056760542,
    0.04350488,
    0.01997002,
    -0.0614329,
    -0.023292588,
    0.05323031,
    -0.021129457,
    0.07219664,
    -0.06008311,
    -0.02992042,
    0.011300193,
    -0.036375202,
    -0.044577792,
    -0.012416368,
    -0.019779664,
    0.008743373,
    0.0035605126,
    -0.029747369,
    -0.031858586,
    0.032706533,
    0.013731551,
    0.009413944,
    0.0734426,
    0.022600386,
    0.012624029,
    -0.015695674,
    -0.009206283,
    0.0102965,
    -0.034454342,
    0.03345065,
    -0.06738584,
    0.005425131,
    0.023431027,
    0.04038997,
    -0.013471976,
    0.026476717,
    0.0066927252,
    -0.025282668,
    0.062401984,
    -0.023569468,
    0.03921323,
    0.04094373,
    0.03630598,
    -0.028068779,
    -0.014441058,
    -0.047381207,
    -0.011378066,
    0.008418904,
    0.03071645,
    -0.015609149,
    0.016690714,
    0.002435685,
    -0.0031322127,
    -0.006138964,
    0.020852577,
    0.04149749,
    -0.008245853,
    -0.051742077,
    0.04056302,
    -0.0057755583,
    0.039040178,
    -0.061640564,
    0.023898264,
    0.024919262,
    0.021389034,
    0.012338496,
    -0.03592527,
    0.029868504,
    0.008609259,
    -0.020921797,
    0.055826068,
    -0.005628465,
    -0.029141692,
    0.019156683,
    0.018966326,
    -0.029210912,
    -0.013030698,
    0.0044733537,
    0.046377514,
    0.053264923,
    0.089155585,
    -0.0140343895,
    -0.0053905207,
    -0.004131579,
    -0.018775972,
    -0.012122182,
    0.014752549,
    0.0035907964,
    -0.02178705,
    0.028345661,
    -0.03990543,
    0.03232582,
    -0.047381207,
    -0.028397575,
    0.06260964,
    -0.018775972,
    -0.01736561,
    -0.0075103887,
    -0.018897107,
    0.042328134,
    0.041670542,
    0.026822817,
    0.037102014,
    -0.022288896,
    0.0047718654,
    0.017322348,
    0.07150444,
    0.018377956,
    -0.0004791334,
    0.016725324,
    -0.00753202,
    -0.051049877,
    -0.007371948,
    0.020489171,
    0.045477655,
    0.038244147,
    0.014069,
    -0.017945329,
    -0.023967484,
    0.002116623,
    -0.063336454,
    0.026234446,
    0.0052001653,
    -0.042778067,
    -0.013298926,
    0.014683329,
    0.09843109,
    0.009889832,
    -0.059806228,
    -0.011006007,
    0.016932985,
    0.03149518,
    0.016413834,
    0.0027298706,
    0.025576854,
    -0.051361367,
    0.0031495178,
    -0.0066062002,
    0.009137062,
    0.01310857,
    0.041705154,
    -0.0016072058,
    0.094900854,
    -0.0064504547,
    -0.02964354,
    -0.012658639,
    0.006831166,
    -0.0020290164,
    -0.08230279,
    0.013766162,
    0.00022834545,
    0.043539487,
    -0.019779664,
    -0.018758666,
    0.005836126,
    0.013394103,
    -0.009465858,
    -0.0027082392,
    -0.007947341,
    -0.0031278864,
    0.04900788,
    0.08839416,
    -0.011516506,
    0.019814273,
    0.05170747,
    -0.026701681,
    0.07593453,
    0.09365489,
    -0.028916728,
    -0.0027428493,
    -0.044647012,
    0.034610085,
    0.13497934,
    0.0030954396,
    -0.0442663,
    -0.043470267,
    -0.05714125,
    0.023932874,
    -0.04866178,
    -0.026580546,
    -0.025836429,
    0.014536236,
    -0.017625187,
    -0.070016205,
    -0.0032425325,
    -0.018914413,
    -0.03966316,
    -0.039628547,
    -0.06032538,
    0.002656324,
    0.043401048,
    -0.003519413,
    0.015929293,
    -0.02000463,
    0.023223368,
    0.0130480025,
    9.6259304e-05,
    -0.009682172,
    -8.963471e-05,
    -0.03987082,
    0.012442326,
    0.033917885,
    0.011559769,
    0.025594158,
    0.0075536515,
    -0.042120475,
    -0.010556077,
    0.0015163544,
    0.08984778,
    -0.04869639,
    -0.017625187,
    -0.038832515,
    0.03983621,
    -0.10050769,
    -0.0046983194,
    -0.024936566,
    -0.021250593,
    0.01499482,
    0.006619179,
    0.0029764674,
    0.020437256,
    -0.038694076,
    -0.05156903,
    0.0072551393,
    0.00040639812,
    -0.024607772,
    -0.049527034,
    -0.005126619,
    0.118851036,
    0.00806415,
    0.002074442,
    0.03658286,
    0.0064677596,
    0.0013822403,
    0.0054986775,
    -0.05336875,
    -0.0016991389,
    0.08022618,
