{
  "chunk_index": 704,
  "token_start": 316800,
  "token_end": 317300,
  "text": " tháng 01 năm 2018.\n\n362 Từ “năm” được bổ sung theo quy định tại điểm r khoản 1 Điều 2 của Luật số 12/2017/QH14 sửa đổi, bổ sung một số điều của Bộ\nluật Hình sự số 100/2015/QH13, có hiệu lực kể từ ngày 01 tháng 01 năm 2018.\n\n363 Từ “đồng” được bổ sung theo quy định tại điểm r khoản 1 Điều 2của Luật số 12/2017/QH14 sửa đổi, bổ sung một số điều của Bộ\nluật Hình sự số 100/2015/QH13, có hiệu lực kể từ ngày 01 tháng 01 năm 2018.\n\n364 Cụm từ “05 giấy từ giả” được thay thế bằng cụm từ “06 giấy tờ giả” theo quy định tại điểm t khoản 2 Điều 2 của Luật số\n12/2017/QH14 sửa đổi, bổ sung một số điều của Bộ luật Hình sự số 100/2015/QH13, có hiệu lực kể từ ngày 01 tháng 01 năm 2018.\n\n365 Từ “từ” được bãi bỏ theo quy định tại điểm h khoản 3 Điều 2của Luật số 12/2017/QH14 sửa đổi, bổ sung một số điều của Bộ luật\nHình sự số 100/2015/QH13, có hiệu lực kể từ ngày 01 tháng 01 năm 2018.\n\n366 Điều này được sửa đổi, bổ sung theo quy định tại khoản 128 Điều 1 của Luật số 12/2017/QH14 sửa đ",
  "embedding": [
    0.0001532711,
    -0.038385786,
    -0.04447326,
    -0.024728395,
    0.0018560096,
    -0.03255064,
    0.019445224,
    -0.07456368,
    0.029096868,
    0.07096797,
    -0.10642041,
    0.012995024,
    0.0012784092,
    -0.022252401,
    -0.09525479,
    -0.20249528,
    0.07046331,
    0.0021231251,
    0.023608677,
    0.0038559265,
    -0.010053796,
    0.07614075,
    0.12130792,
    -0.0050663245,
    -0.062294107,
    0.03948973,
    -0.0284345,
    0.005846972,
    0.054282613,
    -0.0059455386,
    -0.04806897,
    -0.02868683,
    0.02963307,
    -0.0071007395,
    0.0027973207,
    -0.015242343,
    0.07292353,
    -0.0075659743,
    -0.03510549,
    -0.014051658,
    -0.011922619,
    -0.0357994,
    -0.04109834,
    -0.016685357,
    0.06737226,
    0.054661106,
    -0.0062175826,
    0.030784328,
    -0.06529053,
    -0.0036745637,
    0.016401486,
    0.045734912,
    -0.07361744,
    -0.03032698,
    -0.039016612,
    -0.18975258,
    0.045955703,
    0.020959208,
    0.008334794,
    0.052737087,
    -0.008366335,
    -0.0018264395,
    0.015676036,
    -0.04226537,
    -0.0123641975,
    -0.043053903,
    0.05636434,
    -0.031383615,
    -0.0030082534,
    -0.019918343,
    -0.13789865,
    0.04087755,
    -0.04163454,
    -0.02914418,
    0.04806897,
    -0.029790776,
    -0.03800729,
    0.006462028,
    0.05879302,
    -0.020501858,
    0.04469405,
    -0.06964324,
    -0.00012253063,
    -0.031367842,
    0.046775777,
    0.008697519,
    0.06913857,
    0.009131212,
    0.01541582,
    0.010534801,
    0.018199341,
    -0.005389623,
    0.036934886,
    0.05705825,
    -0.0017121023,
    0.007049485,
    -0.0149427,
    -0.031730566,
    0.012498248,
    -0.013184272,
    0.004912561,
    -0.024491835,
    -0.004577434,
    0.030878952,
    -0.032613724,
    -0.019177122,
    -0.0069154343,
    -0.0050899806,
    0.00513335,
    0.014532663,
    0.014185709,
    0.019382142,
    0.014635173,
    -0.028387187,
    -0.032045983,
    -0.0013188215,
    0.13726783,
    0.060149297,
    0.0069390903,
    0.012939827,
    1.9543913e-05,
    0.04261232,
    0.03794421,
    0.035736315,
    0.08106119,
    -0.07828555,
    -0.012269573,
    -0.00621364,
    -0.096894935,
    0.016874606,
    0.018845938,
    0.02009182,
    0.0448833,
    -0.0044394406,
    0.013712589,
    -0.014485351,
    0.005768119,
    0.028292565,
    -0.020612253,
    0.0023320864,
    -0.031730566,
    -0.017710451,
    0,
    0.015715463,
    -0.033370715,
    -0.018073177,
    0.025532698,
    0.065164365,
    0.019492535,
    0.009462396,
    0.012135522,
    -0.014879618,
    -0.0035720544,
    -0.010676737,
    0.006320092,
    -0.022126235,
    0.008934079,
    -0.038795825,
    -0.027267471,
    0.012040899,
    -0.02006028,
    -0.0013759901,
    -0.07027406,
    0.015336967,
    0.028812995,
    0.028276794,
    -0.036461767,
    -0.0050347834,
    -0.039458193,
    -0.049551412,
    0.0313363,
    -0.024759935,
    -0.01134699,
    0.011977816,
    -0.028371418,
    -0.014493236,
    -0.0012429252,
    0.025690405,
    -0.00045488498,
    -0.039111238,
    -0.0016559192,
    -0.029727694,
    0.06800309,
    -0.0014893417,
    -0.037187215,
    0.01627532,
    0.0064107734,
    0.016133385,
    0.020359922,
    0.033559963,
    -0.07386977,
    -0.053714868,
    0.012230147,
    0.014777108,
    -0.049236,
    0.0151161775,
    -0.018041635,
    0.024618,
    0.06894933,
    0.012490363,
    -0.012458822,
    -0.008397876,
    0.05645896,
    -0.0030319095,
    -0.012482477,
    -0.007889273,
    -0.00086393644,
    -0.01312119,
    -0.0011315448,
    -0.022583585,
    0.029491134,
    -0.11581973,
    -0.05951847,
    -0.026810123,
    0.024081798,
    0.03009042,
    -0.036020186,
    -0.02747249,
    0.0155104445,
    0.024318358,
    -0.0039998335,
    -0.019303288,
    -0.06333497,
    0.043085445,
    -0.03201444,
    0.0082953675,
    -0.0050387257,
    0.0033985772,
    0.025516927,
    0.015400049,
    0.09834584,
    -0.02244165,
    -0.047438145,
    -0.0016766182,
    -0.0027697221,
    -0.034190793,
    0.039647438,
    0.021179996,
    0.013767786,
    0.08257517,
    0.02412911,
    -0.02507535,
    -0.0041595115,
    0.005598584,
    -0.02769328,
    -0.004932274,
    0.015526215,
    0.011993587,
    0.013381405,
    -0.017868157,
    -0.086107805,
    0.019618701,
    0.0030082534,
    -0.000829931,
    0.0036587932,
    -0.00883157,
    -0.0060519907,
    -0.08478307,
    0.0047942805,
    -0.0014568147,
    0.01421725,
    -0.06522745,
    -0.019744866,
    0.0038224137,
    0.09449779,
    0.0026573562,
    0.0506869,
    0.02485456,
    0.020974977,
    0.0026593276,
    -0.023435201,
    -0.04753277,
    0.06800309,
    0.031083971,
    0.09676877,
    0.013783556,
    0.013909722,
    0.018041635,
    0.03696643,
    -0.0056695524,
    -0.0095806755,
    -0.050497655,
    -0.006249124,
    0.009352001,
    0.047753558,
    0.0127269225,
    0.065605946,
    0.010377094,
    0.0060046786,
    -0.017647369,
    0.012868859,
    -0.11266559,
    0.05210626,
    0.019287517,
    -0.03299222,
    0.094687045,
    0.039016612,
    -0.0050899806,
    -0.016543422,
    0.040972173,
    0.021337703,
    0.012931941,
    -0.027125536,
    0.056742836,
    -0.049204458,
    -0.03510549,
    0.010006484,
    0.041918416,
    0.026021589,
    0.05119156,
    -0.048415925,
    0.005649839,
    0.037155677,
    -0.03986823,
    -0.0132710105,
    0.013278896,
    0.008555583,
    0.041603003,
    0.006497512,
    0.040025935,
    0.029191492,
    0.11493657,
    -0.06718301,
    0.024491835,
    -0.031099742,
    0.051727764,
    0.0012685525,
    0.013696819,
    -0.018372819,
    0.10541109,
    0.011007921,
    0.028071774,
    0.017284643,
    -0.032929137,
    0.0070218863,
    -0.025658865,
    -0.030721245,
    0.083206005,
    -0.026605103,
    0.024081798,
    -0.03422233,
    -0.021116914,
    0.036997966,
    -0.0770239,
    -0.04377935,
    0.06472279,
    0.040909093,
    -0.032045983,
    0.0065132827,
    0.007577802,
    0.09430855,
    -0.030752787,
    -0.12805776,
    0.026258148,
    -0.0023143443,
    0.019066729,
    -0.008437303,
    0.049614497,
    0.09903974,
    -0.01563661,
    0.026825892,
    -0.055323474,
    -0.021164225,
    0.054156445,
    0.017379267,
    -0.027756361,
    -0.0072663315,
    0.080430366,
    0.023845239,
    -0.049078293,
    -0.05667975,
    -0.059550013,
    0.0064107734,
    0.002679041,
    -0.013854525,
    0.018562067,
    0.004967758,
    0.08869419,
    -0.016764212,
    0.009415084,
    0.02627392,
    0.11537815,
    -0.0025587897,
    0.08882035,
    -0.039332025,
    0.003599653,
    -0.038385786,
    -0.055134226,
    -0.008342679,
    -0.019145582,
    0.04898367,
    0.028954932,
    0.04422093,
    -0.06857083,
    -0.0019259918,
    -0.028008692,
    0.004967758,
    0.08535081,
