{
  "chunk_index": 353,
  "token_start": 158850,
  "token_end": 159350,
  "text": "ểm đ đến điểm h khoản này.\n\n3.240 Phạm tội thuộc một trong các trường hợp sau đây, thì bị phạt tù từ 15 năm đến 20 năm:\n\na) Có tính chất chuyên nghiệp;\n\nb) Nhựa thuốc phiện, nhựa cần sa hoặc cao côca có khối lượng từ 01 kilôgam đến dưới 05 kilôgam;\n\nc) Heroine, Cocaine, Methamphetamine, Amphetamine, MDMA hoặc XLR-11 có khối lượng từ 30 gam đến dưới 100 gam;\n\nd) Các chất ma túy khác ở thể rắn có khối lượng từ 100 gam đến dưới 300 gam;\n\nđ) Các chất ma túy khác ở thể lỏng có thể tích từ 200 mililít đến dưới 750 mililít;\n\ne) Có 02 chất ma túy trở lên mà tổng khối lượng hoặc thể tích của các chất đó tương đương với khối lượng hoặc thể tích chất ma túy\nquy định tại một trong các điểm từ điểm b đến điểm đ khoản này.\n\n4.241 Phạm tội thuộc một trong các trường hợp sau đây, thì bị phạt tù 20 năm, tù chung thân hoặc tử hình:\n\na) Nhựa thuốc phiện, nhựa cần sa hoặc cao côca có khối lượng 05 kilôgam trở lên;\n\nb) Heroine, Cocaine, Methamphetamine, Amphetamine, MDMA hoặc XLR-11 có khối lượng 100 gam trở lên;\n\nc) Các chất ma túy khác ở thể rắn có khối lượng 300 gam trở lên;\n\nd) Các chất ma túy khác ở thể lỏ",
  "embedding": [
    -0.0004157895,
    -0.10737993,
    -0.03744565,
    -0.12292088,
    -0.0003522043,
    0.07328362,
    0.022959745,
    0.05442682,
    0.027163168,
    0.11521739,
    -0.016076844,
    -0.06651794,
    0.0005594449,
    -0.14388776,
    -0.049101364,
    -0.02736413,
    0.07730283,
    -0.07710187,
    0.059484325,
    0.00494028,
    -0.007540208,
    0.14080636,
    0.10349469,
    -0.07757077,
    -0.081523,
    0.00831893,
    -0.030529259,
    -0.009512133,
    0.057206772,
    0.075025275,
    0.018722825,
    -0.01711514,
    -0.016721593,
    -0.00033833593,
    -0.011220298,
    -0.056938827,
    -0.0927098,
    0.013673691,
    -0.03754613,
    -0.17738119,
    -0.037579626,
    0.0632021,
    -0.013564838,
    -0.0025475938,
    0.021820968,
    -0.03985718,
    -0.020966886,
    0.033158492,
    -0.03791456,
    -0.020665444,
    0.01611871,
    0.04340748,
    -0.00960424,
    -0.012903343,
    0.082326844,
    -0.096327096,
    0.030428778,
    0.005371508,
    -0.06119249,
    -0.016755087,
    0.020916644,
    0.017801756,
    0.07448938,
    -0.03235465,
    -0.020497978,
    -0.030026857,
    0.017567303,
    0.039053336,
    0.035904955,
    -0.01591775,
    -0.09230788,
    0.05178084,
    -0.05228324,
    0.0007242953,
    0.15313195,
    -0.04468023,
    -0.019543415,
    0.004075731,
    0.008850638,
    0.019643895,
    0.08594413,
    -0.00935304,
    -0.020581711,
    -0.03423028,
    0.031567555,
    0.12184908,
    0.047862105,
    0.028201465,
    -0.026962208,
    -0.04086198,
    0.01556607,
    -0.01309593,
    0.02741437,
    0.015080416,
    0.029608188,
    -0.02002907,
    0.0015689577,
    -0.006698685,
    -0.045283113,
    -0.009679601,
    -0.009888934,
    -0.029055547,
    0.042838093,
    0.043608442,
    0.015356736,
    -0.0038831441,
    -0.009729841,
    0.03500063,
    0.017064901,
    -0.0033995828,
    -0.0007389487,
    -0.0003731377,
    -0.09418351,
    -0.06939838,
    -0.024533935,
    -0.009311172,
    -0.020698939,
    -0.034330763,
    -0.041665822,
    -0.02012955,
    -0.042603638,
    0.036708795,
    0.017600795,
    -0.023244439,
    0.055766556,
    -0.03357716,
    -0.0063470043,
    0.0165625,
    -0.016462019,
    -0.010039655,
    -0.09411653,
    -0.039756697,
    0.0022817396,
    -0.012760996,
    -0.0259909,
    -0.03046227,
    0.0025224737,
    0.0033974894,
    -0.047761627,
    0.039756697,
    -0.03520159,
    0.020447737,
    0.008900878,
    0.05034062,
    -0.019744376,
    0.025907166,
    0.02450044,
    -0.04886691,
    -0.008000743,
    -0.029005308,
    -0.0044923057,
    0.053924415,
    0.04809656,
    0.019275468,
    -0.030696725,
    0.01721562,
    -0.01738309,
    0.046857305,
    0.01189854,
    -0.00067667186,
    -0.0021519526,
    0.041866783,
    -0.057910133,
    -0.05358948,
    -0.02619186,
    0.0021289259,
    -0.042402677,
    0.0068954593,
    0.0044295057,
    -0.0050030807,
    0.017198874,
    -0.0328738,
    -0.00238222,
    0.028067492,
    0.0062297774,
    -0.017617542,
    -0.0110277105,
    -0.077972695,
    0.010165255,
    -0.0007310987,
    0.0039417576,
    0.014184467,
    0.040594034,
    -0.032840304,
    -0.03220393,
    0.0036277568,
    -0.00030745918,
    0.024852123,
    0.053020094,
    0.038584426,
    -0.034113053,
    0.06702035,
    -0.032069955,
    0.030294804,
    -0.022993237,
    0.014938069,
    0.004973774,
    -0.011697579,
    0.08694894,
    -0.011764566,
    0.086279064,
    0.051579878,
    -0.01536511,
    -0.00835661,
    0.002308953,
    -0.05013966,
    0.02439996,
    0.0043541454,
    0.015448843,
    -0.023194198,
    -0.0009163592,
    -0.05024014,
    -0.027866531,
    0.013707185,
    0.007971436,
    0.023261184,
    -0.021301819,
    -0.015942872,
    0.0046095327,
    -0.015423723,
    -0.015231135,
    -0.050608568,
    0.014896202,
    0.019141493,
    0.004333212,
    -0.020749178,
    -0.022055421,
    0.0186056,
    -0.018304158,
    0.041029446,
    0.022088915,
    -0.0035168098,
    -0.03459871,
    0.017768262,
    0.025856925,
    0.0024513002,
    0.041598834,
    0.032840304,
    -0.0051077474,
    0.023244439,
    0.09465242,
    -0.050843023,
    -0.011806433,
    0.008741784,
    0.023311425,
    -0.049603764,
    0.034632202,
    -0.044713724,
    0.048163548,
    0.0083901035,
    -0.054493804,
    -0.016755087,
    -0.018103197,
    -0.026945462,
    -0.04571853,
    0.010324349,
    0.012568409,
    -0.036038928,
    -0.006443298,
    0.034397747,
    0.012375821,
    -0.023261184,
    -0.011865047,
    -0.044311803,
    -0.0030541818,
    0.067221306,
    0.018052956,
    0.0076993015,
    0.018203678,
    -0.041900277,
    0.07964737,
    -0.023730094,
    -0.008599437,
    0.036574822,
    0.06708733,
    0.02619186,
    -0.00826869,
    -0.018823305,
    -0.04946979,
    -0.0136653185,
    -0.02073243,
    0.00821845,
    0.046522368,
    0.042603638,
    -0.056067996,
    -0.019526668,
    0.039354775,
    -0.017023034,
    -0.039220802,
    0.026007645,
    0.048632454,
    0.035335567,
    -0.05727376,
    -0.009420026,
    -0.07783873,
    0.072546765,
    0.03367764,
    0.008875758,
    0.03965622,
    -0.0036675301,
    0.017768262,
    -0.0023612867,
    0.01067603,
    0.04615394,
    -0.02175398,
    -0.06480978,
    -0.044847697,
    0.038282987,
    0.009319546,
    0.07556117,
    0.042067744,
    0.016805327,
    0.035804473,
    0.044412285,
    -0.016328046,
    0.010491816,
    0.09867164,
    0.025136817,
    -0.09344666,
    0.07817366,
    0.0056478293,
    0.05013966,
    -0.100212336,
    -0.0053003347,
    0.0110277105,
    0.0377136,
    0.03644085,
    0.07609706,
    -0.10014535,
    0.06497725,
    -0.009394906,
    0.023679852,
    0.10972446,
    0.0004254712,
    -0.04290508,
    -0.03784757,
    -0.014100732,
    0.050072674,
    -0.047828615,
    0.07368554,
    0.0048481734,
    -0.012970329,
    -0.02002907,
    -0.006937326,
    -0.0027087808,
    -0.053555988,
    0.031215874,
    0.06604904,
    0.024617668,
    0.049436297,
    0.030679978,
    0.015800525,
    0.038249493,
    -0.008658051,
    -0.0040380512,
    0.037077222,
    0.056905333,
    0.027699064,
    0.0259909,
    -0.11119818,
    0.011940407,
    0.016060097,
    0.02272529,
    -0.017701276,
    -0.10537032,
    0.0020629857,
    -0.020196537,
    0.014469161,
    0.04427831,
    -0.006870339,
    0.0053170817,
    -0.08487234,
    0.05784315,
    0.04632141,
    0.086145096,
    -0.0123925675,
    -0.007720235,
    0.087149896,
    -0.07777174,
    0.01092723,
    -0.019074507,
    0.074020475,
    0.008151462,
    0.07469034,
    -0.03520159,
    -0.011178431,
    -0.013682065,
    0.0402591,
    0.030998167,
    0.0067698588,
    0.009713094,
