{
  "chunk_index": 61,
  "token_start": 27450,
  "token_end": 27950,
  "text": "ều 68. Tạm đình chỉ chấp hành hình phạt tù\n\n1. Người đang chấp hành hình phạt tù mà thuộc một trong các trường hợp quy định tại khoản 1 Điều 67 của Bộ luật này, thì có thể được\ntạm đình chỉ chấp hành hình phạt tù.\n\n2. Thời gian tạm đình chỉ không được tính vào thời gian chấp hành hình phạt tù.\n\nChương X\n\n                                                             XÓA ÁN TÍCH\n\nĐiều 69. Xóa án tích\n\n1. Người bị kết án được xóa án tích theo quy định tại các điều từ Điều 70 đến Điều 73 của Bộ luật này.\n\nNgười được xóa án tích coi như chưa bị kết án.\n\n2. Người bị kết án do lỗi vô ý về tội phạm ít nghiêm trọng, tội phạm nghiêm trọng và người được miễn hình phạt không bị coi là có án\ntích.\n\nĐiều 70. Đương nhiên được xóa án tích\n\n1. Đương nhiên được xóa án tích được áp dụng đối với người bị kết án không phải về các tội quy định tại Chương XIII và Chương XXVI\ncủa Bộ luật này khi họ đã chấp hành xong hình phạt chính, thời gian thử thách án treo hoặc hết thời hiệu thi hành bản án và đáp ứng\ncác điều kiện quy định tại khoản 2 và khoản 3 Điều này.\n\n2. Người bị kết án đương",
  "embedding": [
    -0.0006596029,
    -0.03252196,
    -0.0021340998,
    -0.029356686,
    -0.0018132674,
    0.06665116,
    -0.030701518,
    -0.018434031,
    0.03509682,
    0.040804155,
    -0.06402709,
    -0.0058467365,
    -0.003345678,
    -0.03368639,
    -0.085872404,
    -0.12910381,
    0.19903505,
    0.063010275,
    0.059762996,
    0.008454397,
    -0.0074744746,
    0.022812933,
    0.14484818,
    -0.020762885,
    -0.11703313,
    0.101551175,
    -0.033555184,
    0.020008467,
    0.10161678,
    0.0013468815,
    -0.13841924,
    0.012751298,
    0.039623328,
    0.07491695,
    0.004493705,
    -0.011365466,
    -0.03755688,
    0.0035773336,
    0.04926675,
    -0.016908795,
    -0.07406413,
    0.0083108945,
    0.00092200906,
    -0.012382289,
    0.052284423,
    0.030471912,
    -0.007679479,
    -0.0121690845,
    -0.028503867,
    -0.010996457,
    0.042706598,
    0.020598881,
    0.03522802,
    -0.023403347,
    -0.017056398,
    -0.14511059,
    0.07662259,
    0.0014473338,
    0.041296165,
    0.014588141,
    0.024731778,
    -0.00063551485,
    0.039524924,
    -0.026043808,
    -0.017482808,
    -0.024518574,
    -0.031423133,
    -0.02863507,
    0.010857054,
    -0.00014273459,
    -0.09466301,
    0.10981697,
    -0.028339863,
    0.0213697,
    0.036015242,
    -0.035359226,
    -0.021664906,
    0.0020592732,
    0.06343668,
    0.011439268,
    -0.009577824,
    0.034932815,
    -0.03926252,
    0.034506407,
    0.022468524,
    0.078000225,
    -0.024059363,
    0.015555764,
    -0.00558023,
    -0.01541636,
    0.052448425,
    -0.007904985,
    -0.022599729,
    0.037425674,
    0.005227622,
    -0.013218709,
    0.026568621,
    -0.019040845,
    0.0005724759,
    0.008077188,
    0.020057669,
    -0.02953709,
    0.019516457,
    0.048545133,
    0.02051688,
    0.0023739554,
    -0.013399113,
    0.020041268,
    -0.00641665,
    0.03549043,
    -0.03676966,
    0.060156606,
    0.043067407,
    -0.033653587,
    0.047364306,
    0.040968157,
    0.081673905,
    -0.024698976,
    0.010980057,
    0.03552323,
    -0.028471066,
    0.067503974,
    0.008216592,
    -0.030980324,
    0.029356686,
    -0.10023914,
    -0.011291664,
    0.041722573,
    -0.08029628,
    0.028225059,
    -0.02527299,
    -0.033620786,
    0.016941596,
    -0.0045265057,
    -0.08016507,
    0.0070357644,
    0.011037458,
    -0.004575707,
    -0.018663635,
    0.03460481,
    -0.04014814,
    0.017220402,
    0.013120307,
    0.0021894511,
    0.02783145,
    -0.029389486,
    0.04483865,
    0.005043118,
    0.023009738,
    0.011053858,
    0.028339863,
    -0.05353085,
    -0.05481008,
    0.04870914,
    -0.0128579,
    -0.010184638,
    -0.020762885,
    0.013046505,
    0.001114201,
    0.007925485,
    0.049463555,
    0.01922125,
    -0.024190566,
    -0.011250663,
    -0.0051497202,
    0.020205272,
    -0.07321131,
    0.044576243,
    -0.0057934355,
    -0.019598458,
    0.0092990175,
    0.0010516746,
    -0.035293624,
    0.018630836,
    -0.0384097,
    -0.04201778,
    -0.015252356,
    -0.03125913,
    -0.009676226,
    -0.043821823,
    0.03335838,
    -0.038278494,
    0.01669559,
    -0.032013547,
    -0.001153152,
    0.027552644,
    -0.02696223,
    0.0065191523,
    0.048020322,
    0.044281036,
    -0.0015354858,
    0.02610941,
    -0.0051497202,
    0.028766273,
    0.00256666,
    -0.03332558,
    -0.0037864384,
    0.037917685,
    0.06494552,
    -0.019795263,
    0.034900017,
    -0.018565234,
    -0.014071529,
    -0.05481008,
    0.033292778,
    0.024256166,
    0.038344096,
    0.009274417,
    0.016096976,
    -0.04759391,
    0.022944136,
    -0.046117876,
    -0.038803305,
    -0.06110783,
    -0.021238497,
    0.013677919,
    -0.06350228,
    -0.03755688,
    0.0017855917,
    -0.0103814425,
    -0.037458476,
    -0.017876418,
    0.0053547253,
    0.018696437,
    -0.083182745,
    -0.008610201,
    -0.04664269,
    0.017794415,
    -0.011414667,
    0.004756111,
    0.095319025,
    0.0028413665,
    -0.05044758,
    -0.022402924,
    -0.0045839073,
    -0.005248123,
    0.07071845,
    -0.010939055,
    0.013079305,
    0.03457201,
    0.09177654,
    0.01410433,
    0.0063879495,
    0.012472492,
    -0.020992491,
    -0.021927312,
    0.004067295,
    0.021304097,
    -0.01833563,
    -0.0124396905,
    -0.06123903,
    0.004329701,
    -0.026896628,
    -0.00084564474,
    -0.03978733,
    -0.015022751,
    -0.010611048,
    0.0021997015,
    -0.03939372,
    0.07957466,
    0.014727544,
    0.09092373,
    -0.01621998,
    -0.027519843,
    0.007089066,
    -0.011094859,
    -0.06556873,
    -0.06474871,
    0.0052440227,
    -0.021550104,
    0.09053011,
    -0.0050390176,
    0.0010393743,
    -0.01243149,
    0.059369385,
    0.037491277,
    -0.0040980456,
    -0.0011880028,
    -0.030521113,
    -0.0038171893,
    -0.059795797,
    0.04113216,
    0.02348535,
    0.048413932,
    0.08482278,
    -0.012816899,
    -0.052514028,
    0.012915302,
    -0.042706598,
    0.046019476,
    0.037983287,
    -0.025551798,
    0.01116046,
    -0.030143904,
    -0.043067407,
    -0.009807429,
    -0.017925618,
    -0.055433296,
    0.0052727233,
    0.02819226,
    0.003638835,
    -0.039656125,
    0.022747332,
    0.019401653,
    -0.05868057,
    -0.01196408,
    0.008204292,
    0.021763308,
    -0.012456091,
    0.13094066,
    0.0036039841,
    0.01497355,
    -0.0076097776,
    -0.015153954,
    0.031193528,
    -0.0044199033,
    0.001755866,
    0.04674109,
    -0.109226555,
    -0.06369909,
    0.03470321,
    0.10069835,
    0.03801609,
    -0.003997593,
    0.0034051295,
    -0.011250663,
    0.012882501,
    0.0014862848,
    0.03716327,
    0.09400699,
    0.06245266,
    0.057204537,
    0.08803726,
    0.016875993,
    -0.053006038,
    -0.051037993,
    -0.024649777,
    0.03337478,
    0.0060640415,
    0.0010906255,
    -0.02442017,
    -0.021238497,
    0.046839494,
    0.073014505,
    0.04201778,
    0.024288967,
    0.08180511,
    0.0171712,
    0.016416784,
    -0.018204425,
    0.114409074,
    -0.011824676,
    -0.022386523,
    0.014883348,
    -0.030963924,
    0.023419747,
    -0.0068676607,
    0.003544533,
    -0.020172471,
    -0.02443657,
    -0.034965616,
    -0.035654433,
    0.0023719054,
    -0.016826794,
    -0.020861287,
    -0.02355095,
    -0.016974397,
    0.027257437,
    0.041788176,
    -0.07229289,
    0.004747911,
    -0.045658667,
    0.049004346,
    -0.09033331,
    0.08344515,
    0.0015170354,
    0.0024313568,
    -0.05641732,
    -0.009963233,
    0.034932815,
    -0.00039284042,
    0.0728177,
    -0.008618401,
    -0.040410545,
    -0.042575393,
    -0.030652316,
    -0.034637608,
    -0.064092696,
    0.022156918,
    -0.0016000624,
    0.00086819526,
