{
  "chunk_index": 692,
  "token_start": 311400,
  "token_end": 311900,
  "text": "u của\nBộ luật Hình sự số 100/2015/QH13, có hiệu lực kể từ ngày 01 tháng 01 năm 2018.\n\n313 Khoản này được sửa đổi, bổ sung theo quy định tại khoản 106 Điều 1 của Luật số 12/2017/QH14 sửa đổi, bổ sung một số điều của\nBộ luật Hình sự số 100/2015/QH13, có hiệu lực kể từ ngày 01 tháng 01 năm 2018.\n\n314 Khoản này được sửa đổi, bổ sung theo quy định tại khoản 106 Điều 1 của Luật số 12/2017/QH14 sửa đổi, bổ sung một số điều của\nBộ luật Hình sự số 100/2015/QH13, có hiệu lực kể từ ngày 01 tháng 01 năm 2018.\n\n315 Khoản này được sửa đổi, bổ sung theo quy định tại khoản 107 Điều 1 của Luật số 12/2017/QH14 sửa đổi, bổ sung một số điều của\nBộ luật Hình sự số 100/2015/QH13, có hiệu lực kể từ ngày 01 tháng 01 năm 2018.\n\n316 Khoản này được sửa đổi, bổ sung theo quy định tại khoản 107 Điều 1 của Luật số 12/2017/QH14 sửa đổi, bổ sung một số điều của\nBộ luật Hình sự số 100/2015/QH13, có hiệu lực kể từ ngày 01 tháng 01 năm 2018.\n\f317 Khoản này được sửa đổi, bổ sung theo quy định tại khoản 107 Điều 1 của Luật số 12/2017/QH14 sửa",
  "embedding": [
    8.4272415e-06,
    -0.05490181,
    -0.04832858,
    -0.0006274158,
    0.0015485835,
    0.005632374,
    -0.005913354,
    0.0005518492,
    0.034024134,
    0.053607598,
    -0.08705274,
    -0.022887107,
    0.0035633384,
    -0.015632711,
    -0.111983344,
    -0.17219822,
    0.040801715,
    -0.036306035,
    0.069717124,
    0.010626157,
    0.0047766617,
    0.07622224,
    0.079219356,
    -0.018135987,
    -0.03640821,
    0.06392723,
    -0.008991363,
    0.05282426,
    0.0074034,
    0.012226892,
    -0.047613356,
    -0.048022054,
    0.06937654,
    -0.06600478,
    0.009102052,
    0.015215498,
    0.05265397,
    -0.010694273,
    0.0077226954,
    -0.030805636,
    -0.020213539,
    0.0038209036,
    -0.046319142,
    -0.007139449,
    0.048771333,
    0.024743278,
    -0.01093268,
    0.06222432,
    -0.041755345,
    0.039609678,
    0.016407534,
    0.055344563,
    -0.08099038,
    -0.0072075655,
    -0.007667351,
    -0.20394047,
    -0.0025777796,
    0.008046248,
    0.015249556,
    0.045706097,
    0.0024074886,
    -0.0064838286,
    0.023108484,
    -0.0494525,
    -0.017122757,
    -0.012925085,
    0.042129986,
    -0.0806498,
    0.022461379,
    -0.0067094644,
    -0.10285574,
    0.04451406,
    -0.041721288,
    -0.015198469,
    0.052177154,
    -0.040052436,
    -0.023653416,
    0.021967536,
    0.052483678,
    -0.009859847,
    0.051904686,
    -0.08793826,
    -0.008484747,
    0.015964778,
    -0.006611547,
    0.04076766,
    0.041687228,
    -0.002161631,
    -0.0403249,
    -0.012252435,
    0.0254585,
    -0.02074144,
    0.08412374,
    0.00616879,
    -0.006828668,
    -0.016501196,
    -0.03186144,
    -0.041789405,
    -0.01261856,
    -0.009570353,
    0.019021502,
    -0.03732778,
    0.008838101,
    -0.008735927,
    0.00091158884,
    -0.028132068,
    -0.024845453,
    0.017156815,
    0.017029097,
    -0.0007402336,
    0.005947412,
    0.011588301,
    0.013861685,
    -0.06695841,
    -0.027791485,
    -0.0067605516,
    0.10537605,
    0.010447351,
    -0.006581746,
    0.058171395,
    -0.021269342,
    0.034007106,
    0.035011824,
    0.030430997,
    0.03811112,
    -0.08548607,
    -0.028642941,
    0.035965454,
    -0.13500668,
    -0.0044488516,
    0.006522144,
    0.017012067,
    0.028779173,
    -0.008127136,
    -0.022887107,
    -0.032304198,
    0.021967536,
    0.020145422,
    -0.038213294,
    0.018442512,
    -0.018817153,
    -0.017829465,
    0.014457704,
    0.03414334,
    -0.042981442,
    -0.05977213,
    -0.01490046,
    0.04144882,
    0.0051129865,
    0.0026331241,
    0.01329121,
    -0.021575866,
    -0.03150383,
    0.02072441,
    -0.032338254,
    -0.057217766,
    0.019549403,
    -0.04958873,
    -0.0069180704,
    0.022325145,
    -0.030243676,
    -0.019634549,
    -0.049895253,
    0.028574824,
    0.008242083,
    0.039439388,
    -0.052177154,
    -0.026241839,
    -0.015828546,
    -0.039677795,
    0.027382787,
    -0.023908852,
    -0.009451149,
    0.03545458,
    -0.028677,
    -0.02753605,
    0.013044288,
    -0.012669648,
    -0.008033477,
    -0.070227996,
    -0.018885268,
    -0.014347014,
    0.02923896,
    -0.026565392,
    -0.033870872,
    0.051802512,
    -0.0035697245,
    0.009008393,
    0.024385666,
    0.024181318,
    -0.082761414,
    -0.037804596,
    0.008829587,
    0.036919083,
    -0.04941844,
    0.013870199,
    -0.03451798,
    0.049554672,
    0.0144491885,
    0.008812558,
    0.014542849,
    0.014185238,
    0.06934248,
    0.0071479636,
    0.006769066,
    -0.041380707,
    -0.031180276,
    -0.00027100212,
    0.01961752,
    -0.027484963,
    0.0004757504,
    -0.055208333,
    -0.06259896,
    -0.033734642,
    0.01679069,
    0.041040123,
    -0.029954182,
    -0.021609925,
    0.0034909649,
    0.019855928,
    -0.034194425,
    -0.0106517,
    -0.01978781,
    0.04580827,
    -0.0093404595,
    0.044003185,
    -0.02716141,
    0.015062236,
    0.051223524,
    0.018357366,
    0.11109783,
    0.019004472,
    -0.057932988,
    -0.00546634,
    0.009280858,
    0.005602573,
    -0.025015743,
    0.031044044,
    -0.021609925,
    0.05445905,
    -0.0013346554,
    -0.006007014,
    0.029886065,
    0.007607749,
    -0.0071351915,
    -0.0038230321,
    0.0006540237,
    -0.0009366003,
    -0.014576907,
    0.0015560337,
    -0.08807449,
    -0.019140705,
    -0.024453783,
    -0.011196631,
    -0.00094138976,
    -0.003180184,
    0.00035628062,
    -0.025782052,
    -0.00022523642,
    0.02583314,
    0.012899541,
    -0.07819761,
    -0.052006863,
    0.0050108116,
    0.07036423,
    -0.05714965,
    0.043253906,
    0.03562487,
    -0.014083063,
    -0.0030077642,
    -0.0022669984,
    -0.08419185,
    0.029255988,
    0.03186144,
    0.14617777,
    0.026803799,
    -0.008493262,
    0.03146977,
    0.0384517,
    -0.033513263,
    -0.008135651,
    -0.015309158,
    0.06770769,
    0.032729924,
    0.05997648,
    -0.019464258,
    0.056161962,
    0.00021911658,
    -0.004874579,
    -0.011128515,
    0.02206971,
    -0.09297887,
    0.019702666,
    -0.0019030016,
    -0.11893121,
    0.08010487,
    0.043628547,
    -0.036816906,
    0.019907014,
    0.010643185,
    0.042743035,
    -0.012107688,
    -0.008118622,
    0.017846493,
    -0.06389317,
    -0.042504627,
    -0.0027991578,
    -0.005402481,
    0.020860644,
    0.058886617,
    -0.020026218,
    0.007560919,
    0.024079142,
    -0.046285085,
    -0.022274058,
    0.034194425,
    0.06416564,
    0.07124974,
    0.022444349,
    0.0073650843,
    0.05153005,
    0.10898622,
    -0.04866916,
    0.010438836,
    -0.0663113,
    0.02206971,
    -0.026820827,
    -0.010268546,
    -0.010149342,
    0.14781256,
    0.014840858,
    0.022665728,
    0.028046923,
    -0.019975131,
    -0.030975927,
    -0.042743035,
    -0.0019370598,
    0.08575853,
    -0.023142543,
    0.026650537,
    -0.052858315,
    -0.01121366,
    0.056059785,
    -0.029834978,
    -0.042095926,
    0.063246064,
    0.0972702,
    -0.020775499,
    0.010166371,
    0.011486126,
    0.09257017,
    -0.023346892,
    -0.05163222,
    0.07812949,
    -0.021490721,
    0.00904245,
    -0.01160533,
    0.0057941503,
    0.03773648,
    -0.054561228,
    0.010856049,
    -0.030107444,
    -0.035113998,
    0.048192345,
    0.011009311,
    -0.02848968,
    -0.016254272,
    0.056672834,
    0.028608883,
    -0.08289764,
    -0.0063433386,
    -0.025577703,
    -0.027348729,
    -0.045365512,
    0.013895743,
    0.012252435,
    -0.009868362,
    0.028200185,
    0.011196631,
    -0.0022095253,
    -0.008212282,
    0.08739333,
    -0.01394683,
    0.0648468,
    0.0065902607,
    -0.021371517,
    -0.021269342,
    -0.043117672,
    -0.0139638595,
    -0.025305238,
    0.022137826,
    0.04826046,
    0.010515467,
    -0.07676717,
    0.061543155,
