{
  "chunk_index": 192,
  "token_start": 86400,
  "token_end": 86900,
  "text": " thuốc lá điếu nhập lậu từ 1.500 bao đến dưới 3.000 bao;\n\nc) Sản xuất, buôn bán pháo nổ từ 06 kilôgam đến dưới 40 kilôgam;\n\nd) Sản xuất, buôn bán hàng hóa khác mà Nhà nước cấm kinh doanh, cấm lưu hành, cấm sử dụng trị giá từ 100.000.000 đồng đến dưới\n300.000.000 đồng hoặc thu lợi bất chính từ 50.000.000 đồng đến dưới 200.000.000 đồng;\n\nđ) Sản xuất, buôn bán hàng hóa chưa được phép lưu hành, chưa được phép sử dụng tại Việt Nam trị giá từ 200.000.000 đồng đến dưới\n500.000.000 đồng hoặc thu lợi bất chính từ 100.000.000 đồng đến dưới 300.000.000 đồng;\n\ne) Sản xuất, buôn bán hàng hóa dưới mức quy định tại các điểm a, b, c, d và đ khoản này nhưng đã bị xử phạt vi phạm hành chính về\nmột trong các hành vi quy định tại Điều này hoặc tại một trong các điều 188, 189, 191, 192, 193, 194, 195, 196 và 200 của Bộ luật này\nhoặc đã bị kết án về một trong các tội này, chưa được xóa án tích mà còn vi phạm.\n\n2.120 Phạm tội thuộc một trong các trường hợp sau đây, thì bị phạt tiền từ 1.000.000.000 đồng đến ",
  "embedding": [
    -0.00013492627,
    -0.04934019,
    -0.11533681,
    -0.12654096,
    -0.000672642,
    0.018768445,
    0.061113533,
    0.029328503,
    0.018528784,
    0.0517368,
    -0.11587605,
    -0.08172437,
    0.00457977,
    -0.108746134,
    0.004781984,
    -0.098740295,
    -0.011346446,
    -0.10437232,
    0.06626624,
    0.00065391854,
    -0.0112640625,
    0.09256902,
    0.14691213,
    -0.13373078,
    -0.124863334,
    0.11120266,
    -0.03124579,
    0.06590675,
    0.035679515,
    0.008343196,
    -0.052695442,
    0.022408295,
    0.011878193,
    -0.0043475986,
    -0.005594584,
    -0.0008771964,
    0.019397555,
    0.004482408,
    0.009960907,
    -0.09897996,
    -0.005343689,
    0.01995177,
    0.06554726,
    0.0039094687,
    0.060783997,
    -0.046374384,
    -0.010852145,
    0.0013143903,
    -0.06866285,
    -0.040562607,
    0.030856341,
    0.025583802,
    0.04823176,
    -0.006111353,
    0.080765724,
    -0.08891419,
    0.01605728,
    -0.0068939957,
    -0.048351586,
    0.09532513,
    -0.0077964687,
    -0.035080366,
    0.04280943,
    -0.027785687,
    -0.010889593,
    -0.019637216,
    0.064468786,
    0.04946002,
    0.017734908,
    -0.010612484,
    -0.12054943,
    -0.011878193,
    -0.043588325,
    0.019772025,
    0.17375416,
    -0.03517024,
    -0.014544421,
    0.005369902,
    0.07585268,
    0.014851486,
    0.04895074,
    -0.0045573018,
    -0.0014744763,
    -0.083641656,
    -0.004130406,
    0.0158326,
    0.028983992,
    0.035349984,
    -0.015727747,
    0.043318707,
    -0.0030556766,
    0.12857808,
    0.019652193,
    0.018723508,
    0.0033795931,
    0.0006600037,
    0.002209374,
    -0.004156619,
    0.011720916,
    -0.00062162045,
    -0.011481255,
    -0.07800963,
    0.016341878,
    -0.007729064,
    -0.05209629,
    -0.0078938315,
    0.013166371,
    0.020925393,
    -0.008163449,
    0.0018330314,
    -0.015008764,
    0.009481585,
    -0.050538495,
    -0.08118513,
    0.026946872,
    0.021494588,
    -0.028070284,
    -0.034571085,
    -0.032264348,
    -0.057159126,
    -0.01996675,
    0.04206049,
    -0.010020821,
    0.07255734,
    0.03403185,
    -0.06357005,
    -0.028025348,
    -0.0030500595,
    -0.12024986,
    -0.024220731,
    -0.015143573,
    -0.014349697,
    0.06536751,
    -0.0017637545,
    -0.060604252,
    0.0011271551,
    0.008021151,
    0.026242869,
    -0.06090383,
    0.028954033,
    -0.02359162,
    -0.03037702,
    0.039304387,
    -0.003458232,
    -0.02071569,
    -0.028369859,
    0.0094066905,
    -0.03127575,
    0.019262746,
    -0.010582527,
    -0.010597506,
    -0.016027324,
    -0.007365828,
    0.005384881,
    -0.010380313,
    -0.023022426,
    -0.043738116,
    0.03825587,
    0.0053362,
    0.018858317,
    0.006991358,
    0.048381545,
    -0.014911402,
    0.049280275,
    0.00042104488,
    -0.0013602629,
    0.027066704,
    -0.013473436,
    -0.001851755,
    -0.11246088,
    0.00052004546,
    0,
    -0.03100613,
    -0.00012837305,
    -0.017345458,
    -0.015667832,
    0.017914653,
    -0.017225627,
    -0.006287354,
    -0.04505625,
    -0.016506644,
    0.018603677,
    0.0036716799,
    -0.015158553,
    0.0023404385,
    -0.036608204,
    -0.034301467,
    0.023786345,
    0.02673717,
    0.03100613,
    -0.00049757725,
    0.060334634,
    -0.021734249,
    0.0018564358,
    -0.025389077,
    0.04481659,
    0.01254475,
    0.023411876,
    0.06836327,
    0.005332455,
    -0.04068244,
    0.063809715,
    0.0016794987,
    -0.0102829505,
    -0.030092422,
    -0.05254565,
    0.014536932,
    0.013593267,
    0.0029433356,
    0.017345458,
    -0.00790132,
    -0.047362987,
    -0.026812064,
    -0.038974855,
    -0.017974569,
    0.03627867,
    -0.017060861,
    -0.043348666,
    0.010732315,
    -0.00180401,
    -0.0014800933,
    -0.028369859,
    0.020416113,
    0.025029587,
    0.0013471565,
    -4.636994e-05,
    0.004894325,
    0.04703345,
    0.030047486,
    0.018798402,
    0.07022064,
    0.009099625,
    0.00174035,
    0.014372165,
    -0.0031343154,
    0.05284523,
    0.06392954,
    0.03478079,
    0.012956668,
    0.04784231,
    0.07567293,
    -0.011481255,
    -0.017015925,
    -0.014993785,
    0.0066431006,
    -0.02120999,
    0.017779844,
    0.021239948,
    -0.009698777,
    -0.004568536,
    -0.035439856,
    -0.001403327,
    0.00966133,
    -0.06159285,
    -0.02097033,
    0.017255586,
    8.1798324e-05,
    -0.024655115,
    -0.0021925229,
    0.006983869,
    0.031096002,
    -0.032563925,
    -0.01066491,
    -0.03789638,
    0.001403327,
    0.09502555,
    0.09196987,
    0.029792847,
    0.0071598697,
    6.436206e-05,
    0.01079223,
    -0.0263627,
    0.012215217,
    0.008815028,
    0.071119376,
    0.026212912,
    0.0016139664,
    -0.0030182295,
    -0.0030069954,
    0.0062424177,
    -0.046913624,
    -0.029702973,
    -0.079926915,
    -0.008642771,
    0.017540183,
    -0.024759967,
    0.085139535,
    -0.021913994,
    -0.0047033452,
    -0.009466606,
    0.026272826,
    0.05485239,
    -0.020161474,
    -0.0052425824,
    0.0018798403,
    0.01683618,
    -0.0119006615,
    -0.027426194,
    0.028819224,
    0.013840417,
    0.013188839,
    0.027516067,
    0.024070943,
    -0.024939712,
    0.0028646968,
    -0.027396237,
    -0.037686676,
    -0.016252005,
    -0.04694358,
    -0.07273708,
    0.008455536,
    0.036218755,
    -0.040203117,
    0.0011074955,
    -0.008066087,
    0.052785315,
    -8.1271726e-05,
    0.026557423,
    -0.04158117,
    -0.033792187,
    0.06518777,
    0.012522282,
    -0.07255734,
    0.021195011,
    -0.03564956,
    0.041341506,
    0.022123698,
    0.05733887,
    -0.0063659926,
    0.060334634,
    -0.0318749,
    0.044756673,
    0.08951335,
    -0.002529546,
    -0.012514793,
    -0.008043619,
    -0.03112596,
    0.022258507,
    -0.032923415,
    -0.008373152,
    0.008852474,
    -0.015982386,
    0.00031081022,
    -0.06554726,
    0.06614641,
    -0.0065569724,
    -0.013967738,
    0.0055271797,
    -0.0009258775,
    -0.05736883,
    0.04379803,
    0.056170523,
    0.025823463,
    0.028939053,
    0.046374384,
    0.00014417102,
    8.489941e-05,
    0.020880457,
    0.10077741,
    -0.12180766,
    0.010822188,
    -0.018978149,
    0.017030902,
    0.01443208,
    -0.1266608,
    -0.010185588,
    0.0013031561,
    -0.0037765317,
    0.06542743,
    -0.046134725,
    -0.025538865,
    -0.015712768,
    0.026332742,
    -0.07603242,
    0.053983618,
    0.009122093,
    -0.034990493,
    0.018798402,
    -0.010904571,
    -0.0071711037,
    -0.010372823,
    0.03163524,
    0.007219785,
    0.038495533,
    -0.017764864,
    -0.09850063,
    -0.00991597,
    0.023576641,
    0.12462367,
    0.023307024,
    -0.0012947306,
    0.040832225,
    -0.020176452,
    0.02712662,
    -0.035799347,
    -0.03511032,
