{
  "chunk_index": 518,
  "token_start": 233100,
  "token_end": 233600,
  "text": "ì bị phạt tù từ 07 năm đến 15 năm:\n\na) Phạm tội 02 lần trở lên đối với người từ đủ 13 tuổi đến dưới 16 tuổi;\n\nb) Gây tổn hại cho sức khỏe của nạn nhân mà tỷ lệ tổn thương cơ thể 61% trở lên.\n\n4. Người phạm tội còn bị phạt tiền từ 10.000.000 đồng đến 50.000.000 đồng.\n\nChương XXII\n\n                                        CÁC TỘI XÂM PHẠM TRẬT TỰ QUẢN LÝ HÀNH CHÍNH\n\nĐiều 330. Tội chống người thi hành công vụ\n\n1. Người nào dùng vũ lực, đe dọa dùng vũ lực hoặc dùng thủ đoạn khác cản trở người thi hành công vụ thực hiện công vụ của họ hoặc\nép buộc họ thực hiện hành vi trái pháp luật, thì bị phạt cải tạo không giam giữ đến 03 năm hoặc phạt tù từ 06 tháng đến 03 năm.\n\n2. Phạm tội thuộc một trong các trường hợp sau đây, thì bị phạt tù từ 02 năm đến 07 năm:\n\na) Có tổ chức;\n\nb) Phạm tội 02 lần trở lên;\n\nc) Xúi giục, lôi kéo, kích động người khác phạm tội;\n\nd) Gây thiệt hại về tài sản 50.000.000 đồng trở lên;\n\nđ) Tái phạm nguy hiểm.\n\nĐiều 331. Tội lợi dụng các",
  "embedding": [
    -9.864623e-05,
    0.016819831,
    -0.112763934,
    -0.18522345,
    0.00059718295,
    0.063425764,
    0.0013236733,
    0.022063196,
    0.040967736,
    -2.9149684e-05,
    0.0152484,
    0.018572884,
    0.012468785,
    0.04662173,
    -0.032755237,
    -0.14188673,
    0.13316883,
    0.048358988,
    0.0973497,
    0.005503954,
    -0.015832752,
    0.0340187,
    0.11484864,
    -0.0762499,
    0.03411346,
    0.0976024,
    -0.023500383,
    -0.05451836,
    0.041062497,
    0.04276817,
    -0.0950123,
    -0.044442255,
    -0.034145046,
    0.01884137,
    0.0030362557,
    0.0002835385,
    0.039230477,
    0.01051042,
    0.037398458,
    -0.05900365,
    -0.0642786,
    0.048074707,
    0.061246295,
    -0.016330238,
    0.022315888,
    0.0012516165,
    -0.007659735,
    0.06320466,
    -0.034713604,
    -0.01041566,
    0.010984218,
    0.036419276,
    0.05720322,
    0.003099429,
    0.07113288,
    -0.14277114,
    0.014403461,
    -0.013953352,
    -0.008694194,
    0.059698552,
    0.026216825,
    -0.016424999,
    0.09374884,
    -0.023010792,
    -0.033292208,
    -0.035345335,
    0.012855721,
    -0.07195413,
    0.0178306,
    -0.07662894,
    -0.15919614,
    -0.040209662,
    -0.012342439,
    0.07574452,
    -0.0059974934,
    -0.018367572,
    -0.0041417847,
    0.012073954,
    -0.016693484,
    0.0089153,
    -0.008449399,
    0.017483149,
    -0.033797596,
    -0.032628894,
    0.03619817,
    0.07763971,
    0.017862186,
    0.02357935,
    -0.026690623,
    0.027890911,
    0.03919889,
    0.04978038,
    0.07896634,
    -0.015232607,
    0.030196728,
    0.008228293,
    -0.018746609,
    -0.0090416465,
    -0.0020037708,
    0.003448855,
    0.019615239,
    -0.033386968,
    0.011789675,
    0.03509264,
    0.026074685,
    -0.00973655,
    -0.036103413,
    0.03256572,
    0.022505406,
    0.023216104,
    -0.015406333,
    0.02507971,
    -0.078460954,
    -0.024226874,
    0.0061080465,
    0.027764566,
    -0.055339612,
    -0.052939035,
    -0.0041773194,
    -0.0040904563,
    -0.021526225,
    0.019773172,
    0.008433606,
    0.0059461654,
    0.014016526,
    0.0012338491,
    -0.019725792,
    -0.007134609,
    -0.069743074,
    -0.03335538,
    -0.069553554,
    -0.05944586,
    0.01365328,
    0.016053857,
    0.005353918,
    -0.015406333,
    0.01677245,
    0.034682017,
    -0.006167271,
    0.04662173,
    -0.0116475355,
    0.0041654743,
    0.04415798,
    0.033292208,
    -0.048295815,
    -0.023468796,
    -0.019188821,
    -0.014087595,
    -0.004643221,
    0.0064554983,
    0.031191705,
    -0.015587956,
    -0.028664783,
    0.015516886,
    -0.06481557,
    -0.011181634,
    -0.015256297,
    0.04349466,
    0.018035913,
    0.041157257,
    0.021715743,
    0.023358244,
    -0.055213265,
    -0.058845717,
    -0.008599435,
    0.05088591,
    0.001493451,
    0.041378364,
    -0.020357523,
    0.011584362,
    0.0377775,
    -0.024748052,
    -0.024511153,
    -0.006262031,
    -0.0037666946,
    0.0024696724,
    -0.054044563,
    -0.059982833,
    -0.01797274,
    -0.093685664,
    0.015114157,
    -0.036766727,
    0.092674896,
    -0.018430743,
    -0.008441502,
    -0.021463051,
    -0.014711429,
    -0.013211069,
    0.061593745,
    0.053033795,
    0.010036622,
    0.030307282,
    -0.014063905,
    0.073091246,
    -0.011623845,
    0.0006820718,
    0.026643243,
    -0.005879044,
    0.07650259,
    -0.014103388,
    0.045989998,
    0.006163323,
    0.061972786,
    0.0105578,
    0.0373037,
    -0.019015094,
    0.016535552,
    0.020168003,
    0.01224768,
    -0.005764543,
    0.0125319585,
    -0.039072547,
    -0.031475984,
    -0.04640062,
    0.006080408,
    0.0483274,
    -0.03812495,
    -0.013029446,
    0.013195275,
    0.005879044,
    -0.01850971,
    -0.00072797097,
    -0.008709988,
    0.025190262,
    0.018114878,
    0.010328798,
    -0.0018695281,
    0.0025091555,
    -0.012216093,
    0.027417114,
    0.08957942,
    -0.0006406144,
    -0.028159397,
    -0.04908548,
    -0.017514734,
    0.015722198,
    0.06949038,
    -0.0092706485,
    0.0008148339,
    0.11409057,
    0.09349615,
    0.0071661957,
    0.020626009,
    0.01062887,
    -0.0035712528,
    -0.046369035,
    0.024653291,
    -0.05170716,
    0.04412639,
    0.012374026,
    -0.056508314,
    -0.058024466,
    0.0042444407,
    -0.0023235846,
    -0.01754632,
    0.02421108,
    0.01778322,
    -0.060330283,
    -0.04567413,
    0.050380524,
    0.04024125,
    -0.03755639,
    0.019599445,
    0.0062028063,
    0.048074707,
    -0.030860046,
    0.11213221,
    -0.023768868,
    -0.017230455,
    0.002016603,
    0.040967736,
    -0.005930372,
    0.035882305,
    0.024384806,
    0.058403507,
    0.0631099,
    0.0059974934,
    0.04677966,
    -0.0074149393,
    -0.028412089,
    -0.052180957,
    0.010565696,
    0.060804084,
    0.040746633,
    0.04542144,
    -0.015335264,
    0.122050375,
    0.03194978,
    0.027038075,
    -0.03604024,
    -0.0013680919,
    -0.0078018745,
    -0.002230799,
    0.024037354,
    -0.012539855,
    0.093875185,
    0.01039197,
    0.043905284,
    -0.02310555,
    0.039451584,
    -0.002951367,
    -0.051107015,
    0.005764543,
    -0.00303823,
    -0.010478834,
    0.019030888,
    -0.012895203,
    0.02315293,
    -0.0036758832,
    0.043463074,
    0.0042681308,
    0.05094908,
    0.037398458,
    -0.016488172,
    0.0034310876,
    0.04870644,
    0.037809085,
    0.05764543,
    -0.021352498,
    -0.0015122055,
    0.005484212,
    0.061593745,
    -0.021968435,
    0.02822257,
    -0.047095526,
    0.01060518,
    0.054834228,
    0.03575596,
    -0.07606038,
    0.0999398,
    -0.025885167,
    -0.00011431611,
    0.08294624,
    0.034271393,
    -0.002465724,
    -0.030907426,
    -0.03575596,
    0.046684902,
    0.0021478846,
    -0.029375479,
    -0.0373037,
    0.004769567,
    0.096149415,
    0.04194692,
    0.03131805,
    -0.03973586,
    0.119081244,
    0.03550327,
    -0.04861168,
    0.009602307,
    0.12735692,
    -0.061593745,
    0.048264228,
    -0.018525504,
    -0.049306583,
    0.014435047,
    -0.02923334,
    0.024811225,
    0.123819225,
    -0.0028250208,
    0.00046047248,
    -0.017167283,
    -0.01592751,
    -0.003985826,
    -0.06936403,
    0.0026058892,
    -0.082504034,
    0.022505406,
    -0.07820827,
    -0.019504687,
    -0.009389098,
    -0.089705765,
    0.04441067,
    -0.054107737,
    0.08206182,
    -0.021936849,
    0.08004028,
    0.02165257,
    -0.0057013696,
    0.024037354,
    0.009278545,
    0.116301626,
    -0.0003025398,
    0.023468796,
    -0.023326658,
    -0.02357935,
    -0.039799035,
    -0.043968458,
    -0.033797596,
    0.02454274,
    -0.0096496865,
    -0.056381967,
    -0.019046681,
    -0.0036403483,
    0.048769612,
    -0.0040016193,
    -0.008631021,
    0.07568134,
    0.05938269,
