{
  "chunk_index": 415,
  "token_start": 186750,
  "token_end": 187250,
  "text": " bị phạt tù từ 03 năm đến 10 năm:\n\na) Làm chết 02 người;\n\nb) Gây thương tích hoặc gây tổn hại cho sức khỏe của 02 người trở lên màtổng tỷ lệ tổn thương cơ thể của những người này từ 122%\nđến 200%;\n\nc) Gây thiệt hại về tài sản từ 500.000.000 đồng đến dưới 1.500.000.000 đồng.\n\n3. Phạm tội thuộc một trong các trường hợp sau đây, thì bị phạt tù từ 07 năm đến 15 năm:\n\na) Làm chết 03 người trở lên;\n\nb) Gây thương tích hoặc gây tổn hại cho sức khỏe của 03 người trở lên màtổng tỷ lệ tổn thương cơ thể của những người này 201% trở\nlên;\n\nc) Gây thiệt hại về tài sản 1.500.000.000 đồng trở lên.\n\n4. Cản trở giao thông đường thủy trong trường hợp có khả năng thực tế dẫn đến hậu quả quy định tại một trong các điểm a, b và c\nkhoản 3 Điều này nếu không được ngăn chặn kịp thời, thì bị phạt tiền từ 10.000.000 đồng đến 30.000.000 đồng, phạt cải tạo không\ngiam giữ đến 02 năm hoặc phạt tù từ 03 tháng đến 01 năm.\n\nĐiều 274. Tội đưa vào sử dụng phương tiện giao thông đường thủy không bảo đảm an",
  "embedding": [
    0.00027130748,
    -0.08220804,
    -0.092626244,
    -0.14369941,
    0.0015137086,
    0.06478448,
    0.016854743,
    0.011967466,
    0.046881933,
    -0.04266076,
    -0.08101054,
    -0.01135375,
    0.0038843746,
    -0.109930046,
    -0.01576203,
    -0.015342906,
    0.02728792,
    -0.029308692,
    0.037810907,
    0.0009860623,
    -0.019653888,
    0.095140986,
    -0.011099283,
    -0.11364228,
    -0.10118833,
    0.092925616,
    -0.023560716,
    -0.044427067,
    0.04816924,
    0.035206355,
    -0.13735269,
    -0.020013137,
    -0.03056606,
    -0.008651902,
    -0.005609516,
    0.0025783565,
    -0.009160837,
    0.013367039,
    0.05376753,
    -0.06556285,
    -0.024458837,
    0.07424469,
    0.02727295,
    0.007413243,
    0.029129067,
    -0.086698644,
    -0.020043073,
    0.0481393,
    -0.07705881,
    -0.03535604,
    0.001574519,
    0.01517825,
    0.06454498,
    -0.008068123,
    0.0732867,
    -0.1601051,
    -0.0067097144,
    -0.004673973,
    -0.0056881015,
    0.028051322,
    0.009377884,
    -0.016360776,
    0.049127236,
    -0.055384148,
    -0.027422637,
    -0.026329923,
    0.01645059,
    -0.015043532,
    0.018351613,
    -0.033290364,
    -0.08753689,
    -0.04852849,
    -0.07382557,
    0.055294335,
    0.09388361,
    -0.008517183,
    -0.02260272,
    0.020716665,
    -0.0060136705,
    0.007308462,
    -0.025865894,
    -0.0065338323,
    0.007263556,
    0.032032993,
    0.00038146766,
    0.061311748,
    0.03754147,
    0.008030701,
    -0.051222853,
    0.015140829,
    0.022123722,
    -0.08615977,
    0.05568352,
    0.041493203,
    0.018501299,
    0.008083092,
    -0.0022696273,
    -0.0057479762,
    0.006268138,
    0.009841912,
    0.016914617,
    -0.020566978,
    0.074843444,
    0.016405683,
    0.05532427,
    -0.011189095,
    -0.0028608905,
    0.019908356,
    0.010844815,
    0.036014665,
    -0.011855201,
    0.037601344,
    -0.100230336,
    -0.05490515,
    -0.004022835,
    0.023845121,
    -0.02499771,
    -0.08388453,
    -0.0231865,
    0.0010000955,
    -0.030446311,
    0.054875214,
    0.006350466,
    0.0016390714,
    0.06975409,
    -0.05583321,
    0.005942569,
    -0.030221783,
    -0.054815337,
    -0.02305178,
    -0.07855567,
    -0.025371928,
    -0.0013911525,
    0.014182832,
    0.00391057,
    -0.01733374,
    0.0049845735,
    0.029697878,
    0.021839317,
    0.05936582,
    -0.022063848,
    -0.037990533,
    0.05008523,
    0.02956316,
    -0.04086452,
    0.013464335,
    0.033290364,
    -0.013599053,
    -0.011114251,
    -0.02258775,
    0.025955705,
    -0.0013275356,
    -0.025177334,
    0.011368719,
    -0.021435162,
    0.0058153355,
    0.024967773,
    0.061611123,
    -0.011712999,
    0.00091542886,
    0.0022153659,
    0.023650527,
    -0.014527112,
    0.04427738,
    0.0014033145,
    0.025207272,
    0.0012339812,
    0.032482054,
    -0.0089437915,
    -0.017648084,
    0.0155374985,
    -0.03502673,
    -0.006197037,
    0.037062474,
    0.0051791663,
    0.00048601461,
    -0.032242555,
    -0.04185245,
    0.0017307546,
    -0.04643287,
    -0.020522071,
    0.033859175,
    0.14190316,
    -0.035415918,
    -0.062688865,
    -0.011054376,
    -0.0009079445,
    0.016645182,
    0.025416832,
    0.06741897,
    -0.06993371,
    -0.021584848,
    -0.027437607,
    0.025087522,
    0.00021704598,
    -0.00365236,
    -0.021270506,
    -0.011263938,
    0.106157936,
    -0.010844815,
    -0.016645182,
    0.012416527,
    0.008517183,
    0.015657248,
    -0.001783145,
    -0.0017363678,
    0.019549107,
    0.03173362,
    0.054965023,
    -0.0026419736,
    0.0060997405,
    -0.0048610815,
    -0.03529617,
    -0.043888196,
    0.04724118,
    0.046732247,
    -0.020866351,
    -0.027542386,
    0.026539484,
    -0.006301818,
    -0.022647625,
    -0.03879884,
    0.0049396674,
    0.037810907,
    -0.01941439,
    -0.011645639,
    0.0025334505,
    0.006937987,
    -0.007888499,
    0.0030816786,
    0.04346907,
    -0.004288529,
    -0.041044142,
    -0.03454773,
    -0.03152406,
    -0.01135375,
    0.068915844,
    0.0059238584,
    0.01483397,
    0.028769819,
    0.09310524,
    -0.015110891,
    0.018112114,
    -0.0050856117,
    0.0056806174,
    -0.02089629,
    0.025820987,
    0.005351306,
    0.021016039,
    -0.01996823,
    -0.05547396,
    -0.018576141,
    -0.009377884,
    -0.034098674,
    -0.09286574,
    -0.006002444,
    0.0075554457,
    -0.009737132,
    0.0017120438,
    0.06538323,
    0.049696047,
    -0.15303987,
    0.02100107,
    -0.027557356,
    0.031913243,
    0.04864824,
    0.11903101,
    0.017228961,
    0.024773179,
    -0.031553995,
    0.009654804,
    -0.011458531,
    0.030491218,
    0.0017803384,
    0.07011334,
    0.013763709,
    -0.00081392244,
    0.019818544,
    -0.0014603827,
    0.019085078,
    -0.040924393,
    -0.00038520983,
    -0.016989462,
    -0.03400886,
    -0.026764015,
    0.043199636,
    0.043648694,
    0.029278755,
    0.008000764,
    0.0076602264,
    -0.012708416,
    0.046881933,
    -0.021629754,
    0.014182832,
    -0.0044868644,
    0.058258135,
    -0.023081718,
    0.034607608,
    0.012057278,
    0.027198106,
    -0.010769972,
    -0.03263174,
    -0.016734993,
    0.014774095,
    0.026180236,
    0.030955248,
    -0.0050332216,
    0.012626089,
    -0.03912815,
    0.05137254,
    0.022018941,
    -0.00018243089,
    0.026689172,
    0.019369483,
    -0.017618146,
    0.0362841,
    0.02168963,
    0.060323816,
    -0.046313122,
    -0.008008248,
    -0.011675577,
    -0.01597159,
    -0.0019852223,
    0.021884222,
    -0.08675852,
    0.017737895,
    0.06340736,
    0.01214709,
    -0.015896747,
    0.07568169,
    -0.0133969765,
    -0.025626395,
    0.060922563,
    0.043528944,
    -0.021150757,
    -0.046313122,
    -0.024788149,
    -0.01078494,
    -0.0028683748,
    0.03023675,
    -0.023126625,
    -0.049246985,
    0.056701392,
    0.019579044,
    0.09352437,
    -0.027138231,
    0.016929587,
    0.033350237,
    -0.033050865,
    -0.0062494273,
    0.02077654,
    0.015387812,
    0.052240722,
    0.030491218,
    -0.0515821,
    0.0043034977,
    -0.021375287,
    0.05978494,
    0.11070842,
    -0.065083854,
    0.030386437,
    -0.03275149,
    -0.0063766614,
    0.0043970523,
    -0.0015249351,
    -0.03721216,
    -0.013194899,
    0.06334749,
    -0.08615977,
    -0.023979839,
    -0.010470598,
    0.09472186,
    0.063527115,
    -0.052570034,
    0.14980663,
    0.012034825,
    -0.0095200855,
    0.02932366,
    -0.043888196,
    0.0012040439,
    -0.032242555,
    0.10543944,
    -0.0059650224,
    0.05248022,
    0.0047563007,
    -0.034757294,
    -0.03963709,
    -0.0025858409,
    0.03023675,
    0.01317993,
    -0.022662595,
    -0.059066445,
    -0.02258775,
    -0.03221262,
    0.04439713,
    0.019324576,
