{
  "chunk_index": 240,
  "token_start": 108000,
  "token_end": 108500,
  "text": "ua bán chứng khoán\nhoặc tiết lộ, cung cấp thông tin này hoặc tư vấn cho người khác mua bán chứng khoán trên cơ sở thông tin này, thu lợi bất chính từ\n300.000.000 đồng đến dưới 1.000.000.000 đồng hoặc gây thiệt hại cho nhà đầu tư từ 500.000.000 đồng đến dưới 1.500.000.000 đồng,\nthì bị phạt tiền từ 500.000.000 đồng đến 2.000.000.000 đồng hoặc phạt tù từ 06 tháng đến 03 năm.\n\n2. Phạm tội thuộc một trong các trường hợp sau đây, thì bị phạt tiền từ 2.000.000.000 đồng đến 5.000.000.000 đồng hoặc phạt tù từ 02\nnăm đến 07 năm:\n\na) Có tổ chức;\n\nb) Thu lợi bất chính 1.000.000.000 đồng trở lên;\n\nc) Gây thiệt hại cho nhà đầu tư 1.500.000.000 đồng trở lên;\n\nd) Tái phạm nguy hiểm.\n\n3. Người phạm tội còn có thể bị phạt tiền từ 50.000.000 đồng đến 200.000.000 đồng, cấm đảm nhiệm chức vụ, cấm hành nghề hoặc\nlàm công việc nhất định từ 01 năm đến 05 năm.\n\n4. Pháp nhân thương mại phạm tội quy định tại Điều này, thì bị phạt như sau:\n\na) Phạm tội thuộc",
  "embedding": [
    -0.00067368295,
    0.07989453,
    -0.1236315,
    -0.08635567,
    -0.0023142078,
    0.064673565,
    0.084367625,
    0.08355998,
    0.0027879213,
    0.18091203,
    -0.0977248,
    -0.04898665,
    -0.006026259,
    -0.112945765,
    -0.08486464,
    -0.06280977,
    0.012036987,
    -0.06386592,
    0.12922287,
    -0.0076920227,
    0.0048264433,
    0.11201387,
    0.10381319,
    -0.095364,
    -0.07753372,
    0.09045602,
    -0.028640263,
    -0.008363764,
    -0.0148948,
    0.14463022,
    0.033827815,
    0.061691497,
    0.043239962,
    -0.008216214,
    -0.008084196,
    -0.01338047,
    0.0027199707,
    -0.0054515903,
    0.030923408,
    0.03395207,
    0.021651044,
    0.0041352874,
    0.10934243,
    0.028997488,
    0.16848674,
    0.019290242,
    -0.0047332537,
    0.100520484,
    -0.01114392,
    -0.06548121,
    0.0294945,
    0.010344042,
    0.04867602,
    -0.023623558,
    0.015485001,
    -0.093189575,
    -0.012999945,
    -0.009979051,
    -0.0125417635,
    0.073744014,
    0.012021455,
    0.004717722,
    0.012301024,
    -0.03298911,
    -0.022691661,
    -0.042401258,
    -0.040133644,
    -0.017209008,
    -0.012137942,
    -0.02402738,
    -0.06280977,
    -0.07896263,
    -0.017970055,
    -0.024959274,
    0.021790829,
    -0.027195824,
    -0.035660543,
    -0.01713135,
    0.11692185,
    0.010910946,
    -0.03239891,
    -0.026512433,
    0.027692836,
    -0.02598436,
    -0.0073270304,
    0.07368189,
    -0.014366726,
    -0.0012813567,
    0.00554478,
    0.03202615,
    0.066040345,
    0.07324701,
    0.03913962,
    -0.030162359,
    0.0026597858,
    -0.025829043,
    -0.030628307,
    0.0053351033,
    -0.010095537,
    -0.0059408355,
    -0.016789654,
    -0.011609868,
    0.025285438,
    0.043457404,
    -0.043612722,
    -0.0043915585,
    -0.00503612,
    0.010538188,
    0.014871503,
    -0.015585956,
    0.016898377,
    0.0009275275,
    -0.027071571,
    -0.07144534,
    -0.027506456,
    0.026729876,
    0.015019053,
    -0.0020094002,
    -0.009497571,
    0.013660039,
    -0.022210183,
    0.067469254,
    -0.03134276,
    0.05488866,
    -0.0030441927,
    -0.031870835,
    -0.016805187,
    0.016789654,
    -0.063617416,
    -0.010328511,
    -0.0018006944,
    -0.013256216,
    0.04830326,
    -0.0061699264,
    -0.02248975,
    -0.01075563,
    0.04858283,
    0.025549475,
    -0.014964692,
    0.0010318804,
    -0.025440754,
    -0.005999079,
    0.02394972,
    -0.019663,
    -0.0016579978,
    -0.10381319,
    0.040351085,
    0.00069455354,
    0.0003407244,
    -0.009784905,
    0.050135992,
    -0.011959328,
    -0.023918657,
    -0.004383793,
    -0.034697585,
    0.02910621,
    0.002133653,
    0.06951942,
    0.025378628,
    0.05411208,
    0.027397735,
    -0.02657456,
    -0.049887486,
    -0.048551768,
    -0.02609308,
    0.01119828,
    -0.012922288,
    0.02491268,
    -0.024710769,
    -0.0405064,
    -0.0033121128,
    -0.022536345,
    0.004426505,
    0.013403767,
    0.0023938073,
    0.04153149,
    0.0014997697,
    -0.08169619,
    0.008130791,
    -0.07790648,
    0.019880442,
    0.08281447,
    0.112573005,
    -0.000768814,
    -0.009388849,
    0.0050089397,
    -0.029851727,
    0.007645428,
    0.025533943,
    0.009715013,
    -0.052589983,
    0.059796643,
    -0.022054866,
    0.029820664,
    0.0025122357,
    -0.008985028,
    0.036219683,
    -0.003339293,
    0.0184826,
    -0.042028498,
    0.047961567,
    0.06336891,
    0.060697477,
    -0.022365497,
    -0.0085190805,
    -0.029975979,
    -0.016308175,
    0.022909103,
    0.018436003,
    -0.020486174,
    0.006923209,
    -0.004985642,
    -0.013248451,
    0.006034025,
    -0.018653447,
    0.055043977,
    -0.034697585,
    -0.030084701,
    0.027692836,
    0.04215275,
    0.016183922,
    -0.02958769,
    0.014809377,
    0.012852395,
    0.021619981,
    0.0022714958,
    -0.034045257,
    0.041034475,
    0.034728646,
    0.0036013888,
    0.0018006944,
    0.051347457,
    -0.046905417,
    0.015042351,
    -0.020827869,
    0.012231132,
    -0.0330823,
    0.005688447,
    0.067034364,
    0.05001174,
    0.108348414,
    -0.009753842,
    -0.0038537772,
    -0.0019074741,
    -0.048365388,
    0.0029277059,
    0.0055486625,
    -0.002358861,
    -0.0115244435,
    0.017768145,
    -0.054360583,
    -0.027242418,
    -0.01260389,
    -0.07051344,
    0.048365388,
    0.044451427,
    -0.007571653,
    -0.010740099,
    0.004073161,
    0.08244171,
    0.04448249,
    -0.07890051,
    0.019072799,
    -0.03298911,
    -0.02764624,
    0.11170324,
    0.099153705,
    0.027521988,
    0.0042944863,
    0.018808762,
    0.114312544,
    -0.0068183704,
    -0.0144832125,
    -0.026729876,
    0.006026259,
    0.016199455,
    0.023639088,
    -0.0036965196,
    0.013955139,
    0.0009949928,
    -0.052776363,
    0.036716692,
    -0.0052069672,
    -0.015189901,
    -0.008208448,
    -0.030240016,
    0.031389356,
    0.010212024,
    -0.0069969837,
    -0.051440645,
    0.01655668,
    0.07610482,
    0.00016963415,
    -0.027475392,
    -0.0063601886,
    0.09598526,
    -0.012207834,
    0.011221577,
    -0.018870888,
    -0.012999945,
    -0.035194594,
    0.023002293,
    0.033641435,
    -0.0036227447,
    0.023375051,
    0.056597136,
    0.013986202,
    0.006833902,
    -0.062561266,
    0.027226888,
    0.010988604,
    -0.004123639,
    -0.011159452,
    0.014677358,
    0.031699985,
    0.013574614,
    0.010592548,
    -0.02794134,
    -0.041717865,
    0.011718589,
    0.01663434,
    0.090021126,
    -0.067407124,
    0.00044920287,
    -0.00016162566,
    0.03242997,
    0.0652327,
    0.011035198,
    -0.031202976,
    0.060977045,
    -0.015415109,
    -0.0031393238,
    0.11064709,
    0.008185151,
    -0.0064106663,
    -0.051036824,
    -0.052496795,
    0.063213594,
    -0.025456285,
    -0.018249625,
    -0.0494526,
    -0.08269022,
    0.00063145644,
    -0.15394917,
    -0.02189955,
    -0.046253093,
    -0.015500532,
    0.0042944863,
    -0.01927471,
    -0.028857704,
    -0.043395277,
    0.015003521,
    0.08778458,
    0.030441927,
    -0.001734685,
    0.0306749,
    -0.006655289,
    0.02160445,
    0.05411208,
    -0.079832405,
    0.0036596323,
    -0.03777284,
    0.015446172,
    -0.028205378,
    -0.005447707,
    -0.0202532,
    -0.037555397,
    0.0075444723,
    0.027428798,
    -0.06951942,
    -0.028671326,
    -0.015275325,
    0.06715862,
    -0.07952177,
    0.0031548555,
    0.02112297,
    -0.080453664,
    0.018777698,
    0.007858987,
    -0.015710209,
    0.025347564,
    0.050291307,
    -0.026124144,
    0.043674845,
    0.03475971,
    0.003554794,
    0.011633165,
    0.039388128,
    0.08741182,
    0.059610263,
    -0.01367557,
    0.046936482,
    -0.016882844,
    -0.035101406,
    0.01016543,
    -0.0015851934,
    -0.015127774,
    0.03727583,
    -0.022784851,
