{
  "chunk_index": 116,
  "token_start": 52200,
  "token_end": 52700,
  "text": "đ) Gây thương tích hoặc gây tổn hại cho sức khỏe của người khác mà tỷ lệ ổn\n                                                                         t thương cơ thể từ 11% đến 30% nhưng thuộc một trong\ncác trường hợp quy định tại các điểm từ điểm a đến điểm k khoản 1 Điều này.\n\n3. Phạm tội thuộc một trong các trường hợp sau đây, thì bị phạt tù từ 05 năm đến 10 năm:\n\na) Gây thương tích hoặc gây tổn hại cho sức khỏe của người khác mà tỷ lệ ổn\n                                                                         t thương cơ thể 61% trở lên, nếu không thuộc trường hợp\nquy định tại điểm b khoản 4 Điều này;\n\n                                                                                                     ỗi người từ 31% đến 60%;\nb) Gây thương tích hoặc gây tổn hại cho sức khỏe của 02 người trở lên mà tỷ lệ tổn thương cơ thể của m\n\nc) Gây thương tích hoặc gây tổn hại cho sức khỏe của người khác mà tỷ lệ ổn\n                                                                         t thương cơ thể từ 31 % đến 60% nhưng thuộc một trong\ncác trường hợp quy định tại các điểm từ điểm a đến điểm k khoản 1 Điều này;\n\nd) Gây thương tích hoặc gây tổn hại cho sức khỏe của 02 người trở lên mà tỷ lệ tổn thương cơ thể của mỗi người từ 11% đến 30%\nnhưng thuộc một trong các trường hợp quy định tại các điểm",
  "embedding": [
    0.00016813207,
    -0.01186114,
    -0.030654969,
    -0.2123834,
    0.0024087806,
    0.07550388,
    0.033677753,
    0.063741304,
    0.027024344,
    0.011006875,
    -0.043337516,
    0.03244564,
    -0.009700836,
    -0.009602266,
    -0.07504389,
    -0.16756736,
    0.11223727,
    0.012140419,
    0.065186985,
    0.008641219,
    -0.04080758,
    0.033382047,
    -0.0078074886,
    -0.09666336,
    0.025085818,
    0.02183304,
    -0.0013573777,
    -0.058484294,
    0.11006875,
    0.041924696,
    -0.036799107,
    0.06459557,
    0.0018995074,
    -0.011483292,
    0.0016253622,
    -0.008936926,
    0.076161005,
    0.010456531,
    0.024067272,
    -0.10362891,
    0.001510365,
    0.10862307,
    -0.014161084,
    -0.0046697077,
    -0.012674334,
    -0.07694956,
    -0.024937965,
    0.074912466,
    -0.039427612,
    -0.009897973,
    -0.0108754495,
    0.035714846,
    -0.00087685365,
    -0.025135104,
    0.019828804,
    -0.07011544,
    0.02713934,
    -0.016633524,
    -0.0011006875,
    0.021471621,
    0.018925253,
    -0.042647533,
    0.016255677,
    -0.08522935,
    -0.017873852,
    -0.020009514,
    -0.034302022,
    -0.046754576,
    0.038244784,
    -0.06571269,
    -0.09607195,
    -0.061868496,
    -0.06650124,
    0.04176041,
    0.027369333,
    0.0011468917,
    -0.039230473,
    0.025907228,
    0.0031090316,
    0.016567811,
    0.0003213761,
    -0.02400156,
    -0.012493624,
    0.013175393,
    -0.02571009,
    0.000110312605,
    0.028782157,
    0.04205612,
    -0.057104327,
    -0.001836875,
    0.047477417,
    -0.018613119,
    0.01576283,
    -0.025907228,
    0.0034745582,
    0.024921536,
    0.021422336,
    -0.020863779,
    0.01141758,
    -0.026662923,
    -0.009068351,
    -0.011442222,
    0.074715324,
    0.04859453,
    0.05625006,
    0.0031213528,
    0.011368295,
    -0.0067355502,
    0.030589256,
    -0.023015868,
    0.010670098,
    0.025381526,
    -0.04241754,
    -0.043698937,
    0.02283516,
    0.030769967,
    -0.008772644,
    -0.047674555,
    -0.016255677,
    -0.024773683,
    -0.042647533,
    0.055822928,
    -0.025447238,
    -0.01887597,
    0.0668298,
    -0.02902858,
    0.016107822,
    -0.014670357,
    -0.043173235,
    -0.026613638,
    -0.040150452,
    -0.009142278,
    -0.014785355,
    0.018120274,
    0.013898233,
    -0.026498642,
    0.03873763,
    0.012033636,
    0.00034370815,
    0.0745839,
    -0.027878609,
    -0.007713027,
    0.022720162,
    0.027418619,
    -0.067881204,
    -0.02587437,
    0.012682549,
    0.044356063,
    -0.026087936,
    -0.003759998,
    0.050467342,
    -0.0137093095,
    -0.024757255,
    0.00756928,
    -0.011154729,
    -0.01343003,
    0.019697377,
    0.050171636,
    0.01572176,
    -0.005154339,
    -0.005076305,
    0.009446199,
    -0.03946047,
    -0.036339115,
    -0.016346032,
    0.0416947,
    -0.0002248606,
    0.0021726256,
    -0.020600928,
    0.030852107,
    0.012534695,
    0.028322168,
    -0.016732093,
    0.05552722,
    -0.009470841,
    -0.023738708,
    -0.10389176,
    -0.05894428,
    0.0094297705,
    -0.06406987,
    -0.0029324286,
    0.023738708,
    0.08996067,
    -0.06278847,
    -0.042811815,
    0.009840475,
    -0.016781377,
    0.03962475,
    0.03449916,
    0.041661844,
    -0.010941163,
    0.04852882,
    -0.054410104,
    0.033316333,
    -0.022440882,
    -0.07326964,
    -0.06252562,
    -0.021718044,
    0.112631544,
    -0.0048586316,
    0.006090745,
    -0.043567512,
    -0.0019036144,
    -0.031049244,
    -0.016321389,
    -0.007524103,
    0.018169558,
    0.026087936,
    0.028732873,
    -0.016436387,
    -0.026843634,
    -0.092129186,
    -0.026975058,
    -0.030589256,
    -0.01594354,
    0.05174874,
    -0.012583979,
    0.014703214,
    0.0032630456,
    0.04797026,
    -0.028798586,
    -0.029127149,
    -0.033480614,
    0.057761453,
    0.0026654708,
    0.003942761,
    -0.025562236,
    0.012173275,
    -0.040380448,
    0.011549005,
    0.10546886,
    0.0013902341,
    -0.02569366,
    -0.0069367955,
    0.005339156,
    0.004990057,
    -0.009273703,
    -0.00414606,
    -0.0030905497,
    0.0011058213,
    0.09173491,
    -0.014678571,
    -0.00916692,
    -0.0030741217,
    0.02354157,
    -0.044290353,
    0.0032137611,
    -0.10816308,
    -0.0006473726,
    -0.027057199,
    -0.030753538,
    -0.01487571,
    0.022539452,
    -0.024970822,
    -0.02418227,
    0.010908307,
    0.008271584,
    -0.033135623,
    -0.016370673,
    0.023229435,
    0.016263891,
    -0.11972851,
    -0.003300009,
    -0.018366696,
    0.05247158,
    -0.010448317,
    0.03693053,
    -0.00075158884,
    -0.002811271,
    -0.039591894,
    0.120911345,
    0.01823527,
    0.025365097,
    0.020650212,
    0.06985258,
    -0.023147294,
    -0.0013060396,
    0.027188625,
    -0.018103845,
    0.01549998,
    -0.014128228,
    -0.0042507895,
    0.03640483,
    -0.012206132,
    -0.052964427,
    -0.008308548,
    0.017561715,
    0.06328132,
    0.022523023,
    0.05220873,
    0.0024642257,
    0.03109853,
    0.0053021926,
    -0.008435866,
    -0.03377632,
    0.07070685,
    -0.006283776,
    0.0370291,
    -0.012682549,
    0.031755656,
    0.0026572568,
    -0.060225677,
    -0.048298825,
    -0.0029509105,
    -0.03683196,
    -0.004673815,
    -0.01913882,
    -0.027648613,
    -0.02704077,
    0.0050352346,
    0.025266528,
    -0.008789072,
    0.017463146,
    0.004098829,
    -0.0048298826,
    0.0031459949,
    0.022227317,
    0.039854746,
    -0.046754576,
    0.05079591,
    -0.0031788512,
    0.008493365,
    -0.063478455,
    0.011335439,
    -0.046163164,
    0.0044191782,
    0.07464961,
    -0.0043493584,
    -0.063577026,
    0.11243441,
    -0.04044616,
    -0.040840436,
    0.000716679,
    -0.004760063,
    0.026400073,
    -0.042088978,
    -0.026597211,
    0.017134583,
    -0.03492629,
    0.014933208,
    -0.027697898,
    -0.10665169,
    0.013799665,
    0.008374261,
    -0.01648567,
    -0.013988588,
    0.070049725,
    0.0025176173,
    0.011811855,
    0.10113183,
    0.042713247,
    -0.014695,
    0.113354385,
    -0.022358742,
    -0.05329299,
    -0.006390559,
    -0.011943281,
    0.05769574,
    0.023295147,
    -0.02605508,
    0.016296746,
    -0.010990447,
    0.0124689825,
    0.0073064296,
    -0.018547406,
    0.0026367216,
    0.024642257,
    -0.007101077,
    -0.0626899,
    -0.044356063,
    -0.033644896,
    -0.027517188,
    0.03656911,
    -0.03739052,
    0.08503222,
    -0.06272276,
    0.054344393,
