{
  "chunk_index": 59,
  "token_start": 26550,
  "token_end": 27050,
  "text": "ời gian còn lại của hình phạt tù.\n\n4. Người được tha tù trước thời hạn có điều kiện cố ý vi phạm nghĩa vụ 02 lần trở lên hoặc bị xử phạt vi phạm hành chính 02 lần trở lên\ntrong thời gian thử thách, thì Tòa án có thể hủy bỏ quyết định tha tù trước thời hạn có điều kiện đối với người đó và buộc họ phải chấp\nhành phần hình phạt tù còn lại chưa chấp hành.\n\nNếu người đó thực hiện hành vi phạm tội mới trong thời gian thử thách thì Tòa án buộc người đó chấp hành hình phạt của bản án mới\nvà tổng hợp với phần hình phạt tù chưa chấp hành của bản án trước theo quy định tại Điều 56 của Bộ luật này.\n\n5. Người được tha tù trước thời hạn có điều kiện đã chấp hành được ít nhất là một phần hai thời gian thử thách và có nhiều tiến bộ thì\ntheo đề nghị của cơ quan thi hành án hình sự có thẩm quyền, Tòa án có thể quyết định rút ngắn thời gian thử thách.\n\nĐiều 67. Hoãn chấp hành hình phạt tù\n\n1. Người bị xử phạt tù có thể được hoãn chấp hành hình phạt trong các trường hợp sau đây:\n\na) Bị bệnh nặng thì được hoãn",
  "embedding": [
    -0.0006649778,
    -0.005095096,
    -0.002969879,
    -0.10613298,
    -0.0015382152,
    0.095718056,
    0.00021116556,
    -0.03666919,
    -0.008338134,
    0.03955189,
    -0.051857613,
    -0.069928735,
    -0.00038310082,
    -0.037630092,
    -0.08480719,
    -0.107496835,
    0.12721078,
    0.1520082,
    0.0837533,
    0.013274371,
    -0.00895032,
    -0.06276848,
    0.13117838,
    -0.020442376,
    -0.06670507,
    0.1406014,
    -0.020178903,
    -0.019667458,
    0.036638193,
    -0.0008814709,
    -0.16973837,
    0.014955946,
    0.055019286,
    0.005517427,
    0.00045647603,
    0.002489429,
    0.04956385,
    0.016800255,
    0.044201408,
    -0.020922827,
    -0.046154205,
    0.009578005,
    0.022844627,
    0.00534307,
    0.008299388,
    0.0071021374,
    -0.006544195,
    -0.007082764,
    -0.039334916,
    0.01463048,
    0.02733916,
    0.02946244,
    -0.01097286,
    -0.0025010526,
    0.02723067,
    -0.09001465,
    0.040450796,
    -0.013018647,
    0.0053508193,
    -0.035088357,
    0.03437543,
    0.023929514,
    0.057623014,
    0.002549485,
    -0.017559675,
    -0.025727328,
    -0.03927292,
    -0.059327837,
    0.00394434,
    -0.031926684,
    -0.076376066,
    0.10625696,
    -0.011484307,
    -0.005110594,
    0.07271845,
    -0.0053081987,
    -0.04661916,
    0.0173272,
    0.10935664,
    -0.0081676515,
    0.032298643,
    0.023945013,
    -0.04379845,
    0.042651568,
    -0.014204275,
    0.06937079,
    -0.095470086,
    0.021356782,
    -0.03533633,
    -0.008927072,
    0.040853757,
    -0.045317292,
    -0.009089806,
    0.046743143,
    0.0140880365,
    -0.0068270406,
    0.04739408,
    -0.02000842,
    -0.0138943065,
    0.010538905,
    0.0055019283,
    -0.024533952,
    0.030051379,
    0.026827713,
    0.011484307,
    0.020333888,
    -0.032980572,
    0.010841124,
    -0.014258519,
    0.027881604,
    -0.0048354976,
    0.039892856,
    0.064349316,
    -0.045193303,
    0.0142817665,
    0.06028874,
    0.058304943,
    -0.12392513,
    -0.016056333,
    0.0269517,
    -0.016505785,
    0.03147723,
    -0.033538517,
    -0.05216758,
    0.026874209,
    -0.02713768,
    -0.026393758,
    0.048850924,
    -0.042031635,
    0.009066558,
    -0.036855172,
    -0.014847457,
    -0.06323343,
    0.01655228,
    -0.0529425,
    -0.057808995,
    0.040853757,
    -0.020442376,
    0.01521167,
    0.019837938,
    -0.017869644,
    -0.034871377,
    -0.008020417,
    0.1030333,
    0.009260288,
    -0.014514242,
    0.04314752,
    -0.042496584,
    0.0015508076,
    0.0061954814,
    0.005331446,
    -0.010252185,
    -0.037754077,
    -0.016676268,
    -0.026502246,
    0.023650544,
    -0.03387948,
    -0.040481795,
    -0.0066255615,
    -0.010523407,
    0.018133117,
    0.027881604,
    -0.06236552,
    -0.015738616,
    -0.0067921695,
    0.024719931,
    -0.00380098,
    0.036173243,
    -0.062613495,
    0.03360051,
    -0.006443456,
    -0.0015023752,
    -0.026099289,
    -0.021093309,
    -0.018505078,
    -0.018598069,
    -0.004448038,
    -0.0895187,
    -0.02078334,
    -0.019651959,
    0.028641025,
    -0.06701504,
    -0.04178366,
    -0.026130285,
    -0.032019675,
    0.014258519,
    0.007838311,
    0.022209194,
    0.079537734,
    0.04351948,
    -0.010143696,
    0.02656424,
    -0.00981823,
    0.03521234,
    -0.019698454,
    -0.018226106,
    -0.019218003,
    0.017203214,
    0.10737284,
    -0.02800559,
    0.034034465,
    0.0308108,
    0.060691696,
    -0.04243459,
    -0.012065496,
    0.010414918,
    0.0044712857,
    -0.0041109477,
    0.004881993,
    -0.030020382,
    0.036545202,
    -0.048138,
    -0.018350095,
    -0.09807381,
    0.006528697,
    0.036514208,
    -0.051981602,
    -0.03223665,
    -0.021341283,
    0.01145331,
    -0.0021349033,
    -0.019496975,
    0.0030415591,
    -0.0063078445,
    -0.0442634,
    0.025339868,
    -0.01723421,
    0.005997877,
    -0.013902056,
    0.01771466,
    0.06310944,
    0.0017648792,
    0.01000421,
    0.0061644847,
    0.018055625,
    -0.016412795,
    0.06540321,
    -0.0007105043,
    0.0026308517,
    0.054027386,
    0.053934395,
    0.02513839,
    0.030175366,
    0.003773858,
    -0.012251478,
    -0.02222469,
    0.00043056466,
    -0.0018888663,
    -0.021883726,
    -0.0039114063,
    -0.0741443,
    -0.026905205,
    -0.041411698,
    -0.017311702,
    -0.085737094,
    -0.0036111248,
    0.033755492,
    -0.04668115,
    -0.033445526,
    0.109976575,
    0.024998903,
    0.043271504,
    -0.016397297,
    -0.004273681,
    0.05216758,
    -0.0084311245,
    -0.0036634319,
    -0.0023848147,
    -0.0036227487,
    -0.06521723,
    0.122003324,
    -0.04367446,
    -0.020488871,
    0.011685786,
    0.05960681,
    0.017885143,
    -0.0021930223,
    0.009794982,
    -0.0009817261,
    0.02868752,
    -0.041163724,
    -0.019403985,
    -0.046743143,
    -0.0012776485,
    0.0847452,
    -0.021511765,
    -0.121073425,
    0.022178195,
    -0.008260642,
    -0.013747072,
    0.03722713,
    0.052136585,
    0.018412087,
    0.00269672,
    -0.057530023,
    -0.00856286,
    -0.0003351527,
    0.002464244,
    -0.0007453757,
    0.0036479335,
    -0.009926719,
    -0.03744411,
    0.00190049,
    0.016986236,
    -0.037723083,
    0.09224642,
    0.010283181,
    0.042310603,
    0.010577651,
    0.11289027,
    0.005509678,
    0.0327326,
    0.020442376,
    -0.003934654,
    -0.031570222,
    -0.03428244,
    0.01618032,
    -0.024983404,
    -0.044139415,
    -0.013150384,
    -0.023480061,
    -0.026595237,
    0.0644733,
    -0.019264499,
    0.022410672,
    0.040636778,
    0.020953823,
    -0.0077840663,
    0.06831691,
    0.047580056,
    0.034406427,
    0.04389144,
    0.07693401,
    0.017063728,
    -0.02763363,
    -0.0010819813,
    0.008655851,
    0.039768867,
    -0.049160894,
    0.014645979,
    -0.0133828595,
    -0.020473374,
    0.044852342,
    -0.028625526,
    0.0075205937,
    -0.022829128,
    0.0635434,
    0.0073578604,
    0.098879725,
    0.07668603,
    0.0028420172,
    -0.0317717,
    0.015382152,
    -0.016211316,
    -0.03784707,
    0.024146492,
    0.003754485,
    0.051919606,
    0.016118325,
    0.019419482,
    -0.019512473,
    -0.0017203212,
    -0.00678442,
    -0.022860125,
    -0.011623792,
    -0.008702346,
    -0.03378649,
    0.04382945,
    0.04677414,
    -0.06397735,
    0.024611443,
    -0.029400446,
    0.06540321,
    0.0018569009,
    0.06180758,
    0.023898518,
    0.028950993,
    -0.04014083,
    0.006257475,
    0.0073578604,
    0.04169067,
    0.10991458,
    -0.0077336966,
    0.0050524753,
    -0.026440253,
    -0.04599922,
    -0.029942889,
    -0.028331056,
    -0.0023111973,
    -0.039117936,
    -0.02647125,
    -0.07581812,
    0.01742019,
    0.009539259,
    0.006362089,
    0.03871498,
