{
  "chunk_index": 26,
  "token_start": 11700,
  "token_end": 12200,
  "text": " chỉ hoạt động vĩnh viễn.\n\n2. Hình phạt bổ sung bao gồm:\n\na) Cấm kinh doanh, cấm hoạt động trong một số lĩnh vực nhất định;\n\nb) Cấm huy động vốn;\n\nc) Phạt tiền, khi không áp dụng là hình phạt chính.\n\f3. Đối với mỗi tội phạm, pháp nhân thương mại phạm tội chỉ bị áp dụng một hình phạt chính và có thể bị áp dụng một hoặc một số hình\nphạt bổ sung.\n\nĐiều 34. Cảnh cáo\n\nCảnh cáo được áp dụng đối với người phạm tội ít nghiêm trọng và có nhiều tình tiết giảm nhẹ, nhưng chưa đến mức miễn hình phạt.\n\nĐiều 35. Phạt tiền\n\n1. Phạt tiền được áp dụng là hình phạt chính đối với các trường hợp sau đây:\n\na) Người phạm tội ít nghiêm trọng, phạm tội nghiêm trọng do Bộ luật này quy định;\n\nb) Người phạm tội rất nghiêm trọng xâm phạm trật tự quản lý kinh tế, môi trường, trật tự công cộng, an toàn công cộng và một số tội\nphạm khác do Bộ luật này quy định.\n\n2. Hình phạt tiền được áp dụng là hình phạt bổ sung đối với người phạm tội về tham nhũng, matúy hoặc những tội phạm",
  "embedding": [
    -0.00037377406,
    0.028576978,
    -0.10664013,
    -0.082025915,
    -0.0013189064,
    0.043525927,
    0.07706441,
    0.028190367,
    0.011018407,
    -0.0212797,
    -0.09491294,
    0.0013682396,
    0.0071482714,
    -0.052643497,
    -0.09130457,
    -0.13505602,
    0.094010845,
    -0.047263164,
    0.1667581,
    0.0028754175,
    0.011179494,
    0.059280314,
    0.14278823,
    -0.056767344,
    -0.046457723,
    0.11894724,
    -0.028061496,
    0.08937152,
    -0.058217134,
    -0.028270911,
    -0.0002123087,
    0.022777816,
    0.032169234,
    -0.02194016,
    -0.008521545,
    -0.01465899,
    0.04558785,
    0.02682112,
    0.058700398,
    -0.055961907,
    -0.030042877,
    -0.05986023,
    0.054157723,
    -0.0063186693,
    0.024469238,
    0.018670077,
    -0.0098183025,
    0.13479827,
    -0.045555633,
    -0.04455689,
    0.036985762,
    0.014103238,
    0.12571293,
    0.0050420486,
    0.070234284,
    -0.111215025,
    0.018525098,
    -0.006270343,
    -0.007526828,
    0.0054729586,
    0.00064535806,
    0.012870916,
    0.07674223,
    -0.040207516,
    -0.02300334,
    -0.04033639,
    0.049196217,
    0.042108353,
    0.030155638,
    -0.04729538,
    -0.111601636,
    0.010889536,
    0.023486603,
    0.0221979,
    0.021086395,
    -0.025951246,
    -0.038113374,
    -0.021021958,
    0.05019496,
    0.013893823,
    0.02181129,
    0.004574894,
    -0.0006040793,
    -0.016737023,
    0.005525312,
    0.0766778,
    -0.048197474,
    -0.0031089948,
    0.027320493,
    0.04349371,
    0.011477507,
    0.047263164,
    0.027014425,
    0.026756685,
    -0.0023498684,
    -0.034794968,
    -0.037984505,
    0.025387438,
    -0.014232108,
    0.009077298,
    0.0012061449,
    -0.042752706,
    0.014739535,
    -0.0092303315,
    0.0033606945,
    0.018138487,
    -0.049937222,
    -0.038081158,
    0.031766515,
    0.019121123,
    0.008771231,
    0.02973681,
    -0.036405846,
    -0.077902064,
    0.034376137,
    -0.00037478085,
    0.04110961,
    -0.057798307,
    -0.0070032924,
    -0.023454385,
    -0.019507734,
    0.047263164,
    -0.033892874,
    0.013265581,
    -0.013998531,
    -0.09407528,
    0.013072276,
    -0.008179233,
    -0.1546443,
    0.014514011,
    0.0155691365,
    -0.07699997,
    0.049776133,
    0.0061696633,
    -0.0011829886,
    0.026740577,
    0.014755643,
    -0.03195982,
    -0.04294601,
    0.07042759,
    -0.059634708,
    -0.01374079,
    0.014207945,
    0.07384265,
    -0.019862127,
    -0.06527278,
    0.03318409,
    0.09130457,
    0.012307108,
    -0.030687228,
    0.05509203,
    0.00819937,
    -0.022230119,
    -0.010519034,
    0.016165162,
    -0.0480686,
    -0.04284936,
    0.055865254,
    0.048294127,
    0.030284509,
    0.039369863,
    0.031589318,
    -0.04877739,
    -0.041560654,
    -0.004490323,
    0.043139316,
    -0.047005422,
    0.06437069,
    -0.049099565,
    -0.023406059,
    0.04771421,
    -0.0042648,
    0.0074583655,
    -0.024147063,
    -0.008690687,
    0.034150615,
    0.043010443,
    -0.030493923,
    -0.035310447,
    -0.05167697,
    0.038789943,
    -0.0042527183,
    0.0126212295,
    0.041915048,
    0.006270343,
    0.013644137,
    -0.04784308,
    0.019926563,
    0.024904175,
    0.043397058,
    -0.060826756,
    0.03672802,
    0.01566579,
    0.046973206,
    -0.017880747,
    0.03518158,
    0.008875938,
    0.012701774,
    -0.022632837,
    -0.03804894,
    -0.025000827,
    0.03379622,
    0.010454599,
    0.003914434,
    -0.0047319545,
    -0.039305426,
    0.0054487954,
    0.017639115,
    -0.018589534,
    -0.040658563,
    0.032974675,
    -0.023840996,
    -0.014916731,
    0.102709584,
    0.015118091,
    0.067334704,
    -0.053545587,
    -0.06765688,
    0.040594127,
    0.05096818,
    0.009721649,
    -0.03527823,
    0.012065477,
    0.03160543,
    0.038274463,
    -0.008626252,
    0.041818395,
    0.007607372,
    0.029656265,
    -0.004554758,
    0.07893303,
    0.027030535,
    -0.0647573,
    -0.0060287113,
    0.0031814843,
    -0.017993508,
    0.03656693,
    -0.0066287634,
    0.058893703,
    0.0911757,
    0.029350199,
    0.0009765949,
    -0.022165682,
    -0.0034211024,
    -0.0033264633,
    0.012202402,
    0.028077606,
    0.033989526,
    0.0348594,
    0.017655224,
    -0.067076966,
    -0.015327505,
    -0.001336022,
    -0.04758534,
    0.010575415,
    0.039434295,
    0.014892568,
    0.0365025,
    0.016559826,
    0.07152299,
    0.04507237,
    -0.06830123,
    0.0067133345,
    -0.03582593,
    0.057766087,
    0.053771112,
    0.14446355,
    -0.01063985,
    -0.035858147,
    0.026627814,
    0.03701798,
    -0.031508777,
    0.0396276,
    -0.007635562,
    0.084087834,
    0.040658563,
    -0.014610664,
    -0.00056884135,
    -0.011348636,
    -0.012146021,
    -0.058474876,
    -0.026901664,
    -0.07783763,
    -0.020554805,
    0.010994243,
    -0.0377912,
    0.0051266197,
    -0.0008185274,
    0.0052031362,
    0.008811504,
    0.0052031362,
    0.029752918,
    0.016833676,
    -0.0048849876,
    -0.054866508,
    -0.07674223,
    0.0145381745,
    -0.0010289483,
    0.014844242,
    -0.013692464,
    -0.030719446,
    0.004268827,
    0.028206475,
    -0.035310447,
    0.0071402173,
    0.03195982,
    -0.01982991,
    -0.0016199393,
    -0.045910027,
    -0.019588277,
    -0.01453012,
    0.011815791,
    0.009681378,
    0.012315163,
    0.013032004,
    0.046715464,
    0.02575794,
    -0.006499893,
    -0.042978227,
    -0.018380119,
    0.021376353,
    0.07371378,
    -0.038371116,
    0.044814628,
    -0.06765688,
    -0.0019411081,
    0.035503753,
    0.0231161,
    0.00039315494,
    0.0510004,
    0.024292042,
    0.016044347,
    0.09781252,
    0.013491104,
    -0.02008765,
    -0.046940986,
    -0.06298533,
    0.0032962593,
    -0.029720701,
    -0.023438277,
    -0.055285335,
    0.0046554375,
    -0.034537226,
    -0.04478241,
    0.07783763,
    -0.0028291047,
    0.03279748,
    -0.03273304,
    -0.04742425,
    -0.049743917,
    0.06978324,
    0.016849784,
    0.06459621,
    0.016559826,
    0.05090375,
    0.051354792,
    0.012274891,
    -0.019604387,
    -0.009383365,
    -0.09446189,
    0.00690664,
    -0.016277922,
    0.042108353,
    0.019266102,
    -0.046103332,
    -0.007969819,
    -0.011703029,
    0.007132163,
    -0.06269538,
    -0.001896809,
    -0.011211712,
    -0.02946296,
    0.039337642,
    -0.061148934,
    0.034923837,
    -0.036405846,
    -0.029156893,
    -0.009101462,
    -0.044653542,
    -0.0264184,
    0.02854476,
    0.1438192,
    -0.03418283,
    -0.0032559873,
    -0.03885438,
    -0.0061334185,
    -0.01414351,
    -0.024114845,
    0.044460237,
    0.017751876,
    0.01063985,
    0.014940894,
    0.008408784,
    -0.026579488,
    0.10361168,
    -0.017510245,
    -0.0151422545,
    0.048809607,
    0.012838698,
