{
  "chunk_index": 142,
  "token_start": 63900,
  "token_end": 64400,
  "text": "73 Phạm tội thuộc một trong các trường hợp sau đây, thì bị phạt tù từ 10 năm đến 15 năm:\n\na) Có tính chất chuyên nghiệp;\n\nb) Đối với 06 người trở lên;\n\nc) Gây thương tích, gây tổn hại cho sức khỏe hoặc gây rối loạn tâm thần và hành vi của nạn nhân mà tỷ lệ tổn thương cơ thể 61% trở\nlên;\n\nd) Làm nạn nhân chết;\n\nđ) Tái phạm nguy hiểm.\n\n4.74 Người phạm tội còn có thể bị phạt tiền từ 10.000.000 đồng đến 50.000.000 đồng, cấm đảm nhiệm chức vụ, cấm hành nghề hoặc\nlàm công việc nhất định từ 01 năm đến 05 năm.\n\nĐiều 154. Tội mua bán, chiếm đoạt mô hoặc bộ phận cơ thể người\n\n1. Người nào mua bán, chiếm đoạt mô hoặc bộ phận cơ thể người khác, thì bị phạt tù từ 03 năm đến 07 năm.\n\n2. Phạm tội thuộc một trong các trường hợp sau đây, thì bị phạt tù từ 07 năm đến 15 năm:\n\na) Có tổ chức;\n\nb) Vì mục đích thương mại;\n\nc) Lợi dụng chức vụ, quyền hạn, nghề nghiệp;\n\nd) Đối với từ 02 người đến 05 người;\n\nđ) Phạm tội 02 lần trở lên;\n\ne) Gâ",
  "embedding": [
    -0.0006032845,
    -0.008008704,
    -0.094711624,
    -0.2034162,
    -0.0011124323,
    0.11796844,
    0.0040367427,
    0.05001188,
    0.014025353,
    0.12826882,
    -0.052149694,
    -0.03260166,
    -0.0066442275,
    0.0048991563,
    -0.10747372,
    -0.10967632,
    0.19188496,
    -0.06183464,
    0.029654067,
    0.0038707382,
    -0.038707383,
    0.0027694404,
    0.031500358,
    -0.07333349,
    0.013166988,
    0.035630226,
    -0.044473,
    -0.015159042,
    0.0659807,
    0.031678513,
    -0.009199076,
    -0.032002423,
    -0.00018928558,
    0.0016337269,
    -0.00077941123,
    -0.025491808,
    0.028455595,
    0.0034435804,
    0.01710251,
    -0.027321905,
    -0.051761,
    0.042173233,
    0.02107042,
    0.03156514,
    0.06348658,
    -0.002184376,
    -0.0076362053,
    0.05163144,
    -0.02643115,
    0.010502819,
    0.009903584,
    0.035792183,
    -0.047355812,
    -0.00987929,
    0.06394006,
    -0.08726166,
    -0.022819541,
    -0.011515042,
    -0.029718848,
    0.060571387,
    0.029411133,
    -0.020584553,
    0.037573695,
    -0.07346305,
    -0.022414653,
    -0.06358376,
    0.056230977,
    -0.113368906,
    0.0389989,
    -0.03342763,
    -0.06970568,
    -0.07709085,
    -0.02902244,
    0.008956144,
    0.06338941,
    -0.023418777,
    -0.008429788,
    0.03517675,
    0.06860438,
    0.0040225717,
    0.028536573,
    -0.0035529004,
    0.0024597002,
    -0.0067535476,
    0.016794793,
    0.049590796,
    0.012810686,
    0.04440822,
    -0.049752753,
    0.008332615,
    0.035792183,
    -0.019337496,
    0.06756787,
    -0.07028872,
    -0.006008552,
    -0.007551179,
    -0.022106936,
    -0.012138571,
    -0.022366066,
    -0.020374011,
    -0.008478374,
    -0.024115186,
    0.103781134,
    0.0291682,
    0.010089832,
    -0.0054619517,
    -0.0029739093,
    0.022544216,
    0.049461234,
    0.0015213703,
    -0.016527567,
    0.03295796,
    -0.01669762,
    -0.05636054,
    0.02456866,
    0.031144058,
    -0.010187006,
    -0.10339244,
    0.009093805,
    -0.12166103,
    -0.04936406,
    0.043209746,
    -0.024439096,
    -0.0010658702,
    0.022884322,
    -0.073074356,
    0.0075552277,
    0.0005602651,
    -0.08680819,
    0.0015790669,
    -0.006008552,
    -0.054481857,
    -0.032536875,
    0.03193764,
    -0.027823968,
    -0.018381959,
    -0.025572786,
    0.021232376,
    -0.020584553,
    0.04175215,
    -0.025669958,
    -0.030739168,
    0.020131078,
    0.017960874,
    -0.024001816,
    0.019337496,
    0.002591289,
    0.02095705,
    -0.006551103,
    -0.010834828,
    0.03831869,
    -0.0005875951,
    -0.00018194696,
    0.0005865829,
    -0.017215878,
    0.035986528,
    -0.0029577138,
    0.0572351,
    0.041395847,
    0.027321905,
    -0.010923903,
    0.013717637,
    -0.037023045,
    -0.08447603,
    -0.045444734,
    0.040812805,
    -0.016972944,
    0.038513035,
    -0.026949408,
    0.0047655427,
    0.0211514,
    -0.0054862453,
    -0.045671474,
    0.01451122,
    -0.028018314,
    -0.028261248,
    -0.018462935,
    -0.059437696,
    -0.010851024,
    -0.03886934,
    0.012794491,
    0.02103803,
    0.06044182,
    -0.045509517,
    -0.06215855,
    -0.009498695,
    -0.03161373,
    0.04382518,
    0.0320834,
    0.028018314,
    0.01392818,
    0.010502819,
    -0.040488895,
    0.02727332,
    -0.01545866,
    -0.0010992734,
    -0.020260643,
    0.013620464,
    0.123280585,
    -0.042561926,
    0.03867499,
    0.038577817,
    0.040553678,
    -0.01294025,
    0.0076281074,
    -0.053024255,
    0.0145841,
    0.024876377,
    0.0754713,
    0.01655186,
    -0.00029683422,
    -0.040197372,
    -0.038253907,
    -0.016519468,
    0.0073568323,
    0.059049003,
    -0.039258033,
    -0.0030488137,
    -0.004397094,
    -0.015418171,
    -0.019548038,
    -0.024277141,
    -0.0071098497,
    0.039387595,
    0.020552162,
    0.009142392,
    0.0019373936,
    -0.0026338026,
    0.0025103115,
    0.00084115675,
    0.09704378,
    0.018090438,
    -0.026755061,
    -0.0036399516,
    0.028795702,
    0.0042756274,
    0.07611912,
    0.008632232,
    0.039096076,
    0.055842284,
    0.12600143,
    -0.0018969047,
    -0.0075673745,
    0.006219094,
    -0.015110455,
    -0.044894084,
    0.02537844,
    -0.07560086,
    0.010219397,
    -0.00024027628,
    -0.028099293,
    -0.028228857,
    0.013215575,
    -0.034788057,
    0.009895486,
    -0.014478829,
    0.006356756,
    -0.021928785,
    -0.029119613,
    0.06692004,
    0.015847353,
    -0.08207908,
    0.017458811,
    -0.048359934,
    -0.009199076,
    0.033492412,
    0.046578422,
    -0.0040610363,
    -0.004611685,
    0.0018311102,
    0.0023706248,
    -0.041946493,
    -0.00019333448,
    0.035241533,
    0.067243956,
    0.037087828,
    -0.01429258,
    -0.0030650094,
    -0.021621069,
    0.008599841,
    -0.017183486,
    0.010705263,
    0.057105538,
    0.013256064,
    -0.0430154,
    -0.022803346,
    0.099052034,
    0.015976917,
    -0.027904946,
    -0.0026965605,
    0.040424112,
    0.022625195,
    0.0082354415,
    0.0016964846,
    -0.024779202,
    0.062255725,
    -0.006150263,
    0.03809195,
    0.0484895,
    0.01716729,
    -0.01669762,
    -0.07126045,
    0.019483255,
    0.07041828,
    -0.058433574,
    0.027111363,
    -0.037087828,
    0.048003633,
    -0.064004846,
    0.062255725,
    -0.01633322,
    0.041881714,
    0.0397439,
    0.03263405,
    -0.018867824,
    0.06044182,
    0.041395847,
    0.017070118,
    -0.060344648,
    0.028245052,
    -0.024455292,
    0.0696409,
    -0.102679834,
    -0.012535362,
    -0.0430154,
    0.020033905,
    0.08032997,
    0.002016347,
    -0.0893347,
    0.101837665,
    -0.019952927,
    -0.008182806,
    0.06513853,
    -0.043728005,
    -0.006830476,
    -0.060247473,
    -0.043112576,
    0.040164985,
    -0.029735044,
    -0.027305711,
    -0.052732736,
    -0.030172324,
    0.020681728,
    -0.030674387,
    0.028779507,
    -0.031824272,
    0.08790949,
    0.028714724,
    0.06795656,
    0.02051977,
    0.004680516,
    -0.042238016,
    0.089529045,
    0.0010942124,
    0.0059397207,
    0.034690883,
    -0.01943467,
    0.035597835,
    0.04972036,
    -0.028941462,
    0.038253907,
    -0.0059478185,
    0.0058061075,
    0.0060206987,
    -0.0068669165,
    0.021459114,
    -0.023920838,
    0.016130775,
    -0.020357816,
    -0.04968797,
    -0.0024252848,
    -0.018511523,
    0.0016003236,
    -0.056133803,
    0.08447603,
    -0.0017916335,
    -0.0019950902,
    -0.010996784,
    -4.839688e-05,
    0.0018837458,
    -0.0156773,
    0.05691119,
    -0.011361184,
    0.07508261,
    0.0016863624,
    0.0029556893,
    -0.036958262,
    -0.00036566533,
    -0.017815113,
    0.04991471,
    0.0020284937,
    0.036796305,
    -0.043242138,
    -0.020973247,
    0.038772166,
    0.011952322,
    -0.0024070647,
    0.08745601,
