{
  "chunk_index": 21,
  "token_start": 9450,
  "token_end": 9950,
  "text": "U TRÁCH NHIỆM HÌNH SỰ, MIỄN TRÁCH NHIỆM HÌNH SỰ\n\nĐiều 27. Thời hiệu truy cứu trách nhiệm hình sự\n\n1. Thời hiệu truy cứu trách nhiệm hình sự là thời hạn do Bộ luật này quy định mà khi hết thời hạn đó thì người phạm tội không bị truy\ncứu trách nhiệm hình sự.\n\n2. Thời hiệu truy cứu trách nhiệm hình sự được quy định như sau:\n\na) 05 năm đối với tội phạm ít nghiêm trọng;\n\nb) 10 năm đối với tội phạm nghiêm trọng;\n\nc) 15 năm đối với tội phạm rất nghiêm trọng;\n\nd) 20 năm đối với tội phạm đặc biệt nghiêm trọng.\n\n3. Thời hiệu truy cứu trách nhiệm hình sự được tính từ ngày tội phạm được thực hiện. Nếu trong thời hạn quy định tại khoản 2 Điều này,\nngười phạm tội lại thực hiện hành vi phạm tội mới mà Bộ luật này quy định mức cao nhất của khung hình phạt đối với tội ấy trên 01 năm\ntù, thì thời hiệu đối với tội cũ được tính lại kể từ ngày thực hiện hành vi phạm tội mới.\n\nNếu trong thời hạn quy định tại khoản 2 Điều này, người phạm tội cố tình trốn tránh và đã có",
  "embedding": [
    -0.0008121924,
    -0.006191051,
    -0.006084802,
    -0.07329551,
    -0.0019911483,
    0.11409515,
    0.041747708,
    0.0028891573,
    0.027444951,
    0.07185706,
    -0.026120923,
    -0.04066887,
    0.0042009247,
    -0.022933451,
    -0.09317226,
    -0.14306028,
    0.07656471,
    0.060447544,
    0.03654968,
    0.01435997,
    -0.010485966,
    0.09500301,
    0.117560506,
    -0.03756313,
    0.010567696,
    0.08343004,
    -0.027101684,
    0.03478431,
    0.060741775,
    -0.045736134,
    -0.0753878,
    -0.00730258,
    0.022868067,
    0.006334079,
    0.0029341087,
    -0.01245566,
    -0.06018601,
    0.0031609097,
    0.034065086,
    0.017849842,
    -0.06701864,
    -0.044918835,
    0.05214377,
    0.027314182,
    0.008957613,
    -0.023734406,
    -0.017849842,
    0.021429619,
    0.007658106,
    0.007171812,
    0.031940103,
    0.03354201,
    0.0044379416,
    0.004944668,
    -0.02134789,
    -0.13076808,
    0.06365136,
    0.002180149,
    0.01732677,
    0.02298249,
    0.02031809,
    -0.012038836,
    0.04625921,
    -0.023669023,
    -0.022377688,
    -0.057014883,
    0.049299564,
    -0.032168947,
    0.03543815,
    0.0024437285,
    -0.1191951,
    0.031940103,
    -0.022704609,
    0.0059662936,
    0.065743655,
    -0.054170676,
    -0.017196003,
    0.07336089,
    0.0006584377,
    0.028850708,
    -0.0010594258,
    0.027837254,
    0.008123967,
    0.07198783,
    -0.009668665,
    0.04001503,
    -0.0058845636,
    -0.014368143,
    -0.023423832,
    -0.034163162,
    0.052339923,
    -0.0055331243,
    0.02118443,
    0.012185951,
    0.014793139,
    -0.026938224,
    -0.039426576,
    -0.030942997,
    -0.02085751,
    0.011172498,
    0.020448858,
    0.007441521,
    -0.0015385682,
    0.047305353,
    -0.05194762,
    -0.018748874,
    -0.01941906,
    0.03775928,
    -0.008095361,
    -0.011556629,
    0.026186308,
    0.03658237,
    0.009472513,
    -0.042630393,
    0.010502311,
    0.02978243,
    0.023570945,
    0.017130619,
    -0.005475913,
    0.12932964,
    -0.025581505,
    0.048122652,
    -0.028294943,
    -0.054432213,
    0.0074701267,
    -0.12364122,
    -0.041093867,
    0.028278597,
    -0.111610554,
    -0.016869083,
    -0.00738431,
    -0.030779537,
    -0.039426576,
    -0.026562266,
    -0.054105293,
    0.022639224,
    -0.0066160476,
    0.0068694106,
    -0.023113258,
    0.01544698,
    -0.025123818,
    0.0024907233,
    0.034849692,
    0.033051632,
    -0.032577597,
    -0.07695702,
    0.024208441,
    0.00038745152,
    0.029717047,
    0.009349918,
    0.041420788,
    0.0052102907,
    -0.026611304,
    0.021642117,
    -0.026022848,
    0.0033059805,
    -0.017931573,
    -0.023096912,
    -0.013035943,
    0.02978243,
    0.011924414,
    -0.0026153615,
    -0.0041498435,
    0.0011697613,
    0.001585563,
    0.06329175,
    -0.028360328,
    0.032626636,
    -0.034817003,
    -0.080356985,
    0.053811066,
    -0.03847851,
    0.0014823788,
    0.0017919313,
    -0.041845784,
    -0.034620848,
    -0.026366115,
    -0.1110221,
    -0.018013302,
    -0.07976853,
    0.03035454,
    -0.014221028,
    0.0413881,
    -0.031645875,
    0.0038086204,
    -0.0012474048,
    -0.03478431,
    -0.013706129,
    0.08264542,
    0.023619985,
    -0.026333421,
    -0.031204533,
    0.014490738,
    0.044657297,
    -0.027886294,
    -0.035176612,
    -0.018732527,
    0.06345521,
    0.0454746,
    0.0062196567,
    -0.005929515,
    0.01376334,
    0.05148993,
    -0.0073965695,
    0.00995472,
    0.0034837434,
    0.01120519,
    0.0014915734,
    0.039590035,
    -0.03269202,
    0.07401473,
    -0.049070723,
    -0.041224636,
    -0.20883663,
    0.019043101,
    0.015120059,
    -0.034588158,
    -0.034293927,
    0.025287278,
    0.0297007,
    0.0038944369,
    -0.0023395226,
    0.005242983,
    0.02597381,
    -0.03277375,
    0.010387889,
    -0.031204533,
    -0.012905175,
    -0.011760954,
    -0.007110514,
    0.012145085,
    0.0073475316,
    -0.017343117,
    -0.029962236,
    0.017735422,
    -0.028360328,
    0.051261086,
    0.0032753318,
    -0.02461709,
    0.04384,
    0.11501052,
    -0.0050795227,
    -0.006358598,
    0.023521908,
    -0.04727266,
    0.0015109843,
    0.0060888887,
    -0.031645875,
    -0.004100805,
    -0.030338194,
    -0.07061476,
    -0.017539268,
    0.012267681,
    -0.030844921,
    0.058126412,
    0.05273223,
    -0.003994556,
    0.013011424,
    -0.016820043,
    0.13129115,
    0.0046300073,
    0.015618612,
    -0.00679994,
    -0.036320835,
    0.022018075,
    0.032463174,
    -0.0011626099,
    -0.0051694256,
    0.019893095,
    -0.0157739,
    0.064337894,
    -0.06728017,
    0.015847456,
    0.010412408,
    0.14162183,
    0.04125733,
    0.004928322,
    -0.02801706,
    0.0035389112,
    0.042205397,
    -0.0037759284,
    0.032708365,
    0.052339923,
    0.0288834,
    0.0071636387,
    -0.0010553392,
    -0.046553437,
    0.018650798,
    -0.02769014,
    -0.0023252198,
    0.013125846,
    0.03949196,
    0.023194987,
    0.005365578,
    -0.0134282475,
    0.004993706,
    -0.010935481,
    0.025892079,
    0.033705473,
    -0.002578583,
    0.010853751,
    -0.018781565,
    -0.017898882,
    -0.014147472,
    -0.066757105,
    0.029112244,
    0.01552871,
    0.03195645,
    -0.0019257643,
    -0.041649632,
    -0.010861924,
    0.0065997015,
    -0.03277375,
    -0.018830603,
    -0.021576732,
    -0.031008381,
    -0.0018624235,
    0.03576507,
    -0.06211484,
    0.008859538,
    0.012382102,
    0.02891609,
    -0.0033877105,
    0.00064668903,
    -0.09598377,
    0.029602624,
    0.049332257,
    0.028981475,
    0.011172498,
    0.062016763,
    0.050051484,
    0.03380355,
    0.104026005,
    -0.026284384,
    -0.032920863,
    -0.03200549,
    -0.046520744,
    0.06515519,
    0.010780194,
    0.05459567,
    -0.05148993,
    -0.03834774,
    0.06548212,
    -0.011646532,
    -0.027624756,
    0.0049814465,
    0.025385354,
    -0.016043609,
    0.040570796,
    -0.053222608,
    0.015716689,
    -0.00820161,
    0.0058355257,
    0.011384996,
    0.06345521,
    0.022851722,
    0.008250648,
    0.021478657,
    0.009881163,
    -0.033117015,
    -0.010543176,
    -0.07198783,
    0.031482413,
    -0.010232602,
    -0.045539983,
    -0.023701714,
    -0.062768675,
    -0.06182061,
    0.07296859,
    -0.06119946,
    -0.022541149,
    -0.021805577,
    0.0049242354,
    -0.05018225,
    0.101541415,
    0.009660492,
    -0.06231099,
    0.030550692,
    -0.012243162,
    -0.022688262,
    0.015038329,
    0.08499925,
    -0.024371902,
    -0.018078687,
    -0.04746881,
    0.0062646084,
    -0.03949196,
    -0.03274106,
    0.008965787,
    0.014490738,
    -0.011948933,
    0.02298249,
    0.009464339,
    -0.029962236,
    0.009995585,
    0.04449384,
    0.0080340635,
    0.07054938,
    -0.010208083,
