{
  "chunk_index": 63,
  "token_start": 28350,
  "token_end": 28850,
  "text": "y định tại các điểm a, b và c\nkhoản này thì thời hạn đương nhiên được xóa án tích sẽ hết vào thời điểm người đó chấp hành xong hình phạt bổ sung.\n\n3. Người bị kết án đương nhiên được xóa án tích, nếu từ khi hết thời hiệu thi hành bản án, người đó không thực hiện hành vi phạm tội\nmới trong thời hạn quy định tại khoản 2 Điều này.\n\n4. Cơ quan quản lý cơ sở dữ liệu lý lịch tư pháp có trách nhiệm cập nhật thông tin về tình hình án tích của người bị kết án và khi có yêu\ncầu thì cấp phiếu lý lịch tư pháp xác nhận không có án tích, nếu có đủ điều kiện quy định tại khoản 2 hoặc khoản 3 Điều này.\n\nĐiều 71. Xóa án tích theo quyết định của Tòa án24\n\n1. Xóa án tích theo quyết định của Tòa án được áp dụng đối với người bị kết án về một trong các tội quy định tại Chương XIII và\nChương XXVI của Bộ luật này. Tòa án quyết định việc xóa án tích đối với người bị kết án căn cứ vào tính chất của tội phạm đã thực\nhiện, thái độ chấp hành pháp luật, thái độ lao động của người bị kết án và các điều kiện quy định tại khoản 2 Điều này.\n\n",
  "embedding": [
    -0.00038841745,
    -0.07281983,
    -0.08558694,
    -0.016440192,
    -0.0006638983,
    0.030195236,
    -0.0152327195,
    0.015384709,
    0.024639178,
    0.013831039,
    -0.072076775,
    0.019319547,
    -0.00499032,
    -0.067753516,
    -0.08849163,
    -0.13787131,
    0.14415355,
    0.09707059,
    0.047285605,
    0.004926991,
    0.0025014929,
    0.0083172005,
    0.13996539,
    0.052318145,
    -0.12429359,
    0.05333141,
    -0.022021582,
    0.044853773,
    0.08437103,
    0.05154131,
    -0.14577477,
    0.021835817,
    0.026885243,
    0.019403985,
    0.0035506422,
    -0.0018154294,
    -0.04066562,
    0.0053322962,
    0.04694785,
    0.008925158,
    -0.07187412,
    0.009955308,
    0.014751419,
    -0.015249607,
    0.003565419,
    0.0049396567,
    -0.003147448,
    -0.03210355,
    -0.032052886,
    0.0084185265,
    0.041712657,
    0.009212249,
    -0.0244703,
    -0.01197339,
    0.030144572,
    -0.14199191,
    0.050730698,
    -0.002116242,
    0.07680533,
    -0.0134172905,
    0.012100048,
    0.011964947,
    0.030465439,
    -0.022697091,
    -0.015899785,
    0.006539768,
    -0.0153087145,
    -0.009972196,
    -0.0083298655,
    -0.008680286,
    -0.1021369,
    0.10875689,
    0.0028751337,
    0.041070923,
    0.06623362,
    -0.036342364,
    -0.011365433,
    0.006712867,
    0.07349534,
    0.03311681,
    -0.036815222,
    -0.0107152555,
    -0.038470216,
    0.023997445,
    0.025449788,
    0.034400277,
    -0.059140783,
    0.038503993,
    -0.0449551,
    0.03674767,
    0.038031135,
    -0.008705618,
    -0.03674767,
    0.04961611,
    -0.016136212,
    -0.01164408,
    0.044617344,
    -0.01877914,
    -0.012572904,
    -0.0012264703,
    0.00028814666,
    -0.047116727,
    -0.00028999374,
    0.0449551,
    -0.048569072,
    0.005391403,
    -0.00047655022,
    -0.0058051525,
    0.04093582,
    0.00028893826,
    -0.06984759,
    0.046981625,
    0.03955103,
    -0.036713894,
    0.045934588,
    0.043806735,
    0.10281242,
    0.032931045,
    0.0127840005,
    0.006404666,
    -0.022865968,
    0.05323008,
    0.012243594,
    -4.7166865e-05,
    0.03607216,
    -0.054006916,
    -0.030701868,
    0.06363291,
    -0.10409588,
    0.0068057496,
    0.02121097,
    -0.027966058,
    0.011390764,
    -0.0024339422,
    -0.06795617,
    -0.013763488,
    0.015443816,
    -0.012353364,
    -0.0076881326,
    0.048906825,
    -0.055999666,
    0.003977057,
    -0.0071266163,
    0.029671717,
    0.03438339,
    -0.033403903,
    0.033015486,
    0.053770486,
    0.0027653635,
    0.0044372473,
    0.016955268,
    -0.085384294,
    -0.07248208,
    0.008773169,
    -0.011762294,
    -0.017529448,
    -0.0027822512,
    0.0035949724,
    -0.0393146,
    0.014768307,
    0.07092841,
    0.03674767,
    -0.026952794,
    -0.007493924,
    -0.0029954587,
    0.0077599054,
    -0.070252895,
    0.03232309,
    -0.0131893065,
    -0.0010032359,
    0.008553628,
    -0.023642803,
    0.0023537255,
    0.0105379345,
    0.013864814,
    -0.011078342,
    -0.024943156,
    -0.052892327,
    -0.0034282063,
    -0.021548726,
    0.03075253,
    0.009769544,
    0.030465439,
    -0.037085425,
    0.020265259,
    -0.002140518,
    -0.031039622,
    0.014709201,
    0.047251828,
    0.03461982,
    -0.0022798416,
    -0.015274939,
    0.0025606,
    0.039280828,
    -0.021481175,
    0.011635636,
    -0.0084945215,
    0.07329269,
    0.02232556,
    0.0042367056,
    0.052824777,
    -0.0109179085,
    0.03438339,
    -0.041780207,
    0.03075253,
    0.035126448,
    0.014472772,
    0.0051338654,
    -0.0067719743,
    -0.018660925,
    -0.016077105,
    -0.09632753,
    -0.017951641,
    -0.029570391,
    -0.007299715,
    0.024740504,
    -0.047184277,
    -0.03779471,
    -0.012572904,
    -0.04390806,
    -0.052892327,
    0.011880508,
    -0.0013752934,
    0.014616318,
    -0.028371362,
    -0.00204658,
    -0.007949892,
    0.034130074,
    -0.0072406083,
    0.014962517,
    0.10652771,
    0.040631846,
    -0.014025248,
    -0.017765878,
    -0.022224234,
    -0.02490938,
    -0.017495673,
    -0.022342449,
    0.01989373,
    -0.0371192,
    0.082006745,
    0.045529284,
    0.045394182,
    0.018306283,
    -0.0075741406,
    -0.04985254,
    0.013231525,
    0.0104872715,
    0.007143504,
    -0.014211013,
    -0.07092841,
    0.016457079,
    -0.003803958,
    -0.0107659185,
    -0.048400193,
    -0.021717602,
    -0.026007082,
    -0.070388,
    0.010022859,
    0.076737784,
    -0.0033585445,
    0.036612567,
    -0.032947935,
    -0.023119284,
    0.029097535,
    -0.04944723,
    -0.052655898,
    -0.05272345,
    0.008008999,
    -0.0010660371,
    0.12105115,
    -0.018458273,
    0.0027759182,
    -0.006826859,
    0.115376875,
    -0.029975696,
    -0.002794917,
    0.03874042,
    -0.0065819873,
    -0.036038388,
    -0.05447977,
    0.00938957,
    0.028624678,
    0.077210635,
    0.095719576,
    0.0048341085,
    -0.041881535,
    -0.03630859,
    -0.044178266,
    -0.009195361,
    0.04444847,
    -0.017799653,
    0.021970918,
    -0.017765878,
    -0.05968119,
    0.036409914,
    -0.0206199,
    -0.061910365,
    0.00890827,
    -0.0010085133,
    -0.023541477,
    -0.009853982,
    0.011390764,
    0.04812999,
    -0.038976848,
    -0.0313436,
    0.050426718,
    0.002731588,
    0.017166363,
    0.08734327,
    0.029097535,
    -0.03127605,
    0.0021605722,
    0.022241121,
    0.001212749,
    -0.069172084,
    0.054209568,
    0.022443775,
    -0.05789109,
    -0.0508658,
    0.027037233,
    0.066064745,
    0.07126616,
    0.04093582,
    0.005640497,
    0.014962517,
    -0.03335324,
    0.037659608,
    0.103487924,
    0.06755086,
    0.08126369,
    0.019420873,
    0.100988545,
    -0.0019663635,
    -0.01862715,
    -0.036848996,
    -0.026192848,
    0.06187659,
    -0.01692149,
    -0.0063877786,
    -0.015097618,
    -0.017732102,
    0.043536533,
    0.14388333,
    0.0003245608,
    0.045225304,
    0.052183043,
    0.016533073,
    0.06288985,
    -0.050392944,
    0.11416096,
    0.0029173528,
    -0.06633495,
    0.030414777,
    -0.02232556,
    -0.0012106381,
    -0.02506137,
    -0.0035168668,
    -0.020045718,
    -0.017613888,
    -0.04242194,
    -0.024267647,
    -0.031478703,
    0.063058734,
    -0.045799486,
    -0.009997528,
    -0.027037233,
    0.03169824,
    0.07775104,
    -0.07390065,
    -0.014354559,
    -0.0745086,
    0.047488257,
    -0.06748331,
    0.05849905,
    0.03755828,
    0.012792445,
    -0.060762003,
    0.022291785,
    0.0046187905,
    -0.007895007,
    0.079507366,
    0.0059740297,
    -0.021869592,
    -0.018407611,
    -0.0489406,
    -0.04282725,
    -0.040192764,
    0.007173057,
    0.03453538,
    -0.02121097,
    0.030853856,
    0.013248413,
    0.033826094,
    0.05441222,
