{
  "chunk_index": 395,
  "token_start": 177750,
  "token_end": 178250,
  "text": "\nlên;\n\nc) Gây thiệt hại về tài sản 1.500.000.000 đồng trở lên.\n\n4. Người phạm tội còn có thể bị phạt tiền từ 10.000.000đồng đến 30.000.000 đồng.\n\nĐiều 265. Tội tổ chức đua xe trái phép271\n\n1. Người nào tổ chức trái phép việc đua xe ô tô, xe máy hoặc các loại xe khác có gắn động cơ, thì bị phạt tiền từ 30.000.000 đồng đến\n100.000.000 đồng, phạt cải tạo không giam giữ đến 03 năm hoặc phạt tù từ 01 năm đến 05 năm.\n\n2. Phạm tội thuộc một trong các trường hợp sau đây, thì bị phạt tiền từ 100.000.000 đồng đến 500.000.000 đồng hoặc phạt tù từ 04 năm\nđến 10 năm:\n\na) Tổ chức cho 10 xe tham gia trở lên trong cùng một lúc hoặc tổ chức 02 cuộcđua xe trở lên trong cùng một lúc;\n\nb) Tổ chức cá cược;\n\nc) Chống lại người có trách nhiệm bảo đảm trật tự, an toàn giao thông hoặc người có trách nhiệm giải tán cuộc đua xe trái phép;\n\nd) Tại nơi tập trung đông dân cư;\n\nđ) Tháo dỡ thiết bị an toàn khỏi phương tiện đua;\n\ne) Làm chết người;\n\ng) Gây thương tích hoặc gây tổn hại cho sức khỏ",
  "embedding": [
    -4.3585016e-05,
    0.014745036,
    -0.11650321,
    -0.1412736,
    0.00015516141,
    0.047450192,
    0.06696242,
    -0.066075504,
    0.023709258,
    0.026829315,
    -0.12100116,
    -0.027858775,
    0.0024469476,
    -0.19613591,
    -0.1363322,
    -0.09781455,
    0.076845236,
    -0.07798556,
    -0.057649765,
    -0.0013610651,
    -0.009090925,
    0.07627507,
    -0.028286396,
    -0.10104547,
    -0.041906945,
    0.039341215,
    -0.045232892,
    0.018403579,
    -0.10357953,
    -0.016408011,
    -0.10839423,
    0.04871722,
    -0.063636474,
    -0.02229969,
    -0.0007740748,
    -0.003149752,
    0.044567704,
    0.0009364128,
    0.019638931,
    -0.08007616,
    -0.020795094,
    0.07570491,
    0.0072141397,
    -0.00011513373,
    0.09844806,
    -0.0044583543,
    -0.0073408424,
    0.035888564,
    0.008449492,
    -0.04174857,
    0.023519205,
    0.0125119,
    0.04909733,
    -0.018752012,
    -0.026354179,
    -0.09528049,
    0.025055476,
    -0.0063470174,
    0.06420664,
    0.14190711,
    0.033291157,
    -0.015853686,
    0.028064666,
    -0.065315284,
    -0.014927172,
    -0.0061054905,
    0.029062452,
    -0.007071599,
    0.008647465,
    -0.024928773,
    -0.036015265,
    -0.07545151,
    -0.037694078,
    0.009581898,
    0.12613262,
    -0.010405466,
    -0.02435861,
    -0.007174545,
    0.09844806,
    0.0057293414,
    0.014705442,
    -0.014143198,
    -0.023376664,
    0.036236998,
    0.0034387927,
    0.024184395,
    0.03430478,
    -0.024675367,
    -0.08064632,
    0.012210981,
    0.0014481732,
    0.05055441,
    0.035571806,
    0.004102003,
    0.017991796,
    0.0067508826,
    -0.014166955,
    -0.042001974,
    0.02803299,
    -0.006719207,
    -0.005353193,
    -0.060532253,
    -0.031802397,
    -0.016360497,
    -0.04827376,
    0.012741549,
    -0.007174545,
    0.046468247,
    -0.0047869897,
    -0.022093797,
    -0.01935385,
    0.023075745,
    -0.014016495,
    -0.016598064,
    -0.021016825,
    0.043902516,
    -0.022172987,
    0.050269328,
    -0.030376993,
    -0.012725711,
    -0.010405466,
    0.0774154,
    -0.010357953,
    0.054418847,
    0.034969967,
    -0.046468247,
    -0.018862877,
    0.009914493,
    -0.0978779,
    0.023503367,
    0.012820738,
    -0.020937635,
    -0.006837991,
    -0.0048028273,
    -0.029775154,
    -0.015726984,
    0.03357624,
    -0.0048543005,
    -0.006576666,
    0.016281309,
    -0.009376006,
    -0.008663303,
    0.04726014,
    -0.01943304,
    -0.007380437,
    -0.06822945,
    -0.008219843,
    -0.04542295,
    0.0117675215,
    0.020335797,
    0.045803055,
    -0.003296252,
    0.028460613,
    0.05733301,
    -0.061514203,
    -0.016898984,
    -0.032562617,
    0.026987692,
    -0.0034031577,
    0.015061794,
    0.03471656,
    0.03937289,
    0.027985478,
    -0.05505236,
    -0.010365872,
    -0.002832995,
    -0.06664567,
    0.021982932,
    0.017041525,
    -0.03452651,
    0.025150502,
    -0.026370017,
    0.021745365,
    0.023978502,
    -0.0038505767,
    -0.0026884747,
    -0.046246517,
    -0.00065083656,
    0.018245202,
    0.010706386,
    -0.015663631,
    0.0634781,
    0.11808699,
    -0.004367287,
    0.006137166,
    0.0065608285,
    -0.0057728956,
    0.04032316,
    0.0387077,
    0.032847695,
    -0.026417531,
    -0.03715559,
    -0.0039555025,
    -0.013771009,
    0.01376309,
    0.009977845,
    0.053183492,
    0.012108034,
    0.040386513,
    -0.011173602,
    0.039657973,
    0.006616261,
    0.025720665,
    0.026686775,
    0.023661746,
    -0.029648451,
    0.0035199616,
    0.041336782,
    0.047576897,
    0.012226819,
    0.011387412,
    0.011126088,
    -0.03253094,
    -0.03972132,
    -0.0063905716,
    0.076338425,
    -0.015053875,
    -0.015544848,
    0.017120713,
    0.0060460987,
    0.0069884504,
    -0.037504025,
    0.014840064,
    -0.027779585,
    -0.0050958274,
    -0.0009656138,
    0.015536929,
    0.044916138,
    -0.008489086,
    0.022505581,
    0.078555726,
    0.030820452,
    -0.0128049,
    -0.03709224,
    -0.00404855,
    0.029078288,
    0.011062737,
    0.023820123,
    -0.012044683,
    0.035666835,
    0.07443789,
    -0.028587315,
    -0.053183492,
    0.013406739,
    -0.005202733,
    -0.06955983,
    -0.0063232607,
    -0.02296488,
    -0.0023657784,
    0.00026553142,
    -0.012203062,
    0.007020126,
    0.00669941,
    -0.017627524,
    -0.03525505,
    0.010943953,
    0.02363007,
    -0.060088795,
    -0.025704827,
    0.122521594,
    0.046499923,
    -0.072664045,
    0.0036605226,
    -0.013652225,
    -0.017500822,
    -0.0025360354,
    0.099841796,
    -0.004767192,
    0.00772887,
    -0.028904073,
    0.030567046,
    -0.028207207,
    -0.006865707,
    -0.0070161666,
    0.01971812,
    0.020905958,
    0.021381095,
    0.011870467,
    0.028508127,
    0.032911047,
    -0.03788413,
    -5.71338e-05,
    -0.012163468,
    -0.007950599,
    -0.001125477,
    -0.003775347,
    0.1067471,
    0.00802583,
    -0.013121657,
    -0.036015265,
    0.011023142,
    0.014539144,
    -0.02016158,
    -0.0010660852,
    -0.030076073,
    -0.029759316,
    0.015441902,
    -0.04070327,
    0.05337355,
    0.014151117,
    -0.0029755356,
    -0.022774825,
    0.03541343,
    0.06867291,
    0.05970869,
    0.03039283,
    -0.034874942,
    -0.03370294,
    -0.11111834,
    -0.030487858,
    0.048907276,
    0.031073857,
    0.018894553,
    -0.054862306,
    0.06157755,
    -0.0060381796,
    -0.005353193,
    0.061387498,
    0.00035585664,
    -0.072473995,
    0.016883146,
    0.08546103,
    0.012100115,
    0.03430478,
    -0.038834404,
    0.029933533,
    0.07944264,
    0.029030776,
    -0.0192905,
    0.045581326,
    -0.01567947,
    0.033671264,
    0.025514772,
    -0.00055828417,
    0.031168886,
    -0.025150502,
    -0.042635486,
    0.027399477,
    0.04871722,
    -0.0050087194,
    -0.054038737,
    -0.03937289,
    0.013850198,
    0.032911047,
    0.09851141,
    0.015473577,
    0.055875927,
    -0.00015850221,
    -0.05115625,
    -0.00018918804,
    0.0024113124,
    -0.0020727783,
    0.037218943,
    0.055590846,
    -0.025419746,
    0.041020025,
    6.848632e-05,
    0.005416544,
    0.051694736,
    -0.08020286,
    0.0034467117,
    -0.009463114,
    -0.0077843023,
    0.008211924,
    -0.021222716,
    0.03490662,
    0.016130848,
    0.021301905,
    0.024311097,
    -0.054292142,
    -0.021982932,
    0.053563602,
    0.02260061,
    -0.048907276,
    0.13861285,
    -0.004501908,
    0.05254998,
    0.0135492785,
    -0.008338627,
    -0.0033318873,
    0.013335468,
    0.026227476,
    -0.034019697,
    -0.0015946733,
    0.010057033,
    -0.015410226,
    -0.06335139,
    -0.015829928,
    0.08571443,
    0.045676354,
    0.02994937,
    -0.018007632,
    -0.022283852,
    -0.041241758,
    0.08501757,
    -0.07012999,
