{
  "chunk_index": 212,
  "token_start": 95400,
  "token_end": 95900,
  "text": "ực vật, giống\ncây trồng, giống vật nuôi 144\n\n1.145 Người nào sản xuất, buôn bán hàng giả là thức ăn dùng để chăn nuôi, phân bón, thuốc thú y, thuốc bảo vệ thực vật, giống cây\ntrồng, giống vật nuôi thuộc một trong các trường hợp sau đây, thì bị phạt tiền từ 100.000.000 đồng đến 1.000.000.000 đồng hoặc phạt\ntù từ 01 năm đến 05 năm:\n\na) Hàng giả tương đương với số lượng của hàng thật hoặc hàng hóa có cùng tính năng kỹ thuật, công dụng trị giá từ 30.000.000 đồng\nđến dưới 150.000.000 đồng hoặc dưới 30.000.000 đồng nhưng đã bị xử phạt vi phạm hành chính về một trong các hành vi quy định tại\nĐiều này hoặc tại một trong các điều 188, 189, 190, 191, 192, 193, 194, 196 và 200 của Bộ luật này hoặc đã bị kết án về một trong các\ntội này, chưa được xóa án tích mà còn vi phạm;\n\nb) Gây thiệt hại về tài sản từ 100.000.000 đồng đến dưới 500.000.000 đồng;\n\nc) Thu lợi bất chính từ 50.000.000 đồng đến dưới 100.000.000 đồng.\n\n2.146 Phạm tội thuộc một trong các trường hợp sau đây, thì bị phạt tù từ 05 năm đ",
  "embedding": [
    -0.00011337275,
    0.12767841,
    -0.15380566,
    -0.14616467,
    -0.00048454214,
    0.017438702,
    0.046492934,
    0.034322817,
    0.019364353,
    0.047817785,
    -0.10913054,
    -0.03447687,
    0.0076101758,
    -0.08768648,
    -0.012455116,
    -0.020704608,
    0.12108498,
    -0.092184804,
    0.14024907,
    -0.0034584706,
    -0.01060649,
    0.05835495,
    -0.019472191,
    -0.061466806,
    -0.0626376,
    0.060788974,
    -0.03312121,
    0.11393696,
    0.058724675,
    0.013025109,
    0.011338238,
    -0.012316469,
    0.06189815,
    -0.061805718,
    0.002892329,
    -0.01622169,
    0.009004348,
    -0.006104316,
    0.04449026,
    -0.07992225,
    -0.029085044,
    -0.098408505,
    0.102229,
    0.026004001,
    0.07696445,
    -0.035801716,
    0.0049604787,
    0.015489942,
    -0.090890765,
    -0.012655383,
    0.018424636,
    0.013271592,
    0.023862677,
    0.00809544,
    0.097114466,
    -0.11319751,
    0.00788747,
    -0.0072365995,
    -0.027236419,
    0.1657601,
    0.012324171,
    -0.04470593,
    0.056013357,
    -0.02487942,
    -0.013025109,
    -0.026419941,
    0.033367693,
    0.030748807,
    0.026728047,
    -0.06377759,
    0.016237095,
    0.040638953,
    -0.0051607466,
    0.019980563,
    0.03064097,
    -0.032597434,
    -0.022938363,
    -0.01025217,
    0.12441251,
    -0.0067320787,
    0.03885195,
    -0.030841239,
    0.011299725,
    -0.068645634,
    0.016237095,
    0.060912218,
    0.056660376,
    0.016914925,
    -0.0055997954,
    0.04532214,
    0.012077688,
    0.054657698,
    -0.025079688,
    -0.019610837,
    -0.01574413,
    0.004325014,
    -0.027852627,
    0.0056614163,
    0.002842262,
    -0.0064355284,
    -0.011792691,
    -0.0098747425,
    0.019179491,
    0.032166086,
    -0.03678765,
    -0.001836109,
    -0.035894148,
    -0.053456094,
    -0.017546538,
    -0.030979885,
    -0.009435694,
    -0.019980563,
    0.040022746,
    -0.02945477,
    -0.0069708596,
    -0.001354696,
    -0.061158698,
    0.0014634953,
    -0.0134025365,
    -0.07973739,
    -0.016514389,
    0.07302071,
    -0.0050105457,
    0.0310261,
    0.0076063243,
    -0.061097078,
    -0.0046870364,
    -0.015867371,
    -0.116463415,
    -0.009389478,
    -0.008911916,
    -0.04020761,
    0.01693033,
    0.0052339216,
    -0.01471198,
    0.0025572656,
    0.010922297,
    0.0215673,
    -0.020658392,
    0.010829866,
    -0.035370372,
    -0.02021164,
    0.044028103,
    0.038513035,
    -0.0069092386,
    0.03684927,
    0.017423296,
    0.07727256,
    0.05262421,
    -0.005892494,
    0.06177491,
    -0.030825833,
    0.026805073,
    0.02919288,
    -0.02700534,
    -0.0064124204,
    -0.008665433,
    0.037773583,
    0.012254848,
    -0.022507017,
    0.003196582,
    0.0020084549,
    -0.08201736,
    -0.009782311,
    0.013002001,
    0.024032135,
    -0.014149689,
    0.016760873,
    -0.019564621,
    -0.053086367,
    0.008442057,
    -0.0029481729,
    -0.021197574,
    -0.013055919,
    -0.005542026,
    -0.026050217,
    -0.013772261,
    0.039714642,
    -0.009204616,
    -0.0016743542,
    -0.002564968,
    0.08713189,
    0.04969722,
    0.0010003761,
    0.0052878396,
    -0.03164231,
    -0.00880408,
    0.038605466,
    0.020042183,
    0.003090671,
    -0.052870695,
    0.0038436009,
    -0.017407892,
    -0.027652359,
    -0.0013806924,
    0.034137953,
    -0.014296039,
    -0.039406538,
    0.039098434,
    -0.010452438,
    0.025603466,
    0.060296007,
    0.013826179,
    0.03601739,
    0.03826655,
    -0.016868709,
    0.008110845,
    0.012493629,
    0.0330904,
    0.024956446,
    0.03125718,
    -0.05478094,
    -0.0050606127,
    0.07246613,
    0.01583656,
    -0.0041208947,
    -0.006597283,
    -0.035894148,
    0.035000645,
    -0.007964496,
    0.020519745,
    -0.003113779,
    0.010182846,
    0.0069862646,
    0.00059695204,
    0.016252501,
    -0.006219855,
    0.007040183,
    0.03527794,
    -0.007821998,
    0.018840577,
    0.015528455,
    -0.07277423,
    0.0006402792,
    0.02269188,
    0.03235095,
    0.033244453,
    0.014634954,
    0.030841239,
    0.013841585,
    0.05456527,
    -0.02301539,
    -0.09495774,
    -0.025218336,
    -0.02059677,
    -0.012670789,
    -0.012185524,
    0.006127424,
    0.05625984,
    -0.003943735,
    -0.030178815,
    -0.00830341,
    0.02523374,
    -0.053764198,
    0.019995969,
    0.037896827,
    -0.028407214,
    -0.08534489,
    -0.008927322,
    0.0360482,
    -0.0018004844,
    -0.058786295,
    0.0003615411,
    -0.035647664,
    0.018178152,
    0.052963126,
    0.11042458,
    -0.036356304,
    0.021290006,
    -0.0076872017,
    0.050097756,
    -0.024417264,
    0.06118951,
    0.0011159152,
    0.031734742,
    0.05191557,
    0.025742114,
    -0.042179476,
    0.003173474,
    0.0339839,
    -0.039961126,
    -0.040176798,
    -0.03016341,
    0.0065125544,
    -0.00788747,
    0.01096081,
    0.032320138,
    0.060788974,
    0.0011746476,
    -0.020612177,
    -0.020011373,
    0.0039475863,
    0.00918921,
    0.00090553774,
    -0.030563945,
    0.08916538,
    0.0032254667,
    -0.009990281,
    0.043535136,
    0.017068977,
    -0.041963805,
    -0.023539167,
    0.013240782,
    0.02581914,
    0.025002662,
    0.03678765,
    0.005168449,
    0.042025425,
    -0.07277423,
    -0.044028103,
    0.012362684,
    -0.013656722,
    0.024340238,
    0.06809105,
    -0.024386454,
    0.025618872,
    -0.029547201,
    -0.05592093,
    -0.07277423,
    -0.0016002166,
    0.029608821,
    0.1486295,
    -0.036356304,
    0.00555358,
    -0.023539167,
    0.032967158,
    0.07795038,
    0.011915933,
    -0.058016036,
    0.0777039,
    -0.037095755,
    0.03016341,
    0.07160343,
    0.003955289,
    -0.046308074,
    -0.018224368,
    -0.08337302,
    0.016653037,
    -0.0053340555,
    0.021613516,
    -0.005992628,
    -0.01096081,
    -0.059340883,
    -0.1725384,
    -0.01699195,
    0.023647003,
    -0.03247419,
    0.03016341,
    0.067105114,
    0.01931814,
    -0.009173805,
    0.014288336,
    -0.05521229,
    0.016314121,
    0.058016036,
    0.019472191,
    0.008881106,
    0.026728047,
    0.06661215,
    -0.044212963,
    -0.0030829685,
    0.05527391,
    0.0026419943,
    0.01007501,
    -0.010336898,
    -0.0005613275,
    -0.0050606127,
    0.0038628574,
    -0.06519487,
    0.02951639,
    -0.049296685,
    -0.018147342,
    0.024386454,
    -0.075916894,
    0.0496356,
    -0.014165094,
    -0.0044328505,
    -0.0098901475,
    -0.018763551,
    -0.033460125,
    -0.008673135,
    0.031734742,
    -0.04532214,
    0.009089076,
    0.008472867,
    -0.036233064,
    -0.03463092,
    0.018594094,
    -0.024632938,
    -0.003755021,
    0.03512389,
    0.062083013,
    -0.030302055,
    0.048803717,
    0.07135695,
    -0.014488604,
    -0.0077757817,
