{
  "chunk_index": 95,
  "token_start": 42750,
  "token_end": 43250,
  "text": "át, Tòa án có thể quyết định giảm hoặc miễn việc\nchấp hành phần tiền phạt còn lại.\n\nĐiều 106. Tha tù trước thời hạn có điều kiện\n\n1. Người dưới 18 tuổi đang chấp hành án phạt tù, nếu không thuộc các trường hợp quy định tại khoản 2 Điều 66 của Bộ luật này có thể\nđược tha tù trước thời hạn khi có đủ các điều kiện sau đây:\n\na) Phạm tội lần đầu;\n\nb) Có nhiều tiến bộ, có ý thức cải tạo tốt;\n\nc) Đã chấp hành được một phần ba thời hạn phạt tù;\n\nd) Có nơi cư trú rõ ràng.\n\n2. Việc tha tù trước thời hạn có điều kiện được thực hiện theo quy định tại các khoản 3, 4 và 5 Điều 66 của Bộ luật này.\n\nĐiều 107. Xóa án tích\n\n1. Người dưới 18 tuổi bị kết án được coi là không có án tích, nếu thuộc một trong các trường hợp sau đây:\n\fa) Người từ đủ 14 tuổi đến dưới 16 tuổi;\n\nb) Người từ đủ 16 tuổi đến dưới 18 tuổi bị kết án về tội phạm ít nghiêm trọng, tội phạm nghiêm trọng hoặc tội phạm rất nghiêm trọng do\nvô ý;\n\nc) Người bị áp dụng biện pháp tư pháp quy định tại Mục ",
  "embedding": [
    -0.00043156775,
    -0.007072335,
    0.018126842,
    -0.03752798,
    -0.0012922144,
    0.05600525,
    0.016549902,
    -0.018955132,
    0.013937597,
    -0.009939498,
    -0.052182365,
    -0.008553702,
    -0.0017670883,
    -0.10621246,
    -0.13048777,
    -0.049697492,
    0.15406223,
    0.06116614,
    0.0467029,
    0.0072953366,
    -0.012472158,
    -0.046543613,
    0.14412272,
    -0.03399181,
    -0.035871394,
    0.018907346,
    -0.03180958,
    -0.0206595,
    0.07237993,
    0.104555875,
    -0.17674467,
    0.04571532,
    -0.013459737,
    0.021344434,
    0.001575944,
    0.0036635972,
    0.0069687986,
    0.0069648167,
    0.030758286,
    -0.04354902,
    -0.057789262,
    0.045842748,
    -0.004730819,
    -0.020101998,
    0.051194787,
    0.058904268,
    -0.017346336,
    0.014065027,
    -0.029802566,
    -0.007749304,
    0.034437813,
    0.011468652,
    0.05307437,
    -0.024944317,
    0.03399181,
    -0.11150078,
    0.07531081,
    -0.006088739,
    0.061006855,
    -0.029818494,
    0.02757255,
    0.044090595,
    0.07460995,
    -0.01124565,
    -0.012496051,
    -0.0052166437,
    -0.0061723646,
    -0.04619318,
    0.004830373,
    0.012065977,
    -0.08550517,
    0.12991434,
    -0.016390614,
    0.036954544,
    0.040203996,
    -0.026600901,
    -0.028321197,
    0.012233228,
    0.06033785,
    0.011396972,
    0.011564224,
    0.026983188,
    -0.039248273,
    0.067155324,
    0.0023952757,
    0.097164966,
    -0.046894044,
    -0.008330701,
    -0.043995023,
    -0.012392515,
    0.02793891,
    -0.015641967,
    -0.016995905,
    0.06957649,
    0.014025205,
    0.0039761974,
    0.057980407,
    -0.03615811,
    -0.029053917,
    0.0014992873,
    0.02067543,
    -0.04029957,
    0.0020946218,
    0.054284953,
    0.0022519175,
    0.01876399,
    -0.007912573,
    0.02707876,
    -0.014542887,
    0.0034923637,
    -0.040681858,
    0.058107834,
    0.0050693033,
    -0.06785619,
    -0.014001313,
    0.035871394,
    0.05093993,
    -0.0054276986,
    -0.050589498,
    0.015570288,
    -0.007817001,
    0.051545218,
    -0.004284816,
    -0.046511754,
    0.032813087,
    -0.029691065,
    -0.008426273,
    0.027238047,
    -0.13507523,
    -0.002518723,
    -0.03228744,
    -0.023654094,
    -0.029006131,
    0.0043286197,
    0.011835012,
    -0.046002038,
    0.03216001,
    -0.0022300156,
    -0.003920447,
    0.0061285608,
    -0.0075701065,
    -0.007824966,
    -0.008020092,
    0.030774215,
    0.031299863,
    -0.04463217,
    0.0135632735,
    -0.0043485304,
    0.00037133743,
    0.021726724,
    -0.013308414,
    -0.04342159,
    -0.039248273,
    0.046256896,
    -0.0021961671,
    0.014598638,
    0.01051293,
    0.019910853,
    -0.008521846,
    0.022427585,
    0.032685656,
    0.017489694,
    -0.04389945,
    0.012472158,
    -0.014431386,
    0.034851957,
    -0.080344275,
    0.02331959,
    -0.0148933185,
    0.028544199,
    0.01766491,
    -0.009660746,
    -0.026202682,
    -0.0022937304,
    -0.049251486,
    -0.023415163,
    -0.028114125,
    -0.07594796,
    -0.00026605878,
    -0.034023665,
    0.019894924,
    -0.029706994,
    0.0009811074,
    0.008832455,
    -0.018079055,
    0.056897257,
    -0.01788791,
    0.024354955,
    0.070341066,
    0.04377202,
    0.012830554,
    -0.024976175,
    -0.005029482,
    0.029786637,
    -0.026696473,
    -0.0071997647,
    -0.016533973,
    0.064160734,
    0.07390909,
    -0.016183542,
    0.061771434,
    -0.01397742,
    0.046894044,
    -0.025199177,
    0.001573953,
    0.010202321,
    0.03638111,
    0.0034903726,
    0.02164708,
    -0.048646197,
    0.002498812,
    -0.0800257,
    -0.012137656,
    -0.029229132,
    -0.014471209,
    0.039757993,
    -0.039216418,
    -0.049315203,
    -0.016064076,
    -0.040681858,
    0.023431093,
    0.0069608344,
    -0.0006789601,
    -0.0051688575,
    -0.04861434,
    0.012965947,
    -0.040841144,
    0.0058975946,
    -0.022841731,
    0.026569042,
    0.11252022,
    0.018875489,
    -0.026457543,
    0.00407177,
    -0.0038686788,
    -0.01839763,
    0.07709482,
    -0.0038587234,
    0.022172727,
    0.0642563,
    0.10958934,
    0.042880014,
    0.011237686,
    0.006204222,
    0.01669326,
    -0.05661054,
    -0.012408444,
    0.028814986,
    0.00065208046,
    0.022109011,
    -0.039248273,
    0.01045718,
    -0.004906034,
    -0.0010672217,
    -0.030678643,
    -0.034151096,
    -0.011070435,
    0.0070086205,
    -0.005300269,
    0.11347593,
    4.3586104e-05,
    0.06122986,
    -0.019209992,
    -0.013459737,
    0.035584677,
    0.027970767,
    0.05020721,
    -0.0343741,
    -0.0071997647,
    -0.036189966,
    0.11054506,
    0.0005176822,
    -0.013316379,
    0.018907346,
    0.08614232,
    0.03628554,
    0.02527882,
    -0.015857004,
    -0.025931895,
    -0.0058219335,
    -0.05479467,
    -0.019082561,
    -0.043103017,
    0.041892435,
    0.05020721,
    -0.02223644,
    -0.076266535,
    0.009541281,
    -0.07346308,
    0.013834061,
    0.042529583,
    -0.0061683822,
    0.021615222,
    0.007458606,
    -0.102007285,
    0.055686675,
    -0.015833111,
    -0.025692966,
    0.009055456,
    0.009127135,
    -0.040203996,
    -0.021901939,
    0.0224913,
    -0.031299863,
    -0.080726564,
    0.018795846,
    -0.016040184,
    0.034788243,
    0.04558789,
    0.09659153,
    0.017983483,
    0.019257778,
    0.03241487,
    0.0029766725,
    -0.07683997,
    -0.015490644,
    0.04243401,
    0.013340272,
    -0.0834663,
    -0.051959362,
    0.036253683,
    -0.00047387832,
    -0.003193701,
    -0.012798697,
    -0.03107686,
    0.024259385,
    -0.01922592,
    0.0367634,
    0.051577076,
    0.036699686,
    0.09034749,
    0.05941399,
    0.11844569,
    0.0065586353,
    -0.039120845,
    -0.023797452,
    0.021105506,
    0.05692911,
    0.0020986039,
    0.02102586,
    -0.03386438,
    -0.010473109,
    0.005507342,
    0.056706112,
    0.015968505,
    0.0008327715,
    0.061357286,
    0.026154898,
    0.027540693,
    0.026807973,
    0.067155324,
    -0.023893025,
    -0.034469668,
    -0.022666516,
    -0.011205829,
    -0.022172727,
    -0.010727968,
    0.01994271,
    0.006068828,
    0.011699618,
    -0.026186755,
    -0.034151096,
    -0.030407855,
    -0.017059619,
    -0.045524176,
    -0.01619947,
    -0.032096297,
    0.049538203,
    0.05444424,
    -0.06390587,
    0.014072991,
    -0.02298509,
    0.041064143,
    -0.0040000905,
    0.07613911,
    0.002795484,
    0.060974997,
    -0.06371473,
    -0.02331959,
    0.0069409236,
    0.0430393,
    0.06913048,
    0.022363871,
    -0.0044401204,
    -0.032606013,
    -0.048646197,
    -0.043485302,
    -0.05262837,
    0.008617417,
    -0.008008146,
    0.0137703465,
    -0.02841677,
    0.036349256,
    -0.0039602686,
    -0.0042051724,
    0.029914066,
    -0.014630496,
    0.12175885,
