{
  "chunk_index": 93,
  "token_start": 41850,
  "token_end": 42350,
  "text": "ều tội, có tội được thực hiện trước khi đủ 18 tuổi, có tội được thực hiện sau khi đủ 18 tuổi, thì việc tổng hợp\nhình phạt áp dụng như sau:\n\na) Nếu mức hình phạt Tòa án tuyên đối với tội được thực hiện khi người đó chưa đủ 18 tuổi nặng hơn hoặc bằng mức hình phạt áp\ndụng đối với tội được thực hiện khi người đó đã đủ 18 tuổi, thì hình phạt chung không được vượt quá mức hình phạt cao nhất quy định\ntại khoản 1 Điều này;\n\nb) Nếu mức hình phạt Tòa án tuyên đối với tội được thực hiện khi người đó đã đủ 18 tuổi nặng hơn mức hình phạt áp dụng đối với tội\nthực hiện khi người đó chưa đủ 18 tuổi thì hình phạt chung áp dụng như đối với người đủ 18 tuổi trở lên phạm tội.\n\nĐiều 104. Tổng hợp hình phạt của nhiều bản án\n\nViệc tổng hợp hình phạt trong trường hợp một người đang phải chấp hành một bản án mà lại bị xét xử về tội đã phạm trước hoặc sau\nkhi có bản án này, được thực hiện theo quy định tại Điều 55 và Điều 56 của Bộ luật này.\n\nHình phạt chung không được vượt quá mức hình phạt cao nhất quy định t",
  "embedding": [
    -0.0007125294,
    -0.03137774,
    0.05325102,
    -0.0028196026,
    -0.0020892725,
    0.048889384,
    0.020555025,
    -0.051493347,
    0.01777204,
    0.034893088,
    -0.0028175681,
    -0.021970928,
    -0.00029116566,
    -0.09413322,
    -0.11529041,
    -0.095890895,
    0.15623772,
    0.05471575,
    0.049084682,
    0.0015094841,
    -0.015420337,
    0.057156965,
    0.12140972,
    -0.0115225315,
    -0.0050695883,
    -0.062527634,
    -0.047424655,
    -0.020457376,
    0.06998148,
    0.12909141,
    -0.1094315,
    -0.021433862,
    -0.029245747,
    -0.04654582,
    -0.0015399994,
    -0.017348897,
    0.0137603115,
    -0.004748162,
    0.03038498,
    -0.08280599,
    -0.07082777,
    -0.020799145,
    0.046838764,
    -0.023077613,
    0.099471346,
    0.10708793,
    -0.0016406995,
    0.044006955,
    -0.030922048,
    -0.00664824,
    0.020489926,
    0.025714124,
    0.040719453,
    -0.0037777792,
    0.09348223,
    -0.1370986,
    0.024900386,
    0.0015694974,
    -0.042997923,
    -0.0818295,
    0.0046586506,
    0.03564173,
    0.11190526,
    -0.0068394686,
    -0.013369717,
    -0.035739377,
    -0.02128739,
    -0.0038815308,
    0.011701554,
    0.008060076,
    -0.117764175,
    0.048270945,
    0.01668163,
    0.046220325,
    0.09823446,
    -0.024965486,
    -0.0026385458,
    -3.286739e-05,
    -0.013125596,
    0.02125484,
    0.06607553,
    0.018374206,
    0.013849823,
    0.055822432,
    0.03769235,
    0.080267124,
    -0.01597368,
    0.021368762,
    -0.066108085,
    -0.008820921,
    0.052339636,
    -0.016942028,
    0.02935967,
    -0.004052416,
    0.014858858,
    0.00022721094,
    0.0041459957,
    -0.039710417,
    -0.051623546,
    -0.004919047,
    -0.0017647945,
    -0.025681574,
    -0.026039619,
    0.06640103,
    0.018650876,
    -2.018452e-05,
    -0.036553115,
    0.04387676,
    -0.013524327,
    0.001885838,
    0.02659296,
    0.0678983,
    -0.022507995,
    -0.004801055,
    -0.012238621,
    0.040426508,
    0.047945447,
    -0.021857005,
    -0.01674673,
    0.02672316,
    -0.025583927,
    0.026381388,
    -0.03407935,
    -0.04716426,
    -4.7870686e-05,
    -0.022491721,
    -0.013320893,
    0.005098069,
    -0.094784215,
    0.0064041186,
    -0.046610918,
    -0.044723045,
    0.014102081,
    -0.030092034,
    0.06360177,
    -0.025144508,
    0.0074212914,
    0.015168078,
    -0.0027321256,
    0.025372354,
    -0.019790111,
    -0.017023401,
    0.026934732,
    0.098169364,
    -0.006941186,
    0.061974294,
    0.036390368,
    0.044039506,
    0.03704136,
    0.008560524,
    0.025258431,
    -0.021710532,
    -0.0257304,
    0.011221448,
    0.007478253,
    0.008173999,
    -0.013727762,
    0.024558615,
    -0.016543295,
    0.041468095,
    0.04514619,
    0.042281833,
    -0.040231213,
    0.0077589927,
    -0.021417586,
    0.030580278,
    -0.015233177,
    0.06086761,
    -0.041565742,
    -0.02118974,
    0.027113754,
    -0.018585779,
    -0.017967338,
    -0.007990908,
    -0.06584769,
    -0.004947528,
    -0.039938267,
    -0.065261796,
    -0.013752174,
    -0.049638025,
    -0.002923354,
    0.061909195,
    0.04924743,
    0.015558672,
    0.021026993,
    0.007795611,
    -0.035381332,
    0.04172849,
    0.056636173,
    0.074603505,
    -0.046285424,
    0.020441102,
    -0.007514871,
    0.018211458,
    -0.021661708,
    -0.009960154,
    0.014769346,
    0.096216395,
    0.03240305,
    0.014297378,
    0.050256465,
    -0.005944357,
    0.053869464,
    0.0036760618,
    0.034502495,
    -0.029375946,
    0.025307255,
    -0.008861608,
    0.016258487,
    -0.053055722,
    0.0014250588,
    -0.05953308,
    -0.028692406,
    -0.027064929,
    0.010423985,
    0.032614622,
    -0.054455355,
    -0.03814804,
    0.023842527,
    0.0066319653,
    0.018715976,
    -0.015607497,
    -0.013166282,
    0.010244963,
    -0.027667096,
    -0.015867893,
    0.0046057575,
    -0.0032163,
    0.010676244,
    -0.007844435,
    0.07265054,
    0.001084306,
    -0.039938267,
    -0.031149894,
    -0.0111238,
    0.007946152,
    0.017218698,
    0.00664824,
    0.04843369,
    0.06662887,
    0.12687804,
    -0.0029091137,
    0.028220437,
    -0.00069371174,
    0.017967338,
    -0.053706713,
    -0.01180734,
    -0.0019305936,
    0.0477176,
    0.016022503,
    -0.07310623,
    -0.018667152,
    -0.011717829,
    -0.042770073,
    -0.026576687,
    0.0024290083,
    -0.012678039,
    -0.005492732,
    -0.012995398,
    0.056408323,
    0.054390255,
    0.037269205,
    0.008633762,
    -0.0042395755,
    0.037887644,
    0.013247657,
    0.06575004,
    -0.028269261,
    -0.016177114,
    -0.044202253,
    -0.0031593381,
    -0.012214209,
    0.023875076,
    0.020913068,
    0.06291823,
    0.036390368,
    0.012783825,
    -0.019952858,
    -0.03847354,
    -0.00835709,
    -0.015835343,
    0.0442999,
    -0.0205062,
    0.06685672,
    -0.03394915,
    0.011587631,
    0.00039796878,
    0.022426622,
    -0.023435658,
    -0.0068191253,
    0.032012455,
    0.02501431,
    0.027325325,
    0.026072169,
    -0.044723045,
    -0.018227734,
    -0.002616168,
    -0.0068394686,
    -0.0042395755,
    -0.011172624,
    -0.018471856,
    -0.035999775,
    0.004243644,
    0.015640046,
    -0.079876535,
    0.04117515,
    0.003340395,
    0.04875919,
    0.042086534,
    0.037789997,
    0.021726808,
    0.029880462,
    0.026072169,
    -0.020278353,
    0.01059487,
    0.03954767,
    0.065391995,
    -0.0053543965,
    -0.061876643,
    0.022166226,
    -0.00034609297,
    -0.055529486,
    0.015615634,
    -0.027699646,
    -0.061648797,
    0.021710532,
    0.0071568266,
    0.0646108,
    -0.048824284,
    0.08052752,
    -0.0002513688,
    0.034307197,
    0.136708,
    0.0059362194,
    -0.07037207,
    -0.02737415,
    -0.069916375,
    0.021677982,
    -0.026951006,
    0.066661425,
    -0.05670127,
    -0.004247713,
    0.0009988635,
    0.03818059,
    0.015493574,
    -0.017560469,
    0.09901565,
    0.011758516,
    0.053283572,
    0.09439362,
    0.056180477,
    -0.042997923,
    0.05325102,
    0.02768337,
    0.0325007,
    0.0073887417,
    -0.037106458,
    0.013255794,
    0.033981703,
    -0.0035194173,
    0.0050126268,
    -0.029148098,
    -0.042672426,
    -0.013963746,
    -0.0037798134,
    -0.036488015,
    -0.07121836,
    0.039222177,
    -0.042802624,
    -0.04306302,
    -0.015249452,
    0.03346091,
    0.0010324302,
    -0.068484195,
    0.00044043575,
    0.019041471,
    0.007661344,
    -0.055985183,
    -0.034372296,
    -0.01146557,
    -0.0036801305,
    0.06262528,
    -0.018960098,
    -0.026885906,
    -0.04452775,
    -0.056440875,
    -0.04641562,
    0.057319712,
    -0.079160444,
    0.013418541,
    -0.011481845,
    -0.0017942925,
    0.023110162,
    -0.046155225,
    0.024249395,
