{
  "chunk_index": 575,
  "token_start": 258750,
  "token_end": 259250,
  "text": " chết;\n\nc) Làm người bị giam, giữ tự sát;\n\nd) Làm gia đình người bị giam, giữ ly tán.\n\n4. Người phạm tội còn bị cấm đảm nhiệm chức vụ nhất định từ 01 năm đến 05 năm.\n\nĐiều 378. Tội tha trái pháp luật người bị bắt, người đang bị tạm giữ, tạm giam, người đang chấp hành án phạt tù\n\n1. Người nào lợi dụng chức vụ, quyền hạn hoặc lạm quyền tha trái pháp luật người bị bắt, người đang bị tạm giữ, tạm giam, người đang\nchấp hành án phạt tù393, thì bị phạt cải tạo không giam giữ đến 03 năm hoặc phạt tù từ 06 tháng đến 03 năm.\n\n2. Phạm tội thuộc một trong các trường hợp sau đây, thì bị phạt tù từ 02 năm đến 07 năm:\n\na) Tha trái pháp luật người bị bắt, người đang bị tạm giữ, tạm giam, người đang chấp hành án phạt tù về tội phạm rất nghiêm trọng\nhoặc tội phạm đặc biệt nghiêm trọng;\n\nb) Người được tha trái pháp luật bỏ trốn hoặc có hành vi cản trở việc điều tra, truy ố,\n                                                                                     t xét xử hoặc tiếp tục thực hiện tội phạm ít nghiêm\ntrọng hoặc",
  "embedding": [
    -0.00031615788,
    -0.027181301,
    -0.0069822455,
    -0.1504084,
    -0.0005130568,
    0.05330339,
    -0.05701064,
    -0.014283814,
    0.022523876,
    0.09501773,
    -0.05143419,
    -0.08498635,
    0.0019295609,
    0.059596367,
    -0.021168705,
    -0.08031335,
    0.1672312,
    0.0050663142,
    0.10374067,
    0.0149769755,
    -0.0190347,
    -0.079627976,
    0.1709696,
    -0.036262505,
    -0.054829903,
    0.16274513,
    -0.023287132,
    -0.039190922,
    0.0966377,
    -0.016558008,
    -0.109161355,
    -0.045795433,
    0.0034580224,
    0.052711476,
    -0.0013658799,
    -0.012219903,
    0.013107774,
    0.018692013,
    0.020794865,
    -0.039720528,
    -0.07308577,
    -0.010786849,
    0.028676663,
    -0.0015790857,
    0.0036488366,
    -0.013754206,
    -0.029502228,
    0.016090708,
    -0.029969528,
    -0.014120258,
    0.008325734,
    0.026542658,
    0.023474053,
    0.0041356077,
    0.018692013,
    -0.15439603,
    0.045888893,
    -0.012547013,
    0.08193333,
    0.06560896,
    0.03333409,
    -0.03151162,
    0.02451769,
    0.010708965,
    -0.019953724,
    -0.028707817,
    -0.08722939,
    -0.09252547,
    -0.008800822,
    -0.011885005,
    -0.088350914,
    0.017305689,
    -0.04018783,
    -0.014540829,
    -0.014688807,
    0.003839651,
    -0.040623974,
    -0.023411747,
    0.13071948,
    0.03144931,
    -0.016604738,
    0.06741586,
    -0.04794501,
    -0.051932644,
    0.04866154,
    0.08268101,
    0.020062761,
    0.0141592,
    0.026168818,
    0.0038493865,
    0.012165385,
    0.004341999,
    0.025452292,
    -0.030499134,
    0.010093687,
    0.018177982,
    0.018785473,
    0.0070796,
    0.004856029,
    0.008037565,
    0.015428699,
    -0.049004227,
    0.079129525,
    0.021854078,
    0.050935734,
    0.0073716627,
    -0.041465115,
    0.0297203,
    0.0108958855,
    5.3636097e-05,
    0.0047508865,
    0.066543564,
    -0.011931735,
    -0.052399945,
    0.029860491,
    0.04205703,
    0.00042762846,
    -0.040530514,
    -0.025841707,
    0.016635891,
    -0.023692127,
    0.0229756,
    0.0101326285,
    -0.03221257,
    0.013715264,
    -0.06258709,
    -0.011316456,
    -0.0010854998,
    -0.06916045,
    0.009587445,
    -0.05598258,
    -0.03585751,
    0.0209039,
    0.010794638,
    -0.016807236,
    -0.0059113493,
    0.066169724,
    0.038505547,
    -0.045608513,
    0.012562591,
    -0.030343367,
    0.0164957,
    0.00038552276,
    0.1086629,
    -0.014338331,
    -0.010342914,
    0.02948665,
    0.008138814,
    -0.010296184,
    -0.007134118,
    0.034175232,
    0.007998624,
    -0.025670364,
    -0.033084862,
    -0.030109718,
    -0.003216584,
    -0.007897375,
    0.028053597,
    -0.0058101006,
    -0.0060320683,
    0.019813534,
    0.032461796,
    -0.0807495,
    0.061995175,
    0.018209135,
    0.028723393,
    -0.012469131,
    0.046948105,
    -0.033178322,
    0.008372464,
    0.010319549,
    0.007204213,
    -0.03221257,
    -0.012952007,
    -0.034268692,
    -0.051403034,
    -0.018131252,
    -0.079254135,
    -0.0016462601,
    -0.035701744,
    0.012227692,
    -0.05218187,
    -0.001161436,
    -0.016480125,
    -0.008613903,
    -0.021433508,
    -0.018629706,
    0.001899381,
    0.055359513,
    0.0418078,
    0.023598667,
    0.03604443,
    -0.0044938712,
    0.039876293,
    0.0043497873,
    -0.027305916,
    0.009751,
    -0.008489289,
    0.046916954,
    -0.017165499,
    0.011402128,
    0.01945527,
    0.01898797,
    -0.008746305,
    -0.010046957,
    -0.006662924,
    0.02873897,
    0.018271443,
    0.014104681,
    -0.012173173,
    0.04289817,
    -0.025047297,
    -0.025436714,
    0.025608057,
    0.014322755,
    0.057072945,
    -0.03352101,
    -0.028770123,
    0.011409916,
    -0.022679642,
    -0.013006526,
    -0.001667678,
    -0.028754547,
    -0.0068225847,
    -0.025109604,
    -0.015086012,
    -0.0123990355,
    0.013473826,
    0.0021281636,
    0.027788792,
    0.04255548,
    -0.022087729,
    -0.014758902,
    -0.047290795,
    0.01898797,
    -0.047135025,
    0.078319535,
    0.0278511,
    0.03389485,
    0.067914315,
    0.11121748,
    0.015685715,
    -0.035016373,
    0.022773102,
    -0.02845859,
    -0.009579657,
    -0.0034112923,
    -0.029237423,
    -0.006339708,
    -0.040218983,
    -0.04557736,
    -0.011051653,
    -0.030623747,
    -0.022212341,
    -0.009891191,
    -0.0050001135,
    0.002969304,
    -0.016729351,
    -0.044268917,
    0.109223664,
    0.011121748,
    -0.005475202,
    -0.008504866,
    -0.034299843,
    0.03140258,
    -0.013131139,
    0.068475075,
    -0.0098444605,
    0.025125181,
    -0.0068693147,
    0.047228485,
    -0.019938147,
    -0.008185544,
    0.018068945,
    0.030327791,
    0.040250134,
    0.009548503,
    -0.020093914,
    -0.014525251,
    0.019190466,
    -0.027928982,
    0.00072382874,
    -0.014875727,
    0.0030160341,
    0.050312668,
    -0.02123101,
    -0.016324358,
    0.011316456,
    0.0025039508,
    -0.005630969,
    0.05794524,
    0.049969982,
    -0.028676663,
    -0.008255639,
    0.00043006233,
    0.0313247,
    -0.023567513,
    0.015335239,
    0.023240402,
    0.016869541,
    -0.014073528,
    -0.022461569,
    0.04716618,
    0.024673456,
    -0.021745041,
    -0.002235253,
    0.011176266,
    0.019346233,
    -0.0320568,
    0.15539293,
    -0.04084205,
    0.051091503,
    0.04289817,
    0.0082945805,
    -0.008092084,
    -0.01875432,
    0.0459512,
    0.03591982,
    -0.06380207,
    -0.034829453,
    -0.0069394098,
    0.03305371,
    0.02929973,
    0.019860264,
    -0.010623294,
    0.042960476,
    0.036449425,
    -0.03155835,
    0.009307065,
    0.052119564,
    0.033022556,
    0.01908143,
    0.08274331,
    0.009898978,
    -0.0044432473,
    -0.06324131,
    -0.058287926,
    0.0068654204,
    -0.034642532,
    -0.006756384,
    -0.030654902,
    0.01917489,
    0.04763348,
    0.0108725205,
    0.078257225,
    -0.0067213364,
    0.048599232,
    0.034330998,
    -0.03261756,
    -0.08199563,
    0.027446106,
    -0.03258641,
    0.03881708,
    -0.0069822455,
    -0.07451882,
    0.038505547,
    0.03333409,
    0.04280471,
    0.0641136,
    0.0022625125,
    -0.0029031034,
    -0.0076909843,
    -0.015140531,
    -0.023832317,
    -0.040873203,
    0.029034927,
    0.0033762448,
    0.034050617,
    0.047508866,
    -0.03872362,
    -0.019704496,
    -0.057166405,
    0.041838955,
    -0.013886608,
    0.11751045,
    0.001990894,
    -0.006647347,
    -0.010374067,
    -0.0041044545,
    0.021885231,
    -0.023847893,
    0.098943055,
    0.018972393,
    0.016900696,
    -0.041745495,
    -0.016153015,
    -0.03769556,
    -0.06704202,
    0.006600617,
    0.0046846857,
    -0.021012938,
    -0.09645078,
    -0.012430188,
    -0.022009846,
    0.052399945,
