{
  "chunk_index": 57,
  "token_start": 25650,
  "token_end": 26150,
  "text": "i hạn chấp hành án phạt tù hoặc người đang chấp hành án phạt tù về tội phạm ít nghiêm trọng có thể được tha tù trước\nthời hạn khi có đủ các điều kiện sau đây:\n\na) Phạm tội lần đầu;\n\nb) Có nhiều tiến bộ, có ý thức cải tạo tốt;\n\nc) Có nơi cư trú rõ ràng;\n\nd) Đã chấp hành xong hình phạt bổ sung là hình phạt tiền, nghĩa vụ bồi thường thiệt hại và án phí;\n\nđ) Đã chấp hành được ít nhất là một phần hai mức phạt tù có thời hạn hoặc ít nhất là 15 năm đối với trường hợp bị phạt tù chung thân\nnhưng đã được giảm xuống tù có thời hạn.\n\nTrường hợp người phạm tội là người có công với cách mạng, thân nhân của người có công với cách mạng, người đủ 70 tuổi trở lên,\nngười khuyết tật nặng hoặc khuyết tật đặc biệt nặng, phụ nữ đang nuôi con dưới 36 tháng tuổi thì phải chấp hành được ít nhất là một\nphần ba mức phạt tù có thời hạn hoặc ít nhất là 12 năm đối với trường hợp bị phạt tù chung thân nhưng đã được giảm xuống tù có thời\n\fhạn;\n\ne) Không thuộc một trong các trường hợp phạm tội quy định tại khoản 2 Điều",
  "embedding": [
    -0.00065883953,
    -0.059167545,
    0.010479832,
    -0.0878427,
    -0.0018258855,
    0.10219569,
    -0.020867262,
    0.016124003,
    0.008000401,
    0.065420024,
    -0.06039956,
    -0.041056916,
    -0.0012907287,
    -0.015554195,
    -0.092893966,
    -0.061847176,
    0.120367914,
    0.058489937,
    0.063202396,
    0.011334542,
    -0.01513069,
    -0.0875347,
    0.1592996,
    -0.056333907,
    -0.041765325,
    0.07774018,
    -0.025548922,
    -0.071210496,
    0.060368758,
    0.028166953,
    -0.1273904,
    -0.01110354,
    -0.009039913,
    0.039362896,
    -0.0016449331,
    -0.021652672,
    0.018680435,
    0.016077802,
    0.043028142,
    -0.05011223,
    -0.040040504,
    0.047370996,
    0.0013638797,
    0.01658601,
    -0.0057404223,
    -0.0154386945,
    -0.034404032,
    -0.009363318,
    -0.03914729,
    0.0012589658,
    0.023269692,
    0.018772837,
    0.026580734,
    -0.0037095216,
    0.006610533,
    -0.15843719,
    0.1194439,
    -0.0065527824,
    0.028012952,
    -0.0030030378,
    0.024979115,
    -0.010449031,
    0.06129277,
    0.008870511,
    -0.022114677,
    -0.022130078,
    -0.04595418,
    -0.092154756,
    0.012982363,
    -0.0021290767,
    -0.06825366,
    0.112667814,
    -0.025410319,
    -0.005436268,
    0.023454495,
    -0.028936964,
    -0.031570397,
    0.016432006,
    0.0067914855,
    0.0476174,
    0.040286906,
    0.048141006,
    -0.011688747,
    0.039609298,
    0.006856936,
    0.100532465,
    -0.038069278,
    0.017679423,
    -0.040071305,
    -0.03286401,
    0.015893,
    -0.031724397,
    -0.009609721,
    0.032217205,
    0.026380531,
    -0.008924413,
    0.037576474,
    -0.029706974,
    -0.006675984,
    -0.00016025826,
    0.023192693,
    -0.021637272,
    0.026719335,
    0.045646176,
    0.041518923,
    0.02072866,
    -0.042473733,
    0.017725622,
    -0.0036806462,
    0.010318129,
    -0.012004451,
    0.040286906,
    0.006187028,
    -0.11075819,
    -0.022083879,
    0.030030377,
    0.05802793,
    -0.12615839,
    -0.04062571,
    0.029275768,
    -0.008038901,
    0.02473271,
    -0.01273596,
    -0.04684739,
    0.017710222,
    -0.0159238,
    -0.015292392,
    0.026134128,
    -0.07521454,
    0.05223746,
    -0.05017383,
    -0.026303532,
    -0.045307368,
    0.009763723,
    0.00049858127,
    -0.034404032,
    0.05245306,
    -0.029044766,
    -0.012859162,
    0.025595121,
    -0.0055132695,
    0.0022330282,
    -0.00011008732,
    0.0636952,
    -0.0035227942,
    0.010179528,
    0.02468651,
    -0.0017113466,
    0.0005366005,
    -0.014222079,
    0.006110027,
    -0.027196743,
    -0.039362896,
    0.01918864,
    -0.011303742,
    -0.00057461974,
    -0.01754082,
    0.005058964,
    -0.003954,
    0.03255601,
    0.01432218,
    0.024286106,
    -0.044075355,
    -0.04142652,
    -0.001990475,
    0.02305409,
    -0.10823256,
    0.008293005,
    -0.027227543,
    0.046570186,
    0.0036921964,
    0.0063949306,
    -0.031632,
    -0.020235855,
    -0.05639551,
    -0.008801211,
    -0.031493396,
    -0.11223661,
    -0.022900088,
    0.0060638264,
    0.0022619034,
    -0.063264,
    -0.058582336,
    -0.019758448,
    -0.030754186,
    0.023747098,
    0.0036825712,
    -0.001911549,
    0.064680815,
    0.04943462,
    -0.006537382,
    0.039239693,
    -0.0001467831,
    0.03643686,
    -0.046323784,
    -0.003892399,
    -0.012042952,
    0.020959664,
    0.10533732,
    -0.007480644,
    0.0633872,
    0.003740322,
    0.016093202,
    -0.027535547,
    0.0053400174,
    0.012581958,
    0.006980138,
    -0.002005875,
    0.046323784,
    -0.034558035,
    0.014630184,
    -0.05821273,
    -0.025718324,
    -0.06449601,
    0.010087127,
    0.031062191,
    -0.03035378,
    -0.040102106,
    0.0032417409,
    -0.065050416,
    -0.004847211,
    -0.023131091,
    -0.0073497426,
    -0.014938188,
    -0.07478334,
    0.02226868,
    -0.036128853,
    0.0014957438,
    -0.035389647,
    0.030923588,
    0.10761655,
    -0.0037788225,
    -0.008870511,
    -0.014399181,
    0.033634022,
    -0.009355618,
    0.08205223,
    0.017925825,
    0.020266654,
    0.07737058,
    0.11020379,
    0.033695623,
    0.010864836,
    -0.01273596,
    -0.010934138,
    -0.041611325,
    0.023546897,
    0.00012013354,
    -0.0159084,
    -0.013736973,
    -0.0476482,
    -0.025533522,
    0.0048048603,
    -0.010164128,
    -0.022453483,
    -0.011657947,
    0.01275136,
    0.002718134,
    -0.03505084,
    0.11673347,
    0.017633222,
    0.04044091,
    -0.034588836,
    -0.020374456,
    0.018449431,
    0.032371208,
    0.050297033,
    -0.060183957,
    0.010487532,
    -0.026164928,
    0.07102569,
    0.011835049,
    0.01983545,
    0.017001813,
    0.061877977,
    0.037668873,
    0.0071187397,
    0.006918537,
    -0.03357242,
    0.024055103,
    -0.041826926,
    -0.014637884,
    -0.05091304,
    0.005382368,
    0.05091304,
    -0.02873676,
    -0.08993713,
    0.011788848,
    -0.07238091,
    -0.004138802,
    0.017602421,
    0.004858761,
    0.027181342,
    -0.004924212,
    -0.09110755,
    0.021791274,
    -0.014376081,
    0.02859816,
    0.008701109,
    0.015269292,
    -0.010495232,
    -0.032155603,
    0.009948525,
    -0.013105565,
    -0.055995103,
    0.08691869,
    6.713522e-05,
    0.06665204,
    0.038716085,
    0.09221636,
    0.012127653,
    0.023346694,
    0.028305557,
    0.0062101283,
    -0.100532465,
    -0.031370193,
    0.008870511,
    -0.007727047,
    -0.05269946,
    -0.06144677,
    0.014838086,
    0.019404244,
    0.003954,
    0.0010298879,
    -0.04995823,
    0.032925613,
    -0.016740011,
    -0.01355217,
    0.04693979,
    0.033942025,
    0.03013818,
    0.043952152,
    0.10983418,
    -0.015862199,
    -0.020081852,
    -0.025179317,
    -0.006202428,
    0.06831526,
    0.007419043,
    0.017032614,
    -0.0016430082,
    -4.9388902e-05,
    0.0063795303,
    0.031508796,
    0.040933713,
    -0.012397156,
    0.05162145,
    0.04623138,
    0.02069786,
    -0.02229948,
    0.052945867,
    -0.01906544,
    -0.00558642,
    -0.062401585,
    -0.030769587,
    -0.022145478,
    -0.0045238067,
    0.050666638,
    0.020128053,
    -0.018079827,
    -0.00479716,
    -0.017109616,
    -0.019681448,
    0.007245791,
    0.020867262,
    0.013005463,
    -0.020266654,
    0.027658748,
    0.036313657,
    -0.056765113,
    0.015407894,
    -0.058551535,
    0.059937555,
    -0.008031201,
    0.09307877,
    0.0080697015,
    0.03742247,
    -0.008000401,
    -0.019327244,
    0.036714062,
    0.04376735,
    0.065050416,
    -0.00028995678,
    0.04444496,
    -0.013151766,
    -0.037699673,
    -0.053869877,
    -0.05473229,
    -0.030877389,
    0.023423694,
    -0.010857137,
    -0.033757225,
    0.0032359657,
    0.019789249,
    0.031400993,
    0.029260367,
    0.00634873,
