{
  "chunk_index": 534,
  "token_start": 240300,
  "token_end": 240800,
  "text": "ì bị phạt tù từ 07 năm đến 15 năm:\n\na) Đối với 11 người trở lên;\n\nb) Thu lợi bất chính 500.000.000 đồng trở lên;\n\fc) Làm chết người.\n\n4. Người phạm tội còn có thể bị phạt tiền từ 10.000.000 đồng đến 50.000.000 đồng hoặc cấm đảm nhiệm chức vụ, cấm hành nghề\nhoặc làm công việc nhất định từ 01 năm đến 05 năm.\n\nĐiều 349. Tội tổ chức, môi giới cho người khác trốn đi nước ngoài hoặc ở lại nước ngoài trái phép\n\n1. Người nào tổ chức, môi giới cho người khác trốn đi nước ngoài hoặc ở lại nước ngoài trái phép, nếu không thuộc trường hợp quy định\ntại Điều 120 của Bộ luật này, thì bị phạt tù từ 01 năm đến 05 năm.\n\n2. Phạm tội thuộc một trong các trường hợp sau đây, thì bị phạt tù từ 05 năm đến 10 năm:\n\na) Lợi dụng chức vụ, quyền hạn;\n\nb) Phạm tội 02 lần trở lên;\n\nc) Đối với từ 05 người đến 10 người;\n\nd) Có tính chất chuyên nghiệp;\n\nđ) Thu lợi bất chính từ 100.000.000 đồng đến dưới 500.000.000 đồng;\n\ne) Tái phạm nguy hiểm.\n\n3. Phạm tội thu",
  "embedding": [
    -0.0005445172,
    -0.0053354846,
    0.018646775,
    -0.16597196,
    -0.0018157101,
    0.059199594,
    0.05534488,
    -0.004677363,
    0.018631104,
    0.025086964,
    -0.045159668,
    -0.07264408,
    -0.0025991881,
    -0.027186684,
    -0.091823615,
    0.0018088546,
    0.10811996,
    -0.043498695,
    0.048826344,
    0.004454072,
    -0.01596728,
    0.033313483,
    0.1667241,
    0.019665295,
    -0.06314832,
    0.079852074,
    -0.030837692,
    -0.028111188,
    -0.07308282,
    -0.051333476,
    -0.092889145,
    -0.03019524,
    -0.032247953,
    0.024005763,
    -0.009644614,
    -0.017314862,
    0.022156756,
    0.015998619,
    0.027014319,
    -0.041837722,
    -0.0074743796,
    -0.041743703,
    0.047854833,
    0.033658214,
    0.10686639,
    -0.005684132,
    -0.024616877,
    0.04866965,
    -0.006436271,
    -0.033626873,
    0.018631104,
    0.026873292,
    -0.011446613,
    0.0061738063,
    0.065310724,
    -0.1338807,
    0.061675385,
    -0.0052493024,
    0.0025130054,
    0.10887209,
    0.034567047,
    0.006444106,
    0.07540192,
    -0.046695285,
    -0.02875364,
    -0.044908956,
    0.0088533005,
    -0.067692496,
    0.0015855635,
    -0.025133973,
    -0.108496025,
    -0.0852424,
    -0.012637499,
    0.007047384,
    0.08894041,
    -0.011971543,
    -0.016108306,
    -0.0058369106,
    0.07076373,
    0.0082265185,
    -0.0038821332,
    0.0126610035,
    -0.029991535,
    -0.0016374689,
    0.0077760187,
    0.07903726,
    -0.005848663,
    0.0071453187,
    -0.060766548,
    0.025337676,
    0.031182421,
    0.013734369,
    0.017628254,
    0.018552758,
    0.021498635,
    -0.02201573,
    0.0057154717,
    -0.0046303547,
    0.0029341248,
    0.008265692,
    0.0084772315,
    -0.023363313,
    0.07966404,
    0.029161049,
    0.014157446,
    0.013679525,
    0.008955153,
    0.03019524,
    0.0013808799,
    -0.025431694,
    0.014345481,
    0.05822808,
    -0.03719953,
    -0.039926037,
    0.01991601,
    0.017440218,
    -0.008641762,
    -0.07859851,
    -0.024695225,
    -0.05568961,
    -0.008829797,
    0.03509981,
    -0.040646836,
    0.06625089,
    0.027186684,
    -0.096273765,
    0.009135352,
    0.028455919,
    -0.07132783,
    0.022626843,
    -0.023723712,
    -0.025039954,
    -0.042903252,
    -0.012237925,
    -0.049265094,
    -0.018631104,
    -0.002091886,
    0.005648876,
    -0.03050863,
    -0.014713716,
    -0.010005013,
    0.00022573958,
    0.011548465,
    -0.015152464,
    -0.040020052,
    -0.031495813,
    -0.006542041,
    0.024601208,
    -0.028518597,
    0.0037939919,
    0.010976526,
    -0.03732489,
    -0.021153904,
    -0.02206274,
    -0.028361902,
    -0.032247953,
    -0.024616877,
    0.061988775,
    0.0064793625,
    -0.0038488354,
    0.03375223,
    0.016515715,
    -0.059857715,
    -0.0017922057,
    -0.010843335,
    0.024773572,
    -0.0045010806,
    0.047416084,
    -0.026638249,
    0.038797826,
    0.027061328,
    0.0047400417,
    -0.009824813,
    0.0032827726,
    -0.0052336324,
    -0.02522799,
    -0.02270519,
    -0.017189506,
    -0.010953021,
    -0.05321382,
    -0.021373278,
    -0.00496725,
    0.06574947,
    0.0145805245,
    0.008351875,
    -0.03155849,
    -0.029599797,
    -0.010349743,
    -0.0044501545,
    0.027139675,
    -0.023896078,
    0.031542823,
    -0.030336266,
    0.016531384,
    0.008955153,
    0.0022054904,
    0.009644614,
    -0.037669618,
    0.081105635,
    0.029145379,
    0.025980128,
    0.001093931,
    0.0814817,
    -0.022109747,
    0.033846248,
    0.0063931798,
    0.014149612,
    0.004928076,
    0.053495873,
    -0.016374689,
    0.007971888,
    -0.00787787,
    -0.026042806,
    -0.083236694,
    0.010827665,
    0.0581654,
    -0.024287816,
    -0.03516249,
    0.022877555,
    0.013373968,
    0.008187344,
    -0.035005793,
    -0.0029556705,
    -0.00082265184,
    -0.046381894,
    -0.009072674,
    0.007791688,
    0.036604088,
    -0.011564135,
    0.024695225,
    0.026403207,
    -0.0010694474,
    -0.013514995,
    -0.012645334,
    0.013483656,
    0.016766427,
    0.0814817,
    -0.017346201,
    0.027515745,
    0.040615495,
    0.14466137,
    -0.034661062,
    -0.036071323,
    0.037888993,
    -0.01811401,
    -0.03293741,
    -0.00033934388,
    -0.013413142,
    -0.00045515172,
    -0.004481494,
    -0.027296372,
    -0.051145438,
    0.009581936,
    -0.044595566,
    0.06574947,
    0.034159638,
    -0.0004318922,
    0.005429502,
    -0.054530066,
    0.055908985,
    0.044658244,
    -0.08292331,
    0.010208718,
    -0.033313483,
    -0.003664718,
    -0.007164906,
    0.07370961,
    0.03378357,
    0.011242908,
    0.02267385,
    0.12479237,
    -0.031793535,
    0.007164906,
    0.030743673,
    -0.0002698102,
    0.06299163,
    -0.00068260514,
    0.0074352054,
    -0.015747907,
    0.0025717663,
    -0.033595532,
    -0.009025666,
    0.026387537,
    0.018944496,
    0.018396063,
    0.02945877,
    0.12140774,
    -0.012151742,
    -0.032530002,
    -0.028346231,
    0.017361872,
    0.0852424,
    -0.0072941794,
    -0.0019067894,
    -0.005206211,
    0.084991686,
    0.04541038,
    0.010992195,
    -0.012872542,
    0.032968752,
    -0.020433104,
    -0.0013838179,
    0.018584097,
    0.020370426,
    -0.04656993,
    0.031589832,
    -0.015183803,
    0.0051905415,
    -0.0518349,
    0.06339903,
    -0.0071414015,
    0.020072704,
    0.028549936,
    0.0017726189,
    0.0127550205,
    0.018505748,
    0.011783509,
    0.055595595,
    -0.06107994,
    0.02695164,
    0.0028028924,
    0.03591463,
    -0.043843426,
    0.049265094,
    -0.080478854,
    0.005488263,
    0.02842458,
    -0.03860979,
    -0.061550025,
    0.1105644,
    0.016092638,
    0.02734338,
    0.119840786,
    0.012308438,
    -0.0076154056,
    -0.028299224,
    -0.04578645,
    0.052336328,
    0.023708042,
    0.055000152,
    -0.035726596,
    -0.025165312,
    0.021859035,
    0.0088219615,
    0.0803535,
    -0.041336294,
    -0.028612614,
    0.02196872,
    -0.018787801,
    -0.03198157,
    0.098216794,
    -0.0019293145,
    0.02986618,
    0.002534551,
    0.003509981,
    -0.01493309,
    0.019994358,
    0.0016345308,
    0.070011586,
    -0.06606286,
    0.006542041,
    -0.04794885,
    -0.03127644,
    -0.0128490385,
    -0.0348491,
    0.020119714,
    -0.010764987,
    -0.024757903,
    0.049829196,
    -0.046444573,
    -0.054749437,
    -0.06524804,
    0.07439906,
    -0.08405151,
    0.13588642,
    0.011618977,
    -0.032874733,
    0.027625432,
    -0.0074782968,
    0.028565606,
    -0.015943777,
    0.08160706,
    -0.01737754,
    0.019978687,
    -0.0027676357,
    -0.004234698,
    -0.036102664,
    0.084552936,
    0.08248456,
    0.0013456234,
    -0.033971604,
    -0.03547588,
    -0.013844055,
    -0.013922403,
    -0.014329812,
    0.0059152585,
    0.003177003,
