{
  "chunk_index": 484,
  "token_start": 217800,
  "token_end": 218300,
  "text": "ây, thì bị phạt tù từ 15 năm đến 20 năm hoặc tù chung thân:\n\na) Vật phạm pháp có số lượng đặc biệt lớn;\n\nb) Làm chết 03 người trở lên;\n\nc) Gây thương tích hoặc gây tổn hại cho sức khỏe của 03 người trở lên mà ổ\n                                                                         t ng tỷ lệ tổn thương cơ thể của những người này 201% trở\nlên;\n\nd) Gây thiệt hại về tài sản 1.500.000.000 đồng trở lên.\n\n5. Người phạm tội còn có thể bị phạt tiền từ 5.000.000 đồng đến 50.000.000 đồng, phạt quản chế hoặc cấm cư trú từ 01 năm đến 05\nnăm.\n\nĐiều 312. Tội vi phạm quy định về quản lý chất cháy, chất độc324\n\n1. Người nào vi phạm quy định về quản lý việc sản xuất, trang bị, sử dụng, bảo quản, lưu giữ, vận chuyển, mua bán hoặc xử lý chất\ncháy, chất độc gây thiệt hại cho người khác thuộc một trong các trường hợp sau đây, thì bị phạt tù từ 01 năm đến 05 năm:\n\na) Làm chết người;\n\nb) Gây thương tích hoặc gây tổn hại cho sức khỏe của 01 người mà tỷ lệ tổn thương cơ thể 61% trở lên;\n\nc) Gây thương tích hoặc gây",
  "embedding": [
    -4.7032292e-05,
    -0.08506043,
    -0.107520916,
    -0.23215458,
    0.001171783,
    0.02434792,
    0.020635962,
    0.11192493,
    0.031174146,
    0.037811626,
    -0.06291452,
    0.00209584,
    -0.0014273732,
    -0.016326318,
    -0.018213755,
    -0.1416835,
    0.061184373,
    -0.024756864,
    0.010813434,
    0.0038495823,
    -0.027603745,
    0.17565735,
    0.06250558,
    -0.083676316,
    -0.05366609,
    0.044260368,
    -0.024772594,
    -0.016562248,
    0.08612998,
    0.04086298,
    -0.0036451102,
    -0.029569825,
    0.060366485,
    -0.015610666,
    -0.0065981606,
    -0.017647523,
    -0.026015155,
    0.004714657,
    0.036018565,
    -0.10670303,
    -0.04215273,
    0.101481125,
    0.03523213,
    0.004742182,
    0.03881826,
    -0.061373115,
    -0.024300734,
    -0.011670643,
    -0.051841564,
    -0.03387947,
    0.018355312,
    0.049450815,
    0.048475638,
    0.0148871485,
    0.03617585,
    -0.11129579,
    0.0342255,
    -0.0065509747,
    -0.03123706,
    0.04067424,
    0.009578736,
    -0.015083756,
    0.044606395,
    -0.043159362,
    -0.022429027,
    -0.032338064,
    0.0009972935,
    0.07134507,
    0.056906186,
    -0.07524577,
    -0.09323932,
    -0.030041683,
    -0.022476213,
    0.060240656,
    0.08556375,
    -0.03200776,
    -0.02033712,
    0.01412431,
    0.07096758,
    0.013125542,
    0.036364593,
    -0.04797232,
    -0.022429027,
    -0.058384676,
    0.0022157708,
    0.0918552,
    0.035420876,
    0.012653683,
    -0.0043332377,
    -0.0005396886,
    0.026801586,
    0.019047372,
    0.040611323,
    -0.08896113,
    0.020038275,
    0.012323382,
    0.0061538266,
    -0.0011442578,
    -0.020274205,
    -0.0016633027,
    0.019440588,
    -0.010868483,
    0.072162956,
    0.026581386,
    -0.0022295334,
    0.0020742132,
    -0.015185992,
    0.023278372,
    0.009216977,
    0.01417936,
    0.008855219,
    0.0190631,
    -0.09544133,
    -0.09783208,
    0.009602329,
    0.008650747,
    -0.004895536,
    -0.04249876,
    -0.027131887,
    0.03837786,
    -0.03847223,
    0.009964087,
    0.001820589,
    -0.0132199135,
    0.047154434,
    -0.096070476,
    -0.004989908,
    0.0021744831,
    -0.05800719,
    0.022806514,
    -0.05788136,
    -0.039007004,
    0.034697358,
    -0.01988099,
    -0.08763993,
    -0.023294102,
    0.015256772,
    -0.0093664,
    0.00034258922,
    0.08782867,
    -0.044700768,
    -0.0029648468,
    0.014037803,
    0.061058544,
    -0.041523583,
    0.020777522,
    0.023844603,
    0.0023003123,
    0.013101949,
    -0.01837104,
    0.057944275,
    0.010852755,
    -0.0040540546,
    0.0020093326,
    -0.03271555,
    -0.0071132733,
    -0.00025006064,
    0.0381262,
    0.027745305,
    -0.005733086,
    0.0011776811,
    0.018544056,
    -0.07298084,
    0.0067515145,
    -0.008493461,
    0.003316775,
    -0.03284138,
    0.03639605,
    -0.024678221,
    -0.019582145,
    0.010766247,
    0.032589722,
    -0.005170787,
    0.021202194,
    -0.0066689393,
    -0.030639373,
    -0.047374636,
    -0.02456812,
    0.009043963,
    -0.04790941,
    -0.012236875,
    0.027399274,
    0.055050205,
    -0.009209113,
    -0.031834748,
    -0.0061027086,
    -0.01813511,
    0.025684854,
    0.026738672,
    0.03365927,
    -0.013731094,
    0.03976198,
    -0.007998008,
    0.018213755,
    -0.03523213,
    -0.02010119,
    0.016106118,
    -0.015571344,
    0.12614362,
    -0.024552392,
    0.030482085,
    0.013078356,
    0.037874542,
    0.021139279,
    0.006916665,
    -0.04929353,
    -0.00035340266,
    0.022271741,
    0.030560728,
    -0.0003079371,
    0.0070778835,
    -0.047406092,
    -0.028091334,
    0.010939263,
    0.023828875,
    0.008996776,
    -0.02033712,
    -0.024033347,
    -0.018559784,
    -0.012252603,
    -0.028217163,
    -0.04171233,
    -0.003999004,
    0.020730335,
    0.008603561,
    0.009106877,
    -0.02996304,
    -0.0065667033,
    0.0020761793,
    -0.0037532444,
    0.039132833,
    -0.0030395577,
    -0.061404575,
    -0.016688077,
    0.016908277,
    0.014037803,
    0,
    -0.00033153003,
    -0.010160695,
    0.070904665,
    0.13400793,
    -0.035326503,
    -0.008171024,
    -0.01975516,
    -0.00953155,
    -0.015988152,
    -0.011112277,
    -0.030214699,
    0.06650065,
    -0.024489477,
    -0.0044747954,
    -0.034540072,
    0.008115973,
    -0.033470526,
    -0.08304717,
    0.00088965066,
    0.01964506,
    -0.010719062,
    -0.000811499,
    0.0023986162,
    0.019031642,
    -0.15514721,
    0.002321939,
    -0.036679167,
    0.05410649,
    -0.025967969,
    0.04133484,
    -5.4128606e-05,
    0.027509375,
    0.0023396339,
    0.089401536,
    -0.010892076,
    0.039667606,
    0.0021803814,
    0.09198103,
    0.031520177,
    -0.00554041,
    0.007404253,
    -0.0014657117,
    0.0047972323,
    -0.03340761,
    0.013620994,
    0.018874357,
    0.01390411,
    -0.039982177,
    -0.0303248,
    0.046965692,
    0.009043963,
    -0.011245971,
    -0.009696701,
    0.0014018142,
    0.066689394,
    -0.031284247,
    -0.0010066323,
    -0.022633499,
    0.03988781,
    -0.012425618,
    0.036647707,
    0.028059877,
    -0.0035291114,
    0.03284138,
    -0.0048837396,
    0.0071014767,
    0.036647707,
    0.018339584,
    -0.018308125,
    -0.014061396,
    0.020116918,
    -0.06436156,
    0.05077202,
    0.04627363,
    0.025338823,
    0.0032892497,
    -0.017537422,
    -0.028342992,
    0.015587073,
    0.039699063,
    0.029617012,
    -0.042467304,
    0.013109813,
    0.028327264,
    0.07285502,
    -0.08801742,
    0.01601961,
    -0.068199344,
    -0.007231238,
    0.03935303,
    0.050960764,
    -0.06442447,
    0.08254385,
    -0.023215458,
    -0.038063284,
    0.10487851,
    0.024851236,
    -0.011639186,
    -0.022775058,
    -0.046808403,
    0.035326503,
    -0.027509375,
    0.016169032,
    0.0026738672,
    -0.032463893,
    0.024851236,
    0.0033855876,
    0.071282156,
    -0.0054303096,
    0.09336515,
    0.034162585,
    -0.0067751077,
    -0.050457448,
    0.05168428,
    -0.018198024,
    0.0663119,
    0.02043149,
    -0.021626867,
    0.020132646,
    0.018072197,
    0.07159673,
    0.08883531,
    -0.056748897,
    0.035609618,
    -0.0024438358,
    0.024049075,
    0.016074661,
    -0.083298825,
    -0.02607807,
    -0.014368104,
    0.022460485,
    -0.07826567,
    -0.04882167,
    0.013054763,
    -0.013330014,
    0.043222275,
    -0.042970616,
    0.07864315,
    -0.046588205,
    -0.010687605,
    0.0688914,
    -0.05030016,
    0.037622884,
    -0.05363463,
    0.045266997,
    -0.01709702,
    0.04413454,
    -0.052219052,
    -0.03699374,
    -0.021689782,
    0.02238184,
    0.01882717,
    0.074868284,
    0.0028842376,
    0.026597114,
    -0.064801954,
    -0.06952055,
    0.07499411,
    -0.058447592,
