{
  "chunk_index": 364,
  "token_start": 163800,
  "token_end": 164300,
  "text": " khác ở thể rắn có khối lượng 300 gam trở lên;\n\ng) Các chất ma túy khác ở thể lỏng có thể tích 750 mililít trở lên;\n\nh) Có 02 chất ma túy trở lên mà tổng khối lượng hoặc thể tích của các chất đó tương đương với khối lượng hoặc thể tích chất ma túy\nquy định tại một trong các điểm từ điểm a đến điểm g khoản này.\n\n5. Người phạm tội còn có thể bị phạt tiền từ 5.000.000 đồng đến 500.000.000 đồng, cấm đảm nhiệm chức vụ, cấm hành nghề hoặc làm\ncông việc nhất định từ 01 năm đến 05 năm hoặc tịch thu một phần hoặc toàn bộ tài sản.\n\nĐiều 251. Tội mua bán trái phép chất ma túy\n\n1. Người nào mua bán trái phép chất ma túy, thì bị phạt tù từ 02 năm đến 07 năm.\n\n2.250 Phạm tội thuộc một trong các trường hợp sau đây, thì bị phạt tù từ 07 năm đến 15 năm:\n\na) Có tổ chức;\n\nb) Phạm tội 02 lần trở lên;\n\nc) Đối với 02 người trở lên;\n\nd) Lợi dụng chức vụ, quyền hạn;\n\nđ) Lợi dụng danh nghĩa cơ quan, tổ chức;\n\ne) Sử dụng người dưới 16 tuổi vào việc phạm tội hoặc bán ma túy cho người dưới ",
  "embedding": [
    -0.00038152086,
    -0.0808298,
    -0.05957385,
    -0.15797397,
    -0.0007029715,
    0.073712714,
    0.005591999,
    0.041368082,
    0.016680678,
    0.109234616,
    0.0038067691,
    -0.054617308,
    0.0024087694,
    -0.11355571,
    -0.031026062,
    -0.057159126,
    0.09309407,
    -0.0787328,
    0.082736164,
    0.0004914843,
    -0.006739788,
    0.10618443,
    0.12003734,
    -0.11209416,
    -0.08299035,
    0.008602465,
    -0.033710856,
    -0.068374895,
    0.0460069,
    0.02977104,
    0.0017981374,
    0.023543587,
    -0.068374895,
    0.016045224,
    -0.0013612625,
    -0.052615624,
    -0.06551535,
    0.004178113,
    0.00034254964,
    -0.14971305,
    -0.061226033,
    0.0038107408,
    0.05607885,
    -0.010079896,
    0.043719266,
    -0.0161882,
    -0.02300345,
    0.09538171,
    0.0040271925,
    -0.026466677,
    0.021923177,
    0.028643107,
    0.019889724,
    0.0045117266,
    0.06329126,
    -0.0829268,
    0.011859168,
    0.0054529933,
    -0.050359763,
    -0.05105876,
    0.029564517,
    0.0015657993,
    0.09544525,
    -0.0379684,
    -0.013082418,
    -0.030406494,
    0.0144168725,
    -0.0034433687,
    0.023209972,
    -0.018936541,
    -0.051471807,
    0.020763474,
    -0.017379679,
    -0.04813567,
    0.1826296,
    -0.030009335,
    -0.010159328,
    0.013630497,
    0.003874286,
    0.029405653,
    0.0689468,
    0.0033381216,
    -0.0045713,
    -0.058144078,
    0.03479113,
    0.06843844,
    -0.0057985215,
    0.033933267,
    -0.03749181,
    -0.024766836,
    0.009881316,
    0.055284534,
    0.045816265,
    -0.009460327,
    0.026641427,
    0.0128600085,
    -0.023400608,
    0.005087607,
    -0.015012611,
    -0.000978997,
    0.004001377,
    -0.0107153505,
    0.07206053,
    0.005377533,
    0.013225395,
    0.002674866,
    -0.025179882,
    0.050741035,
    0.010254646,
    0.009047282,
    -0.017570315,
    0.008523032,
    -0.06780299,
    -0.06583308,
    -0.0006652413,
    0.039684128,
    -0.013368372,
    0,
    -0.018730018,
    -0.033329584,
    -0.059700944,
    0.022463314,
    0.013543122,
    0.006104334,
    0.03888981,
    -0.05782635,
    -0.011882998,
    0.009198203,
    -0.05957385,
    -0.004642789,
    -0.05769926,
    -0.05734976,
    0.08051208,
    -0.016744224,
    -0.057731032,
    -0.041939992,
    0.0065451805,
    -3.9219452e-05,
    -0.029008495,
    0.026466677,
    -0.033424903,
    -0.0075063054,
    0.022383882,
    0.08400708,
    -0.016362952,
    0.014265952,
    0.03704699,
    -0.01903186,
    -0.02012802,
    -0.028436584,
    0.005627743,
    -0.011978316,
    0.02375011,
    0.017141383,
    -0.031216698,
    -0.01676011,
    -0.025227541,
    0.071361534,
    0.010778896,
    0.0358714,
    0.0057707205,
    0.015417713,
    -0.03421922,
    0.041622262,
    -0.029008495,
    -0.006346601,
    -0.00467059,
    0.059256125,
    -0.03216988,
    -0.029786926,
    0.024893926,
    -0.020811131,
    -0.044990174,
    0.020795247,
    -0.005067749,
    -0.03469581,
    -0.010405566,
    -0.03641154,
    0.017490882,
    0.0029568488,
    -0.012724975,
    0.045339674,
    0.06964581,
    -0.0057151183,
    -0.017141383,
    0.01586253,
    -0.017776838,
    0.041177448,
    0.020636382,
    0.040033627,
    -0.0634819,
    0.078033805,
    -0.047595534,
    0.03933463,
    -0.008022612,
    -0.010000464,
    0.017522655,
    -0.0404149,
    0.086739525,
    -0.036856357,
    0.077398345,
    0.051376488,
    0.039016902,
    -0.022733381,
    0.018872997,
    -0.062179215,
    0.022431541,
    0.029389767,
    0.016069053,
    -0.019063633,
    -0.01418652,
    -0.03440986,
    -0.041495174,
    0.0078518335,
    -0.024512654,
    0.015941963,
    -0.013987941,
    -0.031756833,
    -0.0013205537,
    -0.040097173,
    -0.021049427,
    -0.0066524134,
    0.0035684737,
    -0.005671431,
    0.004535556,
    -0.024496768,
    -0.0012073634,
    0.019635541,
    0.0071488624,
    0.01176385,
    0.0063664587,
    -0.027086245,
    -0.016887201,
    -0.0010624004,
    0.004889027,
    0.009801884,
    0.06850199,
    0.05312399,
    0.0043171183,
    0.050613943,
    0.10904398,
    -0.02802354,
    -0.017316133,
    0.006680215,
    0.015806928,
    -0.038603857,
    0.025958313,
    -0.019444905,
    0.04273431,
    0.0055085956,
    -0.07110735,
    -0.0009864437,
    -0.04692831,
    -0.05954208,
    -0.009523873,
    0.00022948344,
    0.023194086,
    -0.003836556,
    -0.0028238005,
    0.046038672,
    0.028102972,
    -0.062560484,
    0.013034759,
    -0.03723763,
    -0.03631622,
    0.02950097,
    0.040097173,
    -0.0016531744,
    0.005163067,
    -0.0062631974,
    0.08629471,
    -0.04638817,
    -0.038286127,
    0.014766372,
    0.060908306,
    0.036475085,
    -0.019460792,
    -0.03549013,
    -0.030406494,
    -0.0021545875,
    -0.03923931,
    0.036761038,
    0.008229135,
    0.018475838,
    -0.042797856,
    0.0072124074,
    0.12340525,
    -0.03666572,
    -0.052742716,
    -0.002470329,
    0.039525263,
    -0.00054013624,
    -0.003469184,
    0.027419858,
    -0.081719436,
    0.02510045,
    0.013932338,
    0.0014476446,
    -0.003062096,
    0.030994289,
    0.00069651764,
    0.008149703,
    0.020429859,
    0.052297898,
    -0.040669084,
    -0.03239229,
    -0.040033627,
    0.04692831,
    -0.09309407,
    0.06236985,
    0.032884765,
    0.048262764,
    0.02405195,
    0.0036220902,
    -0.009571532,
    0.03558545,
    0.09461916,
    0.0019947311,
    -0.063672535,
    0.080893345,
    0.02182786,
    0.01715727,
    -0.02989813,
    0.003284505,
    -0.053664126,
    -0.008936077,
    0.05077281,
    0.079050526,
    -0.11006071,
    0.08114753,
    -0.049692534,
    0.0132015655,
    0.07561908,
    -0.039207537,
    -0.01591019,
    -0.033996813,
    -0.051440034,
    0.008157646,
    -0.044513583,
    0.013566952,
    -0.020509291,
    -0.030199971,
    -0.036284447,
    -0.04346508,
    0.009261748,
    0.007283896,
    0.08063917,
    0.063195944,
    -0.010127555,
    -0.023607131,
    0.01745911,
    0.02889729,
    0.07085317,
    0.047531992,
    0.008777214,
    0.03320249,
    0.043687493,
    -0.0054291636,
    0.054204263,
    -0.10300716,
    0.012558168,
    0.015306508,
    0.007371271,
    -0.053854764,
    -0.09728807,
    0.008324453,
    0.014647224,
    0.033679083,
    0.11304734,
    -0.04400522,
    -0.008435657,
    -0.036951676,
    0.028261835,
    -0.020270996,
    0.083879985,
    -0.0035406726,
    -0.01938136,
    0.06958226,
    -0.026291927,
    0.025608813,
    -0.011231657,
    -0.0043012323,
    -0.010175214,
    0.027562836,
    -0.02557704,
    -0.006537237,
    -0.009913089,
    0.07307726,
    0.0647528,
    0.02784879,
    -0.0054212203,
    0.07326789,
    -0.030501813,
    0.012065691,
    -0.021446586,
    -0.041622262,
    0.0062552546,
    0.061797943,
