{
  "chunk_index": 479,
  "token_start": 215550,
  "token_end": 216050,
  "text": "t chất phóng xạ, vật liệu hạt nhân,\nthì bị phạt tù từ 02 năm đến 07 năm.\n\n2. Phạm tội thuộc một trong các trường hợp sau đây, thì bị phạt tù từ 05 năm đến 12 năm:\n\na) Có tổ chức;\n\nb) Vận chuyển, mua bán qua biên giới;\n\nc) Làm chết người;\n\nd) Gây thương tích hoặc gây tổn hại cho sức khỏe của người khác mà tỷ lệ tổn thương cơ thể 61% trở lên;\n\nđ) Gây thương tích hoặc gây tổn hại cho sức khỏe của 02 người trở lên mà tổng tỷ lệ tổn thương cơ thể của những người này từ 61%\nđến 121%;\n\ne) Gây thiệt hại về tài sản từ 100.000.000 đồng đến dưới 500.000.000 đồng;\n\ng) Tái phạm nguy hiểm.\n\n3. Phạm tội thuộc một trong các trường hợp sau đây, thì bị phạt tù từ 10 năm đến 15 năm:\n\fa) Làm chết 02 người;\n\nb) Gây thương tích hoặc gây tổn hại cho sức khỏe của 02 người trở lên mà tổng tỷ lệ tổn thương cơ thể của những người này từ 122%\nđến 200%;\n\nc) Gây thiệt hại về tài sản từ 500.000.000 đồng đến dưới 1.500.000.000 đồng.\n\n4. Phạm tội thuộc một trong các trường hợp sau đây, thì bị ph",
  "embedding": [
    7.162303e-05,
    -0.004077214,
    -0.004149024,
    -0.21817483,
    0.0010203009,
    0.06408647,
    -0.05202238,
    0.025261173,
    0.026138851,
    0.07468243,
    -0.10883209,
    0.005086544,
    -0.00053807657,
    0.0056809713,
    -0.05489478,
    -0.09229983,
    0.11917274,
    -0.038713586,
    0.009303388,
    0.0051423963,
    -0.02687291,
    0.10404476,
    0.049309555,
    -0.04812868,
    -0.059203383,
    0.045735013,
    -0.017601436,
    -0.101746835,
    0.08655503,
    0.05869273,
    -0.052181955,
    -0.004994787,
    -0.03552203,
    0.024830313,
    -2.2970484e-05,
    -0.025053723,
    0.037405048,
    0.014545521,
    -0.031245343,
    -0.08974658,
    0.0018740423,
    0.06303325,
    0.050841503,
    0.0032733406,
    0.09178918,
    -0.06453328,
    -0.02722398,
    0.021144064,
    -0.042958356,
    -0.03788378,
    0.025771823,
    0.04567118,
    0.0354582,
    -0.009351262,
    0.02189408,
    -0.15383305,
    0.043181766,
    0.0036483486,
    -0.0006896755,
    0.07251217,
    0.0027188077,
    -0.06408647,
    0.025245216,
    -0.07410795,
    -0.016564181,
    -0.040883847,
    0.04950105,
    0.03450073,
    0.028325068,
    -0.057799097,
    -0.062267277,
    -0.026697375,
    -0.049628712,
    -0.013891252,
    0.04978829,
    -0.011641204,
    -0.022771759,
    0.039511476,
    0.067086525,
    -0.014170513,
    0.04835209,
    -0.02572395,
    0.006813974,
    -0.019691907,
    0.014465732,
    0.049437217,
    -0.00106219,
    0.03616034,
    -0.07053341,
    -0.0044641905,
    0.024878187,
    0.004157003,
    0.05993744,
    -0.12919423,
    0.0055971933,
    -0.008186344,
    0.023904761,
    0.00044582062,
    0.0069176997,
    -0.016316835,
    0.0030359686,
    -0.038266767,
    0.07110789,
    0.043820076,
    -0.014944466,
    0.008984233,
    -0.021239812,
    -0.013332729,
    0.044937123,
    0.017170576,
    0.0039934358,
    0.022101533,
    -0.099257424,
    -0.10034255,
    -0.017378028,
    0.03501138,
    -0.0049110083,
    -0.103342615,
    -0.036351833,
    -0.025883527,
    -0.036128424,
    0.046309493,
    0.0035964858,
    0.0023218577,
    0.047777608,
    -0.07710802,
    0.017058872,
    -0.014457753,
    -0.012997616,
    0.036288004,
    -0.022133447,
    -0.039926376,
    -0.03357518,
    0.016324814,
    -0.04768186,
    -0.025692035,
    0.025532456,
    0.019867443,
    0.022771759,
    0.049628712,
    -0.049884036,
    -0.013532202,
    0.020473838,
    0.06727802,
    -0.027638884,
    0.045575432,
    0.04911806,
    0.008090597,
    -0.012861975,
    -0.01815996,
    0.06734185,
    0.0024255833,
    -0.013556139,
    -0.009901806,
    -0.05116066,
    -0.020633416,
    0.00374609,
    0.010524159,
    -0.016093425,
    0.00460781,
    7.978892e-05,
    0.02262814,
    -0.07449094,
    -0.077682495,
    -0.014441796,
    0.008625182,
    0.023298366,
    0.019005721,
    -0.012263558,
    0.032968782,
    0.012981658,
    -0.029729353,
    -0.009263494,
    0.038649756,
    0.014457753,
    -0.005242132,
    -0.02953786,
    -0.04723504,
    0.0049189874,
    -0.018144002,
    -0.0037221534,
    0.00036528366,
    0.14004552,
    -0.007544043,
    -0.04538394,
    -0.015159896,
    -0.011928444,
    0.06849081,
    0.024335623,
    0.051096827,
    -0.03328794,
    -0.025021806,
    -0.033319853,
    0.044905208,
    -0.029138915,
    0.0060998634,
    -0.00266495,
    -0.021271728,
    0.14157747,
    -0.008010808,
    0.040820014,
    0.038490176,
    0.05403306,
    -0.006542692,
    -0.018239748,
    -0.0085374145,
    0.021734502,
    0.047203127,
    0.024431368,
    -0.011713014,
    0.006937647,
    -0.012877933,
    -0.017186534,
    -0.05495861,
    0.01699504,
    0.03097406,
    -0.03132513,
    -0.023968592,
    0.0062554516,
    0.051767055,
    -0.029521901,
    -0.040373195,
    -0.0002974631,
    -0.007065309,
    0.016851421,
    -0.015351389,
    -0.014082745,
    0.037788033,
    0.00013476847,
    0.021096192,
    0.06715036,
    0.024830313,
    -0.0048591453,
    0.0017982429,
    0.028261237,
    0.014609352,
    0.027463349,
    0.007867188,
    0.04228813,
    0.07902295,
    0.13213046,
    -0.01808017,
    0.00096394995,
    0.025117554,
    -0.015191811,
    0.002932243,
    0.005078565,
    0.0013464381,
    0.0055493196,
    -0.031883653,
    -0.034181576,
    -0.033383686,
    0.015933849,
    -0.02730377,
    -0.041681733,
    -0.0097182905,
    0.013348687,
    -0.016404603,
    0.00071810035,
    0.05703312,
    0.033734757,
    -0.1597055,
    -0.016564181,
    -0.049022317,
    0.044139232,
    0.007424359,
    0.0697036,
    0.012478988,
    0.026968656,
    0.01318113,
    0.09178918,
    0.0023936678,
    0.043117933,
    -0.0042407815,
    0.07717185,
    -0.0061557153,
    0.02045788,
    0.015319473,
    0.006805995,
    0.0052620796,
    -0.020968528,
    -0.034596477,
    0.022308983,
    -0.0514479,
    -0.03947956,
    0.015399262,
    0.09357645,
    0.03711781,
    0.01376359,
    0.011960359,
    0.02240473,
    0.109470405,
    -0.02572395,
    -0.008090597,
    -0.036639076,
    0.040596604,
    -0.004027346,
    0.02463882,
    0.021846207,
    -0.002168264,
    0.013316771,
    -0.03450073,
    0.010532138,
    0.05438413,
    0.039511476,
    0.03523479,
    -0.021431305,
    0.024910102,
    -0.062426854,
    0.019037638,
    0.014465732,
    0.041937057,
    -0.0026390187,
    -0.017346112,
    -0.059011888,
    0.005317932,
    0.020473838,
    0.03450073,
    -0.05128832,
    0.002529309,
    0.0069536045,
    0.04136258,
    -0.063129,
    0.020761078,
    -0.06727802,
    0.025037764,
    0.042320047,
    0.0014451769,
    -0.084959246,
    0.06172471,
    -0.04244771,
    -0.032968782,
    0.11738546,
    0.032745376,
    -0.0126944175,
    -0.047075465,
    -0.030990018,
    0.029809142,
    -0.03319219,
    0.03702206,
    -0.039447643,
    -0.08081022,
    0.043309428,
    -0.029585734,
    0.062011953,
    0.0070852563,
    0.050522346,
    0.014880634,
    -0.031037891,
    0.026633542,
    0.037436962,
    -0.017697183,
    0.029601691,
    0.0005500449,
    -0.012582714,
    0.022005785,
    0.0088326335,
    0.05878848,
    0.04532011,
    -0.07002276,
    0.027479306,
    0.016404603,
    0.0051902696,
    -0.007089246,
    -0.027942082,
    0.032378346,
    0.024319664,
    0.003031979,
    -0.05100108,
    -0.05339475,
    -0.028404858,
    -0.015822144,
    0.05639481,
    -0.05215004,
    0.11489605,
    -0.022787716,
    0.009774143,
    0.06721419,
    -0.020617457,
    0.024096254,
    -0.031947486,
    0.047713775,
    0.017330155,
    0.088278465,
    -0.0007500159,
    -0.04911806,
    -0.03507521,
    0.031692162,
    0.023090914,
    0.060097016,
    -0.013691779,
    0.028069744,
    -0.037915695,
    -0.043532837,
    0.0031676204,
    -0.01922913,
    0.0012008233,
    0.107874624,
