{
  "chunk_index": 209,
  "token_start": 94050,
  "token_end": 94550,
  "text": "ính từ 100.000.000 đồng đến dưới 500.000.000 đồng;\n\ni) Gây thương tích hoặc gây tổn hại cho sức khỏe của người khác mà tỷ lệ tổn thương cơ thể từ 31% đến 60%;\n\nk) Gây thiệt hại về tài sản từ 100.000.000 đồng đến dưới 500.000.000 đồng.\n\n3.141 Phạm tội thuộc một trong các trường hợp sau đây, thì bị phạt tù từ 12 năm đến 20 năm:\n\na) Hàng giả tương đương với số lượng của hàng thật hoặc hàng hóa có cùng tính năng kỹ thuật, công dụng trị giá 500.000.000 đồng trở\nlên;\n\nb) Thu lợi bất chính từ 500.000.000 đồng đến dưới 2.000.000.000 đồng;\n\nc) Làm chết người;\n\nd) Gây thương tích hoặc gây tổn hại cho sức khỏe của người khác mà tỷ lệ tổn thương cơ thể 61% trở lên;\n\nđ) Gây thương tích hoặc gây tổn hại cho sức khỏe của 02 người trở lên màtổng tỷ lệ tổn thương cơ thể của những người này từ 61%\nđến 121%;\n\ne) Gây thiệt hại về tài sản từ 500.000.000 đồng đến dưới 1.500.000.000 đồng.\n\n4.142 Phạm tội thuộc một trong các trường hợp sau đây, thì bị phạt tù 20 năm, tù chung thân hoặc tử hình:\n\na",
  "embedding": [
    -0.000252826,
    -0.004932628,
    -0.021635951,
    -0.14346111,
    -0.0002902817,
    0.03251539,
    0.047666702,
    0.0433641,
    0.03062532,
    0.047697436,
    -0.14665733,
    -0.027229335,
    -0.0053590466,
    -0.03844684,
    -0.13633108,
    -0.15391028,
    0.06094331,
    -0.059621796,
    0.07492677,
    0.006549946,
    -0.022911366,
    0.09330504,
    0.06020572,
    -0.11678496,
    -0.038539037,
    0.00048572363,
    -0.018946823,
    -0.015904268,
    0.13510177,
    0.033191517,
    0.014674952,
    0.026291983,
    -0.0067036105,
    -0.017072117,
    0.00034334394,
    -0.015650721,
    0.062234093,
    0.009319747,
    -0.025016569,
    -0.08230267,
    0.004705973,
    0.12323887,
    -0.016180864,
    0.0024202147,
    -0.011816794,
    -0.07572583,
    -0.028351085,
    0.01256975,
    -0.044501215,
    -0.010149535,
    0.00071934157,
    0.035557948,
    0.027920825,
    -0.027459832,
    0.00062426174,
    -0.1282176,
    0.034851093,
    0.0067228186,
    0.007133871,
    0.047390107,
    0.0067535513,
    -0.048742354,
    0.045669068,
    -0.080151364,
    -0.017440911,
    -0.0479433,
    0.0069994144,
    -0.017702142,
    0.018040203,
    -0.074865304,
    -0.070931494,
    -0.045515403,
    -0.054827467,
    0.046068594,
    0.11321995,
    -0.0251395,
    -0.03300712,
    -0.00615426,
    0.03230026,
    0.02268087,
    0.013560886,
    -0.02595392,
    0.012031924,
    -0.046713986,
    0.0054704533,
    0.042903107,
    0.0066421446,
    0.02444801,
    -0.06828847,
    0.0050670845,
    0.04379436,
    0.007882985,
    0.03620334,
    -0.06272582,
    0.008620574,
    0.023264794,
    -0.006423173,
    -0.010057337,
    -0.0159811,
    -0.034236435,
    -0.006238776,
    -0.027828626,
    0.043179702,
    0.027306167,
    0.037985846,
    0.015689138,
    -0.026461015,
    -0.0017863489,
    0.03718679,
    -0.0012754147,
    0.00765633,
    0.00049364695,
    -0.057255365,
    -0.041704524,
    0.0005421473,
    0.03187,
    -0.009573294,
    -0.054673802,
    -0.03031799,
    0.00050085,
    -0.018946823,
    0.062264822,
    -0.0017536952,
    -0.0342979,
    0.039461024,
    -0.07965963,
    0.0020955985,
    -0.019100487,
    -0.104061544,
    0.0050286683,
    -0.06988658,
    -0.03057922,
    -0.021174958,
    0.0049441527,
    -0.032208063,
    -0.034236435,
    0.022696236,
    0.007425833,
    -0.0071069794,
    0.04613006,
    -0.010118802,
    0.0015491295,
    0.04487001,
    0.018977556,
    -0.05442794,
    4.0336912e-05,
    0.04305677,
    -0.00045018873,
    0.020975193,
    -0.0077984696,
    0.0752341,
    0.0050747674,
    -0.0010026604,
    0.010341615,
    -0.03230026,
    -0.0040913154,
    0.017241148,
    0.04397876,
    -0.010080386,
    -0.024509475,
    -0.014874716,
    0.003845452,
    -0.056609973,
    -0.04643739,
    -0.033406645,
    0.00887412,
    -0.028458651,
    0.03053312,
    -0.017763607,
    0.031777803,
    0.00091382314,
    0.028566217,
    -0.0053436803,
    0.018424364,
    -0.00014826216,
    -0.032208063,
    -0.061189175,
    -0.107380696,
    0.0009676057,
    -0.055011865,
    -0.006715135,
    0.03482036,
    0.10129559,
    -0.04311824,
    -0.022358174,
    -0.007014781,
    -0.028458651,
    0.019791977,
    0.075910226,
    0.033283714,
    -0.021589851,
    0.017886538,
    -0.030763617,
    0.022742335,
    -0.022988198,
    -0.017026018,
    -0.017563844,
    0.0042449795,
    0.14112541,
    -0.007310585,
    0.032484658,
    -0.017609943,
    0.062479954,
    0.005823882,
    -0.0228038,
    -0.026768342,
    0.034789626,
    0.035557948,
    0.024079215,
    -0.0183168,
    0.017517744,
    -0.084638365,
    -0.0130537925,
    -0.0032596067,
    -0.01922342,
    0.04422462,
    -0.0077792616,
    -0.022619404,
    0.018209234,
    -0.0075526065,
    -0.0026852859,
    -0.04391729,
    -0.0057278415,
    0.011962775,
    -0.004429377,
    0.012892446,
    -0.02177425,
    -0.0125467,
    -0.010718093,
    0.035527214,
    0.102893695,
    0.035435017,
    -0.054489404,
    -0.015712187,
    0.011847527,
    0.009427313,
    0.018470464,
    0.014989965,
    -0.00093159056,
    0.027244702,
    0.12698828,
    -0.024094582,
    -0.0022031637,
    -0.027705695,
    0.018685594,
    -0.037125323,
    0.012193272,
    -0.06656743,
    -0.011363484,
    -0.02773643,
    -0.047912568,
    -0.009542561,
    0.02997993,
    -0.0055588107,
    0.006031329,
    -0.01900829,
    -0.01684162,
    -0.059621796,
    -0.010387715,
    0.021804981,
    0.029795531,
    -0.14137127,
    0.001109265,
    -0.048189163,
    0.01753311,
    0.022527205,
    0.02776716,
    -0.0010170664,
    0.019515382,
    -0.019300252,
    0.07806153,
    -0.009281331,
    0.06705915,
    0.017825073,
    0.058300283,
    -0.0039318884,
    0.017778974,
    -0.012600482,
    -0.0037820656,
    0.012531334,
    -0.05869981,
    -0.031117046,
    0.027275436,
    -0.018562661,
    -0.05286056,
    0.031931467,
    0.030763617,
    0.031777803,
    0.0023664322,
    0.0030099018,
    -0.018362898,
    -0.002258867,
    -0.00524764,
    -0.013507103,
    0.009335114,
    0.09766911,
    -0.009020101,
    0.028735247,
    -0.00763328,
    0.00694179,
    0.013461003,
    -0.03365251,
    -0.056241177,
    0.037401922,
    0.008451543,
    0.019945642,
    -0.020744696,
    -0.013291973,
    -0.090477616,
    -0.018885357,
    0.0250473,
    0.007556448,
    0.00870509,
    0.013338072,
    -0.051631246,
    0.0125467,
    0.03986055,
    0.041089866,
    -0.050647795,
    -0.02392555,
    0.018424364,
    0.09066201,
    -0.066383034,
    0.019884177,
    -0.055995315,
    0.012054974,
    0.08795752,
    0.023157228,
    -0.0077408454,
    0.065583974,
    0.03153194,
    -0.021866448,
    0.030302625,
    0.0036937087,
    0.016426727,
    -0.0342979,
    -0.035557948,
    0.015858168,
    -0.032730523,
    0.004540784,
    -0.054489404,
    -0.07615609,
    -0.026752977,
    -0.01736408,
    0.054366473,
    -0.013891264,
    0.075910226,
    0.009688542,
    0.039368827,
    0.059191536,
    -0.00010396358,
    -0.00016158774,
    0.09244452,
    0.0048173796,
    -0.0024202147,
    -0.008313245,
    -0.00026339042,
    0.039061498,
    0.07246814,
    -0.08500716,
    0.019023655,
    -0.023848718,
    0.026291983,
    0.002595008,
    -0.016119398,
    0.0065768375,
    -0.016242329,
    0.03730972,
    -0.090477616,
    -0.059836928,
    -0.036172606,
    0.0012840583,
    0.020606399,
    -0.06785821,
    0.106520176,
    -0.007114663,
    0.019807344,
    0.05584165,
    -0.018593395,
    -0.006649828,
    0.0010977403,
    0.0364492,
    -0.030855816,
    0.06927192,
    -0.0049595195,
    -0.009803791,
    -0.0388771,
    -0.009942088,
    0.0134149045,
    0.032208063,
    0.0037148374,
    0.012446818,
    -0.035865277,
    -0.01552779,
    -0.0065537877,
