{
  "chunk_index": 105,
  "token_start": 47250,
  "token_end": 47750,
  "text": "m chống chính quyền nhân dân mà kích động, lôi kéo, tụ tập nhiều người phá rối an ninh, chống người thi hành công\nvụ, cản trở hoạt động của cơ quan, tổ chức, nếu không thuộc trường hợp quy định tại Điều 112 của Bộ luật này, thì bị phạt tù từ 05 năm\nđến 15 năm.\n\n2. Người đồng phạm khác, thì bị phạt tù từ 02 năm đến 07 năm.\n\n3. Người chuẩn bị phạm tội này, thì bị phạt tù từ 06 tháng đến 03 năm.\n\nĐiều 119. Tội chống phá cơ sở giam giữ\n\n                                                                                                                              ữ,\n1. Người nào nhằm chống chính quyền nhân dân mà phá cơ sở giam giữ, tổ chức trốn khỏi cơ sở giam giữ, đánh tháo người bị giam gi\nngười bị áp giải hoặc trốn khỏi cơ sở giam giữ, thì bị phạt tù từ 10 năm đến 20 năm hoặc tù chung thân.\n\n2. Phạm tội trong trường hợp ít nghiêm trọng, thì bị phạt tù từ 03 năm đến 10 năm.\n\n3. Người chuẩn bị phạm tội này, thì bị phạt tù từ 01 năm đến 05 năm.\n\nĐiều 120. Tội tổ chức, cưỡng ép, xúi giục người khác trốn đi nước ngoài hoặc trốn ở lại nước ngoài nhằm chống",
  "embedding": [
    -2.2367207e-05,
    -0.046441622,
    -0.036937878,
    -0.14052866,
    0.000923645,
    0.07026433,
    -0.014231854,
    0.0032926507,
    0.044097364,
    0.04751871,
    -0.037793215,
    -0.13685389,
    0.0013097345,
    0.092756525,
    -0.0011404491,
    -0.023806874,
    0.09167943,
    0.038680233,
    0.05017976,
    0.009630458,
    -0.026642157,
    0.0056151277,
    0.2004656,
    -0.028970575,
    -0.0032926507,
    0.13507986,
    -0.025691783,
    -0.122218125,
    -0.020829035,
    -0.022935698,
    -0.059810217,
    -0.03757146,
    -0.027370777,
    0.04682177,
    -0.0018235305,
    -0.046726733,
    0.10289385,
    0.020512244,
    0.022650586,
    -0.0013354738,
    -0.06817351,
    0.027925164,
    0.020100415,
    0.008957277,
    0.039725643,
    0.008426651,
    -0.018912448,
    0.015103031,
    -0.04837405,
    -0.0214151,
    0.0042252056,
    0.021177506,
    0.023347527,
    -0.005868561,
    0.001145399,
    -0.11867006,
    0.08084517,
    -0.018263025,
    0.024931485,
    0.10454117,
    0.0287805,
    -0.014952554,
    0.027180703,
    -0.046504978,
    -0.021050788,
    -0.03880695,
    -0.004609315,
    -0.11429834,
    0.006783296,
    -0.02762421,
    -0.13064478,
    -0.013463635,
    -0.023727676,
    0.026388725,
    0.045237813,
    0.0029996186,
    -0.024678051,
    0.00995517,
    0.0665262,
    0.026657997,
    0.02139926,
    0.031837538,
    -0.03532224,
    -0.009709657,
    0.051953793,
    0.1561148,
    0.053442713,
    0.024583014,
    -0.03126731,
    0.005013224,
    0.017090896,
    0.0124261435,
    0.037793215,
    0.017724479,
    0.035448957,
    0,
    0.025200756,
    -0.019292597,
    0.011174817,
    -0.010200683,
    0.01180048,
    -0.034371868,
    0.051763717,
    0.042323332,
    0.029002253,
    -0.023490082,
    -0.012735015,
    0.044825986,
    0.0018057111,
    -0.00846625,
    0.0017433427,
    0.027735088,
    -0.10618848,
    -0.06307317,
    -0.0032352323,
    0.032946307,
    -0.03510049,
    -0.12152118,
    -0.00015010468,
    -0.016124683,
    -0.0005647797,
    0.056198798,
    -0.009020636,
    0.035702392,
    0.053411033,
    -0.05607208,
    -0.010921384,
    -0.018199667,
    -0.03649437,
    0.016346436,
    -0.028115237,
    -0.035575677,
    -0.03734971,
    0.0028174636,
    -0.029160649,
    -0.00087167136,
    0.014540725,
    0.014817919,
    -0.011554967,
    -0.017882874,
    -0.020132095,
    0.030047664,
    0.0206548,
    0.0026432283,
    -0.05971518,
    0.029762553,
    0.0061932723,
    -0.01511887,
    -0.02504236,
    -0.008228657,
    0.045871396,
    0.018532297,
    -0.018912448,
    0.03475202,
    -0.034910414,
    -0.012354865,
    -0.027164863,
    0.04748703,
    -0.008347454,
    0.011602486,
    0.041467994,
    0.032629516,
    -0.04466759,
    0.007080288,
    0.011982635,
    0.012798373,
    -0.06085563,
    0.018880768,
    -0.0033302696,
    0.03278791,
    0.035195526,
    -0.035227206,
    -0.0420699,
    0.00848209,
    0.0013661629,
    -0.020322168,
    -0.049609534,
    -0.044445835,
    -0.03725467,
    -0.042703483,
    0.02835283,
    -0.034403548,
    0.03991572,
    -0.039630607,
    0.0280202,
    -0.023901911,
    0.0023066374,
    -0.027497495,
    0.02840035,
    0.058416337,
    -0.031457387,
    -0.007412919,
    -0.019165881,
    0.04425576,
    0.0035500438,
    0.024060307,
    -0.01954603,
    -0.042703483,
    0.04831069,
    0.021557655,
    0.024994843,
    0.012695416,
    0.07869098,
    -0.021050788,
    0.005710165,
    0.009780935,
    0.02176357,
    0.0039955317,
    -0.012085592,
    -0.02908145,
    0.020195452,
    0.001364183,
    -0.04194318,
    -0.0021106228,
    -0.0027501455,
    0.036367655,
    -0.022603067,
    -0.036779482,
    -0.010580833,
    0.04948282,
    -0.027941002,
    -0.018563977,
    -0.018627334,
    0.0071792854,
    -0.034403548,
    -0.016789945,
    0.036684446,
    0.041848145,
    -0.033674926,
    0.011238175,
    0.074445985,
    0.00014824848,
    0.03646269,
    -0.034340188,
    -0.01840558,
    -0.015324784,
    0.068363585,
    -0.0050251037,
    -0.0027739047,
    0.057687715,
    0.050845023,
    -0.019213399,
    -0.003431247,
    0.024646372,
    -0.04143632,
    -0.017265132,
    0.02768757,
    -0.027576692,
    0.05157364,
    -0.018722372,
    -0.06519567,
    -0.035163846,
    0.007919786,
    -0.0028491428,
    0.079134494,
    0.010762989,
    -0.00701297,
    -0.054899953,
    -0.059841897,
    0.082429126,
    0.026642157,
    0.0011681684,
    0.0010731309,
    -0.030443655,
    -0.0054290127,
    -0.06747657,
    0.098205335,
    -0.015000073,
    0.010865945,
    -0.026024414,
    0.103274,
    0.013123084,
    0.013035967,
    -0.012481581,
    -0.05562857,
    0.049387783,
    0.0066486597,
    0.038110007,
    -0.007294122,
    -0.02171605,
    0.0064071063,
    -0.035258885,
    0.030126864,
    0.027592532,
    0.04023251,
    -0.0066249003,
    0.07539636,
    0.01475456,
    -0.033104703,
    -0.05055991,
    0.0048825475,
    0.0034609463,
    -0.03734971,
    0.026848072,
    0.028146917,
    0.027608372,
    0.02070232,
    0.025216596,
    -0.01142825,
    0.033136383,
    -0.022682264,
    -0.043780573,
    0.013178523,
    0.025850179,
    -0.045237813,
    0.012259828,
    0.011000582,
    0.018215505,
    -0.040327545,
    0.073875755,
    0.0014631803,
    0.07210173,
    0.039250456,
    0.002726386,
    -0.014168496,
    0.001363193,
    0.02358512,
    0.082429126,
    -0.038490158,
    -0.012030154,
    0.004763751,
    0.05128853,
    -0.037032917,
    0.027006468,
    -0.022302115,
    0.03136235,
    0.009289908,
    -0.015348543,
    -0.09212294,
    0.07717039,
    -0.06519567,
    0.024234543,
    0.074255906,
    0.026341205,
    -0.015000073,
    -0.015356463,
    -0.050813343,
    0.034340188,
    0.023917751,
    0.010953063,
    -0.01991034,
    -0.054298047,
    0.08363293,
    0.06766664,
    0.09389698,
    -0.035639033,
    0.034245152,
    0.021525977,
    -0.028479548,
    -0.015792051,
    0.04289356,
    -0.045269493,
    -0.08040166,
    -0.030332778,
    -0.07336889,
    0.034498584,
    -0.036969557,
    0.038680233,
    0.08585047,
    -0.030681249,
    0.006114074,
    -0.036050864,
    -0.009765095,
    -0.049672894,
    -0.054741554,
    0.01957771,
    -0.0390287,
    0.019878661,
    0.021890286,
    -0.03212265,
    -0.007191165,
    -0.08350622,
    0.03247112,
    -0.024503816,
    0.13558672,
    0.0027778647,
    0.046219867,
    -0.048500765,
    0.010525394,
    0.0067397375,
    -0.008181138,
    0.100422874,
    0.02029049,
    0.0057299645,
    -0.054804914,
    0.026863912,
    -0.07343225,
    -0.023917751,
    0.033453174,
    0.0019878661,
    -0.06969411,
    -0.075333,
    0.034118436,
    -0.039535567,
