{
  "chunk_index": 656,
  "token_start": 295200,
  "token_end": 295700,
  "text": ".\n\n164 Khoản này được sửa đổi, bổ sung theo quy định tại điểm b khoản 49 Điều 1 của Luật số 12/2017/QH14 sửa đổi, bổ sung một số\nđiều của Bộ luật Hình sự số 100/2015/QH13, có hiệu lực kể từ ngày 01 tháng 01 năm 2018.\n\n165 Khoản này được sửa đổi, bổ sung theo quy định tại điểm a khoản 50 Điều 1 của Luật số 12/2017/QH14 sửa đổi, bổ sung một số\nđiều của Bộ luật Hình sự số 100/2015/QH13, có hiệu lực kể từ ngày 01 tháng 01 năm 2018.\n\n166 Khoản này được sửa đổi, bổ sung theo quy định tại điểm a khoản 50 Điều 1 của Luật số 12/2017/QH14 sửa đổi, bổ sung một số\n\fđiều của Bộ luật Hình sự số 100/2015/QH13, có hiệu lực kể từ ngày 01 tháng 01 năm 2018.\n\n167 Điểm này được sửa đổi, bổ sung theo quy định tại điểm b khoản 50 Điều 1 của Luật số 12/2017/QH14 sửa đổi, bổ sung một số điều\ncủa Bộ luật Hình sự số 100/2015/QH13, có hiệu lực kể từ ngày 01 tháng 01 năm 2018.\n\n168 Điều này được bổ sung theo quy định tại khoản 51 Điều 1 của Luật số 12/2017/QH14 sửa đổi, bổ sung một số điều của Bộ luật\nHình sự số 100/2015/QH13",
  "embedding": [
    0.00023467517,
    -0.054253068,
    -0.043116376,
    -0.028948592,
    0.0028352593,
    -0.010515151,
    -0.020757845,
    -0.009135835,
    0.028778307,
    0.07465331,
    -0.082690805,
    -0.0194807,
    0.00068433624,
    0.0050830324,
    -0.13629678,
    -0.17873202,
    0.02945945,
    -0.0045381174,
    0.034602083,
    0.010336351,
    -0.0013016224,
    0.04975752,
    0.061371017,
    0.0027884305,
    -0.03596437,
    0.05193718,
    -0.008761207,
    0.025100132,
    -0.0043806033,
    0.02418059,
    -0.024453046,
    -0.017105212,
    0.034568027,
    -0.061507244,
    0.0034780882,
    0.010046865,
    0.07724166,
    -0.009757378,
    0.018901728,
    -0.021098416,
    0.0008237577,
    -0.02358459,
    -0.06651365,
    -0.021268701,
    0.0389614,
    0.04883798,
    -0.0065219477,
    0.0644021,
    -0.053401638,
    0.033103567,
    0.006436805,
    0.04788438,
    -0.08132852,
    -0.0129928095,
    -0.02848882,
    -0.2047517,
    0.013503667,
    0.015044753,
    0.004844632,
    0.036747683,
    -0.0021903017,
    0.015623726,
    0.003424874,
    -0.045977175,
    -0.012882124,
    -0.0194807,
    0.08037492,
    -0.078059025,
    0.01664544,
    -0.022222303,
    -0.09897013,
    0.07288234,
    -0.019429615,
    -0.025815332,
    0.076628625,
    -0.023005616,
    -0.03221808,
    0.016628413,
    0.0608261,
    -0.038552713,
    0.044444606,
    -0.10952785,
    0.003045988,
    -0.014584982,
    0.010549208,
    0.020400243,
    0.033120595,
    0.010072407,
    -0.04137946,
    -0.010166065,
    0.027688477,
    -0.030889852,
    0.084393665,
    0.026581619,
    0.0041890317,
    -0.02176253,
    -0.012762924,
    -0.03548757,
    0.005606661,
    -0.017590526,
    0.017573498,
    -0.018697385,
    -0.0150532685,
    0.0042954604,
    -0.006300576,
    -0.020144815,
    -0.01567481,
    0.0036781742,
    0.018186528,
    0.009731836,
    0.010557722,
    0.031468824,
    0.027330877,
    -0.076424286,
    -0.009016635,
    -0.0010265043,
    0.15802526,
    -0.0005222986,
    0.0012718224,
    0.05258427,
    -0.008905949,
    0.031553965,
    0.034755338,
    0.024725504,
    0.03630494,
    -0.061745644,
    -0.016739098,
    0.029663794,
    -0.10578156,
    0.021115445,
    0.008999607,
    0.021115445,
    0.04897421,
    -0.0019508371,
    -0.0015208654,
    -0.03151991,
    -0.006824205,
    0.02320996,
    -0.03140071,
    0.01724144,
    -0.026241047,
    -0.0114176655,
    0.0074244626,
    -0.0043465463,
    -0.035078883,
    -0.045977175,
    0.0060834615,
    0.08398498,
    0.0075564343,
    5.4004227e-06,
    0.025713162,
    -0.012601152,
    -0.02428276,
    0.004759489,
    -0.021694416,
    -0.06906793,
    0.016551783,
    -0.06607091,
    -0.019191215,
    0.023226988,
    -0.025781276,
    -0.029612707,
    -0.035044827,
    0.0191231,
    0.013793153,
    0.037735343,
    -0.034602083,
    -0.01269481,
    -0.029612707,
    -0.030208709,
    0.03342711,
    -0.020383215,
    -0.02465739,
    0.022154188,
    -0.024010302,
    -0.0104470365,
    0.02729682,
    0.0022946016,
    -0.0066113477,
    -0.06048553,
    -0.028148249,
    -0.018016241,
    0.028318536,
    -0.012779952,
    -0.045534432,
    0.029186992,
    0.0193615,
    0.005542804,
    0.02116653,
    0.028625049,
    -0.07683297,
    -0.06477673,
    0.01130698,
    0.037122313,
    -0.05626244,
    0.019906415,
    -0.03426151,
    0.053674098,
    0.007088148,
    -0.006679462,
    0.002407416,
    0.0023350446,
    0.087731265,
    -0.013069438,
    0.0065517477,
    -0.039744716,
    -0.029919222,
    -0.014567954,
    0.013793153,
    -0.024827676,
    0.007258434,
    -0.06566222,
    -0.07226931,
    -0.056841414,
    0.013324867,
    0.044785175,
    -0.031928595,
    -0.017965157,
    0.013852753,
    0.030600365,
    -0.020740815,
    -0.023635674,
    -0.046113405,
    0.04921261,
    -0.02382299,
    0.03957443,
    0.0031332595,
    0.014712697,
    0.054491468,
    0.019787215,
    0.120289914,
    -0.012149895,
    -0.06586656,
    -0.0046232603,
    0.0013963439,
    -0.023857046,
    -0.0086930925,
    0.028437736,
    -0.041277286,
    0.08902544,
    -0.023754874,
    -0.013163095,
    0.04185626,
    0.0041336888,
    -0.008957035,
    0.0024138018,
    -0.004874432,
    -0.0050617466,
    0.017641613,
    0.0015581155,
    -0.07621994,
    0.002730959,
    -0.016100526,
    -0.004631775,
    -0.02477659,
    -0.012490466,
    0.016977498,
    -0.021064358,
    0.00775652,
    0.022869388,
    0.009110292,
    -0.06750131,
    -0.037701286,
    0.0041592317,
    0.06814839,
    -0.045023575,
    0.054661755,
    0.024129502,
    -0.023295103,
    -0.003942117,
    -0.016892355,
    -0.08180532,
    0.013895324,
    0.030974993,
    0.14521976,
    0.018748472,
    -0.01569184,
    0.02884642,
    0.043014202,
    -0.027909849,
    -0.0052916324,
    -0.037531,
    0.046760492,
    -0.00035866455,
    0.06429993,
    -0.0035376884,
    0.022954531,
    -0.013673953,
    0.015657783,
    -0.024470076,
    0.009169892,
    -0.09481516,
    0.022205273,
    0.0008971935,
    -0.087935604,
    0.077377886,
    0.04703295,
    -0.026734877,
    0.021387901,
    0.029953279,
    0.04233306,
    0.01803327,
    -0.0009961722,
    0.04880392,
    -0.04533009,
    -0.024367904,
    0.0030885595,
    0.0022073302,
    -0.010506636,
    0.076901086,
    -0.01166458,
    -0.016977498,
    0.04819089,
    -0.047373522,
    -0.032030765,
    0.022205273,
    0.05374221,
    0.051187925,
    0.02656459,
    0.02523636,
    0.03472128,
    0.11293357,
    -0.030447109,
    -0.0038846456,
    -0.04819089,
    0.028148249,
    -0.02789282,
    -0.020468358,
    -0.021319788,
    0.11470454,
    -0.0022243587,
    0.0022392587,
    0.00805452,
    -0.040936716,
    -0.016986012,
    -0.062086217,
    -0.032762997,
    0.08616463,
    -0.014465782,
    0.02574722,
    -0.055751584,
    -0.027518192,
    0.06205216,
    -0.05122198,
    -0.03994906,
    0.06429993,
    0.08902544,
    -0.035862196,
    0.018101385,
    0.0015102226,
    0.11204808,
    -0.035998426,
    -0.09283984,
    0.069885306,
    -0.031536937,
    0.020945158,
    -0.007266948,
    0.022307444,
    0.040698316,
    -0.03667957,
    0.030992022,
    -0.038927343,
    -0.03260974,
    0.06460645,
    0.014908525,
    -0.02009373,
    -0.02704139,
    0.08541538,
    0.022545844,
    -0.054491468,
    -0.041038886,
    -0.036883913,
    -0.015027725,
    -0.04883798,
    -0.014712697,
    0.035317283,
    0.030685509,
    0.030974993,
    0.02080893,
    -0.012941724,
    0.024384933,
    0.060757987,
    -0.028761279,
    0.083371945,
    0.0098425215,
    -0.009604122,
    -0.04897421,
    -0.055683468,
    -0.015223554,
    -0.010225665,
    0.019497728,
    -0.0051554036,
    0.0062835473,
    -0.09658613,
    0.07778657,
    -0.03318871,
