{
  "chunk_index": 598,
  "token_start": 269100,
  "token_end": 269600,
  "text": "ội gây hậu quả đặc biệt nghiêm trọng, thì bị phạt tù từ 10 năm đến 20 năm.\n\nĐiều 402. Tội đào ngũ\n\n1. Người nào rời bỏ hàng ngũ quân đội nhằm trốn tránh nghĩa vụ trong thời chiến hoặc đã bị xử lý kỷ luật về hành vi này mà còn vi\nphạm hoặc gây hậu quả nghiêm trọng, thì bị phạt cải tạo không giam giữ đến 03 năm hoặc phạt tù từ 06 tháng đến 03 năm.\n\n2. Phạm tội thuộc một trong các trường hợp sau đây, thì bị phạt tù từ 02 năm đến 07 năm:\n\na) Là chỉ huy hoặc sĩ quan;\n\nb) Lôi kéo người khác phạm tội;\n\nc) Mang theo, vứt bỏ vũ khí, trang bị kỹ thuật quân sự hoặc tài liệu bí mật quân sự;\n\nd) Gây hậu quả rất nghiêm trọng.\n\n3. Phạm tội thuộc một trong các trường hợp sau đây thì bị phạt tù từ 05 năm đến 12 năm:\n\na) Trong chiến đấu;\n\nb) Trong khu vực có chiến sự;\n\nc) Trong khi thực hiện nhiệm vụ cứu hộ, cứu nạn;\n\nd) Trong tình trạng khẩn cấp;\n\nđ) Gây hậu quả đặc biệt nghiêm trọng.\n\fĐiều 403. Tội trốn tránh nhiệm vụ\n\n",
  "embedding": [
    -0.00065916084,
    0.029590087,
    0.021422973,
    -0.16246277,
    -0.0014704735,
    0.084686704,
    0.002611121,
    0.005512803,
    0.027281307,
    0.0891472,
    -0.06367209,
    -0.036343664,
    0.007468199,
    -0.02409299,
    0.07658242,
    -0.06250984,
    0.097188674,
    0.08933568,
    0.001024816,
    0.0102246,
    -0.029982738,
    0.07306427,
    0.13042255,
    -0.038416855,
    0.058960292,
    0.09071781,
    -0.03174181,
    -0.0547825,
    0.0062274253,
    0.017575005,
    -0.07714783,
    0.0068006944,
    0.007381816,
    0.04799751,
    -0.008732531,
    -0.023291985,
    0.020857556,
    0.009871216,
    0.11100995,
    -0.03822838,
    -0.08261351,
    -0.09078063,
    0.021956977,
    0.03247999,
    0.02495682,
    -0.026166182,
    -0.0142924525,
    -0.075325936,
    -0.042469,
    -0.0071972706,
    0.0032472138,
    0.024202932,
    0.0049591665,
    0.014724366,
    0.04752633,
    -0.14198217,
    0.12049636,
    0.0049395342,
    0.03452177,
    -0.0020869337,
    0.02663736,
    -0.01208576,
    0.048751395,
    -0.014331717,
    -0.02304069,
    -0.025239527,
    -0.04498196,
    -0.042500414,
    0.017543592,
    -0.057578165,
    -0.12602487,
    -0.057923697,
    -0.036940493,
    0.003724283,
    0.07972361,
    0.00333556,
    -0.016821116,
    0.043599833,
    0.026715891,
    0.046866678,
    0.047180798,
    0.0127139995,
    -0.013310827,
    0.00032884418,
    0.021737091,
    0.020621967,
    -0.0088738855,
    0.012839648,
    -0.07224756,
    0.003863674,
    0.042877357,
    0.018752953,
    0.031867456,
    -0.030453917,
    0.030956509,
    -0.02534947,
    0.018313186,
    0.003392494,
    -0.0067535765,
    0.002122272,
    0.03389353,
    -0.020779027,
    -0.05186118,
    0.01740224,
    0.049630933,
    -0.03612378,
    -0.030422505,
    0.01239988,
    -6.490992e-05,
    0.022805098,
    0.004754989,
    0.018344598,
    -0.09630914,
    -0.06351503,
    0.0138762435,
    0.020354964,
    -0.0021517207,
    -0.020323552,
    0.009549242,
    0.00961992,
    -0.0106251035,
    0.028741963,
    -0.013255857,
    0.03829121,
    0.013248004,
    -0.016758293,
    -0.0064630155,
    -4.727135e-05,
    -0.09850798,
    0.024658406,
    -0.03847968,
    -0.019035662,
    0.018910013,
    -0.00041424553,
    0.062132902,
    0.02194127,
    -0.007044137,
    0.055536386,
    0.018925719,
    0.035401303,
    -0.020983204,
    0.02319775,
    0.030312562,
    0.05940006,
    -0.061379015,
    -0.026119063,
    0.03596672,
    0.02930738,
    -0.008732531,
    -0.008928856,
    0.020590555,
    0.022632333,
    -0.009729861,
    0.029762853,
    -0.036532134,
    -0.0026248638,
    -0.043379948,
    -0.008983827,
    0.011630286,
    -0.0005472556,
    0.007448566,
    0.014669396,
    0.010884252,
    0.021752797,
    -0.0063609267,
    0.012038643,
    0.046458323,
    0.0068124738,
    -0.03474165,
    0.00402466,
    0.0072326087,
    -0.016192878,
    -0.013467887,
    -0.034176238,
    -0.029574381,
    -0.022930747,
    -0.008889591,
    -0.05877182,
    -0.023558987,
    -0.057923697,
    0.037820026,
    0.041118287,
    0.025852062,
    -0.047683388,
    0.0033375232,
    -0.059148762,
    -0.0071422993,
    -0.050887413,
    0.02954297,
    0.03001415,
    -0.0037890703,
    -0.032071635,
    -0.014810749,
    0.035244245,
    -0.02057485,
    -0.042877357,
    -0.06408045,
    -0.02574212,
    0.08789073,
    0.045924317,
    0.034301884,
    0.023182044,
    0.08003773,
    -0.041934997,
    -0.0023460824,
    0.004213132,
    -0.0063138083,
    -0.0128789125,
    0.005610965,
    -0.01911419,
    0.03114498,
    -0.014755779,
    -0.04513902,
    -0.09524113,
    0.019601077,
    0.021878446,
    -0.029024672,
    -0.035087183,
    0.006309882,
    0.03474165,
    0.0036084515,
    -0.053934373,
    -0.018800072,
    0.007099108,
    -0.03803991,
    -0.0023303765,
    0.019255545,
    -0.010884252,
    0.027061423,
    0.017417945,
    0.04180935,
    -0.0076056262,
    -0.04171511,
    -0.02511388,
    0.03628084,
    0.009235123,
    0.09153452,
    -0.03028115,
    0.015839493,
    0.06392338,
    0.09216276,
    -0.024469934,
    0.0019985873,
    0.030218327,
    0.0047314297,
    0.022129742,
    -0.0057915845,
    -0.03656355,
    -0.023056395,
    -0.06115913,
    -0.056384508,
    -0.019412605,
    0.0035593703,
    -0.03392494,
    0.040364396,
    0.0280509,
    0.014433806,
    -0.038730975,
    -0.017857712,
    0.106423795,
    0.026496008,
    0.010782163,
    0.012172143,
    -0.008308469,
    0.017700652,
    -0.12501968,
    0.037223198,
    0.0029841384,
    0.052049655,
    -0.024469934,
    0.116035864,
    -0.04893987,
    -0.015101311,
    -0.03213446,
    -0.02409299,
    0.055787683,
    0.01669547,
    0.0045861495,
    0.007216903,
    0.025019644,
    -0.025176704,
    -0.017559297,
    0.08091727,
    -0.032574225,
    0.05974559,
    0.0048531513,
    -0.011763788,
    0.037034728,
    0.012596205,
    0.0052300952,
    0.0065808105,
    0.040961225,
    -0.0075585083,
    0.027752487,
    -0.05497097,
    0.041934997,
    0.00783729,
    -0.013813419,
    -0.0067025316,
    0.021642856,
    -0.0077116415,
    -0.036657784,
    -0.018203244,
    0.01609864,
    -0.033485174,
    -0.00534789,
    0.028694846,
    0.03772579,
    -0.025003938,
    0.0007666487,
    4.0676063e-05,
    0.013310827,
    0.022538098,
    -0.025867768,
    -0.0010179445,
    -0.0040187705,
    -0.012886765,
    0.040835578,
    -0.06178737,
    0.049034104,
    -0.0046921647,
    0.04787186,
    0.06115913,
    0.00025448613,
    -0.04818598,
    0.024784055,
    0.028741963,
    -0.011748081,
    -0.027768193,
    0.0380085,
    0.047966097,
    0.002263626,
    0.08418411,
    0.025082467,
    -0.047117975,
    -0.0016236069,
    -0.07953514,
    0.04005028,
    0.0022970012,
    0.0408984,
    -0.008960268,
    -0.07275015,
    0.085503414,
    -0.017920537,
    0.06115913,
    -0.045076195,
    -0.019459723,
    -0.0094628595,
    -0.037505906,
    -0.026888657,
    -0.055850506,
    -0.047400683,
    0.030249739,
    -0.046175614,
    -0.05340037,
    -0.007185491,
    0.018988544,
    0.015368313,
    0.04576726,
    -0.003849931,
    -0.0037164302,
    -0.06034242,
    0.010805722,
    -0.017779183,
    -0.06979743,
    0.007707715,
    -0.03772579,
    0.040615693,
    -0.018109009,
    -0.040332984,
    -0.03819697,
    -0.047589153,
    0.03339094,
    -0.020245023,
    0.09015239,
    0.0005737595,
    0.018344598,
    0.0697346,
    -0.013727036,
    0.014740073,
    -0.008803208,
    0.13406634,
    0.027045717,
    0.0030940804,
    -0.041903585,
    -0.026653066,
    -0.069169186,
    -0.032511402,
    -0.033139642,
    0.0052340217,
    0.0012859281,
    -0.031239217,
    -0.0043073683,
    -0.051892594,
    0.04165229,
    -0.050039288,
    -0.010986341,
    0.08663425,
    0.011174813,
    -0.028223665,
