{
  "chunk_index": 389,
  "token_start": 175050,
  "token_end": 175550,
  "text": " b và c khoản\n3 Điều này nếu không được ngăn chặn kịp thời, thì bị phạt tiền từ 5.000.000 đồng đến 20.000.000 đồng hoặc phạt cải tạo không giam\ngiữ đến 01 năm.\n\nĐiều 262. Tội đưa vào sử dụng phương tiện giao thông cơ giới đường bộ, xe máy chuyên dùng không bảo đảm an toàn268\n\n1. Người nào chịu trách nhiệm trực tiếp về việc điều động hoặc về tình trạng kỹ thuật mà cho phép đưa vào sử dụng phương tiện giao\nthông cơ giới đường bộ, xe máy chuyên dùng rõ ràng không bảo đảm tiêu chuẩn an toàn kỹ thuật gây thiệt hại cho người khác thuộc\nmột trong các trường hợp sau đây, thì bị phạt tiền từ 20.000.000 đồng đến 100.000.000 đồng, phạt cải tạo không giam giữ đến 03 năm\nhoặc phạt tù từ 06 tháng đến 03 năm:\n\na) Làm chết người;\n\fb) Gây thương tích hoặc gây tổn hại cho sức khỏe của 01 người mà tỷ lệ tổn thương cơ thể 61% trở lên;\n\nc) Gây thương tích hoặc gây tổn hại cho sức khỏe của 02 người trở lên màtổng tỷ lệ tổn thương cơ thể của những người này từ 61%\nđến 121%;\n\nd) Gây thiệt hại về tài sản",
  "embedding": [
    7.850253e-06,
    0.033566616,
    -0.15108186,
    -0.15518944,
    0.00010059605,
    0.069636285,
    0.012635617,
    -0.009121711,
    0.035331592,
    -0.042295218,
    -0.1374755,
    0.04232731,
    0.00079373736,
    -0.15647306,
    -0.021965915,
    -0.0709199,
    0.066491425,
    -0.03180164,
    0.08234411,
    0.0023686767,
    -0.021725237,
    0.056254566,
    -0.021035293,
    -0.15749995,
    -0.059720337,
    0.11629581,
    -0.03728911,
    -0.06944375,
    0.008447812,
    0.01943077,
    -0.08696513,
    0.016558675,
    -0.11757942,
    0.015467599,
    -0.0033755146,
    -0.036486845,
    0.05519558,
    0.0029884237,
    0.03140051,
    -0.0692512,
    -0.054585863,
    -0.034047972,
    0.03281249,
    0.00016584247,
    0.056158297,
    -0.042616125,
    -0.025158916,
    0.012033921,
    -0.051312637,
    -0.06880193,
    0.023891343,
    0.0054072416,
    0.12213627,
    -0.017200483,
    0.04393183,
    -0.06642724,
    -0.018564329,
    -0.005331027,
    0.005547637,
    0.122585535,
    0.007256454,
    0.012178328,
    -0.015419464,
    -0.07316624,
    -0.029218359,
    -0.019976309,
    -0.007136115,
    -0.0339517,
    0.008953237,
    -0.03976007,
    -0.005595773,
    -0.024051797,
    -0.047750596,
    0.03725702,
    0.048905853,
    -0.02154874,
    -0.02968367,
    0.018869188,
    0.022367047,
    -0.009314255,
    -0.03600549,
    -0.060330056,
    0.003876928,
    -0.0068513122,
    0.029025815,
    0.06565707,
    0.029202314,
    -0.013133018,
    -0.08645169,
    0.017264664,
    0.017072123,
    -0.08946819,
    -0.013133018,
    0.02366671,
    0.006811199,
    0.009907928,
    -0.011247705,
    -0.015852684,
    0.010268945,
    -0.025399595,
    0.013325561,
    -0.021757329,
    0.005411253,
    0.036839843,
    -0.06533617,
    -0.022976765,
    -0.027629882,
    0.06899448,
    0.0024589312,
    0.0006052059,
    -0.03674357,
    0.028159374,
    -0.011809288,
    -0.0033815317,
    -0.007232386,
    0.022110322,
    -0.011777197,
    -0.039727982,
    0.00084939424,
    0.046146072,
    -0.03318153,
    0.06989301,
    -0.032266952,
    -0.0027437338,
    0.036390577,
    -0.008367586,
    0.0038989903,
    -0.0558053,
    -0.12496023,
    -0.008592219,
    -0.032988988,
    -0.018163197,
    0.022447273,
    0.009771544,
    0.055644847,
    0.018147152,
    -0.015435508,
    -0.053879872,
    -0.0017619665,
    0.026875755,
    -0.01939868,
    -0.017280709,
    0.028769093,
    -0.006602611,
    -0.007830071,
    -0.069636285,
    0.024789875,
    0.009402503,
    0.01593291,
    -0.023843208,
    0.0059688245,
    -0.006566509,
    -0.03099938,
    0.031207968,
    -0.014280252,
    -0.040658604,
    -0.011552564,
    0.06507944,
    0.017665796,
    0.01126375,
    0.008050693,
    0.0049138507,
    0.0020578003,
    0.025062645,
    0.04502291,
    0.008375608,
    -0.0917787,
    0.06854521,
    0.007192273,
    -0.07335878,
    7.70923e-05,
    0.00626165,
    0.01930241,
    0.030935198,
    -0.037674192,
    0.030277343,
    -0.045087088,
    -0.03671148,
    -0.0048215906,
    -0.03334198,
    -0.0061493334,
    0.024292475,
    0.08972491,
    -0.03882945,
    -0.032315087,
    0.0040594423,
    0.007709732,
    -0.032282997,
    0.0062335706,
    0.049772296,
    -0.01359833,
    0.008158998,
    0.009386458,
    -0.011087252,
    0.04142878,
    0.037545834,
    -0.01939868,
    0.020794615,
    0.13901585,
    -0.024051797,
    0.018933369,
    -0.0037565888,
    0.0019535064,
    0.022302866,
    -0.025672363,
    0.011841378,
    -0.024821967,
    0.037096564,
    0.0423594,
    -0.017232575,
    0.033021078,
    0.017072123,
    -0.026217902,
    -0.03330989,
    0.044284828,
    0.06989301,
    -0.041460868,
    -0.013758782,
    -0.0022944675,
    0.055323943,
    0.0008173038,
    -0.009803634,
    0.01721653,
    0.01801879,
    -0.039920524,
    0.035812948,
    -0.01939868,
    0.015066468,
    -0.024838012,
    0.040754877,
    0.02955531,
    0.020361394,
    -0.035684586,
    -0.060554687,
    -0.01939868,
    0.00048160754,
    0.033759158,
    0.007970466,
    0.023714846,
    -0.014288275,
    0.083114274,
    0.02007258,
    -0.008921146,
    -0.009057531,
    0.004484641,
    -0.011897536,
    0.010517647,
    0,
    0.033502433,
    -0.0016737178,
    -0.011023072,
    -0.025913043,
    -0.032892715,
    -0.058244176,
    -0.02968367,
    0.009298209,
    0.020586027,
    -0.048199862,
    -0.009017418,
    0.06828849,
    0.05635084,
    -0.09954459,
    0.018837096,
    -0.012627594,
    -0.0038809394,
    0.07393641,
    0.0470767,
    0.025383549,
    0.043386295,
    -0.015339238,
    0.056382928,
    -0.0055315923,
    0.03725702,
    -0.009538888,
    0.09036672,
    -0.012009853,
    -0.013919234,
    0.016991897,
    0.011039116,
    0.025560047,
    -0.01721653,
    0.01074228,
    -0.023650665,
    -0.048360314,
    -0.0014380534,
    0.008211145,
    0.024132023,
    0.028929545,
    -0.007677641,
    -0.021596875,
    -0.00475741,
    -0.053398516,
    0.00020482736,
    -0.006253627,
    0.07072736,
    0.071690075,
    -0.017264664,
    0.026747394,
    0.06254429,
    0.017393027,
    -0.013622398,
    -0.0039491314,
    0.016037205,
    0.028560504,
    0.022351002,
    0.061036043,
    -0.0041597253,
    -0.01304477,
    -0.00034246533,
    -0.033598706,
    0.06841685,
    -0.010301036,
    0.01408771,
    0.03728911,
    0.012812114,
    -0.031464692,
    0.0030064746,
    0.019944217,
    -0.03069452,
    -0.0013788868,
    0.0002958339,
    0.027453383,
    0.002216247,
    0.048970032,
    -0.070149735,
    0.03106356,
    0.064533904,
    0.03411215,
    0.05705683,
    0.039278716,
    -0.02403575,
    0.0571531,
    0.047012515,
    0.024324564,
    0.0035038765,
    -0.048392404,
    -0.01022081,
    0.013301494,
    0.031721413,
    0.04091533,
    -0.052018628,
    -0.02259168,
    0.06376373,
    -0.0099319955,
    0.08382027,
    0.00348382,
    0.035106957,
    0.014360478,
    -0.06848103,
    0.027629882,
    -0.030646384,
    0.045504265,
    0.018596418,
    0.022158459,
    0.03578086,
    0.03369498,
    0.015973024,
    0.023506258,
    0.08786366,
    -0.045472175,
    0.023506258,
    -0.008154986,
    -0.00059969036,
    0.045279633,
    0.043386295,
    -0.0045608557,
    -0.03744956,
    0.06434136,
    -0.10063566,
    0.01724862,
    -0.036807753,
    0.011600699,
    0.05718519,
    -0.124575146,
    0.094217576,
    -0.013654488,
    0.066555604,
    0.008897078,
    -0.07444985,
    0.0025371516,
    -0.02013676,
    0.09036672,
    -0.066042155,
    0.029507173,
    -0.020056535,
    -0.0205058,
    -0.06427718,
    -0.051248457,
    0.008070749,
    0.011688948,
    -0.004925885,
    -0.008544084,
    -0.033470344,
    -0.0004623031,
    0.034047972,
    -0.051216364,
    -0.016831443,
    0.07136917,
