{
  "chunk_index": 439,
  "token_start": 197550,
  "token_end": 198050,
  "text": "c tịch thu một phần hoặc toàn bộ tài sản.\n\nĐiều 286. Tội phát tán chương trình tin học gây hại cho hoạt động của mạng máy tính, mạng viễn thông, phương tiện điện tử\n\n1. Người nào cố ý phát tán chương trình tin học gây hại cho mạng máy tính, mạng viễn thông, phương tiện điện tử thuộc một trong các\ntrường hợp sau đây, thì bị phạt tiền từ 50.000.000 đồng đến 200.000.000 đồng, phạt cải tạo không giam giữ đến 03 năm hoặc phạt tù từ\n06 tháng đến 03 năm:\n\na) Thu lợi bất chính từ 50.000.000 đồng đến dưới 200.000.000 đồng;\n\nb) Gây thiệt hại từ 50.000.000 đồng đến dưới 300.000.000 đồng;\n\nc) Làm lây nhiễm từ 50 phương tiện điện tử đến dưới 200 phương tiện điện tử hoặc hệ thống thông tin có từ 50 người sử dụng đến dưới\n200 người sử dụng;\n\nd) Đã bị xử phạt vi phạm hành chính về hành vi này hoặc đã bị kết án về tội này, chưa được xóa án tích mà còn vi phạm.\n\n2. Phạm tội thuộc một trong các trường hợp sau đây, thì bị phạt tiền từ 200.000.000 đồng đến 500.000.000 đồng hoặc phạt tù từ 03 năm\nđến ",
  "embedding": [
    -0.0004739461,
    0.039510723,
    -0.123667024,
    -0.12889412,
    -0.002384864,
    0.012698777,
    0.05574548,
    -0.02751914,
    0.01950938,
    -0.022784004,
    0.07139603,
    -0.10060629,
    0.008078943,
    -0.075270236,
    0.0019332581,
    -0.12766422,
    0.025735779,
    -0.09378032,
    0.0039068726,
    0.0027999573,
    -0.014005552,
    0.11376628,
    0.08252668,
    -0.1541072,
    -0.08209621,
    0.07404032,
    -0.03757362,
    -0.09937639,
    0.08277266,
    0.044707075,
    -0.025535919,
    0.014843425,
    0.065861456,
    -0.019371016,
    0.0008085669,
    -0.051871274,
    0.028995028,
    0.0053616203,
    0.021016015,
    -0.02844157,
    -0.028948907,
    0.10152872,
    -0.0051425435,
    0.014620504,
    0.089537136,
    -0.038342312,
    -0.024936339,
    0.02341433,
    -0.089229666,
    -0.06340164,
    0.017895129,
    0.03821932,
    0.048765764,
    -0.015320013,
    0.09421078,
    -0.15423018,
    -0.024674984,
    -0.014720434,
    0.03446811,
    0.09771601,
    0.020585548,
    0.004958058,
    0.012076138,
    -0.033484183,
    -0.012975506,
    -0.016419241,
    0.07170351,
    0.026366105,
    0.018879054,
    -0.002365647,
    -0.08031285,
    -0.042216513,
    -0.06017314,
    0.0010290853,
    0.09039807,
    -0.038803525,
    -0.0027941922,
    0.0044046,
    0.15054047,
    -0.009270415,
    -0.01858695,
    -0.042216513,
    -0.0057767136,
    0.057774823,
    0.009877681,
    0.07723808,
    0.02256877,
    0.0009805616,
    -0.018448586,
    0.01814111,
    0.010046792,
    0.045322027,
    0.05101034,
    0.018679194,
    0.017587652,
    0.0008830339,
    -0.023721807,
    -0.012929385,
    0.0077868407,
    -0.0108154835,
    0.019724613,
    -0.060634352,
    0.0025578197,
    -0.012429735,
    -0.090336576,
    0.0005827639,
    -0.021338865,
    0.00047610805,
    0.013552024,
    0.010707867,
    -0.016757466,
    0.017111063,
    0.0015479517,
    -0.06334015,
    -0.04713614,
    0.002519385,
    -0.086585365,
    -0.06702986,
    0.012060763,
    -0.004819693,
    -0.01894055,
    0.03840381,
    -0.00745246,
    0.012860202,
    0.03849605,
    -0.10706329,
    0.0037204649,
    0.03637446,
    -0.042093523,
    -0.0010031419,
    -0.0176184,
    -0.03173157,
    -0.05177903,
    -0.0038011775,
    -0.0678908,
    -0.0036781868,
    -0.002872983,
    0.0036397523,
    -0.016834335,
    0.011199829,
    -0.018879054,
    0.0034667968,
    0.021507977,
    -0.03889577,
    -0.026442973,
    -0.09304237,
    0.035144556,
    -0.007171888,
    0.017310923,
    -0.007056584,
    0.035698015,
    -0.014451393,
    0.01490492,
    0.01906354,
    -0.055099778,
    0.02167709,
    -0.01291401,
    0.03173157,
    -0.03048629,
    -0.037266143,
    0.0020178142,
    0.017633773,
    -0.026719702,
    -0.0378196,
    -0.021185126,
    0.0062994235,
    -0.06825977,
    0.0068067596,
    0.02160022,
    -0.04018717,
    -0.03274624,
    0.0053693075,
    -0.02107751,
    0.031193485,
    0.011338194,
    -0.0024117683,
    -0.026996432,
    0.026519842,
    0.005034927,
    -0.004908093,
    0.020647043,
    0.002978678,
    0.049565203,
    -0.026965683,
    0.0032515633,
    -0.023352835,
    -0.032162037,
    -0.005084892,
    0.04292371,
    0.037635118,
    -0.0013701919,
    0.053193424,
    -0.010331208,
    0.008786139,
    -0.027119422,
    -0.0009642269,
    0.0138595,
    -0.032684747,
    0.054761555,
    0.0072295396,
    0.053316414,
    0.026335357,
    -0.035421286,
    -0.013467468,
    -0.010807796,
    -0.026842693,
    0.05482305,
    0.013390599,
    0.044553336,
    -0.017310923,
    0.049657445,
    -0.10657133,
    -0.009055181,
    -0.030317176,
    0.009178172,
    0.07551622,
    0.0023233688,
    -0.035575025,
    0.01090004,
    0.025612788,
    0.018756064,
    -0.00019577601,
    0.018110363,
    -0.0070335236,
    -0.015988775,
    -0.007844493,
    0.019801483,
    0.038280815,
    0.06257146,
    0.012852515,
    0.065676965,
    0.038434554,
    -0.02980984,
    -0.025151573,
    0.0090090595,
    -0.024674984,
    0.006226398,
    0.026504468,
    0.043692403,
    0.06893622,
    0.07785303,
    -0.033760913,
    0.034960072,
    0.01664985,
    -0.01870994,
    -0.018925175,
    -0.02739615,
    0.010584877,
    0.032715492,
    0.0066184304,
    -0.03033255,
    0.0030728427,
    0.013190739,
    -0.035452034,
    0.02115438,
    -0.009339597,
    0.000917625,
    -0.01950938,
    -0.0033207457,
    0.08732331,
    0.027042553,
    -0.06850575,
    0.012967818,
    -0.030040449,
    0.011038404,
    -0.06038837,
    0.08799975,
    0.044860814,
    0.028579935,
    0.0212005,
    0.07416332,
    -0.027457645,
    -0.004566025,
    0.010777049,
    0.0130754355,
    -0.0014672391,
    0.03234652,
    0.007306409,
    0.01617326,
    -0.032654,
    -0.034990817,
    -0.006372449,
    0.08080481,
    -0.04753586,
    0.03317671,
    -0.024459751,
    0.15853485,
    0.035113808,
    -0.0018880975,
    -0.01854083,
    0.011407376,
    -0.01854083,
    -0.014812677,
    0.006699143,
    0.025643535,
    0.12606534,
    -0.01522777,
    0.0040625324,
    -0.025320685,
    0.022353537,
    -0.01249123,
    0.015443004,
    -0.019540127,
    -0.037911844,
    -0.0041278712,
    0.048396792,
    -0.004312357,
    -0.009201232,
    -0.041294087,
    0.024951713,
    0.037143152,
    -0.0016286642,
    0.004673642,
    0.034037642,
    0.008363359,
    0.014958729,
    -0.002542446,
    0.03692792,
    -0.03837306,
    -0.052762955,
    0.03020956,
    0.06869023,
    -0.020939145,
    0.038342312,
    -0.039818197,
    0.017864382,
    0.07483976,
    0.061280053,
    -0.06869023,
    0.031147363,
    -0.05076436,
    0.025120825,
    0.09451826,
    0.034498855,
    -0.0011626453,
    -0.028210964,
    -0.0014095873,
    0.07274892,
    0.033453435,
    -0.036620446,
    -0.045598757,
    -0.02132349,
    0.071580514,
    -0.03391465,
    0.0234912,
    -0.03600549,
    0.04765885,
    0.019355642,
    -0.04295446,
    0.06315566,
    -0.017710643,
    0.010969222,
    0.0009128207,
    0.03769661,
    -0.0030651558,
    0.040617637,
    0.011553427,
    0.024844097,
    0.05559174,
    0.012176067,
    0.00808663,
    -0.024152275,
    -0.01637312,
    -0.0033092152,
    -0.058697253,
    -0.0020773876,
    -0.023306714,
    -0.0096317,
    -0.069674164,
    -0.041693807,
    0.008640088,
    -0.019417137,
    0.049749687,
    -0.036435958,
    0.04701315,
    0.01609639,
    0.059004728,
    -0.0002481431,
    0.008740018,
    -0.010046792,
    -0.025105452,
    0.07686911,
    -0.0034898575,
    0.015489126,
    -0.015043285,
    -0.012099198,
    -0.028087974,
    0.06875173,
    0.06358613,
    0.022322789,
    -0.017695269,
    0.09322686,
    -0.028287832,
    -0.09211994,
    -0.005084892,
    -0.02152335,
    0.012575787,
    0.06094183,
