{
  "chunk_index": 234,
  "token_start": 105300,
  "token_end": 105800,
  "text": " Vi phạm quy định về tỷ lệ bảo đảm an toàn cho hoạt động của tổ chức tín dụng, chi nhánh ngân hàng nước ngoài theo quy định của\nLuật Các tổ chức tín dụng;\n\nd) Cố ý nâng khống giá trị tài sản bảo đảm khi thẩm định giá để cấp tín dụng đối với trường hợp phải có tài sản bảo đảm;\n\nđ) Vi phạm quy định của pháp luật về tổng mức dư nợ cấp tín dụng đối với đối tượng bị hạn chế cấp tín dụng;\n\ne) Cấp tín dụng vượt giới hạn so với vốn tự có đối với một khách hàng và người có liên quan, trừ trường hợp có chấp thuận của người có\nthẩm quyền theo quy định của pháp luật;\n\ng) Vi phạm quy định của pháp luật về góp vốn, giới hạn góp vốn, mua cổ phần, điều kiện cấp tín dụng;\n\nh) Phát hành, cung ứng, sử dụng phương tiện thanh toán khônghợp pháp; làm giả chứng từ thanh toán, phương tiện thanh toán; sử\ndụng chứng từ thanh toán, phương tiện thanh toán giả;\n\ni) Kinh doanh vàng trái phép hoặc kinh doanh ngoại hối trái phép;\n\nk) Tiến hành hoạt động ngân hàng khi chưa được cơ quan nhà nước có thẩm quyền cho phép theo quy đị",
  "embedding": [
    -0.00040876423,
    0.03806358,
    -0.049357854,
    -0.049981847,
    -0.0012499362,
    0.065831274,
    -0.02444493,
    -0.050917838,
    0.0095626945,
    0.0048398464,
    -0.12966576,
    -0.06458329,
    0.0096484935,
    -0.08043271,
    -0.09796692,
    -0.0181426,
    0.13191214,
    0.006095633,
    0.15961744,
    -0.01180907,
    0.0052883415,
    0.063834496,
    0.10557964,
    -0.10657802,
    -0.11325475,
    0.048328266,
    -0.04233793,
    -0.09422296,
    0.050075445,
    0.010061889,
    0.017362608,
    0.029514873,
    -0.0066572265,
    -0.023181343,
    -0.0039916057,
    -0.0018836792,
    0.08411427,
    -0.010498684,
    0.0053819404,
    0.0050543444,
    0.042837128,
    -0.03357083,
    0.062243313,
    0.023774138,
    0.09659413,
    0.021090968,
    -0.013829247,
    0.03260364,
    -0.04355472,
    -0.012612461,
    0.041370742,
    0.011005678,
    0.10202287,
    0.0064076292,
    0.033134036,
    -0.040216357,
    0.041308343,
    -0.015740227,
    -0.03890597,
    0.103021264,
    0.0031141157,
    0.02088817,
    -0.019515384,
    -0.026426109,
    -0.015763626,
    -0.04162034,
    -0.023040945,
    -0.07706315,
    0.009820092,
    -0.07356879,
    -0.07487917,
    -0.07837354,
    -0.011161677,
    0.041901138,
    -0.0010461635,
    -0.012175665,
    -0.05275862,
    0.01362645,
    -0.019156588,
    0.04349232,
    -0.011598472,
    -0.035006013,
    0.009313097,
    -0.03800118,
    0.001630182,
    0.08679744,
    -0.07101042,
    0.014219243,
    -0.027440097,
    0.04430351,
    0.01719101,
    -0.0029386175,
    0.029530473,
    -0.0090635,
    -0.015974224,
    0.016052222,
    -0.015365831,
    -0.005810936,
    0.017924203,
    -0.0055145393,
    0.013907246,
    -0.051323432,
    -0.046893083,
    0.0059708343,
    -0.027611695,
    -0.06489529,
    -0.039997958,
    0.017830603,
    -0.02803289,
    0.011918268,
    0.0033812628,
    0.04277473,
    0.021933358,
    -0.024663327,
    -0.011606272,
    0.02895328,
    0.052446622,
    -0.072508,
    0.051885027,
    -0.010951079,
    -0.015732426,
    0.07943432,
    -0.044147514,
    0.03800118,
    0.017362608,
    -0.047860272,
    0.015849425,
    -0.023446541,
    -0.13465771,
    0.033227634,
    0.04233793,
    -0.036160402,
    0.012869858,
    0.004243153,
    -0.05235302,
    0.045582697,
    -0.012300464,
    -0.03332123,
    -0.073880784,
    0.0067625255,
    -0.04614429,
    -0.03378923,
    0.02822009,
    -0.044989903,
    -0.010678082,
    -0.058624152,
    0.044896305,
    -0.05615938,
    -0.02907808,
    0.013743448,
    0.046487488,
    0.036690794,
    -0.034881216,
    0.014351841,
    0.008579905,
    0.021948958,
    -0.038625173,
    0.007070622,
    0.03282204,
    0.025911314,
    0.020342175,
    0.001355235,
    -0.020045778,
    0.057812963,
    0.034881216,
    0.001632132,
    -0.103770055,
    0.013993045,
    -0.0723832,
    -0.09621974,
    0.02456973,
    -0.0065948274,
    -0.00089991506,
    0.01355625,
    -0.010334886,
    0.020950569,
    0.022338953,
    -0.023930136,
    0.008626705,
    0.048297066,
    -0.010631283,
    0.030107668,
    0.084551066,
    -0.013423651,
    -0.01362645,
    -9.816923e-05,
    0.0066572265,
    -0.0035509109,
    0.045801096,
    0.082741484,
    -0.03528681,
    0.08529986,
    -0.00031394654,
    0.02444493,
    0.023415342,
    -0.005276642,
    -0.032010846,
    -0.061931316,
    0.049482655,
    -0.005608138,
    0.0050387443,
    0.056284178,
    0.041901138,
    -0.0090557,
    0.0045863492,
    -0.016629416,
    0.0150694335,
    0.018127,
    0.0015989824,
    -0.004079355,
    0.019562185,
    0.023649339,
    0.0045434497,
    0.036534797,
    0.02349334,
    0.048078667,
    -0.025146922,
    -0.026332509,
    0.023976935,
    -0.024585329,
    -0.0066299266,
    -0.021122167,
    -0.010397285,
    0.054537,
    -0.0272373,
    0.058405757,
    -0.0020533274,
    0.014047645,
    0.022916147,
    -0.010100888,
    0.042057134,
    0.013860447,
    -0.015584228,
    -0.0071135215,
    -0.023867736,
    -0.009851291,
    0.035942003,
    -0.02538092,
    0.054568198,
    -0.017752605,
    0.12704499,
    -0.045738693,
    -0.03263484,
    -0.0037537084,
    -0.009227298,
    0.012916657,
    -0.029421275,
    -0.033290032,
    -0.004820347,
    0.0036562097,
    -0.022962946,
    -0.051448233,
    -0.039061967,
    -0.062180914,
    0.01996778,
    -0.030950058,
    0.0068288245,
    0.06274251,
    0.011395674,
    0.075003974,
    0.056658573,
    -0.10158608,
    0.027003301,
    0.0017988551,
    0.010545484,
    0.049389053,
    0.04913946,
    0.021855358,
    0.049170658,
    -0.026675705,
    0.02798609,
    -0.008244509,
    0.010678082,
    -0.025708515,
    0.025521317,
    -0.036721993,
    -0.015592027,
    0.023087746,
    -0.0035567607,
    0.0453331,
    -0.073880784,
    -0.021465363,
    0.030232467,
    0.011325475,
    0.012893258,
    -0.003539211,
    0.06776565,
    -0.011356674,
    -0.0023731238,
    0.009430096,
    0.016660616,
    -0.07182161,
    0.014305042,
    -0.013142855,
    0.06970003,
    0.041183546,
    0.03800118,
    -0.016067823,
    0.06701686,
    0.011255275,
    0.04979465,
    -0.0049217455,
    0.008665704,
    0.03706519,
    0.022104956,
    0.000998389,
    0.011590672,
    -0.0272685,
    -0.082304694,
    0.08910622,
    0.034881216,
    0.03378923,
    0.023446541,
    -0.027814493,
    0.028298087,
    0.007815514,
    -0.0062867305,
    -0.007944212,
    -0.015139633,
    -0.004890546,
    0.017128611,
    0.06233691,
    0.08448867,
    0.036846794,
    0.07107282,
    0.041214745,
    0.062149715,
    -0.012222465,
    0.021262566,
    0.12174106,
    -0.07893513,
    0.046113092,
    0.120992266,
    -0.043180324,
    -0.02261975,
    -0.014718438,
    -0.032510042,
    0.033820428,
    -0.00721102,
    -0.006899024,
    -0.0048515466,
    -0.018688593,
    0.019889781,
    -0.05718897,
    -0.053850606,
    0.025240522,
    -0.00094915205,
    0.0024569728,
    -0.032978036,
    -0.0129868565,
    -0.04873386,
    0.03410122,
    0.025677316,
    0.0029659173,
    0.011091477,
    0.063740894,
    -0.029343275,
    -0.029234078,
    0.053195413,
    -0.046518687,
    -0.010748281,
    -0.03254124,
    -0.038094778,
    -0.0361916,
    0.0271593,
    -0.007920813,
    0.015818225,
    0.024413731,
    0.029764472,
    -0.05163543,
    -0.026878504,
    0.01356405,
    0.0031121657,
    -0.02533412,
    0.01984298,
    0.0151552325,
    -0.013213054,
    -0.036846794,
    -0.0030185666,
    -0.025162522,
    0.024507329,
    -0.026426109,
    -0.024944125,
    0.052134626,
    0.025926914,
    0.0049451455,
    0.022026956,
    -0.06264891,
    0.11044678,
    -0.01361085,
    0.0059318347,
    -0.00031248404,
    0.015872825,
    0.018345397,
    0.082741484,
    -0.005257142,
