{
  "chunk_index": 431,
  "token_start": 193950,
  "token_end": 194450,
  "text": " thương tích hoặc gây tổn hại cho sức khỏe của 02 người trởlên mà tổng tỷ lệ tổn\nthương cơ thể của những người này từ 61% đến 121% hoặc gây thiệt hại về tài sản từ 100.000.000 đồng đến dưới 500.000.000 đồng,\nthì bị phạt tù từ 06 tháng đến 03 năm:\n\na) Không thực hiện hoặc thực hiện không đúng quy định về duy tu, bảo dưỡng, quản lý để công trình giao thông không bảo đảm an toàn\nkỹ thuật và tiêu chuẩn kỹ thuật;\n\nb) Không khắc phục kịp thời đối với công trình giao thông bị hư hỏng, đe dọa an toàn giao thông;\n\nc) Không thực hiện hoặc thực hiện không đúng biện pháp hướng dẫn, điều khiển giao thông, đặt biển hiệu, cọc tiêu, rào chắn ngăn\nngừa tai nạn khi công trình giao thông đã bị hư hại mà chưa kịp hoặc đang tiến hành duy tu, sửa chữa;\n\nd) Không thực hiện hoặc thực hiện không đúng quy định về kiểm tra và thực hiện biện pháp bảo đảm an toàn giao thông trên đoạn\nđường đèo dốc nguy hiểm, đoạn đường có đá lở, đất sụt, nước ngập hoặc trên đoạn đường có nguy cơ không bảo đảm an toàn giao\nthông;\n\fđ) Không có biện pháp xử l",
  "embedding": [
    0.00030907482,
    -0.054336015,
    -0.09001645,
    -0.17507547,
    0.0027131315,
    0.060239267,
    0.05078102,
    0.02953257,
    0.03819176,
    -0.06940398,
    -0.13541605,
    0.053161886,
    0.0027865146,
    -0.021819204,
    -0.008985338,
    -0.10560625,
    0.06790371,
    0.04595405,
    0.079449296,
    0.008161818,
    -0.023352092,
    0.069338754,
    -0.044584233,
    -0.06464224,
    -0.019682944,
    0.083884895,
    -0.04735648,
    -0.030511009,
    0.02238996,
    -0.038778823,
    -0.13985164,
    0.061967842,
    -0.076579206,
    0.027477847,
    -0.0056627193,
    0.0053528803,
    0.06509885,
    0.0048351227,
    0.04582359,
    -0.053422805,
    0.009254408,
    0.046965104,
    -0.0067960788,
    0.0068042325,
    -0.0019864363,
    -0.042888273,
    -0.018965421,
    0.0017387688,
    -0.029418418,
    -0.05746702,
    0.012670794,
    0.011390668,
    0.09640892,
    -0.016812855,
    0.047878314,
    -0.05038964,
    0.04856322,
    -0.009784397,
    0.06542499,
    0.074687555,
    0.0056341817,
    -0.017416226,
    -0.0036161498,
    -0.052313905,
    -0.02866828,
    -0.021835512,
    -0.0124587985,
    -0.042366438,
    0.021672439,
    -0.048661064,
    -0.10110543,
    -0.078275174,
    -0.045921434,
    0.06346812,
    0.03496291,
    -0.004366287,
    -0.032370046,
    0.035908736,
    -0.02325425,
    -0.02080815,
    -0.013249704,
    -0.06535977,
    0.0029638568,
    0.0069387676,
    -0.015834415,
    0.061348166,
    0.030396858,
    0.0063924724,
    -0.06480532,
    0.008047666,
    0.017106386,
    -0.13084999,
    0.011137905,
    0.0075747534,
    0.009042413,
    0.002067973,
    -0.027950758,
    -0.031505756,
    0.061022017,
    -0.019291569,
    0.020710306,
    -0.011252056,
    -0.0045742053,
    0.073056825,
    0.0040564477,
    -0.018394666,
    -0.026254797,
    0.02788553,
    -0.011252056,
    0.0028150524,
    -0.0021301447,
    0.059195597,
    -0.030771926,
    -0.032957107,
    -0.0047658165,
    0.02238996,
    -0.019438334,
    -0.071165174,
    -0.018215284,
    0.06888215,
    -0.013795999,
    0.056521196,
    -0.031146996,
    0.0021484904,
    0.078536086,
    -0.019797096,
    0.019258954,
    0.015761033,
    -0.068556,
    0.0008148568,
    -0.05156377,
    0.0059073293,
    0.008789649,
    0.004578282,
    0.06842554,
    -0.002749823,
    -0.007317913,
    -0.029695643,
    0.008545039,
    0.056162436,
    -0.026466792,
    -0.016168715,
    0.032484196,
    0.04846538,
    -0.013771538,
    -0.0607611,
    0.026075417,
    0.024884982,
    -0.005067502,
    -0.024134845,
    0.053716335,
    0.026629865,
    -0.036626257,
    0.03191344,
    -0.017465148,
    -0.0076725977,
    -0.018345743,
    0.02428161,
    0.0021484904,
    0.0069183838,
    -0.009123949,
    0.030103326,
    0.054825235,
    0.004798431,
    0.010787297,
    0.04791093,
    -0.040866163,
    0.043703638,
    -0.02294441,
    -0.02989133,
    0.016829161,
    -0.028081218,
    -0.005238729,
    0.022373654,
    -0.02574927,
    -0.002230027,
    -0.05776055,
    -0.0745571,
    0.003078008,
    -0.020335237,
    0.009181025,
    0.078405626,
    0.062489677,
    -0.044584233,
    -0.000739945,
    0.0034449229,
    0.025618812,
    0.013844921,
    0.017709758,
    0.084537186,
    0.013918304,
    0.013005094,
    -0.021868126,
    0.024020692,
    0.026580943,
    -0.034441076,
    -0.026629865,
    -0.04748694,
    0.11904349,
    0.010510072,
    0.040735703,
    -0.023270557,
    0.024787137,
    -0.003479576,
    -0.05016134,
    -0.008675498,
    -0.0018366127,
    0.01744884,
    0.05704303,
    0.0074769096,
    0.022895487,
    0.012540335,
    -0.049574275,
    -0.0072159925,
    0.01439937,
    0.06493578,
    -0.034180157,
    -0.023515167,
    0.025847115,
    0.03440846,
    -0.029059658,
    -0.00021467068,
    0.0045986664,
    0.026939705,
    -0.034669377,
    0.022618262,
    -0.016429633,
    0.030315321,
    -0.01232834,
    0.041257538,
    0.07057811,
    0.022977024,
    -0.020857072,
    -0.044258088,
    -0.04393194,
    0.0011680123,
    0.036495797,
    -0.0092707155,
    -0.017562991,
    -0.02294441,
    0.17572775,
    0.015695803,
    0.010371461,
    -0.015818108,
    -0.004239905,
    0.003734378,
    -0.014497214,
    -0.013641079,
    0.06803417,
    -0.03323433,
    -0.010893295,
    -0.0322722,
    -0.015948566,
    -0.019373104,
    -0.09353883,
    -0.029451033,
    0.022096429,
    -0.007538062,
    -0.0050226566,
    0.09758305,
    0.061609082,
    -0.11232487,
    0.022243194,
    -0.021427829,
    0.024575142,
    -0.013029555,
    0.06624036,
    0.00037532332,
    0.00085358665,
    -0.04980258,
    0.021672439,
    0.02971195,
    0.013208935,
    -0.005833946,
    0.019682944,
    -0.021248447,
    0.0016949428,
    -0.011040061,
    -0.06180477,
    0.003224774,
    -0.041420612,
    -0.019210031,
    0.016975928,
    -0.047747854,
    -0.0041196384,
    0.044682078,
    0.0040666396,
    0.005377341,
    -0.008035435,
    0.00030627198,
    0.0220312,
    0.008708113,
    -0.0010186983,
    0.008667344,
    0.036658872,
    0.06959967,
    -0.004407055,
    0.010599763,
    0.007925361,
    0.00083014485,
    0.0007215992,
    -0.014929358,
    0.017530376,
    0.0531945,
    -0.002038416,
    0.020857072,
    0.017187923,
    -0.0023502936,
    -0.069338754,
    -0.026205875,
    0.05935867,
    -0.018900193,
    0.041420612,
    -0.008691805,
    -0.0316036,
    -0.009172872,
    -0.015092432,
    0.05916298,
    -0.016910698,
    -0.0002795178,
    -0.038909283,
    0.026532022,
    0.031130688,
    0.05241175,
    -0.032679886,
    0.025292665,
    0.080036364,
    0.0138693815,
    0.07260022,
    0.028651973,
    -0.037409008,
    0.025096977,
    0.046606343,
    0.019422026,
    -0.031505756,
    -0.010550841,
    0.006763464,
    0.019128496,
    -0.02238996,
    0.025455737,
    -0.06307674,
    -0.04393194,
    0.085515626,
    0.0018417088,
    0.027722456,
    -0.036397956,
    0.0045130528,
    0.03158729,
    -0.054629546,
    0.08499379,
    -0.05345542,
    0.025455737,
    0.007289375,
    0.03356048,
    -0.023303172,
    0.0135921575,
    0.020677691,
    -0.0033185412,
    0.10886772,
    -0.0046842797,
    0.010819912,
    -0.027901838,
    -0.0009499018,
    0.037506852,
    0.02586342,
    -0.011097136,
    0.00036946288,
    0.074752785,
    -0.031065458,
    -0.0069224606,
    -0.012524027,
    0.0050511947,
    0.061706927,
    -0.06679481,
    0.1328721,
    -0.024509912,
    0.07547031,
    0.013282318,
    -0.06725142,
    0.017008543,
    0.022716107,
    0.12328339,
    -0.030641468,
    0.0068164626,
    -0.05254221,
    0.01909588,
    -0.10221433,
    -0.04477992,
    0.020987531,
    0.00312693,
    -0.0017367303,
    -0.04399717,
    -0.0027539,
    0.0021872204,
