{
  "chunk_index": 56,
  "token_start": 25200,
  "token_end": 25700,
  "text": " định hình\nphạt này.\n\n4. Người được hưởng án treo đã chấp hành được một phần hai thời gian thử thách và có nhiều tiến bộ thì theo đề nghị của cơ quan, tổ\nchức có trách nhiệm giám sát, giáo dục, Tòa án có thể quyết định rút ngắn thời gian thử thách.\n\n5. Trong thời gian thử thách, nếu người được hưởng án treo cố ý vi phạm nghĩa vụ theo quy định của Luật Thi hành án hình sự 02 lần\ntrở lên, thì Tòa án có thể quyết định buộc người đó phải chấp hành hình phạt tù của bản án đã cho hưởng án treo. Trường hợp thực\nhiện hành vi phạm tội mới thì Tòa án buộc người đó phải chấp hành hình phạt của bản án trước và tổng hợp với hình phạt của bản án\nmới theo quy định tại Điều 56 của Bộ luật này.\n\nĐiều 66. Tha tù trước thời hạn có điều kiện\n\n1.22 Người đang chấp hành án phạt tù về tội phạm nghiêm trọng, tội phạm rất nghiêm trọng hoặc tội phạm đặc biệt nghiêm trọng mà đã\nđược giảm thời hạn chấp hành án phạt tù hoặc người đang chấp hành án phạt tù về tội phạm ít nghiêm trọng",
  "embedding": [
    -0.00077393954,
    -0.004312657,
    -0.030093465,
    -0.0882192,
    -0.0018005738,
    0.07851572,
    0.03928957,
    0.022673158,
    -0.015712658,
    0.026636997,
    -0.031900976,
    -0.036784425,
    0.002655772,
    -0.06557775,
    -0.12538415,
    -0.11954938,
    0.11897859,
    0.15373354,
    0.06557775,
    0.012581225,
    -0.0073053553,
    -0.020009458,
    0.11155828,
    -0.03304256,
    -0.033232827,
    0.1302676,
    -0.020564396,
    0.03922615,
    0.009505286,
    -0.007471836,
    -0.1655299,
    0.04512434,
    0.057776917,
    0.048675943,
    0.0001265951,
    -0.008181363,
    0.01693352,
    0.015918776,
    0.043443676,
    0.013611823,
    -0.043380253,
    -0.0049349796,
    0.027873715,
    0.020818083,
    0.051561616,
    0.06294576,
    -0.0047883173,
    0.006302504,
    -0.023132963,
    0.011717108,
    0.017773854,
    0.010028512,
    -0.04360223,
    0.0053234356,
    0.034152437,
    -0.070588045,
    0.03427928,
    -0.01853491,
    0.041731298,
    -0.0784523,
    0.04024089,
    -0.00561676,
    0.05879166,
    0.0004211579,
    -0.020405842,
    -0.020453408,
    -0.038179696,
    -0.038465094,
    -0.006318359,
    -0.027366344,
    -0.07001725,
    0.1222765,
    -0.006984284,
    0.009132685,
    0.07788151,
    0.0075947153,
    -0.035262313,
    0.0053947847,
    0.05178359,
    0.0039995136,
    0.016156608,
    0.028587207,
    -0.035833105,
    0.075661756,
    -0.013326426,
    0.09716162,
    -0.050229765,
    0.009846176,
    0.007190404,
    0.004645619,
    0.048802786,
    -0.030616691,
    -0.0026755913,
    0.03776746,
    0.008339917,
    0.004435536,
    0.040399447,
    -0.027540753,
    -0.023814745,
    0.008141725,
    0.0032285468,
    -0.021927956,
    -0.016505426,
    0.017488457,
    0.00948943,
    0.010218777,
    -0.017599445,
    0.025114883,
    -0.034976915,
    0.01092434,
    0.014024062,
    0.051022533,
    0.04284117,
    -0.035833105,
    0.024147706,
    0.095576085,
    0.026684564,
    -0.055049796,
    -0.03745035,
    0.013445342,
    -0.014951601,
    -0.0009775818,
    -0.046614747,
    -0.049405288,
    0.036499027,
    0.0028004523,
    -0.017520169,
    0.04401447,
    -0.046900142,
    -0.008411266,
    -0.021309597,
    -0.024036719,
    -0.10826037,
    0.018693464,
    -0.027762728,
    -0.05225925,
    -0.0045861616,
    0.003000626,
    0.014158833,
    0.040811684,
    -0.020183869,
    -0.00467733,
    -0.019248402,
    0.07084173,
    0.04068484,
    -0.040367737,
    0.03128262,
    -0.029459251,
    0.001971019,
    0.0141112665,
    -0.000652547,
    -0.008538109,
    -0.054035053,
    -0.010274271,
    -0.035294022,
    0.0118043125,
    -0.03294743,
    -0.015918776,
    -0.02092907,
    -0.012113492,
    -0.009140613,
    0.032424204,
    -0.024052575,
    -0.042714328,
    0.010535884,
    0.028920168,
    -0.004942907,
    0.035072047,
    -0.070524625,
    0.033645064,
    0.00035154296,
    -0.01912156,
    -0.01392893,
    -0.013548401,
    -0.037260085,
    -0.028967734,
    -0.01358804,
    -0.104835615,
    -0.0057911687,
    -0.025733242,
    0.045600004,
    -0.02161085,
    -0.0075947153,
    -0.019042281,
    -0.007967317,
    0.012890404,
    0.012850766,
    0.008815578,
    0.081306264,
    0.026668709,
    0.02140473,
    -0.0030937763,
    -0.0011178026,
    0.03871878,
    -0.0211669,
    -0.017488457,
    -0.00043280167,
    0.04632935,
    0.12253019,
    -0.0137545215,
    0.03332796,
    0.0037557373,
    0.03608679,
    -0.042619195,
    0.012850766,
    0.00090871006,
    0,
    0.0036070934,
    0.010496246,
    -0.044236444,
    0.036213633,
    -0.05080056,
    -0.024734356,
    -0.12652574,
    0.01539555,
    0.02178526,
    -0.046709877,
    -0.02830181,
    -0.021055913,
    0.0069050076,
    -0.021991378,
    -0.0154669,
    0.019216692,
    0.006722671,
    -0.028872604,
    0.0114872055,
    0.0009884824,
    0.027096802,
    0.013548401,
    0.018788597,
    0.08282838,
    -0.005636579,
    -0.029443396,
    0.011376218,
    0.019073993,
    0.00031785032,
    0.014214327,
    -0.0044593187,
    -0.0052719056,
    0.064119056,
    0.052671492,
    0.025955217,
    0.027683452,
    0.018217804,
    -0.013270933,
    -0.005065786,
    -0.026478443,
    -0.0027172116,
    0.0019363353,
    0.009473575,
    -0.089995,
    -0.019993603,
    -0.06202615,
    -0.016743256,
    -0.03608679,
    0.025955217,
    0.026462588,
    -0.03259861,
    -0.014380808,
    0.119105436,
    0.026478443,
    0.07851572,
    -0.0220548,
    -0.008141725,
    0.039004177,
    0.008649097,
    0.017314048,
    -0.009211962,
    -0.028523784,
    -0.07084173,
    0.108577475,
    -0.040272605,
    -0.01290626,
    0.02830181,
    0.0704612,
    -0.002118672,
    -0.021055913,
    -0.025051462,
    -0.014896107,
    -0.009854103,
    -0.03653074,
    0.014626565,
    -0.021119334,
    2.7623002e-05,
    0.070144095,
    0.0053234356,
    -0.10058638,
    -0.005085605,
    -0.03881391,
    -0.0041025733,
    0.055810854,
    0.03836996,
    0.02270487,
    -0.0128032,
    -0.0580306,
    0.021357164,
    0.008934493,
    7.2309094e-06,
    -0.0073489575,
    0.011312797,
    -0.027937137,
    -0.026811406,
    -0.01423811,
    0.017932408,
    -0.08663367,
    0.06094799,
    0.017773854,
    0.032757167,
    -0.01767872,
    0.08282838,
    0.037355218,
    0.011019472,
    0.02720779,
    -0.013326426,
    0.016917665,
    -0.015411406,
    0.017187206,
    -0.0068455497,
    -0.04052629,
    0.014705842,
    -0.02119861,
    -0.008823506,
    0.10648457,
    0.00491516,
    -0.009751044,
    0.05390821,
    0.0060091796,
    0.008379555,
    0.104391664,
    0.011257303,
    0.033169404,
    0.054098472,
    0.043887626,
    0.031488735,
    -0.029665371,
    -0.015562031,
    -0.0074916556,
    0.048771076,
    -0.017092073,
    0.0126208635,
    -0.055081505,
    -0.021468151,
    0.04762949,
    -0.059013635,
    -0.038052853,
    -0.011614048,
    0.06266037,
    0.00883936,
    0.08574577,
    0.050039504,
    -0.01870932,
    -0.042270377,
    -0.0048358836,
    -0.01648957,
    -0.03925786,
    0.046646457,
    0.026383312,
    0.011185953,
    0.0021365092,
    0.008395411,
    -0.04506092,
    -0.029919056,
    -0.010837136,
    -0.015340056,
    -0.07553492,
    -0.019850906,
    -0.045187764,
    8.398384e-05,
    0.040272605,
    -0.0757886,
    0.03191683,
    -0.06722671,
    0.06849514,
    -0.023846455,
    0.058189157,
    0.051434774,
    0.0035833104,
    -0.03117163,
    0.013294715,
    -0.02513074,
    0.0518153,
    0.07363227,
    0.00043280167,
    -0.0012159076,
    -0.036721002,
    -0.024829486,
    -0.03304256,
    -0.029617805,
    0.01767872,
    -0.04493408,
    -0.021246176,
    -0.09544924,
    0.035833105,
    -0.0016093187,
    0.038465094,
    0.05898192,
    0.0018560676,
    0.06285063,
    0.096083455,
