{
  "chunk_index": 370,
  "token_start": 166500,
  "token_end": 167000,
  "text": "ụng người dưới 16 tuổi vào việc phạm tội;\n\ne) Nhựa thuốc phiện, nhựa cần sa hoặc cao côca có khối lượng từ 500 gam đến dưới 01 kilôgam;\n\ng) Heroine, Cocaine, Methamphetamine, Amphetamine, MDMA hoặc XLR-11 có khối lượng từ 05 gam đến dưới 30 gam;\n\nh) Lá cây côca; lá khát (lá cây Catha edulis); lá, rễ, thân, cành, hoa, quả của cây cần sa hoặc bộ phận của cây khác có chứa chất ma túy\ndo Chính phủ quy định có khối lượng từ 10 kilôgam đến dưới 25 kilôgam;\n\ni) Quả thuốc phiện khô có khối lượng từ 50 kilôgam đến dưới 200 kilôgam;\n\nk) Quả thuốc phiện tươi có khối lượng từ 10 kilôgam đến dưới 50 kilôgam;\n\nl) Các chất ma túy khác ở thể rắn có khối lượng từ 20 gam đến dưới 100 gam;\n\nm) Các chất ma túy khác ở thể lỏng có thể tích từ 100 mililít đến dưới 250 mililít;\n\nn) Có 02 chất ma túy trở lên mà tổng khối lượng hoặc thể tích của các chất đó tương đương với khối lượng hoặc thể tích chất ma túy\nquy định tại một trong các điểm từ điểm e đến điểm m khoản này;\n\no) Tái phạm nguy hiểm.\n\n3.255 Phạm tội thuộc một trong các trường hợp sau đây, thì bị phạt tù từ 10 năm đến 15 năm:\n\na) Nh",
  "embedding": [
    -0.0004270774,
    -0.062027883,
    -0.041459553,
    -0.13613199,
    -0.00046441198,
    0.06903468,
    0.009953199,
    0.0158783,
    0.018792415,
    0.06115607,
    -0.008403309,
    -0.08350032,
    0.0032612265,
    -0.15640973,
    -0.05192131,
    -0.027591268,
    0.10074284,
    -0.08737504,
    0.08718131,
    0.006655647,
    -0.0076808343,
    0.10674866,
    0.10713614,
    -0.07678413,
    -0.06309343,
    -0.03387155,
    -0.04371981,
    -0.044430178,
    0.100871995,
    0.11695211,
    -0.052793123,
    -0.006582996,
    -0.0689701,
    -0.004544729,
    -0.0093074115,
    -0.027090782,
    -0.07161783,
    0.0049039484,
    -0.010792723,
    -0.17449176,
    -0.068582624,
    0.019664228,
    0.012883459,
    -0.015660346,
    -0.006001787,
    0.026380418,
    -0.018970005,
    0.050726604,
    -0.0070633003,
    -0.015934804,
    0.018243495,
    0.04720706,
    0.020374594,
    -0.0050492506,
    0.09815969,
    -0.08524394,
    0.01209237,
    -0.0026921264,
    -0.031675875,
    -0.05850834,
    0.024814382,
    0.0094284965,
    0.106813245,
    -0.015345524,
    -0.01670975,
    -0.02184376,
    0.047013327,
    0.008516322,
    0.01532938,
    -0.013270932,
    -0.08556683,
    0.08634178,
    -0.01051019,
    -0.012794664,
    0.14220239,
    -0.040361714,
    -0.019518925,
    0.019712662,
    -0.015248656,
    0.014974196,
    0.1030031,
    0.0033944203,
    -0.01825964,
    -0.009589943,
    0.008484033,
    0.090797715,
    0.062447645,
    0.028866699,
    -0.049241293,
    -0.04113666,
    0.012027791,
    0.049725633,
    0.051114075,
    0.053116016,
    0.036809884,
    -0.015095281,
    -0.014457567,
    -0.009711029,
    -0.013480813,
    0.00021744875,
    -0.00847596,
    -0.016507942,
    0.07387808,
    0.039360743,
    0.019389767,
    -0.0138925025,
    -0.0135938255,
    0.03348408,
    0,
    -0.0027001987,
    -0.013028761,
    0.04103979,
    -0.08433984,
    -0.08821456,
    -0.026105957,
    -0.00010235479,
    -0.029044291,
    0.0045084036,
    -0.05812087,
    -0.05963847,
    -0.047529954,
    0.01984182,
    0.029221881,
    -0.028979711,
    0.06477248,
    -0.05295457,
    -0.004379246,
    5.0105285e-05,
    -0.046109222,
    -0.015716853,
    -0.07123035,
    -0.024765948,
    0.0042258715,
    -0.0047626826,
    -0.01157574,
    -0.039263878,
    0.03162744,
    0.018711692,
    -0.042460524,
    0.034259025,
    -0.02573463,
    0.004706176,
    0.039877374,
    0.09073313,
    -0.037229646,
    -0.009331629,
    -0.010235731,
    -0.06457874,
    -0.01977724,
    -0.0007683862,
    -0.00988862,
    0.043074023,
    0.022860875,
    0.03299974,
    -0.044430178,
    0.008492105,
    -0.024313897,
    0.06877636,
    0.00451244,
    0.010760433,
    0.008508249,
    0.034711074,
    -0.041394975,
    -0.04107208,
    -0.028156333,
    0.010001633,
    -0.08343574,
    -0.0014651302,
    -0.0021452252,
    -0.029916104,
    0.031159244,
    -0.00042354575,
    -0.026929336,
    0.027236085,
    -0.021504723,
    -0.0048555145,
    -0.026541864,
    -0.056215797,
    -0.013230571,
    0.0025528786,
    -0.01774301,
    0.04016798,
    -0.027930306,
    -0.015999384,
    -0.009775608,
    0.022796297,
    0.00042152766,
    -0.0047465377,
    0.05763653,
    0.046496697,
    -0.020148568,
    0.054213855,
    -0.034323603,
    0.05950931,
    -0.008346803,
    0.024556067,
    0.0311431,
    -0.020406883,
    0.09208929,
    -0.009969343,
    0.09389749,
    0.048756953,
    -0.0033823117,
    0.0047182846,
    0.006207632,
    -0.05905726,
    0.038392063,
    0.023022322,
    0.020616764,
    -0.0032612265,
    -0.017387826,
    -0.034775652,
    -0.023054611,
    -0.0036870427,
    0.010978387,
    0.04068461,
    -0.0039958097,
    -0.024539923,
    -0.01078465,
    -0.024556067,
    -0.0051178653,
    -0.028898988,
    0.0011714988,
    -0.013238642,
    -0.003529632,
    -0.018211206,
    0.001906082,
    0.02063291,
    -0.011979357,
    0.031579006,
    0.020697488,
    -0.020245437,
    0.003081617,
    0.00065133715,
    -0.009226688,
    0.02697777,
    0.06415898,
    0.041911606,
    0.007180349,
    0.06309343,
    0.10074284,
    -0.023555096,
    -0.0053761806,
    0.009864403,
    0.031352982,
    -0.05602206,
    0.00032869572,
    -0.022796297,
    0.05305144,
    0.010469829,
    -0.05912184,
    -0.0024539924,
    -0.01388443,
    -0.032854438,
    -0.015862154,
    -0.0006669773,
    0.0006563824,
    -0.050016236,
    0.017516984,
    0.02184376,
    0.01398937,
    -0.016136613,
    0.012649361,
    -0.034129865,
    0.0076767984,
    0.06312572,
    0.085179366,
    0.004024063,
    -0.0078221,
    -0.027785005,
    0.078463174,
    -0.031094665,
    -0.0050734677,
    0.032450818,
    0.116887525,
    0.017016498,
    0.024071727,
    -0.022069786,
    0.0044115353,
    0.00023359343,
    -0.0317566,
    0.0009767535,
    -0.010227659,
    0.043526072,
    -0.022973888,
    -0.013811779,
    0.046981037,
    -0.011834055,
    -0.042589683,
    0.031223822,
    0.04730393,
    0.038618088,
    -0.011131761,
    0.012463697,
    -0.07355519,
    0.044591624,
    0.02415245,
    -0.01274623,
    0.03710049,
    -0.009824041,
    -0.01670975,
    -0.012592855,
    0.007785775,
    0.0060623297,
    -0.056215797,
    -0.057991713,
    -0.03907014,
    0.041685577,
    0.012027791,
    0.050565157,
    0.049241293,
    0.026880901,
    0.046173804,
    0.005016961,
    -0.040458582,
    0.007842281,
    0.10423009,
    0.015700707,
    -0.09363918,
    0.0370682,
    0.010122718,
    0.010469829,
    -0.085373096,
    0.019874109,
    0.0035195416,
    0.05902497,
    0.02952863,
    0.09092687,
    -0.07659039,
    0.10416552,
    -0.030529601,
    0.022812441,
    0.10235731,
    -0.021149538,
    -0.050016236,
    -0.056409534,
    -0.004213763,
    0.0571199,
    -0.060413416,
    0.059283286,
    0.016677462,
    -0.014086238,
    0.01271394,
    0.028237056,
    0.0024640828,
    -0.034291312,
    0.050758895,
    0.04123353,
    0.03156286,
    0.019857964,
    0.018695546,
    0.007866498,
    -0.01729096,
    0.011599957,
    0.006449802,
    0.0036971332,
    0.045624882,
    0.052534807,
    0.05950931,
    -0.064933926,
    0.005961425,
    0.024685225,
    -0.014610941,
    -0.023684254,
    -0.12889917,
    0.0012007611,
    -0.02549246,
    0.024039438,
    0.06461103,
    -0.036713015,
    0.012310323,
    -0.07607376,
    0.05850834,
    0.03275757,
    0.07071372,
    -0.022715574,
    0.01905073,
    0.0370682,
    -0.05350349,
    0.027365243,
    -0.008653551,
    0.008564756,
    0.016935775,
    0.07646123,
    0.009412352,
    -0.032983594,
    -0.016112396,
    0.027462112,
    0.06903468,
    -0.008685841,
    0.0142234685,
    0.061478965,
