{
  "chunk_index": 287,
  "token_start": 129150,
  "token_end": 129650,
  "text": "óm IIA;\n\ng) Khai thác trái phép thực vật rừng ngoài gỗ thuộc Danh mục thực vật rừng, động vật rừng nguy cấp, quý, hiếm Nhóm IIA trị giá từ\n50.000.000 đồng đến dưới 100.000.000 đồng; thực vật rừng thông thường ngoài gỗ trị giá từ 100.000.000 đồng đến dưới 200.000.000\nđồng;\n\nh) Khai thác trái phép gỗ thuộc Danh mục loài nguy cấp, quý, hiếm được ưu tiên bảo vệ hoặc Danh mục thực vật rừng, động vật rừng\nnguy cấp, quý, hiếm Nhóm 1A từ 01 mét khối (m3) đến dưới 02 mét khối (m3) tại rừng sản xuất, từ 0,5 mét khối (m3) đến dưới 1,5 mét\nkhối (m3) tại rừng phòng hộ hoặc từ 0,5 mét khối (m3) đến dưới 01 mét khối (m3) tại rừng đặc dụng;\n\ni) Khai thác trái phép thực vật rừng ngoài gỗ thuộc Danh mục loài nguy cấp, quý, hiếm được ưu tiên bảo vệ hoặc Danh mục thực vật\nrừng, động vật rừng nguy cấp, quý, hiếm Nhóm IA trị giá từ 30.000.000 đồng đến dưới 60.000.000 đồng;\n\nk) Tàng trữ, vận chuyển, chế biến hoặc mua bán",
  "embedding": [
    -0.00020371145,
    -0.09377954,
    -0.092933044,
    -0.04347356,
    -0.00062164466,
    0.07630547,
    0.048219975,
    0.012614286,
    0.012493358,
    0.0027605558,
    -0.08972846,
    -0.08102165,
    0.0003946688,
    -0.02628669,
    0.122258045,
    -0.023278609,
    0.1159698,
    -0.03564348,
    -0.14414598,
    0.0010033232,
    -0.0072178803,
    0.08071934,
    0.012810793,
    0.054991934,
    -0.089305215,
    -0.015448532,
    -0.028901754,
    0.077454284,
    0.10460258,
    -0.010233519,
    -0.08319835,
    0.00034719516,
    -0.042082887,
    -0.0017893541,
    -0.0020255414,
    -0.033980723,
    0.0016079624,
    -3.7022342e-05,
    -0.06330573,
    -0.08634248,
    -0.033043534,
    -0.025954138,
    0.057591885,
    0.0100596845,
    0.108532734,
    -0.05641284,
    -0.0039641657,
    0.015138654,
    -0.06360804,
    -0.013559034,
    0.021162372,
    0.029249422,
    0.031834256,
    0.0048635667,
    0.07503573,
    -0.08168676,
    -0.017005477,
    0.010052127,
    -0.02492625,
    0.020920517,
    -0.01368752,
    -0.027994795,
    0.047403716,
    0.021313531,
    -0.0019272874,
    -0.004580142,
    0.09444465,
    -0.089365676,
    0.0054190787,
    0.003782774,
    0.008555645,
    0.04238521,
    -0.042143352,
    -0.046375826,
    0.05922441,
    -0.020104254,
    -0.018093828,
    0.020965865,
    0.07007769,
    -0.0014785319,
    0.0542966,
    0.009371907,
    0.016521767,
    -0.051394332,
    0.02312745,
    0.076426394,
    0.059768587,
    0.0049693785,
    -0.018864743,
    0.0187287,
    0.014050304,
    0.07606361,
    0.04492469,
    0.004803103,
    -0.00084177114,
    0.018108943,
    -0.0074521783,
    0.009009124,
    -0.028599435,
    0.034766756,
    -0.025561122,
    -0.048461832,
    0.03606673,
    -0.0020217623,
    -0.031652864,
    -0.020708892,
    -0.00936435,
    0.029264538,
    0.022311186,
    0.043685183,
    0.006877771,
    -0.025712281,
    0.023535581,
    -0.10611418,
    0.043685183,
    0.052391987,
    0.013218924,
    -0.056715157,
    -0.008260883,
    -0.07334273,
    0.0032726098,
    0.04244567,
    -0.0004225389,
    -0.014337507,
    0.046557218,
    -0.10333284,
    -0.015554343,
    0.02368674,
    -0.026422733,
    0.04519678,
    0.0063751647,
    -0.032136574,
    0.040813148,
    0.008427159,
    -0.010747462,
    0.0010694556,
    0.009107378,
    0.03237843,
    -0.076607786,
    0.024986716,
    0.00391126,
    0.011828255,
    0.0029854062,
    0.029204074,
    -0.0065225456,
    -0.0961981,
    0.04719209,
    -0.034343507,
    0.03655044,
    -0.0008498015,
    0.025515774,
    -0.017322913,
    0.027722707,
    0.0049089147,
    -0.01974147,
    0.005086527,
    0.008139955,
    0.016249679,
    -0.006892887,
    0.03742717,
    -0.01906125,
    0.047585107,
    0.023671625,
    -0.069896296,
    0.020769358,
    0.0033425211,
    -0.04150848,
    0.021328649,
    -0.01587178,
    -0.043413095,
    0.032499358,
    0.003372753,
    -0.047585107,
    0.03639928,
    0.0027851195,
    -0.0033330736,
    -0.019272875,
    0.0066245785,
    -0.012576495,
    -0.008820174,
    -0.010626534,
    0.025228571,
    0.0014955373,
    -0.00033467726,
    0.013770658,
    -0.01951473,
    0.0016665368,
    0.02244723,
    0.03930155,
    0.01812406,
    -0.0049731573,
    0.016083403,
    -0.0077771717,
    0.017322913,
    -0.006250458,
    0.018819395,
    0.0121079,
    -0.048038583,
    -0.018229872,
    -0.0073614824,
    -0.016295027,
    0.05118271,
    -0.005921685,
    0.0041304417,
    0.031259846,
    0.016249679,
    0.051092014,
    -0.001346267,
    0.046315365,
    0.0049693785,
    0.03918062,
    0.006269353,
    -0.012992185,
    0.035976034,
    -0.02598437,
    -0.007610896,
    0.0016703159,
    -0.022250723,
    0.019091483,
    -0.027344808,
    0.0050562955,
    0.0023221925,
    0.016778737,
    0.012886373,
    -0.038908534,
    -0.022643737,
    0.0072745653,
    0.025016947,
    -0.038636446,
    -0.018365916,
    0.0087975,
    0.011896277,
    -0.023520466,
    0.034948148,
    0.0013037533,
    0.028251767,
    0.07872403,
    0.03346678,
    0.0048560086,
    0.07618454,
    0.031501703,
    -0.030957527,
    -0.06862655,
    0.037759718,
    0.0007246223,
    -0.03546209,
    0.018169409,
    0.013060207,
    -0.00906203,
    -0.007845194,
    -0.012123016,
    0.0078981,
    -0.009160284,
    -0.046013042,
    -0.07110557,
    -0.022235608,
    0.01515377,
    -0.008223093,
    -0.020603081,
    -0.020996096,
    -0.013392759,
    -0.07521712,
    -0.0012659633,
    -0.019605426,
    0.0015673382,
    0.086282015,
    0.16143867,
    -0.016914781,
    0.045922346,
    -0.023444885,
    -0.01771593,
    -0.053933818,
    -0.011918951,
    -0.000114550785,
    0.1437832,
    0.01918218,
    0.025001831,
    -0.00402463,
    0.024019292,
    -0.019167064,
    -0.017322913,
    -0.032620285,
    0.04982227,
    -0.039210852,
    0.026861098,
    -0.0023599823,
    -0.016295027,
    0.0023410874,
    -0.05012459,
    0.0018195861,
    -0.00454991,
    0.12177434,
    0.0077998457,
    -0.002252281,
    -0.011639304,
    0.07158928,
    0.0021672538,
    -0.032317966,
    -0.0040850937,
    0.0011884939,
    -0.037064385,
    0.014345065,
    -0.0041795685,
    -0.029188957,
    0.019197294,
    -0.046980467,
    -0.031199383,
    0.0012773003,
    -0.0085707605,
    -0.0031422344,
    0.013793332,
    0.01748919,
    0.009273654,
    0.013982282,
    -0.020104254,
    0.022946058,
    0.041085236,
    0.061189488,
    -0.08374253,
    -0.027480852,
    0.057168636,
    0.0454991,
    0.05840815,
    0.008464949,
    0.00081579055,
    0.02955174,
    0.016491534,
    -0.0033557476,
    -0.020285645,
    0.1144582,
    -0.052905932,
    -0.05088039,
    0.054508224,
    -0.023943713,
    0.008071934,
    -0.035885338,
    -0.011011992,
    -0.011850929,
    0.03497838,
    -0.006900445,
    -0.0073123556,
    -0.030776136,
    -0.06360804,
    -0.14051816,
    0.080537945,
    0.0017647907,
    -0.013067765,
    -0.008366695,
    -0.045015387,
    -0.025863443,
    0.044773534,
    0.013808448,
    0.04329217,
    0.059194177,
    0.07400784,
    0.009832945,
    0.04643629,
    0.0550524,
    0.082533255,
    -0.15357836,
    -0.014284601,
    0.069654435,
    -0.043866575,
    0.016793855,
    -0.15019238,
    0.045922346,
    -0.01342299,
    0.01256138,
    -0.051908277,
    0.008434717,
    -0.040631756,
    -0.036459744,
    0.042959616,
    -0.011087571,
    0.052936163,
    -0.0016268573,
    -0.0065036505,
    -0.023611162,
    -0.0374574,
    0.014435761,
    -0.06626846,
    0.021449575,
    -0.024775092,
    0.03948294,
    -0.016567115,
    -0.029869176,
    -0.026483197,
    0.011465471,
    0.096016705,
    0.044199128,
    0.039150387,
    -0.038787603,
    -0.060554616,
    0.01241022,
    -0.028780825,
    -0.053994283,
    0.003523913,
    0.051545493,
    -0.06735681,
    -0.0032593831,
