{
  "chunk_index": 498,
  "token_start": 224100,
  "token_end": 224600,
  "text": " tổn thương cơ thể của những người này từ 61% đến 121%;\n\ne) Thực phẩm có sử dụng chất, hóa chất, kháng sinh, thuốc thú y, thuốc bảo vệ thực vật, phụ gia thực phẩm hoặc chất hỗ trợ chế biến\nthực phẩm cấm sử dụng hoặc ngoài danh mục được phép sử dụng trị giá từ 100.000.000 đồng đến dưới 300.000.000 đồng hoặc thu lợi\nbất chính từ 20.000.000 đồng đến dưới 100.000.000 đồng;\n\ng) Thực phẩm có sử dụng nguyên liệu là động vật chết do bệnh, dịch bệnh hoặc động vật bị tiêu hủy trị giá từ 100.000.000 đồng đến\ndưới 300.000.000 đồng;\n\nh) Thực phẩm có sử dụng chất, hóa chất, kháng sinh, thuốc thú y, thuốc bảo vệ thực vật, phụ gia thực phẩm hoặc chất hỗ trợ chế biến\nthực phẩm chưa được phép sử dụng hoặc chưa được phép lưu hành tại Việt Nam trị giá từ 300.000.000 đồng đến dưới 500.000.000\nđồng hoặc thu lợi bất chính từ 100.000.000 đồng đến dưới 200.000.000 đồng;\n\ni) Tái phạm nguy hiểm.\n\n3. Phạm tội thuộc một trong các trường hợp sau đây, thì bị phạt tù từ 07 năm đến 15 năm:\n\na) Làm chết 02 người;\n\n",
  "embedding": [
    -0.00031798996,
    0.111035064,
    -0.08773291,
    -0.21160546,
    -0.0013232946,
    0.028443228,
    0.0034223136,
    0.050771926,
    0.013925014,
    0.07787665,
    -0.13482395,
    0.032550007,
    0.0026675034,
    -0.07258347,
    -0.013027607,
    -0.12946993,
    0.067837864,
    -0.07227927,
    0.039425053,
    0.003331052,
    -0.015385201,
    0.14163816,
    0.068628795,
    -0.1344589,
    -0.061236598,
    0.07933684,
    -0.041706596,
    0.03753898,
    0.10963572,
    0.003823485,
    0.05536543,
    -0.00027235912,
    0.03872538,
    -0.045083277,
    -0.00015222166,
    -0.012267093,
    0.018510913,
    -0.007886532,
    0.0026142674,
    -0.103612445,
    -0.029933836,
    -0.041645754,
    0.067898706,
    0.018389232,
    0.05332725,
    -0.055152487,
    -0.010092023,
    0.014868052,
    -0.054148607,
    -0.01879991,
    0.009780212,
    0.043379728,
    0.032337062,
    -0.021461708,
    0.12222984,
    -0.06826375,
    0.07367861,
    -0.0034660432,
    -0.03437524,
    0.09004488,
    0.00968895,
    -0.012981976,
    0.030466197,
    -0.042102065,
    -0.017248461,
    -0.044322766,
    -0.015119021,
    0.047060616,
    0.02477755,
    -0.044170663,
    -0.028762646,
    0.011248005,
    -0.028275916,
    0.030968135,
    0.068993844,
    -0.017491825,
    -0.024275612,
    0.0012710093,
    0.101239644,
    -0.00095682184,
    0.056065105,
    -0.03346262,
    -0.02260248,
    -0.019012854,
    0.018495705,
    0.038025707,
    0.019149747,
    0.02095977,
    -0.042558372,
    0.0008427447,
    0.048855428,
    -0.010647198,
    0.01613811,
    0.013096054,
    -0.010381018,
    0.004372956,
    0.00912617,
    0.016944256,
    -0.00890562,
    0.018967222,
    -0.0129059255,
    -0.0029869194,
    0.080857866,
    0.046300102,
    -0.01101985,
    -0.022313485,
    -0.02150734,
    -0.0016750324,
    0.005563161,
    -0.015195073,
    -0.016457526,
    0.007335159,
    -0.08602936,
    -0.086698614,
    -0.023347784,
    -0.007954978,
    -0.056734357,
    -0.07094076,
    -0.029218953,
    -0.06081071,
    -0.006494791,
    0.01989505,
    0.0013156895,
    0.017750401,
    0.021978859,
    -0.07732908,
    -0.030283673,
    0.0032892236,
    -0.115415625,
    -0.036078792,
    -0.041189447,
    -0.03656552,
    0.042132486,
    0.0018442468,
    -0.040033463,
    -0.0123659605,
    0.0023556927,
    -0.010609172,
    -0.020184046,
    0.034101453,
    -0.0024621645,
    -0.017141989,
    0.026983041,
    0.070575714,
    -0.038482014,
    -0.013765306,
    0.045752533,
    0.016366264,
    0.033645146,
    0.00992471,
    0.02947753,
    -0.009635714,
    0.004874896,
    0.012624535,
    -0.010837327,
    -0.013826148,
    0.011293635,
    0.025811851,
    0.0108677475,
    -0.019058485,
    0.007871321,
    0.03160697,
    -0.08724618,
    -0.041067764,
    -0.0010837327,
    0.031333182,
    -0.021826755,
    0.011080692,
    -0.024077877,
    -0.0015609553,
    -0.020594724,
    0.0036694808,
    -0.023180472,
    -0.0006278995,
    -0.010776485,
    -0.011377292,
    -0.028154233,
    -0.046056736,
    -0.028412808,
    -0.00992471,
    -0.011080692,
    0.038634118,
    0.036322154,
    -0.019028064,
    -0.02897559,
    -0.01936269,
    -0.042771317,
    0.042953838,
    0.052931786,
    0.016883414,
    -0.057738233,
    0.044414025,
    -0.03346262,
    -0.004715188,
    -0.0038025707,
    -0.0094151655,
    -0.033645146,
    -0.00012061279,
    0.077694125,
    -0.013012397,
    0.012556088,
    0.025462015,
    0.04675641,
    0.015430832,
    -0.0014402237,
    -0.044961598,
    0.013666439,
    0.04739524,
    0.04033767,
    0.00766218,
    0.018952012,
    -0.0053464146,
    -0.012776637,
    -0.02848886,
    0.0096205035,
    0.019606056,
    -0.006217203,
    -0.028184654,
    -0.002631379,
    0.016776942,
    -0.011559815,
    -0.0072134766,
    -0.017491825,
    0.020366568,
    -0.013681649,
    0.022708952,
    0.022480799,
    0.012206252,
    0.016275004,
    0.021309607,
    0.065160856,
    0.014061906,
    -0.06017188,
    -0.0140238805,
    -0.009681345,
    0.009004488,
    0.052962206,
    0.017278882,
    -0.0077116136,
    0.0077192187,
    0.097650014,
    -0.025112176,
    -0.031546127,
    -0.016989887,
    -0.002437448,
    -0.019012854,
    -0.00019012854,
    -0.0033956957,
    0.02261769,
    -0.0054680966,
    -0.031819914,
    -0.003477451,
    0.009985551,
    -0.042315006,
    -0.09187011,
    0.016457526,
    -0.017507035,
    -0.083169825,
    0.00275116,
    0.028291127,
    0.016563999,
    -0.08341319,
    0.0049775653,
    -0.05113697,
    0.024884023,
    0.006510001,
    0.031363603,
    -0.02477755,
    0.02252643,
    -0.009095749,
    0.027986921,
    -0.020579513,
    0.06795955,
    0.03261085,
    0.053144727,
    -0.0096205035,
    0.00496996,
    -0.008015819,
    0.032671686,
    0.011445738,
    -0.024595028,
    -0.07185338,
    0.011924862,
    -0.025887901,
    -0.021476919,
    0.006749563,
    0.01660963,
    0.04900753,
    0.004372956,
    0.014989734,
    -0.003237889,
    -0.008243973,
    -0.0027739753,
    -0.0048406725,
    0.047912393,
    0.0761731,
    -0.029994678,
    0.024093088,
    0.04243669,
    -0.0022340103,
    -0.012061754,
    -0.020762036,
    -0.014457374,
    0.0334322,
    0.021309607,
    0.042162903,
    0.003912845,
    0.043318886,
    -0.067411974,
    -0.033067156,
    0.004988973,
    0.0068788505,
    0.034223136,
    0.0049775653,
    -0.05895506,
    0.026389841,
    0.014731159,
    -0.010266941,
    -0.062057953,
    0.0048406725,
    0.038877483,
    -0.012000914,
    -0.053479355,
    0.013004792,
    -0.053509776,
    0.03480113,
    0.034618605,
    0.07118412,
    -0.0813446,
    0.13896115,
    -0.06412655,
    0.007985398,
    0.063822344,
    -0.0075176824,
    -0.009628109,
    -0.071001604,
    -0.06984562,
    0.022876266,
    -0.00402312,
    0.011111111,
    -0.006308465,
    -0.060080618,
    0.026694046,
    -0.113468714,
    0.072948515,
    -0.020047152,
    0.035531223,
    0.00077097124,
    0.068567954,
    0.013658834,
    -0.021127082,
    -0.0004943342,
    0.046573885,
    0.010555936,
    0.020381778,
    -0.0033538674,
    -0.0019374097,
    0.06966309,
    0.036382996,
    -0.09977946,
    0.03440566,
    0.01397825,
    0.004551677,
    0.011498974,
    -0.08219637,
    0.004030725,
    -0.011331661,
    0.03595711,
    -0.0602023,
    0.023545519,
    -0.014685528,
    0.0064605675,
    0.06765534,
    -0.066255994,
    0.08870637,
    -0.013324208,
    0.065890945,
    0.04465739,
    -0.038603697,
    -0.004350141,
    -0.015225493,
    0.032428324,
    -0.022556849,
    0.055669636,
    0.026785308,
    -0.03276295,
    -0.010069207,
    0.015347175,
    0.027880449,
    0.050437298,
    0.03930337,
    0.021203134,
    -0.044779073,
    0.011179558,
    0.020138415,
