{
  "chunk_index": 99,
  "token_start": 44550,
  "token_end": 45050,
  "text": ".\n\n3. Người chuẩn bị phạm tội này, thì bị phạt tù từ 01 năm đến 05 năm.\n\n4. Người đã nhận làm gián điệp, nhưng không thực hiện nhiệm vụ được giao và tự thú, thành khẩn khai báo với cơ quan nhà nước có\nthẩm quyền, thì được miễn trách nhiệm hình sự về tội này.\n\nĐiều 111. Tội xâm phạm an ninh lãnh thổ\n\nNgười nào xâm nhập lãnh thổ, có hành động làm sai lệch đường biên giới quốc gia hoặc có hành động khác nhằm gây phương hại cho\nan ninh lãnh thổ của nước Cộng hòa xã hội chủ nghĩa Việt Nam, thì bị phạt như sau:\n\n1. Người tổ chức, người hoạt độngđắc lực hoặc gây hậu quả nghiêm trọng, thì bị phạt tù từ 12 năm đến 20 năm hoặc tù chung thân;\n\n2. Người đồng phạm khác, thì bị phạt tù ừ\n                                        t 05 năm đến 15 năm;\n\n3. Người chuẩn bị phạm tội này, thì bị phạt tù ừt 01 năm đến 05 năm.\n\nĐiều 112. Tội bạo loạn37\n\fNgười nào hoạt động vũ trang hoặc dùng bạo lực có tổ chức hoặc cướp phá tài sản của cơ quan, tổ chức, cá nhân nhằm chống chính\nquyền nhân dân, thì",
  "embedding": [
    -0.00022893288,
    -0.042022336,
    -0.074879564,
    -0.17357594,
    0.0004542126,
    0.07332087,
    -0.009258631,
    -0.04068186,
    0.023162164,
    0.018564021,
    0.032826055,
    -0.0967636,
    -0.0022601034,
    -0.02783824,
    0.031095905,
    -0.07500426,
    0.09302274,
    0.029334584,
    0.032919575,
    0.015095932,
    -0.02247634,
    0.00084948714,
    0.16035824,
    0.037938565,
    0.026684808,
    0.1319277,
    -0.02687185,
    -0.11777477,
    0.025702832,
    0.025952222,
    -0.12856092,
    -0.012718927,
    -0.047103673,
    0.0504081,
    -0.001979539,
    -0.035943437,
    0.046636064,
    0.028430542,
    0.012734514,
    -0.045170896,
    -0.037315086,
    -0.0031427129,
    0.06278411,
    0.012828035,
    0.017831437,
    0.012352634,
    -0.009422293,
    0.080553204,
    -0.057733953,
    -0.019156326,
    0.025734005,
    0.009679478,
    0.008900131,
    0.020574735,
    0.050096363,
    -0.07587713,
    0.08959362,
    -0.0094145,
    0.010053564,
    0.09003005,
    0.022554273,
    0.015056965,
    0.034634136,
    -0.02779148,
    -0.026435416,
    -0.035195265,
    -0.0077311127,
    -0.017644394,
    0.0048007714,
    -0.030784167,
    -0.1319277,
    -0.035538178,
    0.0015060862,
    -0.0008251326,
    -0.004473446,
    -0.012835829,
    -0.006051622,
    0.063345246,
    0.018096413,
    -0.0046254187,
    0.041118294,
    0.0122279385,
    -0.0025484615,
    0.008494872,
    0.0110978875,
    0.09052883,
    0.046729587,
    0.029241063,
    -0.089967705,
    0.034790006,
    0.00799609,
    0.013552827,
    0.015197247,
    -0.07494191,
    0.02069943,
    0.0015284923,
    0.01065366,
    -0.014604944,
    0.012547471,
    0.0041656042,
    0.028352607,
    -0.026310721,
    0.01826787,
    0.0343224,
    -0.012188972,
    -0.006230871,
    0.010186052,
    0.007333646,
    0.039341386,
    0.019592758,
    0.0020048677,
    0.036348697,
    -0.11147765,
    -0.16572013,
    0.003442761,
    0.033667747,
    -0.039871342,
    -0.062472377,
    0.017254721,
    -0.049815796,
    -0.006032138,
    0.037470955,
    0.03684748,
    0.03031656,
    0.040619515,
    -0.035662875,
    -0.015197247,
    -0.007532379,
    -0.015680442,
    0.00034388644,
    -0.0168027,
    -0.044516243,
    -0.04323812,
    0.02768237,
    -0.074567825,
    0.05096923,
    0.009157316,
    -0.022289297,
    0.0021587885,
    -0.018252283,
    -0.030067168,
    -0.00054846477,
    0.0050150915,
    -0.013880152,
    -0.05876269,
    -0.0605396,
    0.028555239,
    -0.043549854,
    -0.010606899,
    -0.027090067,
    0.025079355,
    -0.039247867,
    -0.029365757,
    -0.0103341285,
    -0.011331691,
    0.014854335,
    -0.047664803,
    -0.009983422,
    0.023489488,
    0.00799609,
    0.024284422,
    -0.0076259007,
    -0.038904954,
    -0.020138301,
    -0.007415477,
    0.01736383,
    -0.0004376515,
    0.021884035,
    0.001302482,
    0.031345297,
    0.020964408,
    0.0032888402,
    -0.017628808,
    -0.014199684,
    0.023629772,
    -0.021400841,
    -0.023395967,
    -0.03921669,
    -0.022834837,
    -0.06300233,
    -0.019530412,
    -0.0605396,
    0.059199125,
    -0.018688718,
    0.013124187,
    -0.0051904446,
    -0.01232146,
    -0.03653574,
    0.024907898,
    0.052902006,
    -0.011175822,
    0.041741773,
    -0.02849289,
    0.018688718,
    -0.02768237,
    0.04903645,
    -0.016023355,
    -0.05667404,
    0.06783427,
    0.0056541553,
    0.0069829402,
    0.04489033,
    0.10249959,
    -0.007750596,
    0.012687753,
    -0.024377944,
    0.018392567,
    0.0028387678,
    0.017254721,
    -0.0026439314,
    -0.004617625,
    0.024861138,
    -0.037938565,
    0.05103158,
    0.03528879,
    0.053463135,
    -0.03482118,
    -0.030332146,
    0.015267388,
    -0.027308283,
    -0.031064732,
    -0.028212326,
    0.0029264442,
    0.043456335,
    -0.050221056,
    0.0032596146,
    0.02439353,
    0.028181152,
    0.013802218,
    0.01619481,
    0.08086494,
    0.0022113943,
    -0.00024756414,
    -0.061412465,
    0.05502183,
    0.01756646,
    0.019374542,
    -0.010357508,
    -0.0049605374,
    0.033387184,
    0.072385654,
    0.0047540106,
    0.00026887437,
    0.027713545,
    -0.051499184,
    -0.013934706,
    0.039902516,
    -0.01948365,
    0.013474893,
    -0.04392394,
    -0.06534037,
    -0.028555239,
    -0.021447603,
    -0.019234259,
    0.06022786,
    0.03067506,
    -0.0045396904,
    -0.017784676,
    -0.032202575,
    0.08036616,
    0.009999009,
    -0.0076297973,
    -0.025780765,
    -0.013396958,
    0.0061178664,
    -0.102873676,
    0.13242647,
    -0.005054059,
    -0.0164442,
    -0.009967836,
    0.09763647,
    -0.005054059,
    -0.02373888,
    -0.020481214,
    -0.04139886,
    0.03603696,
    0.0033375493,
    -0.0038051568,
    0.009398913,
    -0.0030375011,
    0.005611291,
    -0.017301481,
    0.04984697,
    -0.015890865,
    0.035039395,
    -0.08978066,
    0.07475487,
    -0.0029771018,
    -0.01857961,
    -0.007910362,
    0.0052605853,
    0.081301376,
    -0.0038090537,
    0.03912317,
    -0.012344841,
    0.05957321,
    0.03076858,
    0.030752994,
    -0.004851429,
    0.04464094,
    -0.022460751,
    -0.021167038,
    0.01892252,
    0.010341922,
    -0.0035479728,
    0.02763561,
    -0.01736383,
    0.038187955,
    -0.0037467058,
    -0.022585448,
    -0.004103257,
    0.020309757,
    0.06293999,
    -0.0051748576,
    -0.028274674,
    -0.0035129022,
    0.009126142,
    0.0068465546,
    -0.06820836,
    -0.006223078,
    -0.026996545,
    0.009539195,
    -0.0027686267,
    0.017956132,
    -0.014184098,
    0.065901496,
    0.02606133,
    -0.052559096,
    -0.0859151,
    0.0832965,
    -0.050626315,
    0.034447093,
    0.101190284,
    0.033418357,
    -0.017285895,
    -0.0027959037,
    -0.045389112,
    0.06646263,
    0.011542114,
    0.01781585,
    0.018205523,
    -0.04473446,
    0.075191304,
    0.080241464,
    0.12344841,
    -0.046947803,
    -0.018673131,
    0.0037564477,
    -0.025328746,
    0.007559656,
    -0.00411105,
    -0.03385479,
    -0.06546506,
    -0.027105654,
    -0.0645922,
    0.011308311,
    -0.05212266,
    0.029771017,
    0.09258631,
    -0.0012946886,
    0.016693592,
    0.0114408,
    -0.020325344,
    0.014106163,
    -0.052216183,
    0.044048637,
    -0.017441764,
    0.02444029,
    0.017270308,
    -0.008393557,
    -0.011542114,
    -0.036473393,
    0.01968628,
    -0.09919516,
    0.16060762,
    -0.018829,
    0.0074817217,
    0.017940545,
    -0.019717455,
    0.084481105,
    0.011775918,
    0.035912264,
    0.005961997,
    -7.4768504e-05,
    -0.029131955,
    0.027386218,
    -0.044142157,
    0.0077350093,
    0.024580574,
    0.016241571,
    -0.033387184,
    0.015773963,
    -0.030410081,
    0.0524344,
    0.049223494,
    -7.5438256e-05,
    -0.012157798,
