{
  "chunk_index": 237,
  "token_start": 106650,
  "token_end": 107150,
  "text": "i 100.000.000 đồng, thì bị phạt tù từ 05 năm đến 10 năm.\n\n3. Phạm tội trong trường hợp công cụ chuyển nhượng giả hoặc các giấy tờ có giá giả khác có trị giá tương ứng từ 100.000.000 đồng\nđến dưới 300.000.000 đồng, thì bị phạt tù từ 10 năm đến 15 năm.\n\n4. Phạm tội trong trường hợp công cụ chuyển nhượng giả hoặc các giấy tờ có giá giả khác có trị giá tương ứng từ 300.000.000 đồng trở\nlên, thì bị phạt tù từ 15 năm đến 20 năm.\n\n5. Người phạm tội còn có thể bị phạt tiền từ 10.000.000 đồng đến 100.000.000 đồng hoặc tịch thu một phần hoặc toàn bộ tài sản.\n\nĐiều 209. Tội cố ý công bố thông tin sai lệch hoặc che giấu thông tin trong hoạt động chứng khoán\n\n1. Người nào cố ý công bố thông tin sai lệch hoặc che giấu thông tin trong hoạt động chào bán, niêm yết, giao dịch, hoạt động kinh\ndoanh chứng khoán, tổ chức thị trường, đăng ký, lưu ký, bù trừ hoặc thanh toán chứng khoán thuộc một trong các trường hợp sau đây,\nthì bị phạt tiền từ 100.000.000 đồng đến 500.000.000 đồng, phạt cải tạo không giam giữ đến 02 năm hoặ",
  "embedding": [
    -0.00027956982,
    0.016184261,
    -0.08351937,
    -0.114473656,
    -0.0008277849,
    -0.019465607,
    0.090320416,
    -0.040615585,
    0.023136264,
    0.16869134,
    -0.12744014,
    -0.0348633,
    0.0021968328,
    -0.06667566,
    -0.08193034,
    -0.09553243,
    0.0040162713,
    -0.018146712,
    0.105702214,
    -0.0047035264,
    -0.006797072,
    0.16818285,
    0.13119024,
    -0.08123117,
    -0.099536784,
    0.13729212,
    -0.03112908,
    0.0261872,
    0.065912925,
    0.03702438,
    0.023326948,
    0.0019326566,
    -0.027903352,
    0.02345407,
    -0.0027073084,
    -0.06384719,
    -0.0024332008,
    0.00821528,
    0.00056907104,
    0.028634304,
    -0.037850674,
    0.024232695,
    0.090956025,
    0.03445015,
    0.15356377,
    -0.009510339,
    -0.0067494013,
    0.0523744,
    -0.045986503,
    -0.047734436,
    0.027601436,
    0.037278622,
    -0.013427296,
    -0.010924575,
    0.007726654,
    -0.11504571,
    0.0026953907,
    0.0014162222,
    0.02188093,
    0.015834676,
    0.018099042,
    -0.04846539,
    0.012362647,
    -0.026600348,
    -0.026536787,
    -0.051420983,
    0.030080322,
    0.0040957225,
    0.001608892,
    -0.039026555,
    -0.06330692,
    -0.029826077,
    -0.028650194,
    -0.0036666847,
    0.04906922,
    -0.024502829,
    -0.04299913,
    -0.02191271,
    0.118287325,
    0.0009444792,
    0.0018442669,
    -0.015079887,
    0.03233674,
    -0.063338704,
    0.031701133,
    0.06467348,
    0.024772964,
    0.02885677,
    -0.0042824335,
    0.04570048,
    0.039058335,
    0.08987549,
    0.042840224,
    5.9278234e-05,
    0.013228668,
    0.0102492375,
    -0.026902264,
    0.015477143,
    -0.006193241,
    -0.008270897,
    -0.023056813,
    -0.018909447,
    -0.028586634,
    0.05129386,
    0.0032575098,
    -0.011099368,
    -0.0038533956,
    0.02072094,
    0.014031127,
    -0.015342076,
    0.007698846,
    -0.046050064,
    -0.039693948,
    -0.04296735,
    -0.031462777,
    0.052882887,
    0.012251414,
    -0.014722355,
    -0.0039924355,
    0.00044517644,
    -0.013800718,
    0.072968215,
    -0.01639878,
    0.03607096,
    0.038073137,
    -0.071506314,
    -0.026870482,
    0.0067573464,
    -0.020101218,
    0.022087505,
    0.023072703,
    -0.04131476,
    -0.01794014,
    -0.026520897,
    -0.07519286,
    -0.0067732367,
    0.053264257,
    0.02887266,
    -0.0212771,
    0.0003148264,
    -0.03435481,
    -0.027776228,
    0.029841967,
    -0.009478559,
    -0.012513604,
    -0.031144971,
    0.06623074,
    -0.010884849,
    0.012354702,
    -0.0011143066,
    0.04639965,
    -0.019274924,
    -0.01067033,
    0.011742925,
    -0.013935786,
    0.0116873095,
    -0.019783413,
    0.090892464,
    0.009685133,
    0.034958642,
    0.014150305,
    -0.0043777754,
    -0.11936787,
    -0.00065845397,
    0.011512516,
    0.012084566,
    -0.05952503,
    0.038486287,
    -0.04579582,
    0.00069520023,
    0.0034144262,
    -0.018702872,
    0.008715825,
    0.018400958,
    0.018385068,
    0.0060581737,
    -0.024185024,
    -0.054249454,
    0.016525904,
    -0.058476273,
    0.031812362,
    0.035053983,
    0.08841358,
    -0.0031780582,
    -0.03052525,
    -0.018464519,
    -0.014062908,
    0.01643056,
    0.018099042,
    0.013657705,
    -0.01908424,
    0.026918154,
    0.0044890074,
    0.017161515,
    -0.020975184,
    -0.0034620971,
    0.051548105,
    0.026282541,
    0.09457901,
    -0.027601436,
    0.034100566,
    0.02016478,
    0.054185893,
    0.00463202,
    0.018718762,
    0.001455948,
    -0.0049140723,
    0.02350174,
    0.015016325,
    -0.0012841341,
    0.042363517,
    -0.039503265,
    -0.00061276933,
    0.05838093,
    0.0085251415,
    0.036801916,
    -0.020355463,
    -0.0229138,
    0.014070853,
    -0.016017413,
    -0.03823204,
    -0.042268176,
    0.011369503,
    -0.023088593,
    -0.019290814,
    -0.018448628,
    -0.013800718,
    0.028729647,
    0.02458228,
    0.028809099,
    0.06283021,
    0.03311537,
    -0.04906922,
    -0.020879842,
    -0.010161841,
    0.027776228,
    0.052120157,
    0.008548977,
    0.036674794,
    0.021165868,
    0.05180235,
    -0.025710491,
    0.013562364,
    0.010551154,
    -0.021134088,
    -0.0358485,
    0.015071942,
    -0.029063342,
    0.013681541,
    6.8092384e-05,
    -0.04693992,
    -0.011305942,
    -0.014229756,
    -0.02726774,
    0.05904832,
    -0.0047313343,
    -0.013117435,
    -0.05513931,
    -0.033687416,
    0.06438746,
    0.036960818,
    -0.059111882,
    0.017225076,
    -0.05501219,
    -0.022182846,
    0.075447105,
    0.010797453,
    0.029285807,
    0.033687416,
    -0.009478559,
    0.09604092,
    -0.008517196,
    0.03317893,
    0.010130061,
    -0.046240747,
    0.049450587,
    0.034767956,
    -0.036833696,
    -0.0029873748,
    0.009780474,
    -0.01692316,
    -0.014444275,
    -0.033592075,
    0.0050570853,
    0.011131149,
    0.020482585,
    0.039471485,
    0.004020244,
    0.00019378707,
    -0.06413321,
    0.011655529,
    -0.03559425,
    0.012497714,
    -0.01445222,
    -0.0028026502,
    0.100553766,
    -0.008286787,
    0.008270897,
    -0.0481158,
    0.0126248365,
    -0.057522856,
    -0.0020895733,
    0.01741576,
    0.04922812,
    0.0055735195,
    0.057681758,
    0.0546626,
    0.020482585,
    -0.04967305,
    0.06762908,
    0.023025032,
    0.011599912,
    0.009192534,
    -0.009907597,
    0.012712233,
    0.013753047,
    0.031732913,
    0.007758435,
    -0.046113625,
    0.00872377,
    0.0015522828,
    0.109770134,
    -0.022151066,
    0.018480409,
    -0.019052459,
    0.019703962,
    0.05895298,
    0.032066606,
    0.0036229864,
    0.086379625,
    -0.025789943,
    0.025170222,
    0.10258772,
    -0.0022663528,
    -0.041982148,
    -0.05895298,
    -0.07055289,
    0.0278239,
    -0.030811274,
    -0.0057800934,
    -0.026314322,
    -0.036261644,
    -0.051675227,
    -0.1502586,
    0.02675925,
    -0.032082498,
    -0.06565868,
    0.022611884,
    -0.016462341,
    -0.029984979,
    -0.08733304,
    -0.026536787,
    -0.019974096,
    0.02283435,
    -0.0050809206,
    0.00035107613,
    -0.022246407,
    0.036960818,
    0.09470613,
    -0.06337048,
    0.011933609,
    -0.01798781,
    0.015421527,
    -0.017097954,
    0.024185024,
    -0.06222638,
    -0.041759685,
    0.012656617,
    0.06540444,
    -0.029810186,
    -0.017050283,
    -0.0009340512,
    0.07913365,
    -0.10138006,
    0.026107749,
    0.011361558,
    -0.046304308,
    0.038962994,
    -0.015111667,
    0.031272095,
    0.0027768284,
    0.07894297,
    -0.039630387,
    0.064101435,
    0.013173051,
    0.018321507,
    0.023581192,
    0.021483675,
    0.12489769,
    0.07595559,
    0.008755551,
    0.058539834,
    0.0012682439,
    -0.0066183065,
    -0.018432738,
