{
  "chunk_index": 486,
  "token_start": 218700,
  "token_end": 219200,
  "text": " trở\nlên;\n\nc) Gây thiệt hại về tài sản 1.500.000.000 đồng trở lên.\n\n4. Người phạm tội còn có thể bị cấm đảm nhiệm chức vụ, cấm hành nghề hoặc làm công việc nhất định từ 01 năm đến 05 năm.\n\nĐiều 313. Tội vi phạm quy định về phòng cháy, chữa cháy325\n\n1. Người nào vi phạm quy định về phòng cháy, chữa cháy gây thiệt hại cho người khác thuộc một trong các trường hợp sau đây, thì bị\nphạt cải tạo không giam giữ đến 03 năm hoặc phạt tù từ 02 năm đến 05 năm:\n\na) Làm chết người;\n\nb) Gây thương tích hoặc gây tổn hại cho sức khỏe của 01 người mà tỷ lệ tổn thương cơ thể 61% trở lên;\n\nc) Gây thương tích hoặc gây tổn hại cho sức khỏe của 02 người trở lên mà tổng tỷ lệ tổn thương cơ thể của những người này từ 61%\nđến 121%;\n\nd) Gây thiệt hại về tài sản từ 100.000.000 đồng đến dưới 500.000.000 đồng.\n\n2. Phạm tội thuộc một trong các trường hợp sau đây, thì bị phạt tù từ 05 năm đến 08 năm:\n\na) Làm chết 02 người;\n\nb) Gây thương tích hoặc gây tổn hại cho sức khỏe",
  "embedding": [
    0.00014063786,
    -0.025626928,
    -0.10914619,
    -0.18288715,
    0.0012017295,
    0.0036425674,
    0.042522162,
    0.09604865,
    0.03450814,
    -0.012245306,
    -0.09610846,
    -0.04222313,
    0.014988912,
    0.05188182,
    -0.07344193,
    -0.17882034,
    0.0054610474,
    -0.04984841,
    0.03666116,
    0.0057825055,
    -0.010368888,
    0.09640749,
    0.027764998,
    -0.10860794,
    0.011811712,
    0.056726117,
    -0.017493295,
    -0.05224066,
    -0.022771185,
    -0.03812641,
    -0.058430593,
    0.028991023,
    0.0623778,
    -0.021036807,
    -0.0035304308,
    -0.012604143,
    -0.037289124,
    0.013575993,
    0.037976895,
    -0.095749624,
    -0.029215297,
    0.09090532,
    0.054842226,
    0.028258398,
    0.047815003,
    -0.08887192,
    0.011692099,
    -0.007176736,
    -0.019332333,
    -0.04306042,
    0.01257424,
    0.006537558,
    0.07679108,
    0.0043994887,
    0.0059507103,
    -0.11668177,
    0.076013595,
    0.0012306981,
    0.009912867,
    0.106873564,
    -0.0019679957,
    -0.027151985,
    0.013396574,
    -0.03600329,
    -0.016416784,
    -0.020648068,
    0.00955403,
    -0.036720965,
    0.042671677,
    -0.08151576,
    -0.091443576,
    -0.056965344,
    -0.02145545,
    0.0770303,
    0.020722825,
    -0.01873427,
    -0.022860894,
    0.016805524,
    0.10974426,
    0.0012092052,
    -0.051911723,
    -0.053436782,
    0.008163537,
    -0.08073828,
    0.000110209156,
    0.036810674,
    0.012282684,
    -0.022965556,
    0.014884252,
    0.008813929,
    0.024251387,
    0.009516651,
    0.048203744,
    -0.11859556,
    0.012230354,
    0.01531037,
    -0.053376976,
    -0.006283382,
    0.002625863,
    -0.009434418,
    0.021903997,
    -0.046140432,
    0.022965556,
    -0.029918019,
    0.016013093,
    0.0019035172,
    -0.01783718,
    0.023608472,
    0.021590015,
    0.0028987285,
    -0.02232264,
    -0.022830991,
    -0.061301287,
    -0.048024327,
    0.0073449407,
    -0.008926066,
    0.0016213069,
    -0.048742,
    -0.017179312,
    0.041954003,
    -0.03713961,
    0.03567436,
    0.031069286,
    -0.021006905,
    0.019975249,
    -0.06943492,
    0.0003361759,
    0.010533355,
    -0.04045885,
    0.02855743,
    -0.044675183,
    -0.050386667,
    0.037558254,
    0.0018072666,
    -0.018584756,
    0.027794901,
    -0.002663242,
    -0.010727725,
    -0.023174876,
    0.06303567,
    -0.026314698,
    -0.0014418885,
    0.018689416,
    0.047246847,
    -0.03684058,
    -0.02426634,
    0.006563723,
    0.0061114393,
    -0.0036014507,
    -0.012940552,
    0.06590636,
    0.025238188,
    -0.0006527279,
    0.019287478,
    -0.07840584,
    0.01861466,
    0.026867906,
    0.031248705,
    0.034448333,
    -0.025492365,
    -0.014174053,
    0.01568416,
    -0.024445757,
    -0.013164826,
    -0.011064135,
    0.009890439,
    -0.031966377,
    0.06560733,
    -0.009434418,
    -0.011699575,
    0.04306042,
    0.04886161,
    -0.0035098726,
    0.014488036,
    -0.004747112,
    -0.017583003,
    -0.018853884,
    -0.0653681,
    -0.00014823044,
    -0.022442251,
    0.017239118,
    0.007543049,
    0.11781809,
    0.018106308,
    -0.019392138,
    -0.021859143,
    0.0044929357,
    0.021590015,
    0.04739636,
    0.03343163,
    -0.008006547,
    0.029843261,
    0.004907841,
    0.014316093,
    -0.04018972,
    -0.05819137,
    0.008739172,
    -0.054244164,
    0.11231592,
    0.00330242,
    0.04715714,
    0.018285725,
    0.03725922,
    0.044346247,
    -0.02271138,
    -0.04183439,
    0.02982831,
    0.03238502,
    0.0555599,
    0.01901835,
    0.012634045,
    -0.01568416,
    -0.015714062,
    0.0016371929,
    0.004747112,
    0.02612033,
    -0.0044069644,
    -0.034478236,
    -0.0027510822,
    0.0058236225,
    0.010368888,
    -0.028422866,
    -0.009479272,
    0.02009486,
    0.038455345,
    -0.0001372504,
    -0.0011344476,
    0.02408692,
    0.035166007,
    -0.0028127572,
    0.10968445,
    0.019900491,
    -0.055918735,
    -0.011946275,
    -0.032624245,
    0.008163537,
    0.022262834,
    -0.0003915433,
    -0.015758917,
    0.05053618,
    0.13994636,
    -0.024610225,
    0.005909594,
    -0.01794184,
    -0.0074570775,
    -0.029559182,
    0.00038453477,
    -0.009337232,
    0.046349753,
    -0.02525314,
    0.00021270892,
    -0.03021705,
    0.02857238,
    -0.0049153166,
    -0.051911723,
    0.013807741,
    0.018644562,
    0.00858218,
    0.034268916,
    0.05020725,
    0.05615796,
    -0.12918125,
    0.0016100933,
    -0.039920595,
    0.029723648,
    -0.017971743,
    0.07230562,
    0.01726902,
    0.022277785,
    -0.0049788607,
    0.098500706,
    -0.041475553,
    0.045273244,
    -0.010802483,
    0.112435535,
    0.0023174877,
    0.024131775,
    -0.0016063554,
    0.012962979,
    -0.033461533,
    -0.050715603,
    -0.0077448944,
    0.04784491,
    -0.004063079,
    -0.0026071738,
    -0.07057124,
    0.041894197,
    -0.0008419582,
    0.031757057,
    -0.03405959,
    0.0026912761,
    0.071827166,
    -0.0024539204,
    -0.029185394,
    -0.022935653,
    0.017089603,
    -0.025686735,
    0.0060740607,
    0.017687663,
    -0.018300677,
    0.012424724,
    -0.014129199,
    -0.0005681583,
    0.036122903,
    0.04670859,
    -0.008455092,
    -0.011916372,
    -0.016835427,
    -0.07128891,
    -0.0021044284,
    0.011609865,
    0.036900386,
    0.021575063,
    -0.004014487,
    -0.039442144,
    0.024789643,
    0.039322533,
    0.063932754,
    -0.026538972,
    -0.04282119,
    0.04135594,
    0.09891935,
    -0.07260465,
    0.03567436,
    -0.034657653,
    0.025656832,
    0.06734171,
    -0.019392138,
    -0.03100948,
    0.04114662,
    0.018465145,
    -0.01540008,
    0.05938749,
    0.022756234,
    -0.01960146,
    0.0022931914,
    -0.05008764,
    0.044465862,
    -0.021903997,
    -0.046469368,
    -0.043568768,
    -0.010054906,
    0.042282935,
    0.028617235,
    0.053795617,
    0.015243089,
    0.107710846,
    0.015183282,
    -0.028452769,
    -0.01568416,
    0.024445757,
    -0.007819652,
    0.053496588,
    0.009172766,
    -0.058550205,
    0.035913583,
    0.022008657,
    0.02163487,
    0.08994842,
    0.01184909,
    0.030949675,
    0.011579962,
    0.023877598,
    -0.009740924,
    -0.032773763,
    0.011056659,
    0.010548307,
    -0.020438746,
    -0.03597339,
    -0.058370788,
    0.009120435,
    0.027017422,
    0.011393068,
    -0.06405237,
    0.03558465,
    -0.0341194,
    -0.028108884,
    0.035704263,
    -0.057204567,
    -0.007236542,
    -0.0035528583,
    0.041206427,
    -0.025537219,
    0.051911723,
    -0.010159567,
    -0.037588157,
    -0.046559077,
    -0.04736646,
    0.009456845,
    0.030949675,
    0.0061077015,
    -0.010361413,
    -0.042432453,
    0.011594914,
    0.0750567,
    -0.086419865,
    -0.006156294,
    0.09838109,
    -0.01862961,
