{
  "chunk_index": 32,
  "token_start": 14400,
  "token_end": 14900,
  "text": "ệm chức vụ, cấm hành nghề hoặc làm công việc nhất định\n\nCấm đảm nhiệm chức vụ, cấm hành nghề hoặc làm công việc nhất định được áp dụng khi xét thấy nếu để người bị kết án đảm nhiệm\nchức vụ, hành nghề hoặc làm công việc đó thì có thể gây nguy hại cho xã hội.\n\nThời hạn cấm là từ 01 năm đến 05 năm, kể từ ngày chấp hành xong hình phạt tù hoặc từ ngày bản án có hiệu lực pháp luật nếu hình\nphạt chính là cảnh cáo, phạt tiền, cải tạo không giam giữ hoặc trong trường hợp người bị kết án được hưởng án treo.\n\nĐiều 42. Cấm cư trú\n\nCấm cư trú là buộc người bị kết án phạt tù không được tạm trú hoặc thường trú ở một số địa phương nhất định.\n\nThời hạn cấm cư trú là từ 01 năm đến 05 năm, kể từ ngày chấp hành xong hình phạt tù.\n\nĐiều 43. Quản chế\n\nQuản chế là buộc người bị kết án phạt tù phải cư trú, làm ăn sinh sống và cải tạo ở một địa phương nhất định dưới sự kiểm soát, giáo\ndục của chính quyền và nhân dân địa phương. Trong thời gian quản chế, người bị kết án không được tự ý ra khỏ",
  "embedding": [
    -0.00072625506,
    -0.04233496,
    -0.11078246,
    -0.17090659,
    -0.0027356967,
    0.091067486,
    0.04295513,
    0.022358865,
    0.005883482,
    0.09380931,
    -0.033081327,
    -0.027695615,
    0.00577332,
    0.031759378,
    -0.030567994,
    -0.07069971,
    0.1617672,
    0.04869989,
    0.13258643,
    0.0064791744,
    -0.011318155,
    -0.009172031,
    0.15040824,
    0.003704717,
    -0.021085877,
    0.08173226,
    -0.021298042,
    -0.0036435155,
    -0.033521976,
    0.0045982553,
    -0.04817764,
    -0.08995771,
    0.010681662,
    0.021999815,
    -0.010485818,
    0.008535537,
    -0.06364932,
    0.0077807214,
    0.026585832,
    0.019812891,
    -0.06469382,
    -0.016067373,
    0.01156296,
    0.003176346,
    0.009751402,
    -0.031759378,
    -0.0021338842,
    0.060385253,
    -0.012174972,
    -0.0018921392,
    0.0269612,
    0.021461245,
    0.03167778,
    -0.0020573826,
    0.062082566,
    -0.100924976,
    0.045403183,
    -0.020384103,
    0.004879781,
    0.014157894,
    0.030127345,
    0.034860242,
    0.050886817,
    -0.01930696,
    -0.021395965,
    -0.026406309,
    -0.025410768,
    -0.03187362,
    -0.0014208895,
    -0.009000666,
    -0.15315005,
    -0.018262459,
    -0.028919639,
    0.10183891,
    0.006111967,
    -0.013252115,
    -0.015226875,
    -0.010387896,
    0.029050203,
    0.008886424,
    -0.013676444,
    0.0072054295,
    -0.032820202,
    -0.0462192,
    0.027614012,
    0.05692534,
    -0.07069971,
    0.02508436,
    -0.0116037605,
    -0.034403272,
    0.056305166,
    -0.016940512,
    0.027679294,
    0.008821143,
    -0.0008797682,
    -0.0241541,
    0.009400515,
    0.0043412102,
    0.012166812,
    0.015332958,
    -0.003965842,
    -0.039201453,
    0.053563353,
    0.032428514,
    -0.014076292,
    -0.02794042,
    -0.017560685,
    9.722076e-05,
    0.03760206,
    -0.007572637,
    0.0037516379,
    0.03291812,
    0.047492184,
    -0.043575305,
    -0.011628241,
    0.032151066,
    -0.019845532,
    -0.08023079,
    -0.027157044,
    -0.04249816,
    0.006173168,
    0.020661548,
    0.0040066433,
    0.017087394,
    0.04197591,
    -0.026194144,
    -0.01301547,
    0.046937294,
    -0.09361346,
    0.033424053,
    -0.008119368,
    -0.10138194,
    0.013325556,
    -0.026406309,
    0.0026051342,
    -0.037275653,
    0.042269677,
    0.009890125,
    -0.06776205,
    0.0645959,
    -0.03861392,
    0.040278595,
    0.005263309,
    0.010363415,
    -0.0106327,
    0.014255816,
    0.036067948,
    0.03952786,
    -0.0017462763,
    0.012909388,
    0.04187799,
    0.013137872,
    -0.036394354,
    -0.007327832,
    -0.011212072,
    -0.020955315,
    -0.051409066,
    0.048210282,
    -0.031710416,
    0.035056088,
    0.018017653,
    0.029246047,
    -0.051180582,
    -0.020008735,
    -0.010355255,
    0.041127253,
    0.013611162,
    -0.0005217408,
    -0.024921156,
    -0.094331555,
    0.016238736,
    0.028381068,
    0.006185408,
    0.015569603,
    -0.028854359,
    -0.017103715,
    -0.025737174,
    -0.060058847,
    -0.02895228,
    -0.020987956,
    -0.00288666,
    0.0037189971,
    0.034892883,
    -0.005891642,
    0.026292065,
    -0.012313696,
    -0.023027997,
    -0.01827878,
    0.0038067189,
    0.040637642,
    0.06808845,
    0.03809167,
    -0.0031600255,
    0.013651963,
    0.015585924,
    -0.028919639,
    0.007841922,
    -0.049450625,
    0.04827556,
    0.04680673,
    0.031204488,
    0.0076827994,
    0.023321765,
    0.026585832,
    0.025606612,
    0.008396815,
    0.0039597224,
    0.006360852,
    0.04873253,
    -0.023746092,
    0.047165778,
    -0.013766206,
    0.014076292,
    -0.009335234,
    0.00065638364,
    0.04380379,
    -0.04922214,
    -0.03907089,
    0.032477472,
    -0.025117,
    -0.045076776,
    -0.037830546,
    -0.0019135597,
    0.039234094,
    0.009947246,
    0.013439799,
    -0.020057697,
    -0.0035517137,
    0.024757953,
    0.013651963,
    0.050429847,
    0.009718762,
    0.004622736,
    -0.03316293,
    -0.008755862,
    0.012378977,
    0.13774365,
    -0.007527756,
    0.032461155,
    0.053367507,
    0.09485381,
    -0.0045819352,
    0.033489335,
    0.012623782,
    -0.044587165,
    -0.011391596,
    0.0202209,
    -0.0483082,
    0.017152676,
    -0.025671892,
    -0.03035583,
    -0.050299283,
    -0.0005207208,
    -0.009588199,
    0.021461245,
    0.007833762,
    -0.010314454,
    0.01494943,
    -0.016222417,
    0.110978305,
    0.035904747,
    0.033048686,
    0.012835946,
    -0.027646653,
    0.02937661,
    -0.00020438674,
    -0.0032681478,
    -0.0026438949,
    -0.011522159,
    -0.007515516,
    0.045435824,
    -0.025329165,
    0.015153434,
    0.013937569,
    0.055325948,
    0.04292249,
    -0.0060507655,
    0.0021869254,
    -0.01583073,
    -0.012582981,
    -0.029017562,
    0.059503954,
    0.054281447,
    0.023484968,
    0.02167341,
    -0.07827234,
    0.033456694,
    0.034370635,
    -0.019258,
    -0.0140110105,
    0.042106472,
    0.0847352,
    -0.046447683,
    0.014337418,
    -0.008356013,
    0.0028682996,
    -0.04527262,
    0.016760988,
    0.03861392,
    0.024496827,
    -0.0008726281,
    0.0015014712,
    0.009914606,
    0.022930076,
    -0.010322615,
    -0.022260942,
    0.007748081,
    0.006654618,
    -0.01107335,
    0.12201085,
    -0.011946488,
    0.05748023,
    0.03381574,
    0.0010955028,
    -0.014410859,
    0.017071074,
    0.0038658802,
    0.056044042,
    -0.05307374,
    0.0072462303,
    -0.020922674,
    0.06511815,
    0.01976393,
    0.023892976,
    -0.005944683,
    0.03802639,
    0.05878586,
    0.016401941,
    -0.009849324,
    0.01836038,
    0.06808845,
    0.048536688,
    0.10334039,
    -0.024660032,
    0.026226783,
    -0.03854864,
    -0.034337994,
    0.048340842,
    -0.0173322,
    0.025068041,
    -0.055032182,
    0.02887068,
    0.031645138,
    0.016695706,
    -0.014215015,
    -0.020612588,
    0.044064913,
    0.0444566,
    0.0022991276,
    -0.0010506217,
    0.16372563,
    -0.001058782,
    0.035415135,
    -0.041225176,
    -0.09204671,
    0.040180672,
    0.004712498,
    0.021379644,
    0.0135214,
    -0.017430121,
    0.02942557,
    0.0054265126,
    0.007580797,
    0.034860242,
    -0.12586245,
    0.00483082,
    -0.026553191,
    -0.033065006,
    0.051213223,
    -0.029621415,
    -0.0077113598,
    -0.11881206,
    0.07768481,
    -0.07109139,
    0.024317304,
    -0.025165962,
    -0.033848383,
    0.018246138,
    0.0022358864,
    0.017936053,
    0.0021869254,
    0.13291284,
    0.021755012,
    0.034566477,
    0.004634976,
    -0.030094704,
    -0.06985105,
    -0.056044042,
    0.06808845,
    0.034762323,
    -0.026112542,
    -0.005414272,
    -0.011016228,
    -0.036329072,
    0.07957797,
    0.043640584,
    -0.011236553,
    0.06394309,
    0.03952786,
