{
  "chunk_index": 75,
  "token_start": 33750,
  "token_end": 34250,
  "text": " dịch bệnh hoặc những khó khăn đặc biệt khác của xã hội để phạm tội;\n\ne) Dùng thủ đoạn tinh vi để phạm tội hoặc nhằm trốn tránh, che giấu tội phạm.\n\n2. Các tình tiết đã được Bộ luật này quy định là dấu hiệu định tội hoặc định khung hình phạt thì không được coi là tình tiết tăng nặng.\n\nĐiều 86. Quyết định hình phạt trong trường hợp pháp nhân thương mại phạm nhiều tội\n\nKhi xét xử cùng 01 lần pháp nhân thương mại phạm nhiều tội, Tòa án quyết định hình phạt đối với từng tội vàổng\n                                                                                                            t hợp hình phạt theo\nquy định sau đây:\n\n1.28 Đối với hình phạt chính:\n\na) Nếu các hình phạt đã tuyên cùng là phạt tiền thì các khoản tiền phạt được cộng lại thành hình phạt chung. Hình phạt tiền không tổng\nhợp với các hình phạt khác;\n\nb) Nếu các hình phạt đã tuyên là đình chỉ hoạt động có thời hạn và đình chỉ hoạt động vĩnh viễn trong cùng lĩnh vực hoặc hình phạt đã\ntuyên cùng là đình chỉ hoạt động vĩnh viễn trong cùng lĩnh vực thì hình phạt chung là đình chỉ hoạt động vĩnh viễn trong lĩnh vực đó;\n\nc)",
  "embedding": [
    -0.0007679642,
    -0.005842781,
    -0.030452808,
    -0.061655995,
    -0.0017567425,
    0.05058793,
    0.044647444,
    -0.07591316,
    0.01153705,
    0.0318285,
    -0.011216576,
    -0.032453816,
    0.0058349646,
    -0.07016027,
    -0.122061364,
    -0.14607343,
    0.10136346,
    -0.01946291,
    0.087293886,
    0.0029780597,
    -0.0008500367,
    0.10411484,
    0.11805935,
    -0.02044778,
    -0.05999891,
    0.07153596,
    -0.048899584,
    0.08416731,
    -0.03264141,
    -0.018196648,
    -0.04964996,
    -0.014304066,
    0.009309367,
    -0.0072536464,
    -0.009356266,
    -0.004568703,
    0.03855063,
    0.015554694,
    0.025950545,
    -0.070035204,
    -0.04424099,
    -0.06547041,
    0.049900085,
    0.0008813024,
    0.029514838,
    0.04198986,
    0.0059639355,
    0.120498076,
    -0.05518399,
    0.0018700807,
    0.030874897,
    0.026482062,
    0.06790914,
    0.002348837,
    0.050369073,
    -0.14069574,
    0.018993923,
    -0.0031597915,
    -0.029718064,
    0.0061632544,
    0.013921061,
    -0.028248576,
    0.034454823,
    -0.03920721,
    -0.023308592,
    -0.029217813,
    0.04261517,
    -0.034204695,
    0.048461862,
    0.003202782,
    -0.11956011,
    -0.0023038925,
    0.011185311,
    0.0559969,
    0.1265011,
    -0.017977787,
    -0.027513832,
    -0.020822968,
    0.049274772,
    -0.003165654,
    0.09060805,
    0.02620067,
    0.004353751,
    -0.020182021,
    0.024965676,
    0.04736756,
    -0.072223805,
    0.022870872,
    -0.020979296,
    0.060718022,
    0.033172928,
    0.0029624267,
    0.024105867,
    -0.026591493,
    0.007019154,
    -0.020838602,
    0.00091403374,
    0.0051979255,
    -0.02679472,
    0.0038828114,
    0.00069615076,
    -0.05512146,
    0.04971249,
    0.02887389,
    0.024402892,
    -0.00044920042,
    -0.048274267,
    -0.011888789,
    0.010653793,
    0.034142163,
    0.026231937,
    0.051244512,
    -0.018118484,
    -0.061718527,
    0.033235457,
    0.005010331,
    0.03914468,
    -0.023933906,
    -0.0056630033,
    -0.030937428,
    -0.047054905,
    0.025888015,
    -0.051963624,
    -0.00691754,
    -0.036612157,
    -0.033766974,
    0.005260457,
    -0.013420809,
    -0.115307964,
    0.0020869866,
    -0.008254149,
    -0.050275274,
    0.02620067,
    -0.0076679173,
    -0.036831014,
    -0.019791199,
    0.02105746,
    -0.018227912,
    -0.014976279,
    0.06218751,
    -0.042896565,
    -0.011677746,
    0.026263203,
    0.07910226,
    -0.0019531304,
    -0.0010855066,
    0.03536153,
    -0.0025540183,
    0.034454823,
    0.031797234,
    0.053214252,
    0.010474015,
    -0.012396857,
    0.005917037,
    -0.0017030046,
    -0.024324728,
    -0.037550125,
    0.03951987,
    0.016211275,
    0.025340864,
    0.04189606,
    0.048774518,
    -0.03314166,
    -0.07710126,
    0.01405394,
    0.008371396,
    -0.0019345663,
    0.09323437,
    -0.059561193,
    -0.03062477,
    0.035799246,
    -0.032829005,
    -0.023324225,
    -0.020822968,
    -0.031312615,
    -0.0043420265,
    0.02504384,
    -0.032391284,
    -0.03417343,
    -0.09285918,
    0.017461903,
    0.046398323,
    0.022792708,
    0.014937197,
    0.0037440697,
    -0.0023351582,
    -0.06312548,
    0.034642413,
    0.040207714,
    0.06021777,
    -0.10311434,
    0.0296868,
    -0.003331753,
    0.07572557,
    -0.025340864,
    0.013498973,
    0.024996942,
    0.00072692794,
    0.025622256,
    -0.014038308,
    -0.007765623,
    0.016008047,
    0.033172928,
    0.0044866307,
    0.002294122,
    -0.018853229,
    0.034579884,
    0.013061253,
    -0.0319223,
    -0.038644426,
    0.023652514,
    -0.047054905,
    -0.0035213016,
    -0.019759934,
    -0.0022120494,
    0.03892582,
    -0.03379824,
    -0.03733127,
    0.019400377,
    3.75555e-05,
    0.0054871333,
    -0.045741744,
    0.002548156,
    0.03117192,
    0.0026341367,
    -0.042083655,
    0.02871756,
    -0.026216304,
    -0.0030738108,
    -0.015359283,
    0.023652514,
    0.017852725,
    -0.026982315,
    0.013498973,
    -0.005639554,
    -0.01865,
    0.031656537,
    -0.002931161,
    0.0449601,
    0.04964996,
    0.06168726,
    -0.0058310563,
    0.017633865,
    0.015890801,
    0.0126079,
    -0.0059952014,
    0.031484578,
    -0.028842624,
    0.028451802,
    0.0076483763,
    -0.08466756,
    0.007734357,
    -0.005698177,
    -0.019619238,
    0.0068002935,
    -0.00073816406,
    0.0086762365,
    0.04336555,
    -0.0060381917,
    0.03920721,
    0.05884208,
    -0.030640403,
    0.019150252,
    -0.0461482,
    0.078727074,
    0.053683236,
    0.024449792,
    -0.025622256,
    -0.033860773,
    -0.019275315,
    0.034736212,
    0.006972255,
    0.01580482,
    0.0020361799,
    0.07766404,
    0.019994427,
    0.011966953,
    -0.01096645,
    -0.02269891,
    0.034579884,
    -0.075975694,
    0.024465423,
    0.015218588,
    -0.028529968,
    -0.042521376,
    0.046679717,
    0.043553144,
    -0.00047900056,
    -0.018790696,
    0.017274309,
    0.024340361,
    0.012326509,
    0.0031734703,
    0.014483844,
    -0.03920721,
    -0.089482486,
    0.020291451,
    -0.007863328,
    -0.012287427,
    -0.010020662,
    -0.029452305,
    -0.039238475,
    0.0101300925,
    0.021276321,
    -0.04023898,
    0.042052392,
    0.0018270904,
    -0.005182293,
    -0.070848115,
    0.03970746,
    -0.007871144,
    0.030937428,
    0.036455825,
    0.0015417907,
    0.09504778,
    0.034423556,
    0.031891033,
    0.013452075,
    -0.08122833,
    -0.023652514,
    -0.0011617168,
    0.03708114,
    -0.017743295,
    0.008090004,
    -0.07134837,
    -0.0077968882,
    0.046335794,
    0.03279774,
    -0.019322213,
    0.0922964,
    0.0050142393,
    -0.015523429,
    0.11130595,
    0.0128423935,
    -0.064344846,
    -0.050712995,
    -0.05665348,
    0.008269782,
    -0.07391216,
    0.007734357,
    -0.07553797,
    -0.03204736,
    8.042373e-05,
    0.024590487,
    0.070848115,
    -0.033454318,
    0.046773512,
    -0.019400377,
    0.056841075,
    0.023887008,
    -0.0064602788,
    0.007171574,
    0.12012289,
    0.04686731,
    0.08435491,
    0.05912347,
    -0.023605617,
    -0.004752389,
    -0.019103354,
    -0.029389774,
    -0.0035017603,
    -0.028467435,
    0.029608635,
    -0.015992414,
    -0.039238475,
    -0.048680723,
    -0.01578137,
    0.058466893,
    -0.0932969,
    -0.04964996,
    0.0017801918,
    0.03029648,
    0.059092205,
    -0.078727074,
    0.036612157,
    -0.0319223,
    -0.0069331727,
    -0.022183027,
    -0.009317184,
    -0.0208855,
    -0.031797234,
    0.09323437,
    -0.027873388,
    -0.020088224,
    -0.04220872,
    0.008918546,
    -0.0066400566,
    0.044272255,
    -0.016867854,
    -0.02055721,
    -0.006929265,
