{
  "chunk_index": 68,
  "token_start": 30600,
  "token_end": 31100,
  "text": ", 193, 194,\n195, 196, 200, 203, 209, 210, 211, 213, 216, 217, 225, 226, 227, 232, 234, 235, 237, 238, 239, 242, 243, 244, 245, 246, 300 và 324 của\nBộ luật này.\n\nĐiều 77. Phạt tiền\n\n1. Phạt tiền được áp dụng là hình phạt chính hoặc hình phạt bổ sung đối với pháp nhân thương mại phạm tội.\n\n2. Mức tiền phạt được quyết định căn cứ vào tính chất, mức độ nguy hiểm của tội phạm và có xét đến tình hình tài chính của pháp nhân\nthương mại phạm tội, sự biến động của giá cả nhưng không được thấp hơn 50.000.000 đồng.\n\nĐiều 78. Đình chỉ hoạt động có thời hạn\n\n1. Đình chỉ hoạt động có thời hạn là tạm dừng hoạt động của pháp nhân thương mại trong một hoặc một số lĩnh vực mà pháp nhân\nthương mại phạm tội gây thiệt hại đến tính mạng, sức khỏe con người, môi trường hoặc an ninh, trật tự, an toàn xã hội và hậu quả gây\nra có khả năng khắc phục trên thực tế.\n\n2. Thời hạn đình chỉ hoạt động từ 06 tháng đến 03 năm.\n\nĐiều 79. Đình chỉ hoạt động vĩnh viễn\n\n1. Đình chỉ hoạt",
  "embedding": [
    -0.00040156508,
    0.041306123,
    -0.0757546,
    -0.047362648,
    -0.0015882349,
    0.057296626,
    0.11267055,
    -0.021293964,
    0.015910389,
    0.03409598,
    -0.10504381,
    -0.028215704,
    0.0045423917,
    -0.08152272,
    -0.052329637,
    -0.16291726,
    0.09959615,
    -0.032766107,
    0.12779583,
    -0.0028159625,
    0.015686072,
    0.098250255,
    0.09754526,
    -0.091648966,
    -0.056944128,
    0.092161685,
    -0.04060113,
    0.09754526,
    -0.03557005,
    -0.018650243,
    -0.05707231,
    0.066525616,
    -0.0033907713,
    -0.006865661,
    -0.011335951,
    -0.011311918,
    -0.005267412,
    0.015806243,
    0.035185512,
    -0.04165862,
    -0.006625323,
    -0.024754833,
    0.034961198,
    0.0037973435,
    -0.0033887685,
    -0.010430678,
    -0.004826792,
    0.051143967,
    -0.022896219,
    -0.049733985,
    0.03864638,
    0.0017975294,
    0.10010887,
    -0.033006445,
    0.050663292,
    -0.16048183,
    0.03806957,
    0.0019427338,
    -0.015742151,
    0.056175046,
    -0.0021350044,
    -0.02800741,
    0.010863286,
    -0.05412416,
    -0.0264372,
    -0.04252384,
    0.09113625,
    0.041434307,
    0.019932048,
    -0.030891469,
    -0.11766958,
    0.025091307,
    0.0037072166,
    0.0564955,
    0.041947026,
    -0.019980116,
    -0.03643527,
    -0.032878265,
    0.05367553,
    -0.0152454525,
    0.002021845,
    -0.016647426,
    -0.0031384162,
    -0.027510712,
    0.031163853,
    0.026421178,
    -0.023440985,
    0.006032489,
    0.046978105,
    0.014179953,
    0.041049764,
    0.01792923,
    0.024065865,
    0.06386587,
    0.0037933378,
    -0.0014920996,
    -0.01289815,
    0.01704799,
    0.0114481095,
    0.0075546307,
    -0.0052714176,
    -0.073511444,
    0.028904673,
    -0.002171055,
    0.019034784,
    0.016439132,
    -0.066461526,
    -0.04316474,
    0.036563452,
    0.03989614,
    0.022511678,
    0.045279715,
    -0.00058382156,
    -0.10542835,
    0.021550326,
    0.0039936197,
    0.03906297,
    -0.020540904,
    -0.0068937005,
    -0.0285682,
    -0.026212886,
    0.035217557,
    -0.022127137,
    0.027142193,
    -0.0076747998,
    -0.06812787,
    0.01736844,
    -0.0072702304,
    -0.13446121,
    0.015990501,
    0.013931604,
    -0.08056136,
    0.03409598,
    -0.007414433,
    -0.067551054,
    0.019034784,
    0.05146442,
    -0.0097336965,
    -0.020188408,
    0.037652984,
    -0.033775527,
    0.016318964,
    0.015974479,
    0.051688734,
    -0.00906075,
    -0.07504961,
    0.070563294,
    -0.0033006445,
    0.022255316,
    -0.015726129,
    0.040056366,
    -0.026084706,
    -0.011079591,
    0.04146635,
    -0.0019076844,
    -0.04021659,
    -0.03906297,
    0.06934558,
    0.02050886,
    0.03989614,
    0.02201498,
    0.022896219,
    -0.022639858,
    -0.035473917,
    0.0013619164,
    0.036819812,
    -0.03694799,
    0.041498397,
    -0.03399984,
    -0.08222771,
    0.063897915,
    -0.025652098,
    -0.023152579,
    -0.007017875,
    -0.03736458,
    0.00023983749,
    0.023104511,
    -0.029930117,
    -0.009845855,
    -0.06793559,
    0.018890582,
    -0.020861356,
    0.09132852,
    0.026597427,
    -0.0041218,
    0.021678505,
    -0.040569086,
    0.041947026,
    0.0035529996,
    0.056271184,
    -0.036563452,
    -0.004330093,
    0.009349156,
    0.05460484,
    -0.019916026,
    -0.035762325,
    0.01699992,
    0.0048027583,
    0.016214818,
    0.001845597,
    -0.03794139,
    0.04063318,
    0.026533337,
    0.010927376,
    -0.010534824,
    -0.03303849,
    0.010598915,
    0.013002296,
    -0.031804755,
    -0.04028068,
    0.02938535,
    -0.027735028,
    -0.013178544,
    0.025011195,
    -0.0098057985,
    0.09004671,
    -0.03435234,
    -0.038197752,
    0.015758174,
    0.018457973,
    0.043324966,
    -0.066525616,
    0.002393368,
    0.05438052,
    0.02491506,
    -0.013667232,
    0.019130921,
    -0.0061246185,
    -0.0072021345,
    0.009885911,
    0.040504996,
    0.050599203,
    -0.0434211,
    0.006380979,
    -0.021886798,
    -0.013498995,
    0.046849925,
    0.02014034,
    0.031163853,
    0.037973434,
    0.033647347,
    0.004506341,
    -0.021726573,
    -0.018698312,
    0.0026737624,
    0.008459904,
    0.023553142,
    0.036339134,
    0.011688448,
    0.018698312,
    -0.037717074,
    0.0062047313,
    -3.8022252e-05,
    -0.028263772,
    0.0026517315,
    0.008956604,
    -0.0004055707,
    0.033262808,
    0.0066333343,
    0.059379555,
    0.05133624,
    -0.032814175,
    -0.007863064,
    -0.03598664,
    0.038486157,
    0.03637118,
    0.045696303,
    -0.011432087,
    -0.0037452702,
    0.026773674,
    0.041049764,
    -0.026405156,
    0.0285682,
    -0.015437723,
    0.09344349,
    0.025956525,
    0.0061446466,
    0.0071821064,
    -0.025491871,
    -0.021678505,
    -0.089341715,
    -0.013683255,
    -0.023248715,
    -0.009950002,
    0.012673834,
    -0.013659221,
    0.013002296,
    0.0016433124,
    0.0104547115,
    0.003571025,
    -0.01743253,
    0.05530983,
    -0.013322747,
    -0.028728426,
    -0.047971502,
    -0.060308866,
    0.011816628,
    0.010542835,
    0.0045023356,
    -0.02403382,
    1.2588026e-05,
    -0.022447588,
    0.026052661,
    -0.013050364,
    -0.008135448,
    -0.07543415,
    -0.017672868,
    -0.03694799,
    -0.08395814,
    -0.01409183,
    -0.0064851255,
    0.0030062303,
    -0.0005908314,
    -0.014276089,
    0.021918843,
    0.055149604,
    0.013082409,
    0.032253385,
    -0.054893244,
    -0.015638005,
    0.027831163,
    0.11747731,
    -0.050919652,
    0.01472472,
    -0.019867957,
    0.0034428446,
    0.06876877,
    0.033070534,
    0.033519167,
    0.032189295,
    -0.0042619975,
    0.0065972833,
    0.117220946,
    0.0009688634,
    -0.02919308,
    -0.040857494,
    -0.030763289,
    0.038101614,
    -0.034384385,
    -0.03720435,
    -0.07697231,
    -0.015189374,
    -0.073062815,
    -0.07453688,
    0.073383264,
    -0.0020498845,
    0.014043761,
    -0.01932319,
    0.02358519,
    -0.03563414,
    0.069794215,
    0.036467314,
    0.058161844,
    0.00038704462,
    0.047330603,
    0.06601289,
    -7.009864e-05,
    0.019531485,
    -0.0049790065,
    -0.053707574,
    0.0066653793,
    0.002503523,
    0.038550247,
    0.020556927,
    -0.104402915,
    -0.024658699,
    -0.021486234,
    0.05688004,
    -0.07569051,
    -0.01201691,
    0.030346703,
    -0.045151535,
    0.04233157,
    -0.13458939,
    0.020925445,
    -0.03202907,
    -0.055085514,
    -0.00026261955,
    -0.008159482,
    -0.01887456,
    0.0044222227,
    0.061526578,
    -0.028856605,
    0.026581405,
    -0.029145012,
    0.007895109,
    -0.016455155,
    -0.02888865,
    0.0992757,
    -0.0014320151,
    0.020044206,
    0.010550846,
    0.0002240653,
    -0.05021466,
    0.07556233,
    0.018265704,
    -0.013490984,
    0.067230605,
