{
  "chunk_index": 527,
  "token_start": 237150,
  "token_end": 237650,
  "text": "a) Có tổ chức;\n\nb) Phạm tội 02 lần trở lên;\n\nc) Làm từ 02 con dấu, tài liệu hoặc giấy tờ khác đến 05 con dấu, tài liệu hoặc giấy ờt khác;\n\nd) Sử dụng con dấu, tài liệu hoặc giấy tờ khác thực hiện tội phạm ít nghiêm trọng hoặc tội phạm nghiêm trọng;\n\nđ) Thu lợi bất chính từ 10.000.000 đồng đến dưới 50.000.000 đồng;\n\ne) Tái phạm nguy hiểm.\n\n3. Phạm tội thuộc một trong các trường hợp sau đây, thì bị phạt tù từ 03 năm đến 07 năm:\n\na) Làm 06 con dấu, tài liệu hoặc giấy tờ khác trở lên;\n\nb) Sử dụng con dấu, tài liệu hoặc giấy tờ khác thực hiện tội phạm rất nghiêm trọng hoặc tội phạm đặc biệt nghiêm trọng;\n\nc) Thu lợi bất chính 50.000.000 đồng trở lên.\n\n4. Người phạm tội còn có thể bị phạt tiền từ 5.000.000 đồng đến 50.000.000 đồng.\n\nĐiều 342. Tội chiếm đoạt, mua bán, tiêu hủy con dấu, tài liệu của cơ quan, tổ chức\n\n1. Người nào chiếm đoạt, mua bán hoặc tiêu hủy trái phép con dấu, tài liệu của cơ quan, tổ chức không thuộc tài liệu bí m",
  "embedding": [
    -6.685317e-05,
    -0.08214918,
    -0.108923726,
    -0.10393393,
    -6.3465945e-05,
    0.035050318,
    0.060516562,
    -0.095901564,
    0.029254237,
    -0.00485669,
    -0.1173212,
    0.00257667,
    -0.0005234158,
    -0.016916646,
    -0.09766625,
    -0.16381155,
    0.05199739,
    0.0017104904,
    0.08932963,
    -0.0037081228,
    -0.00374045,
    0.10551606,
    0.11859908,
    -0.026835399,
    -0.069127016,
    0.06991808,
    -0.03608479,
    0.027230931,
    0.08421812,
    0.013942542,
    -0.0366933,
    -0.033316057,
    -0.015334514,
    -0.0032003953,
    -0.003768974,
    0.0027078805,
    0.040557355,
    0.00075588655,
    0.018605268,
    -0.07143936,
    -0.018437928,
    0.0022781184,
    0.06790999,
    0.002709782,
    0.06937042,
    0.014125096,
    -0.0056933947,
    0.08336621,
    -0.024234008,
    -0.022286769,
    0.03013658,
    0.0439346,
    -0.015091109,
    0.0005571692,
    0.0561657,
    -0.07271724,
    0.07624661,
    -0.0013938738,
    -0.038823094,
    0.04311311,
    0.013972967,
    0.039827142,
    0.013052592,
    -0.03398542,
    -0.010397957,
    -0.0463078,
    0.05659166,
    -0.067240626,
    0.020902403,
    -0.038731817,
    -0.109532245,
    -0.13289912,
    -0.003765171,
    0.018742183,
    0.06480657,
    -0.023062622,
    -0.009911147,
    0.012603814,
    0.040496502,
    0.007035925,
    0.0037898917,
    0.02179996,
    0.012596208,
    -0.06748403,
    0.02050687,
    0.11056671,
    0.022864856,
    0.027139656,
    -0.00971338,
    0.062098697,
    0.032403287,
    0.09894413,
    0.04210906,
    0.029497642,
    0.0015612148,
    -0.008808218,
    -0.023884114,
    0.016521113,
    0.002519622,
    -0.005282649,
    0.029664982,
    -0.009987211,
    0.08336621,
    0.011584556,
    -0.028858703,
    -0.032555416,
    0.01515196,
    0.037575644,
    -0.00436988,
    0.025420608,
    0.003932512,
    -0.011508492,
    -0.044543114,
    -0.07533384,
    0.014383713,
    0.024553478,
    0.045547158,
    -0.04296098,
    -0.006625179,
    -0.08421812,
    -0.00746949,
    0.034989465,
    -0.02175432,
    0.0526059,
    0.011265087,
    -0.070100635,
    -0.04852887,
    -0.029132534,
    -0.051541004,
    -0.005111505,
    0.033681165,
    -0.06419806,
    -0.015288875,
    0.0050658663,
    -0.09480624,
    0.013029773,
    -0.009865508,
    0.010162158,
    -0.023488581,
    0.044238854,
    -0.04703801,
    -0.027778594,
    0.013029773,
    -0.040983316,
    -0.0022343816,
    -0.0027858461,
    0.023290815,
    0.033954997,
    0.008846249,
    -0.0064806575,
    0.015319301,
    -0.017920692,
    0.0010287664,
    -0.01379802,
    -0.031368818,
    -0.013326422,
    -0.046003543,
    0.046825033,
    -0.001178042,
    0.014132702,
    0.064684875,
    0.02272794,
    -0.042048212,
    -0.054644417,
    -0.003730942,
    0.029102108,
    -0.014923768,
    0.034989465,
    -0.046885885,
    -0.020643786,
    0.0026013907,
    0.0037480565,
    -0.0378799,
    0.020658998,
    -0.0009973899,
    0.030699454,
    -0.015973452,
    0.0035864203,
    -0.016947072,
    -0.019913571,
    0.011865993,
    0.022530174,
    0.101256475,
    -0.0014813475,
    -0.030532112,
    -0.019107291,
    -0.036480322,
    0.011371576,
    0.013813233,
    0.043691196,
    -0.0067050466,
    0.022621451,
    -0.026576782,
    0.029467216,
    0.0019377319,
    -0.000517711,
    0.03057775,
    -0.0046893493,
    0.08494834,
    -0.023199538,
    0.03684543,
    0.028478382,
    0.05929954,
    -0.008100822,
    -0.016429836,
    -0.010162158,
    -0.018924737,
    0.016490687,
    0.029832324,
    -0.016825369,
    -0.0060128635,
    -0.09425858,
    -0.03246414,
    0.0024891964,
    0.021221872,
    0.04073991,
    -0.023792837,
    -0.019685378,
    -0.00167436,
    -0.020795913,
    -0.002409329,
    -0.021526128,
    -0.017083988,
    0.025724864,
    -0.026074758,
    0.020643786,
    0.0010648968,
    0.0068115364,
    0.008526781,
    0.008032365,
    0.05914741,
    0.00378799,
    -0.03441138,
    0.0149618,
    -0.02283443,
    0.003228919,
    0.054766122,
    0.0037062212,
    0.048954826,
    0.009454763,
    0.10941054,
    -0.0033848505,
    -0.02056772,
    0.020811126,
    -0.022530174,
    -0.032555416,
    0.009378699,
    -0.012885251,
    0.055891868,
    0.0069826804,
    -0.047250994,
    -0.004674136,
    0.024218796,
    -0.015387759,
    0.00031923133,
    -0.0305169,
    0.005796081,
    -0.02759604,
    0.0075835865,
    0.013706743,
    0.052697178,
    -0.14080979,
    0.013242752,
    -0.043965027,
    0.029969238,
    -0.039309904,
    0.045760136,
    0.02266709,
    0.033681165,
    0.013972967,
    0.0586606,
    0.044117153,
    0.035750106,
    0.025466247,
    0.046368647,
    0.039462034,
    -0.010238222,
    -0.007332575,
    0.011865993,
    0.031794775,
    -0.025420608,
    -0.019228993,
    -0.010938011,
    0.023884114,
    0.0056553627,
    0.031186264,
    0.16442007,
    0.005457596,
    0.027154868,
    -0.007941088,
    0.03310308,
    -0.021008892,
    0.037514795,
    0.019974422,
    0.049745895,
    -0.015927814,
    0.027778594,
    0.033681165,
    0.009439549,
    -0.018088033,
    0.026941888,
    -0.012109398,
    0.040983316,
    0.04877227,
    -0.03295095,
    0.0047882325,
    0.0020556313,
    -0.006864781,
    -0.0033239992,
    0.0063855774,
    -0.011934451,
    0.040618207,
    -0.0013349243,
    -0.03927948,
    0.03100371,
    0.011881205,
    -0.025527097,
    0.035963085,
    -0.042382892,
    0.0013672514,
    0.019350696,
    0.07691597,
    -0.054735694,
    0.048741847,
    0.019031227,
    0.052514624,
    0.03608479,
    0.071378514,
    0.0014880031,
    0.09955264,
    0.027945934,
    0.030273495,
    0.045760136,
    0.0006455937,
    0.0016334757,
    0.004000969,
    -0.063772105,
    0.08014109,
    0.0029988254,
    0.040679056,
    0.0005918734,
    -0.021374,
    0.00030805942,
    -0.0622204,
    -0.016049515,
    -0.02359507,
    0.035537127,
    -0.010314286,
    0.027261358,
    -0.038731817,
    0.015866963,
    -0.0489244,
    0.04983717,
    -0.0028485989,
    0.06876191,
    0.042930555,
    -0.041865658,
    0.026911464,
    0.12267611,
    -0.056348253,
    -0.012489718,
    -0.0025557524,
    0.0073249685,
    0.037910327,
    -0.00776614,
    -0.019563675,
    -0.009705774,
    0.027763382,
    0.0451212,
    -0.02668327,
    -0.017768564,
    -0.027017953,
    0.053549096,
    -0.04010097,
    0.08403557,
    -0.040344376,
    0.005662969,
    0.035354573,
    -0.018437928,
    -0.027063591,
    -0.014087063,
    0.096510075,
    -0.02840232,
    0.046338223,
    -0.01204094,
    -0.0015507559,
    -0.030927645,
    0.0052370103,
    0.052423347,
    0.015608344,
    0.047494397,
    0.012832006,
    -0.0022648072,
    0.017783776,
    0.024994649,
    -0.03355946,
    -0.01233759,
    0.09973519,
    0.011691046,
    -0.0632853,
