{
  "chunk_index": 582,
  "token_start": 261900,
  "token_end": 262400,
  "text": " hoặc phạt tù từ 03 tháng đến 01 năm.\n\n2. Người phạm tội còn có thể bị cấm đảm nhiệm chức vụ, cấm hành nghề hoặc làm công việc nhất định từ 01 năm đến 05 năm.\n\nĐiều 384. Tội mua chuộc hoặc cưỡng ép người khác trong việc khai báo, cung cấp tài liệu\n\n1. Người nào mua chuộc hoặc cưỡng ép người làm chứng, người bị hại, đương sự trong các vụ án hình sự, hành chính, dân sự        397 khai\nbáo gian dối, cung cấp tài liệu sai sự thật hoặc không khai báo, không cung cấp tài liệu; mua chuộc hoặc cưỡng ép người giám định,\nngười định giá tài sản kết luận gian dối, người phiên dịch, người dịch thuật dịch xuyên tạc, thì bị phạt cải tạo không giam giữ đến 03\nnăm hoặc phạt tù từ 03 tháng đến 03 năm.\n\n2. Phạm tội thuộc một trong các trường hợp sau đây, thì bị phạt tù từ 02 năm đến 07 năm:\n\na) Dùng vũ lực, đe dọa dùng vũ lực hoặc dùng thủ đoạn nguy hiểm khác;\n\nb) Lợi dụng chức vụ, quyền hạn;\n\nc) Dẫn đến việc giải quyết vụ án, vụ việc bị sai lệch.\n\nĐiều 385. Tội vi phạm việ",
  "embedding": [
    -0.00022597505,
    0.02248084,
    -0.14699386,
    -0.15218799,
    -0.0005361518,
    0.045578483,
    0.054246187,
    -0.009032915,
    0.034216326,
    0.16179712,
    -0.11433577,
    0.0032747362,
    0.0067685996,
    -0.010388259,
    -0.059050757,
    -0.09829889,
    0.032512,
    0.08304114,
    0.08726137,
    0.0048979013,
    -0.017627576,
    0.041488107,
    0.16205683,
    -0.04564341,
    -0.022188671,
    0.19062454,
    -0.033096343,
    -0.018374233,
    0.011053756,
    0.025142832,
    -0.00947117,
    -0.044701975,
    -0.03934553,
    -0.0039767553,
    -0.0015278044,
    -0.020468116,
    0.060576532,
    0.0030738695,
    -0.0084323445,
    -0.020013629,
    -0.0017570765,
    -0.0053848512,
    0.06843265,
    -0.0011788239,
    -0.011938381,
    -0.010980714,
    -0.023600824,
    0.055966742,
    -0.044215024,
    -0.035287615,
    0.017221784,
    0.0447669,
    -0.025646012,
    0.012206203,
    0.096221246,
    -0.08446953,
    0.023048948,
    -0.018877413,
    0.026960777,
    0.020744054,
    0.016751066,
    0.05223346,
    0.042234764,
    -0.024526028,
    -0.020078555,
    -0.038923506,
    -0.009885077,
    -0.055414867,
    0.009195232,
    -0.03150564,
    -0.08609269,
    -0.02767497,
    -0.009755224,
    0.025402538,
    -8.978134e-05,
    -0.021685489,
    -0.016572518,
    -0.012668806,
    0.05223346,
    0.029947402,
    0.014227045,
    0.048467718,
    -0.003891539,
    -0.1014803,
    0.0054173144,
    0.13517721,
    -0.061031017,
    0.008054958,
    -0.0050480445,
    0.067263976,
    0.015217176,
    0.105960235,
    0.017838588,
    -0.010315216,
    0.012636342,
    0.018390464,
    -0.02442864,
    0.0020857675,
    -0.009844498,
    -0.0148195,
    -0.0037454541,
    -0.0032199542,
    0.04875989,
    0.046552382,
    0.015980063,
    -0.008310607,
    -0.020289566,
    0.041553035,
    0.025370074,
    -0.008610892,
    -0.0061761444,
    -0.0060260016,
    -0.035514858,
    -0.057557445,
    -0.0276912,
    0.044929218,
    -0.020192178,
    -0.020516811,
    0.009852614,
    0.011272883,
    0.0052063027,
    0.0392806,
    -0.01633716,
    0.012149393,
    0.003232128,
    -0.046552382,
    -0.0153064495,
    0.011451432,
    -0.04986364,
    0.038501482,
    0.012896049,
    -0.067069195,
    -0.020922601,
    0.0076248194,
    -0.020581737,
    0.009544212,
    0.019964933,
    0.046552382,
    -0.032171138,
    0.048824813,
    -0.031197239,
    -0.023341117,
    0.012490258,
    -0.02748019,
    -0.04908452,
    -0.009511749,
    0.0037758884,
    0.047915842,
    -0.0032402438,
    -0.0064764298,
    0.0351253,
    0.025288917,
    -0.0043825465,
    -0.037138022,
    -0.027252946,
    0.014064728,
    -0.036651075,
    0.07167898,
    0.029233208,
    0.007555835,
    0.01300967,
    0.020744054,
    -0.12095828,
    0.03160303,
    0.036423832,
    0.05674586,
    -0.034151398,
    0.037949607,
    -0.02325996,
    -0.021766648,
    0.045968045,
    0.022415914,
    -0.018276842,
    -0.008233506,
    0.011581285,
    0.008610892,
    -0.007730325,
    -0.03759251,
    -0.020516811,
    -0.009714644,
    0.013391115,
    -0.01575282,
    0.049409155,
    -0.018179452,
    -0.016718604,
    0.022756778,
    -0.041845202,
    0.017919745,
    0.024201395,
    0.034703277,
    -0.019104656,
    0.06674456,
    0.03346967,
    0.03350213,
    -0.009454939,
    0.040189575,
    0.02325996,
    -0.015598619,
    0.06823787,
    -0.035969343,
    0.004128927,
    0.006886279,
    0.08518372,
    -0.0054700673,
    -0.019932471,
    -0.007081059,
    0.032025054,
    0.026765997,
    0.02483443,
    -0.031051153,
    -0.016751066,
    -0.007600472,
    -0.025938183,
    0.012547068,
    0.04762367,
    0.042754177,
    -0.038891044,
    -0.022464609,
    0.03661861,
    -0.06534864,
    -0.056129057,
    -0.008830019,
    0.016864689,
    0.012587648,
    -0.0068335263,
    0.03691078,
    -0.0032118384,
    -0.0020664923,
    0.020111019,
    -0.0031753173,
    0.03924814,
    0.043598223,
    -0.048435256,
    -0.008237564,
    0.0124415625,
    0.010298984,
    0.0934294,
    -0.024639651,
    0.03071029,
    0.07602907,
    0.12219189,
    -0.012839238,
    -0.014535446,
    0.025370074,
    -0.054927915,
    -0.028080761,
    0.004930365,
    -0.024282554,
    -0.01575282,
    -0.009836382,
    -0.09109204,
    -0.013764442,
    -0.008489155,
    -0.034021545,
    0.038955968,
    -0.0042892145,
    0.026912082,
    0.016613098,
    0.013610242,
    0.04739643,
    0.015054859,
    -0.0966108,
    0.014194581,
    -0.025759634,
    0.02601934,
    0.021815343,
    0.08200231,
    0.003512124,
    -0.0058352794,
    -0.0124415625,
    0.057297736,
    -0.001355343,
    0.034800667,
    0.010810281,
    0.04681209,
    0.029687695,
    0.013740095,
    0.0036318325,
    -0.012693153,
    -0.0051778974,
    -0.042234764,
    -0.019964933,
    -0.0041329847,
    0.023892995,
    0.027821055,
    -0.024266323,
    0.10394751,
    0.036683537,
    -0.009097842,
    -0.0241527,
    0.03139202,
    -0.04074145,
    -0.006147739,
    -0.022464609,
    -0.0077911937,
    0.15166858,
    0.023000253,
    0.03778729,
    0.027902212,
    0.021701721,
    0.008034669,
    -0.025483696,
    0.06862743,
    0.008789441,
    -0.05431111,
    0.0476886,
    -0.018341769,
    0.056064133,
    -0.01633716,
    0.06531618,
    -0.06340084,
    0.04418256,
    0.040416818,
    0.0009221608,
    -0.017838588,
    0.0043947203,
    0.052655485,
    -6.200999e-05,
    -0.0055065886,
    -0.042137373,
    -0.001476066,
    0.09687051,
    0.014170234,
    0.02621412,
    -0.014300087,
    0.027756128,
    0.05661601,
    0.034898054,
    0.031002458,
    0.08232695,
    0.00082679983,
    0.050318126,
    -0.0028872055,
    0.023308655,
    0.0013005612,
    -0.030677825,
    -0.019396827,
    0.06340084,
    0.0012772282,
    0.023373581,
    -0.051584195,
    -0.017789893,
    0.084599376,
    -0.051649123,
    0.026538754,
    -0.008562197,
    0.04427995,
    0.023811836,
    -0.02895727,
    -0.0050845654,
    0.050383054,
    -0.04778599,
    -0.03257693,
    -0.035969343,
    -0.049214374,
    0.018033367,
    0.012530836,
    0.010031162,
    0.06609529,
    -0.0692767,
    0.003335605,
    -0.04200752,
    0.061485503,
    -0.0006629616,
    0.000608687,
    -0.0035040083,
    -0.041098546,
    0.009227695,
    0.0773276,
    -0.0064033875,
    -0.02619789,
    -0.038046997,
    0.05320736,
    -0.03288533,
    0.08576806,
    -0.05710296,
    -0.047818452,
    0.013253145,
    0.019705229,
    -0.013415461,
    0.031099848,
    0.08667703,
    -0.028989734,
    0.02796714,
    -0.037332803,
    -0.020760285,
    0.0052387663,
    -0.02885988,
    0.04427995,
    0.03062913,
    -0.008375533,
    0.06895207,
    0.0003560819,
    -0.045870654,
    0.035352543,
    0.025824562,
    -0.011321578,
    0.051486805,
