{
  "chunk_index": 559,
  "token_start": 251550,
  "token_end": 252050,
  "text": "000.000 đồng.\n\nChương XXIV\n\n                                              CÁC TỘI XÂM PHẠM HOẠT ĐỘNG TƯ PHÁP\n\nĐiều 367. Khái niệm tội xâm phạm hoạt động tư pháp\n\nCác tội xâm phạm hoạt động tư pháp là những hành vi xâm phạm sự đúng đắn của hoạt động tố tụng và thi hành án.\n\nĐiều 368. Tội truy cứu trách nhiệm hình sự người không có tội\n\n1. Người nào có thẩm quyền mà truy cứu trách nhiệm hình sự người mà mình biết rõ là không có tội, thì bị phạt tù từ 01 năm đến 05\nnăm.\n\n2. Phạm tội thuộc một trong các trường hợp sau đây, thì bị phạt tù từ 05 năm đến 10 năm:\n\na) Truy cứu trách nhiệm hình sự về tội xâm phạm an ninh quốc gia hoặc tội khác là tội phạm đặc biệt nghiêm trọng;\n\nb) Đối với từ 02 người đến 05 người;\n\nc) Đối với người dưới 18 tuổi, phụ nữ mà biết là có thai, người già yếu;\n\nd) Gây rối loạn tâm thần và hành vi của nạn nhân mà tỷ lệ tổn thương cơ thể từ 31% đến 60%372;\n\nđ) Dẫn đến việc kết án oan người vô tội về tội phạm ít nghiêm trọng hoặc tội phạm nghiêm trọng",
  "embedding": [
    -0.000506332,
    0.103410415,
    -0.06328518,
    -0.096499786,
    -0.0023035433,
    0.055565197,
    0.012023562,
    -0.03623411,
    0.021416726,
    0.0757679,
    -0.00373353,
    -0.008179135,
    0.009253084,
    0.0011838734,
    -0.102663316,
    -0.14705321,
    0.12874939,
    0.006603231,
    0.08722335,
    -0.0068444805,
    -0.010218082,
    0.01951786,
    0.16137254,
    -0.028981064,
    0.014661741,
    0.12700617,
    -0.03383718,
    0.026646392,
    0.05425778,
    -0.056561325,
    -0.015486659,
    -0.042740066,
    0.028467435,
    0.071036294,
    0.0010506025,
    -0.02670865,
    0.003167372,
    0.0018152077,
    0.011276467,
    0.021167694,
    -0.04283345,
    -0.013222027,
    0.067736626,
    -0.00802349,
    -0.02910558,
    -0.08242949,
    0.0012908792,
    0.079067566,
    -0.058615837,
    -0.035206858,
    0.038537655,
    0.020545116,
    0.06116841,
    0.010902919,
    0.0070117987,
    -0.1507887,
    -0.032778796,
    -0.006245248,
    -0.010295904,
    0.06512179,
    0.029090015,
    -0.04081007,
    -0.010288122,
    -0.027860422,
    -0.020607373,
    -0.031627025,
    0.06636695,
    -0.012794004,
    0.013424365,
    -0.022319466,
    -0.07016468,
    0.0503044,
    -0.04927715,
    0.026288409,
    0.05251456,
    -0.04765844,
    -0.02014044,
    0.042771194,
    0.060047768,
    0.031486947,
    0.031907186,
    0.021930354,
    -0.020405035,
    -0.037946206,
    -0.009315342,
    0.071783386,
    0.049993113,
    0.017167622,
    -0.046444412,
    0.024887605,
    0.027097762,
    0.050833594,
    0.020498421,
    0.016171496,
    -0.0049028117,
    -0.00618299,
    -0.03688782,
    -0.025588008,
    -0.007844498,
    -0.0021498438,
    0.010669452,
    -0.04112136,
    0.06860823,
    0.069106296,
    -0.028047195,
    0.0107550565,
    -0.007727765,
    0.014155895,
    0.00030642573,
    -0.0020370015,
    -0.0046459977,
    0.068795,
    -0.0048677917,
    0.019362215,
    0.043269258,
    0.05254569,
    -0.005860027,
    0.098243006,
    0.01017917,
    0.020482857,
    -0.031486947,
    0.03744814,
    -0.010365944,
    0.028218403,
    -0.011432111,
    -0.04921489,
    -0.014420492,
    -0.01170449,
    -0.068732746,
    -0.0453549,
    -0.010786185,
    -0.031580333,
    -0.031004446,
    0.0025681395,
    -0.0816824,
    0.060203414,
    -0.014295976,
    0.018957539,
    -0.023673575,
    0.08099756,
    -0.04295797,
    -0.0017597592,
    0.023611318,
    -0.07128532,
    -0.023502367,
    -0.120718114,
    0.00034412096,
    -0.048218764,
    0.011922393,
    0.0058717006,
    0.026288409,
    -0.023564624,
    -0.038942333,
    0.013206462,
    -0.053884234,
    0.005918394,
    -0.0120780375,
    -0.019144312,
    0.0013151986,
    0.02400043,
    -0.012864044,
    0.032031704,
    -0.036420885,
    -0.0895269,
    0.00046571845,
    0.070849515,
    -0.046413284,
    0.055347294,
    -0.017074237,
    -0.10334816,
    0.019299956,
    -0.024545187,
    0.0017422491,
    0.024778655,
    -0.016373834,
    -0.032187346,
    -0.017338833,
    -0.054973748,
    -0.048841342,
    -0.017432218,
    0.017074237,
    -0.045759574,
    0.052390043,
    -0.039813943,
    0.002751022,
    -0.018459475,
    -0.024654139,
    0.013914647,
    0.072779514,
    0.034957826,
    -0.05699713,
    0.0071674436,
    -0.011432111,
    0.0766395,
    -0.025447927,
    0.018506167,
    0.00528025,
    -0.018070363,
    0.006109059,
    -0.016373834,
    0.03421073,
    -0.015681215,
    0.035269115,
    -0.021245517,
    -0.013805695,
    0.008630505,
    0.03333912,
    0.008708327,
    0.02754913,
    -0.020809712,
    0.031455815,
    0.05011763,
    -0.013618921,
    -0.050926983,
    0.009042963,
    0.029447999,
    -0.04354942,
    -0.050833594,
    0.03592282,
    -0.017868025,
    -0.0032315755,
    0.01094183,
    -0.04376732,
    0.029058887,
    -0.031767108,
    -0.013307631,
    0.001366756,
    0.0012792058,
    0.016233753,
    0.0025934316,
    0.041588295,
    0.035860565,
    -0.01632714,
    -0.018210443,
    0.018054798,
    -0.048747957,
    0.052763592,
    -0.03271654,
    0.029370176,
    0.034366373,
    0.084234975,
    -0.0019941991,
    0.017432218,
    0.056499068,
    -0.06929307,
    -0.038288623,
    -0.00026021866,
    -0.0056849266,
    0.03212509,
    -0.058086645,
    -0.054413427,
    -0.04227313,
    -0.013961339,
    -0.035518147,
    0.006342526,
    0.044794578,
    -0.010046872,
    -0.006303615,
    -0.019097619,
    0.11000975,
    0.014708434,
    0.019626811,
    0.010630541,
    -0.03548702,
    0.06141744,
    -0.031113397,
    0.095939465,
    0.0052179922,
    0.00073055783,
    0.02910558,
    -0.062475827,
    -0.032903314,
    0.0040662205,
    0.011805659,
    0.0683592,
    0.026381796,
    -0.0061285147,
    -0.004996198,
    0.020342777,
    0.006326962,
    -0.039347008,
    -0.025868168,
    0.04024975,
    0.04526151,
    0.009354253,
    -0.024638575,
    0.11891264,
    0.032747667,
    0.01538549,
    -0.01229594,
    0.009058528,
    0.05693487,
    0.04588409,
    0.007249157,
    -0.026786473,
    0.07956563,
    0.005027327,
    0.03125348,
    0.020716324,
    0.021370033,
    0.010762839,
    0.005821116,
    -0.005268577,
    0.0034300226,
    -0.024047123,
    0.032280736,
    0.023393415,
    0.034366373,
    -0.010770621,
    0.01677851,
    -0.035829436,
    0.028638646,
    -0.010218082,
    0.027798163,
    0.039222494,
    -0.0389112,
    -0.029058887,
    0.03548702,
    -0.042802323,
    -0.038257495,
    -0.009509898,
    0.05877148,
    0.016124802,
    0.0015204552,
    -0.002990326,
    0.013081946,
    0.08697432,
    0.038942333,
    -0.025058815,
    0.093698174,
    -0.00034752567,
    0.011011871,
    0.025728088,
    0.006334744,
    -0.033401377,
    -0.056966,
    -0.053915363,
    0.06400114,
    -0.008934013,
    0.008825061,
    -0.022397289,
    -0.038226366,
    0.15116224,
    0.04323813,
    0.07433596,
    -0.0062608127,
    0.052670203,
    0.034646533,
    -0.00096548424,
    -0.1229594,
    0.0094943335,
    -0.0014805712,
    0.043331515,
    0.065868884,
    0.06636695,
    0.04081007,
    0.012257029,
    0.019580116,
    0.032156218,
    0.07091177,
    0.00043750784,
    -0.06543308,
    0.034086213,
    0.022241643,
    -0.024420671,
    0.032623153,
    -0.03000832,
    -0.012070255,
    0.09207947,
    -0.035829436,
    -0.06618018,
    -0.071036294,
    0.011019653,
    -0.049028117,
    0.087721415,
    0.015782384,
    -0.0068872827,
    -0.0008234583,
    0.01580573,
    0.008350344,
    0.05338617,
    0.047689572,
    -0.0070429277,
    0.0070273634,
    -0.013159769,
    0.005101259,
    -0.03872443,
    -0.07763563,
    0.075643376,
    0.055440683,
    -0.0089884875,
    0.019751327,
    0.00070575194,
    -0.023611318,
    0.08747239,
    -0.033868313,
    0.005233557,
