{
  "chunk_index": 442,
  "token_start": 198900,
  "token_end": 199400,
  "text": " đến 03 năm:\n\na) Thu lợi bất chính từ 50.000.000 đồng đến dưới 200.000.000 đồng;\n\nb) Gây thiệt hại từ 100.000.000 đồng đến dưới 500.000.000 đồng;\n\nc) Làm tê liệt, gián đoạn, ngưng trệ hoạt động của mạng máy tính, mạng viễn thông, phươ\n                                                                                      ng tiện điện tử từ 30 phút đến dưới 24 giờ\nhoặc từ 03 lần đến dưới 10 lần trong thời gian 24 giờ;\n\nd) Làm đình trệ hoạt động của cơ quan, tổ chức từ 24 giờ đến dưới 72 giờ;\n\nđ) Đã bị xử phạt vi phạm hành chính về hành vi này hoặc đã bị kết án về tội này, chưa được xóa án tích mà còn vi phạm.\n\n2. Phạm tội thuộc một trong các trường hợp sau đây, thì bị phạt tiền từ 200.000.000 đồng đến 1.000.000.000 đồng hoặc phạt tù từ 03\nnăm đến 07 năm:\n\na) Có tổ chức;\n\nb) Lợi dụng quyền quản trị mạng máy tính, mạng viễn thông;\n\nc) Tái phạm nguy hiểm;\n\nd) Thu lợi bất chính từ 200.000.000 đồng đến dưới 1.000.000.000 đồng;\n\nđ) Gây thiệt hại từ 500.000.000 đồng đến dưới 1.500.000.000 đồng;\n\ne) Làm tê liệt,",
  "embedding": [
    -0.00011648109,
    0.02977407,
    -0.086932465,
    -0.12276356,
    -0.0008628055,
    0.04484898,
    0.029698921,
    -0.047524285,
    0.02723403,
    -0.08410686,
    0.019343376,
    -0.058405872,
    0.012482264,
    -0.022995623,
    -0.02478417,
    -0.09619084,
    0.060209453,
    0.0063688853,
    0.08434734,
    0.007965804,
    -0.0019989659,
    0.13057905,
    0.016442621,
    -0.13731243,
    -0.031652797,
    0.07941756,
    -0.03474894,
    -0.04563053,
    -0.004223379,
    0.035320073,
    -0.04893709,
    0.019974628,
    0.050139476,
    -0.019238167,
    -0.006496639,
    -0.04701327,
    0.029533593,
    0.023356337,
    -0.011858527,
    -0.010295426,
    -0.040550448,
    0.071541935,
    0.007635148,
    0.0073044915,
    0.049418043,
    -0.021688027,
    -0.01203137,
    0.03156262,
    -0.07088062,
    -0.052754663,
    0.029458445,
    0.02809073,
    0.07280444,
    -0.028286118,
    0.117172465,
    -0.14488745,
    0.022033714,
    -0.0032840152,
    0.016322382,
    0.15522796,
    0.017930573,
    0.0137522835,
    0.05446806,
    -0.035259955,
    -0.010761349,
    -0.033336136,
    0.108515285,
    0.00953642,
    0.011881071,
    -0.027083732,
    -0.1475327,
    -0.10328491,
    -0.032644764,
    0.05125168,
    0.097212866,
    -0.020545762,
    0.002472405,
    -0.014999758,
    0.07178241,
    -0.022048743,
    -0.056872834,
    -0.0036334586,
    -0.0018251835,
    0.06029963,
    -0.005561033,
    0.09589024,
    -0.020966597,
    0.0026621565,
    0.013444172,
    0.021086834,
    0.021177014,
    0.023762142,
    0.051672515,
    0.01328636,
    0.013323934,
    0.02158282,
    -0.006759661,
    -0.0039641145,
    -0.022033714,
    -0.013902582,
    0.007913199,
    -0.060119275,
    0.005512186,
    -0.012655107,
    -0.06913716,
    0.020320315,
    5.3602438e-05,
    0.013301389,
    0.017179083,
    0.021252163,
    -0.028676894,
    0.023897411,
    0.001105631,
    -0.07935744,
    -0.017554827,
    -0.00453149,
    -0.013090972,
    -0.09715275,
    0.011355028,
    -0.04731387,
    -0.011302424,
    0.03556055,
    0.0046630013,
    0.021267192,
    0.029533593,
    -0.10484801,
    0.0080409525,
    0.046652555,
    -0.06877645,
    0.000600723,
    -0.041752834,
    -0.042624563,
    -0.04980882,
    0.0113099385,
    -0.086511634,
    0.011445207,
    0.011790892,
    0.0057639354,
    0.0067145713,
    0.031171843,
    -0.024678962,
    0.019238167,
    0.02729415,
    -0.02231928,
    -0.018907512,
    -0.07448778,
    0.040069494,
    -0.017645007,
    0.020079838,
    -0.0115879895,
    0.028406357,
    -0.022845324,
    0.0066243922,
    0.019478645,
    -0.037604604,
    0.017133992,
    -0.018426558,
    0.020996656,
    -0.008642145,
    -0.003603399,
    0.028180908,
    0.021207074,
    -0.0020365403,
    -0.04872667,
    -0.015119997,
    0.016668068,
    -0.04644214,
    0.030495502,
    0.00090883434,
    0.0013348358,
    -0.01650274,
    -0.0019595125,
    -0.021883415,
    0.015029819,
    0.022574788,
    -0.010926678,
    -0.0126025025,
    -0.060780585,
    -0.015495743,
    -0.035770968,
    -0.0028030612,
    -0.024498604,
    0.13490765,
    -0.003002206,
    -0.018336378,
    -0.008792444,
    -0.026858285,
    -0.00031139905,
    0.011212245,
    0.032614704,
    0.006132166,
    0.038686752,
    -0.010468269,
    0.023882382,
    -0.005688786,
    0.023626875,
    0.021071805,
    -0.03231411,
    0.101361096,
    -0.013496777,
    0.059307665,
    0.023461547,
    -0.00556479,
    -0.0024536178,
    -0.008003378,
    -0.03234417,
    0.035139713,
    0.03471888,
    0.04397725,
    -0.004835844,
    0.028361266,
    -0.02903761,
    0.0034775243,
    -0.02310083,
    -0.011182185,
    0.07977828,
    -0.0073195216,
    -0.03399745,
    0.013857492,
    0.052333828,
    0.013151091,
    -0.03318584,
    0.0005161803,
    0.036191802,
    -6.54032e-05,
    0.00052792236,
    0.026873315,
    0.04232397,
    0.043345995,
    0.026918404,
    0.061051123,
    0.038386155,
    -0.009356062,
    0.017239202,
    -0.01982433,
    -0.00045676559,
    -0.023912441,
    0.027414389,
    0.030901307,
    0.060059153,
    0.07550981,
    -0.0056098797,
    -0.0023934986,
    0.0068836566,
    -0.0048734187,
    -0.0084091835,
    -0.017494708,
    0.006158468,
    0.026692957,
    0.017269261,
    -0.060209453,
    -0.0015969182,
    0.019117929,
    -0.01242966,
    0.0025682203,
    0.010032403,
    0.01200131,
    0.010768865,
    0.02974401,
    0.08326519,
    0.03399745,
    -0.020109897,
    -0.005778965,
    -0.04298528,
    0.01907284,
    -0.05200317,
    0.082303286,
    0.03381709,
    0.02478417,
    0.019659003,
    0.053325795,
    -0.011520356,
    -0.020966597,
    0.006646937,
    0.03733407,
    0.0016730067,
    0.025205005,
    0.014541349,
    0.0070565,
    -0.039378125,
    -0.044097487,
    -0.019238167,
    0.054347824,
    -0.012166638,
    0.018501706,
    -0.01729932,
    0.12973739,
    0.027895343,
    -0.021267192,
    -0.0072293426,
    -0.013121031,
    -0.018426558,
    -0.008814989,
    -0.016998725,
    0.0061471956,
    0.09528905,
    0.028030612,
    0.017840395,
    0.00013597289,
    0.0037762418,
    0.0023051985,
    0.007913199,
    0.009055465,
    -0.029368265,
    -0.018892482,
    0.0182462,
    -0.008003378,
    -0.028331207,
    -0.08158185,
    -0.023521665,
    0.02723403,
    0.0053844326,
    0.0065605156,
    0.008657175,
    -0.019583853,
    0.03402751,
    0.0047982694,
    0.049147505,
    -0.03541025,
    -0.051762693,
    0.030134786,
    0.07701279,
    -0.026858285,
    0.062343687,
    -0.007191768,
    0.029593712,
    0.07436754,
    0.024393395,
    -0.034538522,
    0.036943294,
    0.040039435,
    0.020530732,
    0.10274384,
    0.04794512,
    -0.0058653867,
    -0.020109897,
    0.0057413904,
    0.033516496,
    -0.00069841684,
    -0.0081762215,
    -0.040550448,
    -0.022604847,
    0.010866558,
    -0.026707986,
    0.0019003326,
    -0.04887697,
    0.020019718,
    0.0058916886,
    0.0023051985,
    0.000101157726,
    0.05389693,
    0.007845565,
    0.052784722,
    0.024378365,
    -0.02972898,
    0.019328346,
    0.006241132,
    0.014210694,
    0.09252356,
    -0.037454307,
    -0.016352443,
    -0.028601745,
    -0.012625047,
    -0.014188148,
    -0.09071998,
    0.0051852874,
    -0.02564087,
    -0.0065830606,
    -0.09102058,
    -0.030480472,
    -0.0068949293,
    -0.0061885277,
    0.03958854,
    -0.08861581,
    0.0994974,
    -0.013143576,
    0.029954428,
    0.04229391,
    -4.235943e-05,
    -0.0067559034,
    -0.023476576,
    0.08464794,
    -0.020485641,
    0.015014788,
    -0.013414113,
    -0.016397532,
    -0.06222345,
    0.010806439,
    0.08801462,
    0.001870273,
    -0.0133840535,
    0.07544969,
    -0.019689063,
    -0.08867593,
