{
  "chunk_index": 545,
  "token_start": 245250,
  "token_end": 245750,
  "text": " phạm tội còn bị cấm đảm nhiệm chức vụ nhất định từ 01 năm đến 05 năm, có thể bị phạt tiền từ 10.000.000 đồng đến\n100.000.000 đồng.\n\nĐiều 357. Tội lạm quyền trong khi thi hành công vụ\n\f1. Người nào vì vụ lợi hoặc động cơ cá nhân khác mà vượt quá quyền hạn của mình làm trái công vụ gây thiệt hại về tài sản từ\n10.000.000 đồng đến dưới 100.000.000 đồng hoặc gây thiệt hại khác361 đến lợi ích của Nhà nước, quyền, lợi ích hợp pháp của tổ\nchức, cá nhân, thì bị phạt tù từ 01 năm đến 07 năm.\n\n2. Phạm tội thuộc một trong các trường hợp sau đây, thì bị phạt tù từ 05 năm đến 10 năm:\n\na) Có tổ chức;\n\nb) Phạm tội 02 lần trở lên;\n\nc) Gây thiệt hại về tài sản từ 100.000.000 đồng đến dưới 500.000.000 đồng.\n\n3. Phạm tội gây thiệt hại về tài sản từ 500.000.000 đồng đến dưới 1.500.000.000 đồng, thì bị phạt tù từ 10 năm đến 15 năm.\n\n4. Phạm tội gây thiệt hại về tài sản 1.500.000.000 đồng trở lên, thì bị phạt tù từ 15 năm đến 20 năm",
  "embedding": [
    -0.0004909861,
    0.027387252,
    -0.07964493,
    -0.12378621,
    -0.0021780238,
    0.08578063,
    0.04357537,
    -0.017558223,
    0.014758438,
    0.017692255,
    -0.06085063,
    -0.016292362,
    0.010179004,
    0.050187625,
    -0.078930095,
    -0.12962405,
    0.0735688,
    0.05197472,
    0.12998147,
    0.005551168,
    -0.0029170625,
    -0.028310586,
    0.11014471,
    -0.0379758,
    -0.029710477,
    0.0915589,
    -0.015413706,
    -0.03166139,
    -0.0016968108,
    0.002159408,
    -0.059301816,
    -0.013790428,
    0.0138797825,
    -0.020640964,
    -0.0069845687,
    -0.022800371,
    -0.0062697297,
    0.015845587,
    -0.02104306,
    -0.012971342,
    -0.014192524,
    0.04184784,
    0.023530103,
    0.0005096017,
    0.044647627,
    -0.09608622,
    -0.011437417,
    0.017171018,
    -0.027342575,
    -0.041758485,
    0.016768921,
    0.019524029,
    0.11979503,
    -0.0014780776,
    0.041430853,
    -0.17370577,
    0.055668052,
    -0.013894674,
    0.020447362,
    0.07833439,
    0.019419782,
    -0.0040991525,
    0.06927977,
    -0.005297996,
    -0.016873168,
    -0.03913741,
    0.0038757653,
    -0.07785784,
    0.009642875,
    -0.06528859,
    -0.11145525,
    -0.14642276,
    -0.03148268,
    0.060999557,
    0.02278548,
    -0.031512465,
    -0.015756233,
    -0.009501396,
    0.028950961,
    0.020238867,
    -0.021266447,
    -0.013284083,
    -0.020164404,
    -0.073092245,
    0.03624827,
    0.0927503,
    -0.019255964,
    0.008384461,
    -0.035265367,
    0.010752363,
    0.028772252,
    0.087865576,
    0.067433104,
    -0.033954833,
    0.019241072,
    0.0015488169,
    -0.044022143,
    -0.0073047564,
    -0.0007534659,
    -0.010484299,
    0.012397981,
    -0.065169446,
    0.038184293,
    0.008146181,
    -0.01093852,
    -0.00071949244,
    -0.03821408,
    0.01592005,
    0.054536227,
    0.018407093,
    0.00828766,
    0.022159996,
    -0.04577945,
    -0.010059863,
    -0.0004328124,
    0.034818593,
    -0.0018289814,
    -0.06737354,
    -0.012323519,
    -0.015905159,
    0.0044118944,
    0.031512465,
    0.007565375,
    0.008123842,
    -0.0067649046,
    -0.041401066,
    -0.0076845144,
    -0.028370155,
    -0.07994278,
    0.003328467,
    -0.059897516,
    -0.061297406,
    -0.022189781,
    0.007997257,
    -0.07333052,
    0.02761064,
    0.015212658,
    0.006273453,
    -0.06701612,
    0.04837074,
    -0.0324358,
    -0.0020104835,
    0.028087199,
    0.025078919,
    -0.033388916,
    -0.036456767,
    -0.0078036543,
    0.020238867,
    0.015354137,
    -0.03297193,
    0.026955372,
    -0.004020967,
    0.003172096,
    0.010111988,
    -0.06695654,
    -0.018824082,
    -0.04297967,
    0.022711016,
    0.0083919065,
    0.02845951,
    0.018794296,
    0.019241072,
    -0.059659235,
    -0.042711604,
    -0.009330132,
    0.030529564,
    0.0030436486,
    0.026538381,
    -0.019092146,
    -0.05245128,
    -0.033865478,
    0.019926125,
    0.012033116,
    -0.013135158,
    -0.014944593,
    0.01796032,
    -0.0035369617,
    -0.12843266,
    -0.014631852,
    -0.04613687,
    0.014036153,
    0.008458923,
    0.14916298,
    -0.0051155635,
    -0.021891931,
    -0.0060761278,
    -0.031452898,
    0.025778865,
    0.043188162,
    0.02972537,
    0.086852886,
    0.0119661,
    0.017632684,
    0.054893646,
    -0.020611178,
    -0.0013635918,
    0.007360603,
    -0.018585803,
    0.029859403,
    -0.0026545827,
    0.031869885,
    0.07660687,
    0.077381276,
    0.009657767,
    -0.010744917,
    -0.03142311,
    0.030350855,
    0.021996178,
    0.028861606,
    -0.0011271738,
    0.035473865,
    -0.056531817,
    -0.019613383,
    0.048638806,
    -0.022755694,
    0.04166913,
    -0.036397196,
    -0.030797629,
    0.033716552,
    -0.010305589,
    0.009858815,
    -0.015860481,
    0.002425611,
    0.014147847,
    0.019821879,
    0.0028463234,
    -0.029442413,
    0.00598305,
    0.037707735,
    0.008257874,
    0.026374564,
    0.06439504,
    -0.027759565,
    -0.035652574,
    -0.0061356975,
    0.015845587,
    0.078393966,
    0.00690266,
    0.017975211,
    0.038363002,
    0.10448557,
    -0.011519326,
    -0.0045459266,
    -0.006295792,
    -0.025763974,
    -0.043486014,
    0.0061319745,
    -0.03684397,
    0.022279136,
    -0.03490795,
    -0.035176013,
    -0.04968128,
    0.001316122,
    -0.011310831,
    0.03484838,
    0.021653652,
    0.00898016,
    -0.004918238,
    0.010149218,
    0.05504257,
    0.05828913,
    -0.120807715,
    0.02019419,
    -0.038631067,
    -0.007170724,
    -0.037707735,
    0.050306763,
    -0.0067835203,
    0.029889187,
    0.037826873,
    0.09006966,
    -0.06266751,
    0.023500318,
    0.0039167195,
    0.061178267,
    0.016634889,
    -0.0058155097,
    -0.015711555,
    -0.012710723,
    -0.08059805,
    -0.038958702,
    0.028072307,
    0.08107461,
    -0.014721206,
    0.017796502,
    -0.070173316,
    0.0666587,
    0.010960858,
    0.021862146,
    -0.026389457,
    0.009784353,
    0.034163326,
    -0.018258167,
    0.010566208,
    0.008019595,
    0.03213795,
    0.007379219,
    0.015532847,
    0.013157497,
    0.021474943,
    0.0057484936,
    0.005830402,
    -0.0066941655,
    -0.030127468,
    0.009449272,
    0.0033340517,
    -0.015153089,
    -0.013269191,
    -0.023410963,
    0.037707735,
    0.007598883,
    0.035771713,
    0.014423357,
    -0.010811933,
    -0.029293489,
    -0.00066597265,
    0.0026955372,
    0.03943526,
    -0.036814187,
    -0.048281386,
    -0.0015097242,
    0.058914613,
    0.0076621757,
    0.04443913,
    0.0103502665,
    0.027968058,
    0.07493891,
    0.015532847,
    -0.04208612,
    0.07761955,
    0.016888062,
    0.021847254,
    0.024468329,
    0.034312252,
    0.038452357,
    -0.008808896,
    -0.038184293,
    0.020983491,
    0.0020048989,
    -0.020268653,
    -0.04822182,
    0.010476853,
    -7.888355e-05,
    -0.08649547,
    0.030529564,
    -0.03365698,
    0.12628815,
    0.0076472834,
    -0.05301719,
    -0.014222309,
    0.083755255,
    -0.016977416,
    0.08363611,
    -0.014542497,
    -0.0013896537,
    0.048162248,
    -0.014080831,
    0.020521823,
    0.110621266,
    -0.08429138,
    0.0054431977,
    -0.017319942,
    -0.01657532,
    -0.0036170087,
    -0.06945848,
    0.031006122,
    -0.03329956,
    0.009426934,
    0.026746877,
    -0.02519806,
    -0.018749619,
    -0.07976407,
    0.07076902,
    -0.03207838,
    0.08447009,
    0.0079376865,
    0.028444618,
    0.017215695,
    -0.0029691863,
    -0.0075765443,
    0.010432175,
    0.107702345,
    -0.03178053,
    0.0183922,
    0.0050448244,
    -0.011675697,
    -0.039703324,
    -0.0346101,
    0.040835153,
    0.04890687,
    -0.02381306,
    -0.041222356,
    -0.0153094595,
    0.009307793,
    0.031542253,
    -0.029442413,
    -0.013969137,
    0.06463332,
    0.019866556,
    -0.037886444,
