{
  "chunk_index": 530,
  "token_start": 238500,
  "token_end": 239000,
  "text": "ưu hành, tiêu hủy hoặc nhập khẩu trái\nphép với số lượng 500 bản trở lên đối với từng xuất bản phẩm;\n\nc) Xuất bản, phát hành xuất bản phẩm điện tử có nội dung bị cấm, không có quyết định xuất bản hoặc không có bản thảo đã được ký\nduyệt theo quy định của pháp luật.\n\n2.352 Phạm tội thuộc một trong các trường hợp sau đây, thì bị phạt tù từ 02 năm đến 05 năm:\n\na) Có tổ chức;\n\nb) Thay đổi, làm sai lệch nội dung bản thảo đã được ký duyệt hoặc bản thảo tài liệu không kinh doanh đã có dấu củacơ quan cấp giấy\nphép xuất bản để xuất bản bản thảo có nội dung bị cấm theo quy định của Luật Xuất bản;\n\nc) Phát hành xuất bản phẩm có nội dung bị cấm theo quy định của Luật Xuất bản.\n\n3. Người phạm tội còn có thể bị phạt tiền từ 20.000.000 đồng đến 100.000.000 đồng, cấm đảm nhiệm chức vụ, cấm hành nghề hoặc\nlàm công việc nhất định từ 01 năm đến 05 năm.\n\nĐiều 345. Tội vi phạm các quy định về bảo vệ và sử dụng di tích lịch sử - văn hóa, danh lam, thắng cảnh gây hậu quả nghiêm\ntrọng\n\n1. Người nào vi phạ",
  "embedding": [
    -0.00011752458,
    -0.00980221,
    -0.13206553,
    -0.06180377,
    -0.00083683163,
    -0.011531568,
    0.045612752,
    -0.084882006,
    0.025026599,
    0.019423177,
    -0.07666567,
    -0.021734023,
    0.0042403247,
    -0.031808097,
    0.03168727,
    -0.19054651,
    0.023335,
    -0.0908026,
    0.037909936,
    -0.0037211396,
    -0.015647288,
    0.07455117,
    0.17193893,
    -0.07352413,
    -0.030192018,
    0.049902163,
    -0.024467768,
    -0.07968638,
    0.13266967,
    -0.09636071,
    -0.050566718,
    0.006592704,
    -0.028017104,
    -0.057031043,
    -0.0021749127,
    -0.02061636,
    0.014597591,
    -0.007204398,
    0.108262315,
    -0.034194462,
    -0.020646567,
    0.008488201,
    0.06289122,
    -0.00092462107,
    0.050627135,
    0.010232662,
    -0.017338887,
    -0.020163253,
    -0.055399857,
    -0.017278472,
    0.026401022,
    0.030992506,
    0.010043868,
    -0.0022655341,
    0.14100684,
    -0.11170593,
    -0.00392315,
    0.0074234,
    0.037396416,
    0.07733023,
    -0.009530347,
    -0.027171304,
    0.058964297,
    -0.031928927,
    -0.008971515,
    -0.021160088,
    0.06820768,
    -0.00797468,
    0.018909657,
    -0.0203596,
    -0.122701325,
    -0.056910213,
    -0.0037570107,
    -0.0076763844,
    0.041172303,
    -0.029255597,
    -0.007102449,
    0.031838305,
    0.093762904,
    0.024211006,
    0.023425622,
    -0.03452674,
    -0.00983997,
    0.019528903,
    -0.025087014,
    0.04615648,
    0.025026599,
    0.025600534,
    -0.0030943418,
    0.034707982,
    0.020993948,
    0.086392365,
    0.029663391,
    0.037638072,
    0.003196291,
    -0.007283692,
    -0.0049237604,
    -0.0057582324,
    0.04657938,
    -0.009809762,
    -0.00666067,
    -0.061501697,
    0.0041308235,
    0.010489423,
    -0.018773725,
    -0.009492587,
    0.0077103674,
    0.032986175,
    0.033409074,
    0.00057865516,
    -0.0029263147,
    0.012535955,
    -0.07352413,
    -0.03259348,
    0.011901605,
    0.03809118,
    0.037275586,
    -0.066334836,
    0.023999557,
    0.08790272,
    -0.0121961245,
    0.038332835,
    0.0062188907,
    0.013827309,
    0.02455839,
    -0.14656495,
    -0.04594503,
    0.04250142,
    -0.05138231,
    -0.004493309,
    0.045099232,
    -0.015080905,
    0.045189854,
    -0.0070911213,
    -0.08433828,
    -0.004108168,
    0.028137933,
    0.019619524,
    -0.028908214,
    0.045582544,
    -0.04772725,
    -0.039269257,
    0.019785663,
    -0.07479283,
    -0.03839325,
    -0.005879061,
    0.051654175,
    0.029920153,
    0.013253374,
    0.00513521,
    0.001989894,
    0.002918763,
    -0.0013168417,
    0.0046896553,
    -0.035221502,
    -0.0034096288,
    -0.033650734,
    0.036006887,
    0.0037664503,
    0.0017076463,
    0.00081134436,
    0.02443756,
    -0.066576496,
    0.0059696822,
    0.0009029097,
    0.0064869793,
    0.008095508,
    0.016447777,
    -0.035221502,
    -0.061199624,
    0.0048444667,
    -0.008012438,
    -0.02265534,
    0.01693109,
    -0.011335222,
    -0.023727693,
    0.011531568,
    -0.009787107,
    -0.0002300933,
    0.031777892,
    0.02214182,
    0.051986452,
    0.035281915,
    -0.0002883836,
    -0.021582987,
    -0.023440726,
    -0.03322783,
    0.03050919,
    0.004950192,
    0.04225976,
    0.023395415,
    0.057031043,
    0.014725971,
    0.020042425,
    -0.049992785,
    -0.0027563998,
    0.027503584,
    0.027246822,
    0.06772436,
    0.0011365429,
    -0.0055127996,
    0.031203955,
    0.060595483,
    0.009855073,
    0.027216615,
    -0.025026599,
    0.018985175,
    0.02209651,
    0.045884617,
    0.009923039,
    0.039903607,
    -0.04062858,
    -0.04361908,
    0.036067303,
    0.0058073187,
    0.04407219,
    -0.011010495,
    -0.008254096,
    0.008495753,
    -0.015662393,
    0.008367373,
    -0.0045763785,
    -0.006902327,
    0.024679217,
    -0.013608308,
    -0.009688933,
    -0.018033652,
    0.015873842,
    0.04769704,
    0.00199367,
    0.029723806,
    0.011637293,
    -0.011946916,
    0.0004297435,
    -0.037215173,
    -0.004874674,
    0.112310074,
    0.024256317,
    0.06506614,
    -0.0048293634,
    0.0835529,
    -0.019574214,
    -0.037940145,
    0.005965906,
    -0.012739853,
    -0.016825367,
    0.0009029097,
    0.006694653,
    0.00030773503,
    0.027201511,
    -0.027609307,
    0.0005526959,
    -0.0042667557,
    -0.016115498,
    -0.04062858,
    0.029980566,
    0.016583709,
    -0.010867012,
    -0.00329824,
    0.057121664,
    0.028998835,
    -0.08397579,
    0.005146538,
    -0.015934257,
    0.02045022,
    0.027125994,
    0.061501697,
    0.04784808,
    0.004938864,
    -0.046972074,
    0.06391827,
    -0.037336,
    0.017625855,
    0.02711089,
    0.021945473,
    0.046005443,
    0.0072308294,
    -0.004633017,
    0.030916987,
    -0.0087374095,
    -0.070926316,
    -0.032140374,
    -0.04005464,
    -0.015224389,
    0.04491799,
    -0.046760622,
    0.069174305,
    -0.0025468378,
    -0.01599467,
    -0.0014810929,
    0.026990062,
    0.051170863,
    -0.002369371,
    0.006181132,
    -0.020268979,
    -0.066334836,
    0.02054084,
    -0.012694542,
    0.0013432729,
    0.0038532957,
    0.008306958,
    0.007899162,
    0.03932967,
    0.051805213,
    -0.00042313567,
    -0.051805213,
    0.038121387,
    0.013328892,
    -0.0062377704,
    -0.06104859,
    0.035342332,
    0.048029322,
    -0.017912822,
    -0.03410384,
    0.003994892,
    0.0043007387,
    0.009401966,
    0.032774724,
    0.030614916,
    -0.023168862,
    0.05162397,
    0.0598101,
    -0.00294897,
    0.00038372484,
    -0.00041133602,
    0.02307824,
    0.021265812,
    0.061350662,
    -0.0023259483,
    0.04960009,
    -0.10270421,
    0.04349825,
    0.13001144,
    0.010104282,
    -0.0114938095,
    -0.041413963,
    -0.031626854,
    0.061985012,
    0.00920562,
    -0.024211006,
    0.0068532405,
    -0.017429508,
    -0.0006494531,
    -0.069174305,
    0.07207419,
    -0.013729136,
    0.10004598,
    -0.0011610861,
    -0.008450442,
    0.004285635,
    0.0100816265,
    0.010345939,
    -0.08161964,
    -0.0030320396,
    0.084096625,
    0.035855852,
    0.009832418,
    0.043286804,
    0.12155345,
    -0.02901394,
    0.017429508,
    -0.055762343,
    0.04165562,
    0.038151592,
    -0.043921154,
    -0.028228553,
    0.013562997,
    -0.0024297852,
    0.032653898,
    -0.051895835,
    0.01374424,
    0.018350825,
    5.1711995e-05,
    -0.08373414,
    0.068872236,
    -0.018396135,
    0.039088015,
    0.038514078,
    -0.011025599,
    0.0033756457,
    -0.019891389,
    0.05518841,
    -0.007457383,
    0.069174305,
    0.0023655952,
    -0.027775448,
    -0.002743184,
    0.043075353,
    0.09092343,
    0.018365929,
    0.01552646,
    0.026839027,
    -0.008359821,
    -0.033499695,
    0.061985012,
