{
  "chunk_index": 259,
  "token_start": 116550,
  "token_end": 117050,
  "text": "ội thuộc một trong các trường hợp sau đây, thì bị phạt tiền từ 1.000.000.000 đồng đến 5.000.000.000 đồng hoặc phạt tù từ 01\nnăm đến 05 năm:\n\na) Thu lợi bất chính 1.000.000.000 đồng trở lên;\n\nb) Gây thiệt hại cho người khác 1.500.000.000 đồng trở lên;\n\nc) Quy mô mạng lưới người tham gia 100 người trở lên.\n\n3. Người phạm tội còn có thể bị phạt tiền từ 100.000.000 đồng đến 500.000.000 đồng, cấm hành nghề hoặc làm công việc nhất định từ\n01 năm đến 05 năm.\n\nĐiều 218. Tội vi phạm quy định về hoạt động bán đấu giá tài sản\n\n1. Người nào thực hiện một trong các hành vi sau đây, thu lợi bất chính từ 30.000.000 đồng đến dưới 200.000.000 đồng hoặc gây thiệt\nhại cho người khác từ 50.000.000 đồng đến dưới 300.000.000 đồng, thì bị phạt tiền từ 20.000.000 đồng đến 200.000.000 đồng, phạt cải\ntạo không giam giữ đến 02 năm hoặc phạt tù từ 03 tháng đến 02 năm:\n\na) Lập danh sách khống về người đăng ký mua tài sản bán đấu giá;\n\nb) Lập hồ sơ khống, hồ sơ giả tham gia hoạt động b",
  "embedding": [
    -0.00050179247,
    -0.03261651,
    -0.14782216,
    -0.12072537,
    -0.0020975664,
    0.07520984,
    0.03503692,
    0.018344942,
    0.020307837,
    0.0876661,
    -0.117419444,
    -0.06611854,
    -0.00061432685,
    -0.061513856,
    -0.11600261,
    -0.110394344,
    0.038165744,
    -0.04170781,
    0.09634416,
    -0.0048850975,
    -0.0048408215,
    0.07816156,
    0.07615439,
    -0.09168044,
    -0.042062018,
    0.03043224,
    -0.02852838,
    0.02956148,
    -0.021709904,
    0.030373204,
    -0.064406544,
    0.019141907,
    0.048526283,
    -0.02218218,
    -0.0035715818,
    0.0064458195,
    0.043980636,
    -0.00020500622,
    -0.03021086,
    -0.03388575,
    -0.0014454207,
    0.07397012,
    0.06104158,
    0.017444668,
    0.06853895,
    -0.012419364,
    -0.0073128873,
    0.0012037485,
    -0.060451236,
    -0.036601335,
    0.031494856,
    0.008951092,
    0.03285265,
    -0.028011827,
    0.06600047,
    -0.1242084,
    0.036070023,
    -0.0032874786,
    0.025547141,
    0.08317948,
    0.021370456,
    0.014175638,
    0.0494118,
    -0.024883004,
    -0.012758812,
    -0.03261651,
    -0.0026639279,
    -0.0365423,
    0.02016025,
    -0.02523721,
    -0.067181155,
    -0.13341777,
    -0.004914615,
    0.0068996465,
    0.15537857,
    -0.028543137,
    -0.021990318,
    -0.015747428,
    0.1552605,
    0.014160879,
    -0.009725919,
    -0.013607431,
    0.009290541,
    -0.057174824,
    0.004316891,
    0.026949208,
    -0.020027423,
    0.0043132016,
    0.0310521,
    0.041442156,
    0.031494856,
    0.110099174,
    0.023805626,
    -0.03432851,
    -0.0003569737,
    0.016160669,
    -0.008154128,
    0.0039958917,
    -0.01203564,
    -0.022005076,
    -0.0020034802,
    -0.059978962,
    0.03297072,
    -0.002376135,
    -0.021385215,
    0.009895643,
    -0.0068664397,
    0.024366453,
    0.021178594,
    -0.013053983,
    -0.010781159,
    -0.013334397,
    -0.020411147,
    -0.07042805,
    -0.011843778,
    0.023510454,
    0.0055160276,
    0.03167196,
    0.0009316368,
    -0.033000235,
    -0.004877718,
    0.074678525,
    -0.03326589,
    0.03388575,
    -0.011799503,
    -0.05333759,
    -0.01849253,
    0.01288426,
    -0.09421892,
    -0.023672799,
    -0.014389637,
    -0.04265236,
    0.026019417,
    0.029827135,
    -0.049972627,
    0.0037191678,
    8.601498e-05,
    0.026167002,
    -0.0024757555,
    0.01849253,
    -0.015880257,
    0.008013921,
    0.043390293,
    -0.015334188,
    -0.04191443,
    -0.08813837,
    0.011533848,
    -0.031760514,
    0.022270732,
    0.00042823007,
    0.026299829,
    -0.010862332,
    0.014101844,
    0.024986314,
    -0.016352532,
    0.024587832,
    -0.04634201,
    0.071667776,
    0.0046710977,
    0.018566322,
    0.011799503,
    0.01954039,
    -0.0492347,
    -0.01626398,
    -0.025827555,
    0.019363286,
    -0.06310778,
    0.040615674,
    -0.014050189,
    -0.0040290984,
    -0.022255972,
    -0.022521628,
    -0.008965851,
    0.0029258928,
    -0.0032358235,
    0.023200523,
    0.007593301,
    -0.0732617,
    -0.021709904,
    -0.03804768,
    0.020706318,
    0.080641,
    0.07904708,
    0.00332622,
    0.009106058,
    -0.0107885385,
    -0.01900908,
    0.017798875,
    0.03863802,
    0.033206854,
    -0.035774853,
    0.03949402,
    -0.011637158,
    0.032291822,
    0.00041762233,
    0.015437498,
    0.0111501245,
    0.035951957,
    0.074088186,
    -0.027908517,
    0.02861693,
    0.0177546,
    0.060097028,
    -0.023318592,
    -0.025266727,
    -0.039582573,
    0.006855371,
    0.015924532,
    0.038165744,
    -0.007726128,
    0.018433494,
    -0.027288657,
    -0.024263142,
    0.03314782,
    0.0033649614,
    0.058621168,
    -0.023879418,
    -0.05165511,
    0.036129057,
    -0.025606176,
    0.02851362,
    -0.029281067,
    0.0012849208,
    0.03790009,
    -0.018979562,
    0.022329766,
    0.02355473,
    0.029074447,
    0.03804768,
    -0.0146774305,
    0.060451236,
    0.04516132,
    -0.018935287,
    -0.004065995,
    0.021385215,
    0.011703571,
    -0.02724438,
    0.014389637,
    0.005966165,
    0.05785372,
    0.14392589,
    -0.031022582,
    8.964698e-05,
    -0.0035752715,
    -0.02503059,
    -0.039582573,
    -0.020130733,
    -0.030904513,
    0.0016778687,
    -0.0074567837,
    -0.031170169,
    -0.010899228,
    0.0056377864,
    -0.02142949,
    -0.015009498,
    0.008582127,
    0.017607013,
    -0.0029923066,
    -0.022300249,
    0.040527124,
    0.035007406,
    -0.056407377,
    0.018935287,
    -0.026078451,
    0.0053352346,
    0.05658448,
    0.10537642,
    0.011364124,
    -0.0017802564,
    0.01129771,
    0.032085203,
    -0.015939292,
    -0.01995363,
    -0.00092287385,
    0.04173733,
    0.008405024,
    0.030756928,
    0.005667303,
    -0.014832395,
    -0.005036373,
    -0.050120212,
    -0.040999398,
    -0.0010681539,
    -0.011172262,
    -0.030255135,
    0.021975558,
    0.17509606,
    0.024956796,
    -0.02258066,
    -0.023923695,
    -0.016072119,
    0.008316472,
    0.004394374,
    -0.012087296,
    -0.028129896,
    0.05174366,
    0.025709486,
    -0.018359702,
    0.007585922,
    -0.010589297,
    -0.009349574,
    0.004700615,
    0.032114718,
    0.021562317,
    -0.030904513,
    0.048408218,
    -0.026801622,
    0.018344942,
    -0.13766824,
    -0.006279785,
    -0.0029369618,
    -0.0072833705,
    0.0068443017,
    -0.0067963363,
    0.03790009,
    -0.0037302368,
    0.0050548213,
    0.020573491,
    -0.024573073,
    -0.035302576,
    0.048762422,
    0.10856428,
    -0.019569907,
    0.038992226,
    0.020558733,
    0.021340938,
    0.081821695,
    0.04964794,
    0.0339743,
    0.07397012,
    -0.0061506475,
    0.0069955774,
    0.041530706,
    0.0009546971,
    0.010854952,
    -0.0019352217,
    -0.03072741,
    0.02660976,
    -0.026078451,
    -0.0011428692,
    -0.05838503,
    -0.0089363335,
    -0.03506644,
    -0.08430114,
    0.047050424,
    -0.05289483,
    -0.008405024,
    0.01585074,
    -0.02334811,
    0.0145003265,
    0.026004657,
    -0.019466596,
    0.072199084,
    0.033590578,
    0.008906816,
    0.01521612,
    0.0016372824,
    0.007829439,
    0.08642638,
    -0.10767876,
    0.0043464084,
    -0.02914824,
    0.017415151,
    0.0139542585,
    0.03072741,
    -0.0025698417,
    -0.031435825,
    0.033118304,
    0.040851813,
    -0.079991624,
    -0.017075703,
    0.059860893,
    0.057263378,
    -0.055935103,
    0.07615439,
    0.006534371,
    -0.066885985,
    0.021798456,
    0.0055750622,
    -0.019245218,
    0.016736256,
    0.055374276,
    -0.054046,
    0.04448243,
    0.019584665,
    -0.015703153,
    -0.049618423,
    0.042357188,
    0.09286112,
    0.028366033,
    0.028070861,
    0.053691797,
    -0.014832395,
    -0.08371079,
    0.029723825,
    -0.061395787,
    -0.010633573,
    0.060805444,
