{
  "chunk_index": 94,
  "token_start": 42300,
  "token_end": 42800,
  "text": "iều 55 và Điều 56 của Bộ luật này.\n\nHình phạt chung không được vượt quá mức hình phạt cao nhất quy định tại Điều 103 của Bộ luật này.\n\nĐiều 105. Giảm mức hình phạt đã tuyên\n\n1. Người dưới 18 tuổi phạm tội bị phạt cải tạo không giam giữ hoặc phạt tù, nếu có tiến bộ và đã chấp hành được một phần tư thời hạn,\nthì được Tòa án xét giảm; riêng đối với hình phạt tù, mỗi lần có thể giảm đến 04 năm nhưng phải bảo đảm đã chấp hành ít nhất là hai\nphần năm mức hình phạt đã tuyên.\n\n2. Người dưới 18 tuổi phạm tội bị phạt cải tạo không giam giữ hoặc phạt tù, nếu lập công hoặc mắc bệnh hiểm nghèo, thì được xét giảm\nngay và có thể được miễn chấp hành phần hình phạt còn lại.\n\n3. Người dưới 18 tuổi phạm tội bị phạt tiền nhưng bị lâm vào hoàn cảnh kinh tế đặc biệt khó khăn kéo dài do thiên tai, hỏa hoạn, tai nạn\nhoặc ốm đau gây ra hoặc lập công lớn, thì theo đề nghị của Viện trưởng Viện kiểm sát, Tòa án có thể quyết định giảm hoặc miễn việc\nchấp hành phần tiền phạt còn lại.\n\nĐiề",
  "embedding": [
    -0.00018702117,
    0.019455101,
    0.06411874,
    -0.049601886,
    0.00029957682,
    0.0012776718,
    0.055465065,
    0.00012749774,
    0.022778615,
    0.022465076,
    -0.02177529,
    -0.0053262454,
    0.006799879,
    -0.05270592,
    -0.13595055,
    -0.08521993,
    0.12002277,
    0.039411865,
    0.052549154,
    0.010056767,
    -0.010088121,
    -0.04590212,
    0.15576622,
    -0.06847694,
    -0.026964363,
    -0.010566267,
    -0.026682178,
    -0.01951781,
    0.060952,
    0.10804557,
    -0.12328357,
    0.046152953,
    -0.049382407,
    -0.011765555,
    -0.0011463773,
    -0.011201184,
    0.027716856,
    0.013199996,
    0.041763406,
    -0.101712085,
    -0.070671715,
    0.051733952,
    -0.0063805208,
    -0.015833724,
    0.048034187,
    0.06640758,
    -0.012839426,
    0.02795201,
    -0.042296425,
    -0.026133483,
    0.020301657,
    -0.0007436755,
    0.083777644,
    0.0043229205,
    0.0541482,
    -0.15676954,
    0.026447022,
    -0.00044409872,
    0.041261744,
    -0.08703845,
    0.013035388,
    0.043017562,
    0.07048359,
    -0.0051342025,
    -0.018357715,
    -0.019172916,
    0.04674868,
    -0.05267457,
    0.010511398,
    -0.009288596,
    -0.13494723,
    0.12334628,
    -0.040634666,
    0.050887395,
    0.081582874,
    -0.017714959,
    -0.020756288,
    -0.0059415656,
    0.04474203,
    0.007571969,
    0.08083038,
    0.02779524,
    -0.030460322,
    0.06358573,
    0.008967218,
    0.08321328,
    -0.00090632396,
    0.01631971,
    -0.031573385,
    0.016695958,
    0.015833724,
    0.02919049,
    0.017526835,
    0.014132774,
    0.023311632,
    0.00015003336,
    0.007140853,
    -0.020066502,
    -0.034771487,
    -0.016209971,
    0.012032063,
    -0.031369586,
    -0.03593158,
    0.047752004,
    -0.010237051,
    0.029331582,
    -0.009578619,
    0.033736806,
    -0.0019860743,
    0.0017910921,
    -0.0115304,
    0.022276953,
    -0.008167693,
    -0.056593806,
    -0.016821373,
    0.028532058,
    0.027513055,
    0.014179805,
    -0.044020887,
    0.038063645,
    -0.020395719,
    0.049288347,
    0.0014589366,
    -0.05348977,
    0.02702707,
    -0.018671254,
    0.0054751765,
    -0.01091116,
    -0.12930353,
    -0.01807553,
    -0.08220995,
    -0.039004263,
    -0.022433722,
    0.018436098,
    0.10403227,
    -0.041669346,
    -0.0015951302,
    0.023970064,
    -0.03336056,
    -0.005769119,
    -0.01569263,
    -0.01683705,
    0.02233966,
    0.04947647,
    0.008583133,
    -0.018169591,
    -0.011922324,
    0.0030491678,
    0.006110093,
    -0.016852727,
    -0.0034195357,
    -0.02594536,
    -0.027513055,
    0.022151537,
    0.01780902,
    0.00011065725,
    0.037561983,
    0.01611591,
    -0.0054908535,
    0.03144797,
    0.043675996,
    0.022762937,
    -0.037781462,
    0.002151662,
    -0.0065608057,
    0.029535383,
    -0.092744865,
    0.042954855,
    -0.019502131,
    -0.044459842,
    0.01060546,
    -0.0046207826,
    -0.02923752,
    -0.0042445357,
    -0.026008068,
    -0.02342137,
    -0.0065372903,
    -0.08929593,
    -0.007936458,
    -0.03753063,
    0.020442748,
    0.04812825,
    0.06916673,
    0.00870071,
    -0.020552488,
    0.0264627,
    -0.011193345,
    0.0019527606,
    0.061453663,
    0.035994288,
    0.0071369335,
    -0.0052831336,
    -0.0064628245,
    0.009022088,
    -0.01940807,
    -0.001112084,
    0.015606408,
    0.034583364,
    0.047375757,
    -0.0038447732,
    0.07123608,
    -0.018671254,
    0.0154339615,
    -0.018451776,
    0.014469829,
    -0.00916318,
    0.039819464,
    -0.014352252,
    0.005420307,
    -0.034834195,
    0.0081128245,
    -0.034990963,
    -0.0033215547,
    0.006407955,
    0.010150828,
    0.06427552,
    -0.041575283,
    -0.022073152,
    -0.02125795,
    0.019721609,
    0.0060160314,
    -0.023154862,
    0.0059102117,
    -0.019439423,
    -0.015661277,
    -0.034677424,
    0.009296434,
    0.01956484,
    0.0026396073,
    -0.00076229195,
    0.1178907,
    0.019486455,
    -0.06361708,
    -0.014814722,
    -0.0009308192,
    0.00018591888,
    0.08622325,
    0.01611591,
    0.016978143,
    0.06609404,
    0.09794962,
    0.044020887,
    0.017981468,
    0.015559377,
    0.03351733,
    -0.03963134,
    0.008622325,
    -0.0071369335,
    0.012314248,
    0.030617092,
    -0.048629913,
    0.00200861,
    -0.010393821,
    -0.016382419,
    -0.02461282,
    -0.0027963768,
    0.014932299,
    0.031275526,
    -0.043770056,
    0.042578608,
    0.0158494,
    -0.006106174,
    -0.008536102,
    -0.010409498,
    0.033329207,
    0.009845127,
    0.12598,
    -0.026243223,
    -0.0625824,
    -0.009304273,
    0.071988575,
    0.00880261,
    0.014493344,
    0.03527315,
    0.12228025,
    0.051765304,
    0.012478856,
    -0.016194295,
    -0.0097902585,
    -0.010887645,
    -0.054336324,
    -0.0104486905,
    -0.05383466,
    0.027936334,
    0.04590212,
    -0.038471248,
    -0.056499746,
    0.021853674,
    -0.036684074,
    0.014995007,
    0.04499286,
    0.022355337,
    -0.008042278,
    0.0021555813,
    -0.07794582,
    0.02249643,
    -0.028579088,
    -0.0113266,
    0.0017724757,
    0.037467923,
    -0.031338234,
    0.0043934667,
    0.003711519,
    -0.0461216,
    -0.06151637,
    0.039161034,
    -0.013999521,
    0.03502232,
    0.04370735,
    0.045996185,
    0.01992541,
    0.028046072,
    0.07361898,
    -0.03146365,
    -0.07901185,
    0.04467932,
    0.03994488,
    -0.006929214,
    -0.072678365,
    -0.019784316,
    0.04925699,
    0.033705454,
    -0.03320379,
    -0.00017232403,
    -0.043142978,
    0.026211869,
    -0.019737286,
    0.044240367,
    0.028171487,
    0.05728359,
    -0.0073132995,
    0.059635136,
    0.12008547,
    0.00083283824,
    -0.042296425,
    -0.029127782,
    -0.015982656,
    0.039756756,
    -0.0073328954,
    0.05446174,
    -0.04762659,
    -0.027889302,
    0.052078843,
    -0.009069119,
    -0.009100473,
    -0.022731584,
    0.07280378,
    0.028124457,
    0.06023086,
    0.08189641,
    0.03495961,
    -0.04267267,
    0.011804746,
    -0.012494533,
    0.0049970294,
    -0.008293109,
    -0.031636093,
    0.016045364,
    0.07631542,
    -0.008371494,
    0.017150588,
    -0.04762659,
    -0.03568075,
    0.013380281,
    -0.04668597,
    0.009202372,
    -0.031949632,
    0.064839885,
    0.045180984,
    0.0009033845,
    0.009766743,
    -0.06070117,
    0.029707829,
    -0.050573856,
    0.07361898,
    -0.0332665,
    0.02069358,
    -0.054806635,
    -0.028234195,
    0.0047540367,
    0.030084075,
    0.07656625,
    0.016617572,
    0.019752963,
    -0.047438465,
    -0.040916853,
    -0.030711154,
    0.007587646,
    -0.0025553436,
    0.023734909,
    -0.0027375882,
    -0.043268394,
    0.045588583,
    0.0051185256,
    0.009758905,
    -0.0004134797,
    -0.020223271,
    0.12096338,
