{
  "chunk_index": 38,
  "token_start": 17100,
  "token_end": 17600,
  "text": "nh được trừ vào thời hạn chấp hành hình phạt tù.\n\nChương VIII\n\n                                                          QUYẾT ĐỊNH HÌNH PHẠT\n\nMục 1. QUY ĐỊNH CHUNG VỀ QUYẾT ĐỊNH HÌNH PHẠT\n\nĐiều 50. Căn cứ quyết định hình phạt\n\n1. Khi quyết định hình phạt, Tòa án căn cứ vào quy định của Bộ luật này, cân nhắc tính chất và mức độ nguy hiểm cho xã hội của hành\nvi phạm tội, nhân thân người phạm tội, các tình tiết giảm nhẹ và tăng nặng trách nhiệm hình sự.\n\n2. Khi quyết định áp dụng hình phạt tiền, ngoài căn cứ quy định tại khoản 1 Điều này, Tòa án căn cứ vào tình hình tài sản, khả năng thi\nhành của người phạm tội.\n\nĐiều 51. Các tình tiết giảm nhẹ trách nhiệm hình sự\n\n1. Các tình tiết sau đây là tình tiết giảm nhẹ trách nhiệm hình sự:\n\na) Người phạm tội đã ngăn chặn hoặc làm giảm bớt tác hại của tội phạm;\n\nb) Người phạm tội tự nguyện sửa chữa, bồi thường thiệt hại hoặc khắc phục hậu quả;\n\nc) Phạm tội trong trường hợp vượt quá giới hạn phòng vệ chính đáng;\n\nd) Phạm tội trong trường hợp",
  "embedding": [
    -0.00043608397,
    0.0013134682,
    0.0074029947,
    -0.09928526,
    -7.165913e-05,
    0.025038313,
    0.09000439,
    0.01797751,
    0.031414736,
    0.010524438,
    -0.09067208,
    -0.04940894,
    0.015548793,
    -0.09514559,
    -0.11384086,
    -0.09294222,
    0.023385786,
    0.14782621,
    0.105427995,
    0.006209502,
    -0.013529035,
    -0.013645881,
    0.13847856,
    -0.078653686,
    -0.0076158205,
    0.063864395,
    -0.029278135,
    -0.058956884,
    0.05221323,
    0.01829466,
    -0.07117558,
    0.0636307,
    -0.0016097549,
    -0.011551009,
    0.0020447955,
    -0.024270471,
    -0.008087375,
    0.0093059065,
    0.09247484,
    -0.057020586,
    -0.06757006,
    0.061994866,
    0.013620842,
    0.035788096,
    0.044534814,
    -0.021532949,
    -0.011041896,
    0.036455784,
    -0.026874457,
    -0.030313052,
    0.011901545,
    -0.01730982,
    0.05491737,
    -0.0050702584,
    0.092541605,
    -0.13206875,
    0.020765109,
    0.0054374873,
    0.11190457,
    0.025422234,
    -0.004294071,
    0.017259745,
    -0.020064035,
    -0.033768337,
    -0.024871392,
    -0.0057170815,
    0.024237087,
    -0.07117558,
    0.024621008,
    0.04390051,
    -0.073646024,
    0.07518171,
    -0.050443854,
    -0.01534014,
    0.053081226,
    -0.047405872,
    0.0015961925,
    0.0069689974,
    0.02637369,
    0.05621936,
    0.05855627,
    -0.026707534,
    -0.023335708,
    0.056786895,
    0.013069999,
    0.07591616,
    5.2032745e-05,
    0.016149713,
    0.017560204,
    0.0050577396,
    0.0312812,
    0.04329959,
    -0.0010213546,
    -0.04623742,
    0.009130638,
    -0.035253946,
    0.022183945,
    -0.043366358,
    -0.02493816,
    -0.004064553,
    0.0053122956,
    -0.048140332,
    -0.024821315,
    0.028476909,
    -0.00816249,
    0.008316893,
    -0.029144596,
    0.036389016,
    0.034653027,
    0.0025789463,
    -0.012302158,
    0.008433739,
    -0.023986705,
    -0.09588005,
    -0.012594271,
    0.030162822,
    0.03360142,
    -0.025989769,
    -0.01767705,
    0.057087354,
    0.002224237,
    0.027124839,
    -0.019730192,
    -0.05408276,
    0.010015326,
    -0.003359307,
    -0.0057880236,
    0.008713333,
    -0.050911237,
    0.050210167,
    -0.036856398,
    -0.061026715,
    0.011843123,
    -0.010983474,
    0.04353328,
    -0.044534814,
    0.010941743,
    -0.008604834,
    -0.005733774,
    0.008855217,
    -0.023853166,
    -0.008533892,
    0.020748416,
    0.046804953,
    -0.025939694,
    -0.03875931,
    0.027458685,
    -0.045536347,
    0.03588825,
    0.010232324,
    -0.00014149255,
    -0.065566994,
    -0.022684712,
    0.025489002,
    -0.027341839,
    -0.008596487,
    0.028693907,
    -0.014780951,
    -0.019079195,
    0.013654227,
    -0.01024067,
    0.02129926,
    -0.09935203,
    0.0004632088,
    0.044200968,
    0.011584393,
    -0.008905293,
    0.038358696,
    -0.017593589,
    -0.09334283,
    0.05932411,
    0.0017151245,
    -0.028209833,
    0.003060934,
    -0.01114205,
    -0.02039788,
    0.018027585,
    -0.12285466,
    -0.0074447254,
    -0.04126314,
    0.008621526,
    -0.016959285,
    0.06636822,
    -0.016541978,
    0.0042732055,
    0.012076814,
    -0.01360415,
    -0.0063305204,
    0.08392843,
    0.023636168,
    -0.04179729,
    -0.0013896264,
    0.017576896,
    0.04730572,
    -0.044468045,
    -0.01797751,
    -0.018778736,
    -0.015715715,
    -0.00015622865,
    -0.010098786,
    0.04717218,
    0.003755747,
    -0.012435696,
    -0.014922835,
    0.0032111637,
    -0.017359897,
    0.022267407,
    0.001986373,
    0.0011663681,
    -0.031865425,
    0.007261111,
    -0.077986,
    -0.0016598315,
    -0.096681274,
    0.0092140995,
    0.04079576,
    -0.029144596,
    -0.035721328,
    -0.03635563,
    0.03318411,
    -0.024737854,
    -0.0274253,
    0.034886718,
    0.024838008,
    -0.0027771662,
    -0.04433451,
    0.012544195,
    0.01715959,
    -0.037223626,
    -0.008283509,
    0.045870192,
    0.0129615,
    -0.022234023,
    0.008604834,
    0.026540613,
    0.0040311683,
    -0.022834942,
    0.008341932,
    -0.004039515,
    0.006618461,
    0.053114608,
    0.016525287,
    0.054516755,
    0.030596819,
    -0.0061886366,
    -0.022651328,
    -0.01598279,
    -0.017259745,
    -0.025455618,
    -0.008179182,
    -0.057788428,
    -0.00914733,
    -0.014588991,
    -0.032432962,
    -0.009222445,
    -2.5722955e-05,
    0.039460383,
    -0.010516092,
    -0.027224993,
    0.08139121,
    0.019095886,
    -0.015815869,
    -0.017810587,
    -0.00914733,
    0.050076626,
    0.051178314,
    0.14368653,
    -0.037257012,
    -0.044835273,
    -0.04677157,
    0.042197905,
    -0.0042586,
    0.008596487,
    0.017693741,
    0.16785686,
    0.0025789463,
    0.0006447366,
    -0.02395332,
    0.012101851,
    -0.0044609928,
    -0.04540281,
    0.05328153,
    -0.010340824,
    -0.010708052,
    0.03273342,
    -0.033417802,
    -0.045302656,
    0.019563269,
    -0.044301122,
    0.039694075,
    0.041162986,
    0.032967113,
    0.024971545,
    0.001360415,
    -0.10402585,
    0.060058568,
    -0.0003687935,
    0.011742969,
    -0.026006462,
    0.015865944,
    -0.0537823,
    0.016383404,
    -0.0043524937,
    0.016700555,
    -0.051278464,
    0.039026383,
    -0.015598869,
    0.0040749856,
    -0.023869859,
    -0.0006223064,
    0.046204034,
    0.012636002,
    0.0687719,
    -0.0016066252,
    -0.045970343,
    0.030413205,
    0.089870855,
    0.045135733,
    -0.08499673,
    -0.0050869505,
    0.036989935,
    0.060058568,
    -0.052713998,
    -0.005007663,
    -0.12078483,
    0.025522389,
    0.002130343,
    0.032182578,
    0.027825912,
    0.075982936,
    -0.018494967,
    -0.0040436876,
    0.100220025,
    0.004285725,
    -0.04546958,
    -0.05328153,
    -0.03391857,
    0.085330576,
    0.020915339,
    0.0020510552,
    -0.09808342,
    -0.02425378,
    0.06630146,
    -0.029428365,
    0.08392843,
    -0.015081411,
    0.0533483,
    -0.0051745847,
    0.06563377,
    0.023218863,
    0.054349832,
    0.042231288,
    0.04556973,
    -0.012752848,
    0.008955371,
    0.05191277,
    -0.01699267,
    -0.0015210776,
    0.029611979,
    -0.057087354,
    -0.029211367,
    -0.04276544,
    0.03151489,
    0.034786563,
    -0.0625624,
    -0.022551175,
    -0.03458626,
    0.07050789,
    -0.03545425,
    -0.03785793,
    0.0207818,
    -0.013295345,
    0.038191773,
    -0.097081885,
    0.07751862,
    0.020080728,
    -0.022885019,
    -0.06566715,
    -0.018111046,
    0.01635002,
    -0.05621936,
    0.07211034,
    -0.038258545,
    0.041129604,
    -0.021683179,
    -0.018411506,
    -0.043399744,
    -0.02924475,
    -0.0143469535,
    -0.0013353768,
    -0.041763905,
    -0.031014124,
    -0.0013969293,
    -0.011918237,
    0.05348184,
    -0.0072736302,
