{
  "chunk_index": 87,
  "token_start": 39150,
  "token_end": 39650,
  "text": ", thị trấn.\n\nMục 3. BIỆN PHÁP TƯ PHÁP GIÁO DỤC TẠI TRƯỜNG GIÁO DƯỠNG\n\nĐiều 96. Giáo dục tại trường giáo dưỡng\n\n1. Tòa án có thể áp dụng biện pháp giáo dục tại trường giáo dưỡng từ 01 năm đến 02 năm đối với người dưới 18 tuổi phạm tội, nếu\nthấy do tính chất nghiêm trọng của hành vi phạm tội, do nhân thân và môi trường sống của người đó mà cần đưa người đó vào một tổ\nchức giáo dục có kỷ luật chặt chẽ.\n\n2. Người được giáo dục tại trường giáo dưỡng phải chấp hành đầy đủ những nghĩa vụ về học tập, học nghề, lao động, sinh hoạt dưới\nsự quản lý, giáo dục của nhà trường.\n\nĐiều 97. Chấm dứt trước thời hạn biện pháp giáo dục tại trường giáo dưỡng\n\nNếu người được giáo dục tại trường giáo dưỡng đã chấp hành một phần hai thời hạn, có nhiều tiến bộ, thì theo đề nghị của trường giáo\ndưỡng được giao trách nhiệm quản lý, giáo dục, Tòa án có thể quyết định chấm dứt thời hạn giáo dục tại trường giáo dưỡng.\n\nMục 4. HÌNH PHẠT\n\nĐiều 98. Các hình phạt được áp",
  "embedding": [
    -0.0006749818,
    -0.0015867454,
    -0.08672568,
    -0.049135804,
    -0.002059284,
    0.04372365,
    0.050218236,
    0.015252436,
    -0.0018563281,
    0.009741878,
    -0.08173993,
    -0.031046087,
    0.0056171604,
    0.005047244,
    -0.018106118,
    -0.094007485,
    0.16282386,
    0.022534244,
    0.09702517,
    0.0021751123,
    -0.007843524,
    0.0068102945,
    0.10371657,
    -0.097418785,
    0.085216835,
    -0.094269894,
    -0.019778965,
    -0.043231636,
    0.02483031,
    0.049857426,
    -0.044674877,
    0.0245023,
    -0.04687254,
    0.056548815,
    -0.0063469815,
    -0.0116115315,
    0.036933854,
    -0.0066544903,
    0.06776673,
    -0.055335183,
    -0.11165439,
    -0.052875113,
    -0.0062116776,
    0.007954228,
    0.07865665,
    0.117689766,
    -0.0066380897,
    0.04100117,
    -0.016334867,
    -0.0044240262,
    0.02834001,
    -0.0026076746,
    -0.0058303666,
    -0.014276608,
    0.103388555,
    -0.043789253,
    0.08797211,
    -0.011447527,
    0.008528244,
    0.009159662,
    0.010061688,
    0.03919712,
    0.07905026,
    -0.00093636423,
    -0.028586017,
    -0.008380639,
    0.10719346,
    0.031587303,
    0.010881711,
    -0.030734478,
    -0.08528244,
    0.13087574,
    -0.019122947,
    0.041165177,
    -0.008101831,
    -0.0025072217,
    -0.03358816,
    0.006584788,
    0.012702163,
    0.041493185,
    -0.004834038,
    0.06875076,
    -0.034178577,
    0.07452373,
    0.07570456,
    0.04447807,
    0.018286522,
    -0.0036142534,
    -0.054744765,
    -0.00770412,
    0.06920998,
    -0.011299923,
    -0.017696105,
    0.069406785,
    0.027093574,
    0.0145390155,
    0.009832081,
    0.00560896,
    -0.0035548017,
    0.0023862682,
    0.00453883,
    -0.037688278,
    8.1425766e-05,
    0.046446126,
    -0.01328438,
    0.01815532,
    0.006199377,
    -0.029520843,
    -0.027552787,
    0.0027450284,
    -0.0050267437,
    0.028536815,
    -0.03883631,
    -0.014178205,
    0.009126861,
    -0.0010588552,
    -0.07413012,
    0.04303483,
    -0.004137018,
    0.031570904,
    -0.012365953,
    0.01259556,
    -0.008815252,
    -0.013530387,
    0.046642933,
    -0.025699534,
    0.0131449755,
    0.0016205714,
    -0.08324878,
    -0.0053383526,
    -0.088824935,
    -0.06770113,
    0.008971056,
    0.0011008815,
    0.042575616,
    -0.043133233,
    -0.014850625,
    0.02553553,
    0.024649905,
    0.005498257,
    -0.04021395,
    0.010233892,
    -0.0062321783,
    -0.024551501,
    -0.028848425,
    0.013087574,
    -0.020828595,
    0.03181691,
    0.023879083,
    0.014391411,
    0.009061259,
    -0.019500157,
    -0.025748735,
    0.05838567,
    0.057598446,
    0.009627075,
    -0.031587303,
    0.031029686,
    -0.037261866,
    -0.003601953,
    0.0034092474,
    0.025076317,
    -0.046446126,
    0.035589017,
    -0.016761279,
    0.023173863,
    0.027142776,
    0.043822054,
    -0.057992056,
    -0.062649794,
    -0.001854278,
    -0.03788508,
    -0.007954228,
    -0.0009625025,
    -0.031652905,
    -0.026322752,
    0.00035030377,
    -0.07577016,
    -0.03532661,
    -0.08502003,
    0.042542815,
    -0.0032964943,
    0.09971485,
    0.009454871,
    0.01956576,
    0.027372383,
    -0.0043625245,
    0.015703449,
    0.0384755,
    0.026617961,
    0.029963655,
    -0.0350314,
    -0.03709786,
    0.011791937,
    0.016908884,
    -0.04375645,
    -0.014416012,
    0.023534672,
    0.12110106,
    0.024026686,
    0.04582291,
    -0.005412155,
    -0.029192835,
    -0.015318038,
    0.057893656,
    0.03886911,
    0.039623532,
    -0.018762136,
    -0.011299923,
    -0.0733429,
    -0.0069537987,
    -0.025961941,
    -0.011160519,
    -0.021255007,
    -0.0051538474,
    0.040869966,
    -0.028487613,
    -0.025092717,
    -0.01260376,
    0.014850625,
    -0.027733192,
    0.015350839,
    0.0047684363,
    0.0035015,
    -0.023009857,
    -0.026142348,
    -0.018335724,
    -0.019795366,
    0.026880369,
    -0.0045757308,
    0.09197383,
    0.005424455,
    -0.022140633,
    -0.024354696,
    0.00946307,
    0.034178577,
    0.08672568,
    -0.0064617847,
    0.059468098,
    0.069144376,
    0.08482322,
    0.038606703,
    0.022501443,
    0.020434983,
    -0.011955942,
    -0.02524032,
    -0.01573625,
    -0.07321169,
    0.02381348,
    0.04690534,
    -0.04310043,
    0.0058672675,
    -0.005387554,
    0.0004956017,
    0.027273979,
    0.018712934,
    -0.034572188,
    0.019155748,
    -0.014571817,
    0.09217063,
    0.040345155,
    0.07321169,
    0.015859254,
    -0.009832081,
    0.04490448,
    0.030537672,
    0.08633207,
    -0.056745622,
    0.0022079132,
    -0.041558787,
    0.06789794,
    0.011004714,
    0.017286094,
    0.003669605,
    0.08554485,
    0.01573625,
    -0.010668505,
    -0.00016874545,
    -0.0016369718,
    -0.04756136,
    -0.019614961,
    0.021287808,
    -0.017581303,
    0.054711964,
    0.031587303,
    -0.024256293,
    -0.026863968,
    0.082395956,
    -0.02307546,
    -0.025617532,
    0.06665151,
    0.06724192,
    -0.035589017,
    0.0175321,
    -0.06875076,
    0.043526843,
    0.015326238,
    -0.009627075,
    -0.024174292,
    -0.0138009945,
    -0.028143205,
    0.006023072,
    0.017236892,
    -0.011882139,
    -0.024928713,
    -0.061501756,
    -0.02832361,
    0.053367127,
    0.081805535,
    0.08541364,
    0.012734964,
    0.02770039,
    0.040377952,
    0.01259556,
    -0.07399891,
    0.051563073,
    0.0453637,
    0.027027972,
    -0.057926454,
    0.013472985,
    -0.05359673,
    0.026060345,
    0.0067282924,
    -0.0019034793,
    -0.030291665,
    0.029422441,
    0.022599846,
    0.009495871,
    0.0245187,
    0.07085002,
    -0.011431127,
    0.019139348,
    0.13179417,
    -0.03959073,
    -0.044642076,
    -0.014260207,
    0.021304209,
    0.061403356,
    -0.022075031,
    0.028176006,
    -0.01823732,
    0.011094917,
    0.057204835,
    0.048053373,
    -0.06681551,
    0.020943398,
    0.056483213,
    0.008921855,
    0.047528557,
    0.0035753022,
    0.05500717,
    -0.008028029,
    -0.08009989,
    -0.013677991,
    -0.057237636,
    0.014875225,
    0.031259295,
    0.018270122,
    -0.04720055,
    -0.011955942,
    -0.03424418,
    -0.04762696,
    0.021763422,
    -0.008700449,
    -0.101551704,
    0.024764707,
    -0.07662299,
    0.059992913,
    0.06478185,
    -0.06081294,
    0.020024972,
    -0.05359673,
    0.040377952,
    -0.052743908,
    0.06373222,
    0.06376502,
    -0.026503157,
    -0.034801796,
    0.03111169,
    0.014096203,
    -0.00140224,
    0.038377095,
    0.043494042,
    0.034309782,
    -0.054416753,
    -0.00028444562,
    -0.073802106,
    -0.034572188,
    -0.016859682,
    -8.930568e-05,
    0.023633076,
    0.030275265,
    0.010455299,
    -0.024010286,
    -0.011447527,
    0.13376223,
    -0.009290866,
    0.122281894,
    0.066782705,
