{
  "chunk_index": 279,
  "token_start": 125550,
  "token_end": 126050,
  "text": "n chiếm đất, chuyển quyền sử dụng đất hoặc sử dụng đất trái với các quy định của pháp luật về quản lý và sử dụng đất\nđai, đã bị xử phạt vi phạm hành chính về hành vi này hoặc đã bị kết án về tội này, chưa được xóa án tích mà còn vi phạm, thì bị phạt\ntiền từ 50.000.000 đồng đến 500.000.000 đồng, phạt cải tạo không giam giữ đến 03 năm hoặc phạt tù từ 06 tháng đến 03 năm.\n\f2. Phạm tội thuộc một trong các trường hợp sau đây, thì bị phạt tiền từ 500.000.000 đồng đến 2.000.000.000 đồng hoặc phạt tù từ 02\nnăm đến 07 năm:\n\na) Có tổ chức;\n\nb) Phạm tội 02 lần trở lên;\n\nc) Tái phạm nguy hiểm.\n\n3. Người phạm tội còn có thể bị phạt tiền từ 10.000.000 đồng đến 50.000.000 đồng.\n\nĐiều 229. Tội vi phạm các quy định về quản lý đất đai\n\n1. Người nào lợi dụng hoặc lạm dụng chức vụ, quyền hạn giao đất, thu hồi, cho thuê, cho phép chuyển quyền sử dụng, cho phép\nchuyển mục đích sử dụng đất trái quy định của pháp luật thuộc một trong các trường hợp sau đâ",
  "embedding": [
    -0.0002470278,
    0.035574075,
    -0.085576326,
    -0.16188686,
    -0.0014281336,
    0.047520343,
    0.062511094,
    0.0059689987,
    0.015727049,
    0.123698495,
    -0.07108196,
    -0.059632074,
    0.009133437,
    -0.011168605,
    0.014932837,
    -0.08365698,
    0.106292024,
    0.108079,
    0.16559318,
    -0.0066225687,
    -0.012608114,
    0.024289647,
    0.049075674,
    0.06138596,
    -0.06843459,
    0.026142808,
    -0.019110722,
    0.031818114,
    0.024388922,
    -0.03382019,
    -0.14666446,
    0.03355545,
    0.0043764384,
    0.03348927,
    0.000851089,
    0.013096223,
    -0.005154104,
    0.015056933,
    0.022982506,
    -0.060260825,
    -0.054701343,
    -0.022353755,
    0.051359035,
    0.017654669,
    0.07803132,
    -0.025017673,
    -0.0052906093,
    0.031636108,
    -0.039247304,
    -0.070420116,
    0.0346144,
    -0.013154134,
    0.018879078,
    0.009737369,
    0.055363186,
    -0.14335524,
    0.1321039,
    -0.006515019,
    0.055495553,
    0.0331418,
    0.008405409,
    0.016206887,
    0.06390096,
    -0.024719844,
    -0.032033212,
    -0.023363065,
    -0.019474737,
    -0.013501601,
    0.010548126,
    -0.07525157,
    -0.10251951,
    -0.031123178,
    -0.040835727,
    0.03319144,
    0.0074167806,
    -0.039445855,
    -0.02832689,
    -0.013195499,
    0.075913414,
    0.021394081,
    -0.012285464,
    -0.022866683,
    0.01671154,
    -0.055032264,
    -0.0017983521,
    0.12502219,
    -0.024835667,
    0.008244084,
    0.024339285,
    0.025265865,
    0.022932868,
    0.03626901,
    0.01690182,
    0.00042321772,
    0.005054828,
    0.009050706,
    -0.014850107,
    0.012848032,
    -0.027119026,
    0.0048397286,
    -0.013667063,
    -0.010109656,
    0.087032385,
    -0.016587446,
    -0.010854229,
    -0.005559483,
    0.0011861471,
    0.023280336,
    0.011350611,
    0.00048629966,
    -0.036633022,
    -0.009001068,
    0.030047683,
    -0.030659888,
    0.026788104,
    0.038817104,
    -0.06903025,
    -0.060525563,
    0.02043441,
    -0.02693702,
    0.009373355,
    0.05556174,
    -0.022767406,
    0.02035168,
    0.03115627,
    -0.058870956,
    -0.0014591574,
    -0.031421006,
    -0.054072592,
    -0.022635039,
    -0.004595674,
    -0.022982506,
    -0.024537837,
    0.024074547,
    -0.017720852,
    0.001853161,
    0.023677442,
    -0.013815978,
    0.0052988823,
    0.0115574375,
    -0.026573006,
    -0.03216558,
    -0.0021758096,
    0.020947337,
    -0.0010118963,
    -0.030295873,
    -0.021840826,
    0.07650907,
    0.0331418,
    -0.014949384,
    -0.016719814,
    -0.046924684,
    -0.018548157,
    0.0053237015,
    -0.053973313,
    -0.025100404,
    -0.049406596,
    0.03749342,
    0.04563409,
    0.023164513,
    0.025811886,
    0.041894674,
    -0.018647432,
    0.025431326,
    -0.016885275,
    0.036235917,
    0.018779801,
    0.06529083,
    -0.04301981,
    -0.036997035,
    0.019689836,
    0.008910065,
    -0.0020517139,
    0.008053805,
    -0.0010196522,
    0.0019079699,
    0.027168665,
    0.037989803,
    -0.011590529,
    -0.03251305,
    0.0014095192,
    0.017373385,
    0.09047397,
    -0.0027735368,
    -0.027747776,
    -0.038386907,
    -0.024521291,
    0.024752937,
    0.034548216,
    0.005398159,
    -0.0058490396,
    -0.069162615,
    -0.0057621724,
    0.007561559,
    -0.0024901852,
    0.014171718,
    0.0417954,
    -0.0034477895,
    -0.0536093,
    -0.028757088,
    0.0645959,
    0.06644906,
    0.08511304,
    -0.021923557,
    0.010018651,
    -0.03401874,
    0.023164513,
    0.020103488,
    0.03659993,
    0.007900753,
    -0.024835667,
    -0.040339343,
    -0.0056587597,
    0.044641327,
    0.026655735,
    0.070420116,
    -0.02634136,
    -0.038519274,
    -0.011573983,
    -0.032645416,
    -0.019441646,
    -0.023528527,
    0.032115944,
    0.014345452,
    -0.012351649,
    -0.0042275237,
    0.0068624867,
    0.0074002347,
    -0.006266828,
    0.006225463,
    -0.00070734497,
    0.03284397,
    -0.027995968,
    -0.026208991,
    0.012781847,
    0.04407876,
    0.1329643,
    -0.031685743,
    0.045700274,
    0.0016494374,
    0.019805659,
    -0.0058490396,
    -0.06307366,
    0.012078639,
    -0.030080775,
    -0.047520343,
    -0.0053650667,
    0.0070527666,
    0.017257562,
    -0.026771558,
    -0.022006286,
    -0.003474677,
    -0.019888388,
    -0.052417982,
    -0.077369474,
    0.03994224,
    0.0105564,
    -0.08603962,
    -0.03583881,
    -0.019325823,
    0.022552308,
    -0.015627773,
    0.018697072,
    -0.011433342,
    0.02081497,
    0.0280787,
    0.08041395,
    -0.009737369,
    -0.0076277433,
    0.0063991966,
    0.04579955,
    0.019706381,
    0.0027528543,
    0.017158285,
    0.037592694,
    0.024438562,
    0.040438622,
    0.024372377,
    0.020004211,
    0.013840796,
    -0.037923615,
    0.022221386,
    0.07167762,
    0.02174155,
    -0.034482032,
    -0.011069328,
    0.07174381,
    0.016620537,
    -0.028376529,
    -0.029203832,
    0.013294776,
    0.027367217,
    0.019789113,
    0.03858546,
    -0.05053173,
    0.0015005227,
    0.007230637,
    0.013054858,
    -0.008376453,
    0.050399363,
    -0.015710503,
    -0.0023495434,
    0.01091214,
    -0.019143816,
    -0.026026985,
    0.0430529,
    0.019358914,
    0.015412674,
    -0.08239948,
    0.048645478,
    -0.0018759118,
    0.026622644,
    0.0027818098,
    -0.0077973404,
    0.020219311,
    -0.005621531,
    0.015420947,
    -0.017108647,
    -0.01232683,
    -0.059797537,
    0.010738406,
    0.050068438,
    -0.016446805,
    -0.020781877,
    0.0070362207,
    -0.0029121102,
    0.036533747,
    0.05771273,
    -0.037758157,
    0.08239948,
    -0.05556174,
    0.018763255,
    0.087230936,
    0.043218363,
    -0.030428242,
    -0.0261759,
    -0.03219867,
    -0.00044622712,
    -0.010200659,
    0.018250328,
    0.028889457,
    -0.0112016965,
    0.089084096,
    -0.13289812,
    -0.04070336,
    0.030031137,
    0.054271143,
    0.004128247,
    -0.025662972,
    0.033323806,
    0.07035393,
    -0.020186218,
    0.06568794,
    0.033025976,
    0.059996087,
    0.0014498503,
    0.03186775,
    -0.03444894,
    0.014022803,
    -0.010341301,
    0.005708398,
    0.0050589642,
    0.005609121,
    0.00742919,
    -0.09047397,
    -0.00040124246,
    -0.033919465,
    0.054171868,
    0.05609121,
    0.02076533,
    -0.02685429,
    -0.12972127,
    0.027665047,
    -0.044641327,
    0.0747221,
    -0.008136535,
    0.050399363,
    0.037129406,
    -0.014792196,
    0.018117959,
    -0.030031137,
    0.04900949,
    -0.014692919,
    0.033505812,
    -0.041894674,
    0.0074085076,
    -0.0072471835,
    -0.004086882,
    0.10205623,
    0.008248221,
    -0.0031478917,
    -0.08259803,
    -0.024670206,
    0.05559483,
    0.029485116,
    0.03355545,
    -0.0110776005,
    0.06876551,
    0.0019152089,
