{
  "chunk_index": 74,
  "token_start": 33300,
  "token_end": 33800,
  "text": " không lớn;\n\nd)27 Tích cực hợp tác với cơ quan có trách nhiệm trong việc phát hiện tội phạm hoặc trong quá trình giải quyết vụ án;\n\nđ) Có nhiều đóng góp trong việc thực hiện chính sách xã hội.\n\n                                                                                          ưng phải ghi rõ lý do giảm nhẹ trong bản án.\n2. Khi quyết định hình phạt, Tòa án có thể coi các tình tiết khác là tình tiết giảm nhẹ, nh\n\n3. Các tình tiết giảm nhẹ đã được Bộ luật này quy định là dấu hiệu định tội hoặc định khung thì không được coi là tình tiết giảm nhẹ\ntrong khi quyết định hình phạt.\n\nĐiều 85. Các tình tiết tăng nặng trách nhiệm hình sự áp dụng đối với pháp nhân thương mại\n\n1. Chỉ các tình tiết sau đây mới là tình tiết tăng nặng trách nhiệm hình sự:\n\na) Câu kết với pháp nhân thương mại khác để phạm tội;\n\nb) Cố ý thực hiện tội phạm đến cùng;\n\nc) Phạm tội 02 lần trở lên;\n\nd) Tái phạm hoặc tái phạm nguy hiểm;\n\nd) Lợi dụng hoàn cảnh chiến tranh, tình trạng khẩn cấp, thiên tai, dịch bệnh hoặc những khó khăn đặc biệt khác của xã hội để phạm tội;\n\ne) Dùng thủ đoạn tinh",
  "embedding": [
    -0.00063741603,
    0.022737723,
    -0.035918776,
    -0.08783034,
    -0.00037305345,
    0.054447014,
    0.01044245,
    0.042907495,
    0.020169774,
    0.0150988875,
    -0.0034923288,
    0.0217463,
    0.0063914293,
    -0.060688104,
    -0.17696092,
    -0.0795739,
    0.011141322,
    0.038324196,
    0.093421325,
    0.009434774,
    -0.0028909738,
    0.03851923,
    0.15095638,
    -0.025468199,
    -0.043720137,
    0.09264118,
    -0.040274538,
    0.071447484,
    -0.0058591487,
    -0.017618079,
    -0.059875462,
    -0.012929134,
    0.0031428928,
    0.0038600494,
    -0.008337706,
    0.007110617,
    0.062670946,
    0.0136117535,
    0.016529137,
    -0.05854273,
    -0.033220805,
    -0.026605899,
    0.047588315,
    0.031091683,
    -0.0032871368,
    0.031790555,
    0.00898782,
    0.087180234,
    -0.046970706,
    0.007435674,
    0.022136368,
    0.0028462785,
    0.066636644,
    -0.0056681777,
    0.08145923,
    -0.1110394,
    0.0101986565,
    -0.0005597072,
    0.021486254,
    -0.031806808,
    -0.0013571121,
    -0.018056905,
    0.00059424445,
    -0.047295764,
    -0.028068654,
    -0.020169774,
    0.052756716,
    -0.025760751,
    0.037219003,
    0.023306571,
    -0.10343307,
    0.015342681,
    -0.007195945,
    0.00657021,
    0.11357484,
    -0.025273165,
    -0.029466398,
    -1.3887924e-05,
    0.022656457,
    -0.0015511303,
    0.057892613,
    0.046125557,
    -0.018934557,
    0.04241991,
    -0.03559372,
    0.09251116,
    -0.036536384,
    0.029482652,
    -0.027581068,
    0.07560821,
    0.025955785,
    0.04739328,
    0.021827564,
    -0.041932326,
    -0.014489407,
    -0.04950615,
    -0.0034842025,
    0.0072690826,
    -0.044857837,
    -0.0062614065,
    0.026963461,
    -0.023989191,
    0.013668638,
    0.02569574,
    -0.032651953,
    0.00076794665,
    -0.016098438,
    0,
    0.008565246,
    0.009044705,
    -0.0005287252,
    0.04297251,
    -0.020803634,
    -0.09641185,
    0.03972194,
    0.0004891089,
    0.064946346,
    0.013067283,
    -0.027272265,
    0.011702045,
    -0.029401386,
    0.02930387,
    -0.05139148,
    -0.033318322,
    -0.022022597,
    -0.03154676,
    -0.022103861,
    -0.025403189,
    -0.092251115,
    -0.0046686283,
    -0.007703846,
    -0.07859873,
    0.016837941,
    -0.004705197,
    0.029206352,
    -0.0129778925,
    0.03221313,
    -0.008041092,
    0.012010848,
    0.024948109,
    -0.044955354,
    -0.01570837,
    0.013961189,
    0.006814003,
    -0.004262307,
    -0.08939062,
    0.027256012,
    0.038649254,
    0.020966163,
    0.010726874,
    0.067351766,
    -0.0049652425,
    0.002606549,
    -0.0311892,
    -0.0068790144,
    0.0026390548,
    0.010052381,
    -0.01616345,
    -0.015895277,
    0.026085807,
    0.04098966,
    0.017959388,
    -0.077688575,
    -0.050903894,
    0.020559842,
    0.033139538,
    0.034878593,
    0.077688575,
    0.00022690487,
    -0.06273596,
    0.08074411,
    -0.014221234,
    -0.038649254,
    -0.037186496,
    -0.028458722,
    -0.027516058,
    0.0243305,
    -0.050871387,
    -0.03079913,
    -0.08282447,
    -0.00526592,
    -0.012335905,
    0.05191157,
    0.002196165,
    -0.022607699,
    0.001543004,
    -0.051651523,
    0.014928233,
    0.083474584,
    0.044110205,
    -0.10694368,
    0.04888854,
    -0.027337275,
    0.071577504,
    -0.032375656,
    0.02169754,
    0.037186496,
    -0.018073158,
    0.02569574,
    -0.028572492,
    0.033610873,
    0.0066880435,
    -0.033643376,
    -0.00089695357,
    0.002118964,
    -0.010393691,
    0.010328679,
    0.019438395,
    -0.0077973,
    -0.03354586,
    0.028036147,
    -0.050903894,
    0.016586022,
    -0.027954884,
    0.0121896295,
    0.03910433,
    -0.041672282,
    -0.025386935,
    0.0056641144,
    -0.005534092,
    0.00768353,
    -0.038844287,
    -0.013953063,
    0.030701613,
    0.0047539556,
    -0.025094384,
    0.027743597,
    0.0034070015,
    0.0008720664,
    -0.0044004563,
    0.035788752,
    -0.013059157,
    -0.030945407,
    0.0138636725,
    0.034846086,
    -0.027093483,
    -0.014302499,
    -0.023306571,
    0.0044614044,
    0.047555808,
    0.0107350005,
    -0.0020691897,
    0.0010716716,
    0.028019896,
    -0.0027995517,
    0.015968414,
    -0.0009035563,
    -0.038031645,
    0.00427856,
    -0.0071512493,
    -0.093226284,
    0.022412665,
    0.00033140555,
    -0.04056709,
    0.03972194,
    0.02684969,
    0.009020326,
    0.005473144,
    -0.024232984,
    0.10408318,
    0.019600924,
    -0.056332342,
    -0.00887405,
    -0.069302104,
    0.08919559,
    0.018349456,
    0.1334033,
    0.0007841995,
    -0.050351296,
    -0.023192802,
    0.037284013,
    0.028117413,
    -0.029466398,
    0.01677293,
    0.118060626,
    0.039071824,
    8.5708336e-05,
    -0.034130964,
    0.020527337,
    0.03673142,
    -0.06335357,
    0.027223507,
    0.031579267,
    -0.017358033,
    -0.040957157,
    0.027987389,
    0.050383803,
    0.0008228,
    -0.009345382,
    0.051098928,
    0.017715596,
    -0.04219237,
    0.028637502,
    0.011287597,
    0.0077566677,
    0.007813552,
    0.010401817,
    0.026459623,
    -0.015749002,
    0.04778335,
    -0.048823528,
    0.028946307,
    -0.019194603,
    -0.028182423,
    -0.028995065,
    0.06117569,
    -0.0007064906,
    0.027288517,
    -0.09426647,
    0.020299796,
    -0.0089309355,
    0.019665936,
    0.017097987,
    0.024086708,
    0.05252918,
    0.0423549,
    0.039884467,
    -0.021014921,
    -0.100897625,
    0.006716486,
    -0.015838392,
    0.09745202,
    -0.06273596,
    0.014887601,
    -0.073852904,
    0.015578346,
    0.0018182864,
    -0.0023932306,
    0.042614944,
    0.094396494,
    -0.013985569,
    -0.005111518,
    0.048856035,
    -0.0019686252,
    -0.050936397,
    -0.037869114,
    -0.0406321,
    0.003768627,
    -0.05460954,
    -0.010190531,
    -0.07762356,
    -0.0709924,
    0.053569358,
    -0.024704317,
    0.037349027,
    -0.020576095,
    0.06510887,
    -0.009182855,
    0.07476306,
    -0.014928233,
    0.05334182,
    0.011149448,
    0.045767996,
    0.013961189,
    0.09550168,
    0.01631785,
    -0.010336806,
    -0.014643809,
    0.00027604433,
    0.021339979,
    -0.011043805,
    -0.036081303,
    0.048823528,
    0.023501607,
    -0.06260594,
    -0.044272736,
    -0.030262787,
    0.05025378,
    -0.090300776,
    -0.030782878,
    -0.013432972,
    -0.001172236,
    0.06055808,
    -0.06517389,
    0.014554418,
    -0.07573823,
    -0.06462129,
    0.018073158,
    0.029466398,
    -0.031904325,
    0.031384233,
    0.06429623,
    -0.043947678,
    0.0417698,
    -0.033107035,
    -0.027678587,
    -0.0030474074,
    0.0014566607,
    0.011661412,
    0.0072121974,
    -0.0010147867,
