{
  "chunk_index": 426,
  "token_start": 191700,
  "token_end": 192200,
  "text": " này từ 122%\nđến 200%;\n\nc) Gây thiệt hại về tài sản từ 500.000.000 đồng đến dưới 1.500.000.000 đồng;\n\nd) Là người có trách nhiệm trực tiếp bảo đảm an toàn giao thông đường không hoặc trực tiếp quản lý thiết bị an toàn giao thông đường\nkhông.\n\n3. Phạm tội thuộc một trong các trường hợp sau đây, thì bị phạt tù từ 07 năm đến 15 năm:\n\na) Làm chết 03 người trở lên;\n\nb) Gây thương tích hoặc gây tổn hại cho sức khỏe của 03 người trở lên mà tổng tỷ lệ tổn thương cơ thể của những người này 201% trở\nlên;\n\nc) Gây thiệt hại về tài sản 1.500.000.000 đồng trở lên.\n\n4. Cản trở giao thông đường không trong trường hợp có khả năng thực tế dẫn đến hậu quả quy định tại một trong các điểm a, b và c\nkhoản 3 Điều này nếu không được ngăn chặn kịp thời, thì bị phạt tiền từ 10.000.000 đồng đến 50.000.000 đồng, phạt cải tạo không\ngiam giữ đến 02 năm hoặc phạt tù từ 03 tháng đến 02 năm.\n\n5. Người phạm tội còn có thể bị cấm đảm nhiệm chức vụ, cấm hành nghề hoặc làm công việc nhất định từ 01 năm đến 05 năm.\n\nĐi",
  "embedding": [
    7.8923666e-05,
    -0.03419922,
    -0.06766429,
    -0.17215851,
    0.0005730778,
    0.06601245,
    0.047230408,
    -0.024915265,
    0.045180902,
    -0.08626279,
    -0.06980556,
    0.00609881,
    0.0016050003,
    -0.09684681,
    -0.095623225,
    -0.0664407,
    0.085956894,
    -0.0038963559,
    0.13275905,
    0.0035923712,
    -0.014338895,
    0.1311684,
    0.018032594,
    -0.057141453,
    -0.027882459,
    0.091095954,
    -0.0496164,
    -0.080328405,
    -0.041418377,
    0.053195387,
    -0.10926621,
    -0.00794566,
    -0.028968392,
    -0.016548997,
    -0.003441335,
    -0.028494252,
    0.017512571,
    0.008198025,
    0.04808692,
    -0.07200802,
    -0.03946064,
    0.069132596,
    0.037961747,
    -0.0043207873,
    0.094889075,
    -0.07323161,
    -0.0074256356,
    -0.014690676,
    -0.045150314,
    -0.07598467,
    0.008924528,
    0.011509353,
    0.060383953,
    -0.030008439,
    0.00386959,
    -0.13067895,
    0.002634533,
    -0.006110281,
    0.038022924,
    0.1257846,
    0.019011462,
    -0.032027356,
    0.017267853,
    -0.05212475,
    -0.035392217,
    -0.028326008,
    -0.024379944,
    -0.025848249,
    0.012411747,
    -0.04958581,
    -0.056315534,
    -0.080206044,
    -0.056162585,
    0.098009214,
    0.057722654,
    -0.003976654,
    -0.022881053,
    -0.011073451,
    0.019133821,
    0.011501705,
    -0.037839387,
    -0.01639605,
    0.0047681606,
    -0.036218137,
    0.021550404,
    0.050197605,
    -0.030987307,
    -0.017298443,
    -0.08662987,
    0.018307902,
    0.019042052,
    -0.03875708,
    0.030237863,
    -0.0052728895,
    0.025955312,
    0.014407721,
    -0.01518011,
    -0.018002005,
    0.02740832,
    -0.0053378926,
    0.033495657,
    -0.051054113,
    0.0153560005,
    0.050839987,
    0.015455417,
    -0.020984495,
    -0.018353786,
    0.03786998,
    0.021841004,
    0.0058885063,
    -0.008534511,
    0.026245914,
    -0.100639924,
    -0.06411589,
    -0.028861327,
    0.051054113,
    -0.04190781,
    -0.08338737,
    -0.023645794,
    0.024915265,
    -0.02436465,
    0.05643789,
    0.008198025,
    9.750449e-05,
    0.04805633,
    -0.08552864,
    0.009475142,
    -0.009666327,
    -0.09329841,
    0.007670353,
    -0.07714708,
    -0.016824303,
    -0.008297441,
    -0.019118527,
    0.052614186,
    -0.011019919,
    -0.0018248634,
    -0.007804183,
    0.019531487,
    0.038084105,
    0.004569328,
    -0.008006839,
    0.03447453,
    0.035422806,
    -0.036218137,
    -0.050014067,
    0.030543758,
    -0.02439524,
    -0.0036611978,
    -0.014315953,
    0.06790901,
    0.0033667726,
    -0.016105447,
    0.059313316,
    -0.053409517,
    -0.008251556,
    -0.008809817,
    0.022926938,
    0.015187758,
    0.010683433,
    0.0045081484,
    0.010759907,
    -0.0053493637,
    0.044354983,
    0.0017483893,
    0.02902957,
    -0.033832144,
    0.059313316,
    -0.020923316,
    -0.0036803165,
    0.038206466,
    0.0046802154,
    -0.0010649019,
    0.0031947058,
    -0.0040531275,
    0.008159787,
    -0.03588165,
    -0.092380725,
    0.004909638,
    -0.05974157,
    -0.013421206,
    -0.014491843,
    0.09580676,
    -0.037992336,
    0.002359226,
    -0.004699334,
    0.00015665243,
    0.0011595386,
    0.028815443,
    0.060200416,
    0.0012570431,
    -0.019776205,
    0.00053245097,
    0.038267642,
    0.013436501,
    0.0053149504,
    0.015937204,
    -0.048698712,
    0.14511727,
    -0.00760535,
    0.027637742,
    -0.002856308,
    0.033740375,
    0.028494252,
    -0.018277312,
    -0.021535108,
    0.01284765,
    0.03006962,
    0.054388385,
    0.0020036215,
    0.031232025,
    0.011822897,
    -0.050197605,
    0.013191784,
    0.020800957,
    0.04879048,
    -0.014132415,
    -0.037594672,
    0.015333058,
    0.015141874,
    0.007838596,
    -0.026001196,
    0.0013832254,
    0.02708713,
    -0.017787877,
    0.011287578,
    -0.007827125,
    0.018873809,
    0.0016365459,
    0.017374918,
    0.05827327,
    0.029779017,
    -0.045792695,
    -0.044752646,
    -0.030895539,
    -0.0061676367,
    0.029809607,
    0.02779069,
    -0.035545167,
    -0.022651631,
    0.11287578,
    -0.023064591,
    0.01278647,
    -0.02873897,
    0.018736156,
    -0.020235049,
    0.034811012,
    -0.011478763,
    0.034658067,
    -0.032455612,
    -0.037258185,
    -0.03343448,
    -0.00016812354,
    0.00040841952,
    0.005490841,
    -0.020326817,
    0.022345735,
    -0.025037622,
    0.008886292,
    0.09397139,
    0.040714815,
    -0.1783988,
    0.010499895,
    -0.02560353,
    -0.0047987504,
    0.017787877,
    0.08528393,
    0.014361837,
    0.013436501,
    -0.02439524,
    0.023217538,
    -0.033618018,
    0.022605747,
    -0.013589449,
    0.091218315,
    0.003923122,
    -0.0075441706,
    -0.016350165,
    -0.009857512,
    0.011126983,
    -0.047566894,
    -0.0014577877,
    0.0005568271,
    -0.042152528,
    -0.00066723657,
    0.012327626,
    0.020648008,
    0.014155357,
    -0.005154355,
    4.9588678e-05,
    0.0017694196,
    0.0342604,
    -0.013941229,
    -0.016809009,
    -0.014820682,
    0.041387785,
    -0.047261,
    0.005842622,
    0.008350972,
    0.024028165,
    -0.031033192,
    -0.00835862,
    0.0010840205,
    0.04719982,
    0.015065399,
    0.060995746,
    -0.011983492,
    -0.019898562,
    -0.056713197,
    0.060965158,
    0.024532894,
    0.013061778,
    0.038818255,
    0.01027812,
    0.0045349146,
    0.016319575,
    0.014025351,
    0.043131396,
    -0.0628923,
    -0.038145285,
    0.0024357003,
    0.013566507,
    -0.025985902,
    0.043314934,
    -0.058701526,
    0.021122148,
    0.062035795,
    0.021886889,
    -0.022361029,
    0.0505035,
    -0.034688655,
    0.0011824808,
    0.0655842,
    0.014866566,
    -0.0071197394,
    -0.04270314,
    -0.00046338528,
    0.0378088,
    -0.0025733537,
    0.031935588,
    -0.053440105,
    -0.043467883,
    0.063014664,
    0.0001739786,
    0.07702472,
    -0.031048488,
    0.0054870173,
    0.030987307,
    -0.05925214,
    0.032363843,
    -0.036371086,
    0.022697516,
    0.06102634,
    0.02750009,
    -0.039950073,
    0.002814247,
    -0.010461658,
    0.035728704,
    0.0992328,
    -0.02649063,
    -0.0012484398,
    -0.0021068617,
    0.05209416,
    -0.005257595,
    -0.0049478747,
    -0.010270473,
    -0.008526863,
    0.030849654,
    -0.05912978,
    -0.026505925,
    0.00850392,
    0.03051317,
    0.0042022523,
    -0.063014664,
    0.12676348,
    -0.021428045,
    0.040837172,
    0.016319575,
    -0.023829332,
    0.02058683,
    0.018476143,
    0.12627405,
    -0.05151296,
    0.053256568,
    -0.02442583,
    -0.017329033,
    -0.07011146,
    -0.05304244,
    0.020846842,
    0.024288176,
    0.022666926,
    -0.03682993,
    -0.023706973,
    -0.019302065,
    0.0508094,
