{
  "chunk_index": 639,
  "token_start": 287550,
  "token_end": 288050,
  "text": " vật, di vật, đồ thờ cúng có giá trị đặc biệt về mặt tinh thần đối với người bị hại” được bãi bỏ theo quy định tại\nđiểm a khoản 3 Điều 2 của Luật số 12/2017/QH14 sửa đổi, bổ sung một số điều của Bộ luật Hình sự số 100/2015/QH13, có hiệu lực kể\ntừ ngày 01 tháng 01 năm 2018.\n\n97 Điểm này được bãi bỏ theo quy định tại điểm c khoản 3 Điều 2 của Luật số 12/2017/QH14 sửa đổi, bổ sung một số điều của Bộ luật\nHình sự số 100/2015/QH13, có hiệu lực kể từ ngày 01 tháng 01 năm 2018.\n\n98 Điểm này được bãi bỏ theo quy định tại điểm c khoản 3 Điều 2 của Luật số 12/2017/QH14 sửa đổi, bổ sung một số điều của Bộ luật\nHình sự số 100/2015/QH13, có hiệu lực kể từ ngày 01 tháng 01 năm 2018.\n\n99 Điểm này được bãi bỏ theo quy định tại điểm c khoản 3 Điều 2 của Luật số 12/2017/QH14 sửa đổi, bổ sung một số điều của Bộ luật\nHình sự số 100/2015/QH13, có hiệu lực kể từ ngày 01 tháng 01 năm 2018.\n\n100 Điều này được sửa đổi, bổ sung theo quy định tại khoản 35 Điều 1 của Luật số 12/2017/QH14 sửa",
  "embedding": [
    -0.00018809816,
    0.004988658,
    -0.10678683,
    -0.13087937,
    -0.00029231978,
    -0.047002822,
    -0.013572025,
    -0.03441335,
    0.026712684,
    0.08403631,
    -0.14148776,
    -0.08627302,
    0.0029756206,
    -0.019826818,
    -0.069721386,
    -0.22558798,
    0.011558987,
    -0.013651907,
    -0.03559561,
    0.004181845,
    -0.02795885,
    0.014985944,
    0.06799592,
    -0.02882158,
    0.010704245,
    0.011487094,
    -0.017941594,
    -0.011734729,
    0.17689165,
    -0.022383057,
    -0.049527105,
    -0.011111646,
    0.05192358,
    -0.011686799,
    -0.00014516135,
    0.018245148,
    0.07336403,
    -0.012293906,
    0.037225213,
    0.039749496,
    -0.007836467,
    -0.022159386,
    -0.035212174,
    0.0016715399,
    0.036937635,
    -0.09317487,
    -0.015880628,
    0.025945812,
    -0.06575922,
    0.005200346,
    0.025083084,
    0.026728662,
    -0.022430986,
    -0.020338066,
    -0.007225366,
    -0.13139062,
    -0.020449903,
    0.018117335,
    0.034541164,
    0.011590941,
    -0.008187949,
    0.0022666638,
    -0.07214981,
    -0.044222914,
    -0.008299785,
    -0.024715623,
    0.05473544,
    -0.0805854,
    0.025897883,
    -0.028885486,
    -0.07272496,
    0.048664376,
    -0.062500015,
    -0.022223292,
    0.04697087,
    -0.049335387,
    -0.024747577,
    0.016351933,
    0.124424875,
    -0.018309053,
    0.038854815,
    -0.049622964,
    -0.0018662532,
    -0.07726228,
    -0.000617591,
    -0.037576694,
    -0.006278759,
    0.021903763,
    -0.03505241,
    -0.02859791,
    0.028741699,
    -0.003351068,
    0.032400314,
    0.021424467,
    -0.014530614,
    -0.011854553,
    0.007333207,
    -0.012357811,
    -0.014330908,
    -0.0034449298,
    0.015936544,
    -0.025849953,
    0.02973224,
    -0.015073814,
    -0.0062508,
    -0.014810203,
    -0.0129329655,
    0.024124494,
    0.019635102,
    0.02295821,
    -0.008072119,
    0.037129354,
    -0.019651078,
    -0.094900325,
    0.011191528,
    0.026872449,
    0.13055985,
    0.027703226,
    -0.007760578,
    0.0021568255,
    -0.018356983,
    0.037065446,
    0.05438396,
    0.007325219,
    -0.0062907413,
    -0.12231597,
    -0.02259075,
    0.0033390855,
    -0.04345604,
    0.03263996,
    0.027495531,
    0.009226421,
    0.07496167,
    0.0011962394,
    0.009194467,
    -0.0022566787,
    -0.022702586,
    0.023309693,
    -0.000920645,
    0.009921398,
    -0.05042179,
    -0.019395454,
    0.019890726,
    -0.0575473,
    -0.065024294,
    -0.062404152,
    0.031297937,
    0.0014079278,
    0.023884846,
    -0.008611326,
    0.039110437,
    -0.06441719,
    -0.022255246,
    0.022622705,
    -0.0040021096,
    -0.01682324,
    0.020066466,
    -0.019683031,
    0.013012848,
    0.02037002,
    -0.021248726,
    -0.0016395869,
    -0.028486075,
    0.012469647,
    0.01359599,
    0.03808794,
    -0.05987987,
    0.012006329,
    -0.04955906,
    -0.11656444,
    0.042753078,
    -0.007289272,
    -0.031345867,
    0.00046331808,
    -0.033486713,
    -0.021871809,
    0.018293077,
    -0.034477256,
    0.0047250455,
    -0.019507289,
    -0.01322853,
    -0.04968687,
    0.016535662,
    -0.032815702,
    -0.032320432,
    0.002797882,
    -0.031665396,
    0.03847138,
    0.032847654,
    0.034349445,
    -0.048025317,
    -0.053936616,
    0.008827008,
    0.030419229,
    -0.023309693,
    -0.015888615,
    -0.02759139,
    -0.002024021,
    0.048919998,
    -0.010967857,
    -0.016535662,
    0.045085642,
    0.022942234,
    -0.012948941,
    -0.0026760614,
    -0.015617015,
    0.0027000261,
    0.010935904,
    0.012293906,
    -0.010464598,
    0.0058194348,
    -0.03904653,
    -0.030850595,
    0.0044294805,
    0.015784768,
    0.030754736,
    -0.033390857,
    -0.033934057,
    -0.020833338,
    -0.078029156,
    -0.008387655,
    0.030610947,
    -0.078029156,
    0.032608006,
    -0.025290778,
    0.026856473,
    0.0007329213,
    0.025466518,
    -0.00016650493,
    -0.019219713,
    0.06336274,
    -0.028629862,
    -0.048632424,
    -0.016807264,
    -0.004141904,
    -0.022494892,
    0.025881907,
    0.055853795,
    0.010408681,
    0.051859673,
    0.020897243,
    -0.009122574,
    -0.00565967,
    0.009170503,
    -0.02773518,
    -0.007401107,
    0.0045333277,
    -0.011678811,
    -0.008579373,
    -0.009913409,
    -0.05310584,
    0.009290326,
    0.01314066,
    -0.0041259276,
    -0.0763037,
    -0.007896378,
    0.0018422885,
    0.013564036,
    -0.0031713324,
    0.053680994,
    0.011215493,
    -0.08263039,
    -0.0010394701,
    -0.008723161,
    0.084994905,
    0.039014578,
    0.06246806,
    0.013843625,
    0.02482746,
    -0.022558797,
    -0.03409382,
    -0.06748468,
    0.0086832205,
    0.037321072,
    0.15823111,
    -0.00014166649,
    -0.024699647,
    -0.0048768222,
    0.029796146,
    -0.0088030435,
    -0.032064807,
    -0.082502574,
    0.046938915,
    -0.0041259276,
    0.029636381,
    0.027623344,
    0.0064265416,
    0.034477256,
    0.010808093,
    -0.011351293,
    0.0250032,
    -0.04332823,
    0.008355702,
    -0.0047170576,
    -0.051252566,
    0.04067613,
    0.0028238439,
    0.012964918,
    0.018101359,
    0.007864425,
    0.031154148,
    0.018564677,
    0.00972968,
    0.076687135,
    -0.01359599,
    -0.00506854,
    0.012741247,
    0.017318511,
    -0.06269173,
    0.010720222,
    0.018532723,
    0.017749876,
    0.037129354,
    -0.051412333,
    -0.06869889,
    -0.009521985,
    0.022287197,
    0.046683293,
    0.0074809897,
    -0.004505369,
    0.0408359,
    0.112730086,
    -0.04505369,
    0.031745277,
    0.004201816,
    0.06451305,
    0.01677531,
    0.007556878,
    -0.017110817,
    0.1010992,
    -0.029812122,
    0.0074809897,
    0.049622964,
    -0.026313271,
    -0.009482045,
    -0.030754736,
    -0.058633704,
    0.06933795,
    0.042433545,
    -0.025115035,
    -0.038119894,
    -0.04923953,
    0.018612606,
    -0.051508192,
    0.02482746,
    0.036905684,
    0.17139573,
    -0.03140977,
    0.019826818,
    0.01581672,
    0.1333078,
    -0.01586465,
    0.0559177,
    0.016471757,
    -0.058569796,
    0.07087169,
    -0.014985944,
    0.004329628,
    0.09592282,
    -0.075089484,
    0.018804325,
    -0.034860693,
    0.017126793,
    0.05010226,
    0.011702776,
    0.0063866004,
    -0.01778183,
    0.06412961,
    0.04559689,
    -0.04815313,
    -0.034956552,
    -0.023054069,
    0.043999244,
    0.0039082477,
    0.02263868,
    0.01295693,
    0.026888426,
    0.03569147,
    -0.0009466068,
    0.025929837,
    -0.012469647,
    0.077454,
    0.010496551,
    0.09611454,
    -0.0063266885,
    -0.028581934,
    -0.059815962,
    -0.0731084,
    0.033263043,
    -0.012829118,
    0.016535662,
    -0.044670254,
    -0.014370849,
    -0.10697855,
    0.042209875,
    -0.05486325,
    0.015361391,
