{
  "chunk_index": 363,
  "token_start": 163350,
  "token_end": 163850,
  "text": ") Các chất ma túy khác ở thể rắn có khối lượng từ 100 gam đến dưới 300 gam;\n\ng) Các chất ma túy khác ở thể lỏng có thể tích từ 250 mililít đến dưới 750 mili\n                                                                             lít;\n\nh) Có 02 chất ma túy trở lên mà tổng khối lượng hoặc thể tích của các chất đó tương đương với khối lượng hoặc thể tích chất ma túy\nquy định tại một trong các điểm từ điểm a đến điểm g khoản này.\n\n4.249 Phạm tội thuộc một trong các trường hợp sau đây, thì bị phạt tù 20 năm, tù chung thân hoặc tử hình:\n\na) Nhựa thuốc phiện, nhựa cần sa hoặc cao côca có khối lượng 05 kilôgam trở lên;\n\nb) Heroine, Cocaine, Methamphetamine, Amphetamine, MDMA hoặc XLR-11 có khối lượng 100 gam trở lên;\n\nc) Lá cây côca; lá khát (lá cây Catha edulis); lá, rễ, thân, cành, hoa, quả của cây cần sa hoặc bộ phận của cây khác có chứa chất ma túy\ndo Chính phủ quy định có khối lượng 75 kilôgam trở lên;\n\fd) Quả thuốc phiện khô có khối lượng 600 kilôgam trở lên;\n\nđ) Quả thuốc phiện tươi có khối lượng 150 kilôgam trở lên;\n\ne) Các chất ma túy khác ở thể rắn có khối lượng 300 gam trở lên;\n\ng) Các chất ma túy khác ở thể lỏng có thể tích 750 mililít",
  "embedding": [
    -7.39927e-05,
    -0.12582405,
    -0.026528772,
    -0.124192506,
    0.0011696073,
    0.061280485,
    -0.0052780183,
    0.049892366,
    0.027736109,
    0.088233456,
    -0.026512457,
    -0.0643804,
    -0.0018140639,
    -0.1315018,
    -0.001258322,
    -0.020116836,
    0.06721927,
    -0.08438303,
    0.048913445,
    0.0089326585,
    -0.012179415,
    0.14709927,
    0.09684797,
    -0.07929264,
    -0.114272766,
    -0.021112073,
    -0.030574981,
    -0.024831975,
    0.10180783,
    0.06336885,
    7.737049e-05,
    -0.011396278,
    -0.040657874,
    0.00899792,
    -0.008957132,
    -0.06252045,
    -0.09156179,
    0.0079415,
    -0.029954998,
    -0.19761162,
    -0.037003234,
    0.05155653,
    0.007040077,
    -0.018501617,
    -0.0143738305,
    -0.061476268,
    -0.035469588,
    0.032826502,
    0.0038952918,
    -0.019921053,
    0.01251388,
    0.043594636,
    0.016641665,
    -0.0028347934,
    0.08196836,
    -0.08327359,
    0.022025734,
    0.01005026,
    -0.055472218,
    -0.085622996,
    0.01687008,
    -0.040298935,
    0.073614895,
    -0.03736217,
    -0.009471065,
    -0.025011444,
    0.023673585,
    0.028274516,
    0.03209231,
    0.00051036477,
    -0.064282514,
    0.08973447,
    -0.037133753,
    -0.038406353,
    0.15453908,
    -0.037264276,
    -0.020997865,
    -0.0069095544,
    0.0017640981,
    0.026838765,
    0.10918238,
    -0.00053381815,
    -0.014104627,
    -0.03374016,
    0.026757188,
    0.06885081,
    0.056712184,
    0.025582481,
    -0.031407066,
    -0.058506873,
    0.00650167,
    0.010556037,
    0.037003234,
    0.043986205,
    0.03729691,
    -0.0032977418,
    0.009201862,
    0.0005241309,
    -0.031831264,
    -0.0016182796,
    -0.018322147,
    -0.0047967155,
    0.077661105,
    0.033935945,
    0.03029762,
    -0.0011798043,
    -0.028976075,
    0.039156858,
    0.011241281,
    0.015214072,
    -0.0062650973,
    0.006864687,
    -0.11538221,
    -0.0773348,
    -0.010401041,
    -0.0014143377,
    -0.03736217,
    0.019774213,
    -0.022678347,
    -0.0029959076,
    -0.052633345,
    0.006558774,
    0.030167097,
    -0.032353356,
    0.054069098,
    -0.058180567,
    -0.007260334,
    0.009006077,
    -0.035730634,
    0.004927238,
    -0.0893429,
    -0.022727294,
    0.029971313,
    -0.024668822,
    -0.070221305,
    -0.033968575,
    0.021209966,
    0.007798741,
    -0.03595905,
    0.051164962,
    -0.034816973,
    0.00899792,
    0.013093075,
    0.11655692,
    -0.021585219,
    0.0071542845,
    0.0390916,
    -0.05521117,
    -0.0054003834,
    -0.034719083,
    -0.013378594,
    0.049794473,
    0.038961075,
    0.02646351,
    -0.029710267,
    -0.003012223,
    -0.012538353,
    0.067741364,
    0.01149417,
    0.0047926363,
    -0.002842951,
    0.027834002,
    -0.060693134,
    -0.022564141,
    -0.020394199,
    -0.016951658,
    -0.044867236,
    0.0072073094,
    0.0064690397,
    -0.007190994,
    0.022694664,
    -0.013370436,
    -0.021177335,
    0.03328333,
    -0.00762743,
    -0.026838765,
    -0.012448618,
    -0.053938575,
    0.018077416,
    0.007525459,
    -0.013011498,
    0.03096655,
    -0.005816425,
    -0.033169124,
    -0.020116836,
    0.0086716125,
    -0.004927238,
    -0.0019527444,
    0.048946075,
    0.036481142,
    -0.051719684,
    0.07459382,
    -0.040690504,
    0.041082073,
    -0.02685508,
    0.0027511772,
    0.0064935125,
    -0.039483167,
    0.089603946,
    -0.008067945,
    0.07687797,
    0.042550456,
    0.005726691,
    -0.0034792502,
    0.011477854,
    -0.054525927,
    0.02231941,
    0.014618561,
    -0.013468328,
    -0.011053655,
    -0.0024595403,
    -0.058931075,
    -0.016698768,
    0.008565563,
    -0.00080659054,
    0.005616562,
    -0.017604271,
    -0.019480538,
    -0.00027047805,
    -0.02076945,
    -0.021797318,
    -0.034327514,
    0.012807556,
    0.0024126335,
    -0.010409199,
    -0.023396224,
    -0.01799584,
    0.01750638,
    -0.0060774707,
    0.04326833,
    0.0006419074,
    -0.028372407,
    -0.020818397,
    0.01645404,
    0.012008104,
    0.010849713,
    0.066011935,
    0.04023367,
    0.004580537,
    0.011273912,
    0.09710901,
    -0.054166988,
    -0.020198414,
    0.004372516,
    0.04235467,
    -0.03635062,
    0.026088258,
    -0.023999892,
    0.052600715,
    0.004162456,
    -0.06470671,
    -0.003575103,
    -0.044834603,
    -0.058637396,
    -0.073614895,
    -0.014398304,
    0.009291597,
    -0.06930764,
    -0.0020516564,
    0.028111363,
    0.009748426,
    -0.039483167,
    -0.0028878185,
    -0.043562006,
    -0.013549905,
    0.045683004,
    0.015662745,
    0.00043465133,
    0.02886187,
    -0.05867003,
    0.07374542,
    -0.01525486,
    -0.015369067,
    0.033609636,
    0.048489243,
    0.0072317827,
    -0.010148153,
    -0.020149468,
    -0.011820477,
    -0.0006021387,
    -0.03269598,
    0.03560011,
    0.0044908025,
    0.010139995,
    -0.047640845,
    0.0165193,
    0.023738846,
    -0.014912237,
    -0.02460356,
    0.04277887,
    0.035730634,
    0.016111417,
    -0.03788426,
    0.006934027,
    -0.090909176,
    0.05517854,
    0.02646351,
    0.017033234,
    0.022727294,
    0.00586945,
    0.014757241,
    0.011608377,
    0.0057430062,
    0.034360144,
    -0.033935945,
    -0.06591405,
    -0.03657903,
    0.020965235,
    -0.008957132,
    0.06013841,
    0.057234276,
    0.018436356,
    0.028078731,
    0.023216754,
    -0.04959869,
    0.0042990968,
    0.11316332,
    0.015026445,
    -0.088298716,
    0.05964895,
    0.02323307,
    0.009870792,
    -0.057658475,
    0.0062406245,
    0.03416436,
    0.017767426,
    0.05103444,
    0.0847746,
    -0.0802063,
    0.082947284,
    -0.029073969,
    0.017180072,
    0.09515117,
    -0.008010841,
    -0.0473798,
    -0.043039914,
    -0.023526747,
    0.02512565,
    -0.07120022,
    0.06555511,
    0.018762661,
    -0.032940708,
    -0.053057544,
    0.015466959,
    0.024163045,
    -0.030428143,
    0.060399454,
    0.07713901,
    0.03047709,
    0.056092203,
    0.0042012045,
    0.0432357,
    0.014300412,
    0.021781003,
    -0.01297071,
    0.02935133,
    0.05922475,
    0.031961787,
    0.018681085,
    -0.11649166,
    0.016021682,
    0.026496142,
    0.017473748,
    -0.04561774,
    -0.1247146,
    0.0038810158,
    -0.009675007,
    0.042126253,
    0.060497347,
    -0.021209966,
    0.017669532,
    -0.03925475,
    0.06917712,
    0.05605957,
    0.07374542,
    -0.027997155,
    0.0012012182,
    0.084905125,
    -0.0631078,
    0.038863182,
    -0.036774818,
    0.05390594,
    0.0038687794,
    0.079618946,
    -0.025500905,
    -0.02213994,
    -0.0028021627,
