{
  "chunk_index": 433,
  "token_start": 194850,
  "token_end": 195350,
  "text": " tù từ 06 năm đến 15 năm:\n\na) Làm chết 03 người trở lên;\n\nb) Gây thương tích hoặc gây tổn hại cho sức khỏe của 03 người trở lên mà ổ\n                                                                         t ng tỷ lệ tổn thương cơ thể của những người này 201% trở\nlên;\n\nc) Gây thiệt hại về tài sản 1.500.000.000 đồng trở lên.\n\n4. Người phạm tội còn có thể bị phạt tiền từ 10.000.000 đồng đến 50.000.000 đồng, cấm đảm nhiệm chức vụ, cấm hành nghề hoặc làm\ncông việc nhất định từ 01 năm đến 05 năm.\n\nĐiều 282. Tội chiếm đoạt tàu bay, tàu thủy\n\n1. Người nào dùng vũ lực, đe dọa dùng vũ lực hoặc dùng thủ đoạn khác nhằm chiếm đoạt tàu bay hoặc tàu thủy, thì bị phạt tù từ 07\nnăm đến 15 năm.\n\n2.288 Phạm tội thuộc một trong các trường hợp sau đây, thì bị phạt tù từ 12 năm đến 20 năm:\n\na) Có tổ chức;\n\nb) Sử dụng vũ khí, phương tiện hoặc thủ đoạn nguy hiểm khác;\n\nc) Gây thương tích hoặc gây tổn hại cho sức khỏe của người khác mà tỷ lệ tổn thương cơ thể từ 31% đến 60%;\n\nd) Chiếm đoạt tài sản",
  "embedding": [
    7.5322055e-06,
    -0.07410364,
    -0.06749041,
    -0.16261467,
    0.0009973361,
    0.07829595,
    0.023205362,
    -0.03610707,
    0.041746035,
    -0.0034837567,
    -0.08986911,
    -0.009248193,
    0.001782473,
    -0.08591299,
    -0.043576483,
    -0.045465976,
    0.11939248,
    -0.039000362,
    0.066309474,
    0.009868184,
    -0.021360153,
    0.051075418,
    0.05013067,
    -0.060050517,
    -0.0011089713,
    0.07676074,
    -0.029479077,
    -0.10020229,
    -0.0146066835,
    0.020046363,
    -0.060640987,
    0.016916886,
    0.0054212273,
    0.008554394,
    -0.010480793,
    -0.016651176,
    0.021758718,
    0.017964967,
    0.060700033,
    -0.055651538,
    -0.051665884,
    0.07711502,
    0.031737614,
    -0.0037734548,
    0.05760008,
    -0.08083496,
    -0.023559643,
    0.0014844716,
    -0.038232755,
    -0.0437241,
    -0.0049377824,
    0.021448722,
    -0.00022753747,
    0.00073485496,
    0.00075653614,
    -0.15021487,
    0.028696708,
    -0.0052736104,
    0.034808043,
    0.06477426,
    0.01545548,
    -0.011336971,
    0.048064034,
    -0.053142052,
    -0.032003324,
    -0.032269035,
    -0.034630902,
    -0.04204127,
    0.010532459,
    -0.023574404,
    -0.08107115,
    -0.01703498,
    -0.066191375,
    0.04469837,
    0.055651538,
    0.006270024,
    -0.03548708,
    0.0072221523,
    -0.0009751936,
    0.031235717,
    0.019249232,
    0.0103922235,
    -0.02317584,
    -0.050898276,
    0.026969591,
    0.10026134,
    0.0015573574,
    0.016031185,
    -0.06908467,
    0.020725401,
    0.021212535,
    0.015352149,
    0.04269078,
    -0.022585372,
    0.026718643,
    0.019588752,
    0.020577783,
    -0.008296065,
    -0.0019633037,
    -0.00064720743,
    0.02688102,
    -0.030970007,
    0.103213675,
    0.020503975,
    0.0396794,
    -0.009196527,
    -0.014628826,
    0.009846041,
    0.032889027,
    0.05426394,
    -0.010281511,
    0.034542333,
    -0.05836769,
    -0.100320384,
    0.00026732482,
    0.03678611,
    -0.04620406,
    -0.08727106,
    -0.0032992358,
    -0.027678153,
    -0.00015557428,
    0.031294763,
    0.024902957,
    -0.019736368,
    0.049658295,
    -0.07451697,
    -0.006893705,
    -0.026364362,
    -0.095655695,
    -0.0007473101,
    -0.09860803,
    -0.039708924,
    -0.003959821,
    0.028962418,
    -0.0509278,
    -0.04091938,
    -0.008185352,
    0.029493839,
    0.008406777,
    0.060877174,
    -0.0014946202,
    -0.0144738285,
    0.029611932,
    0.03223951,
    -0.036815632,
    0.029390506,
    0.024002494,
    0.027323872,
    -0.0060190754,
    0.023367742,
    0.028312905,
    0.005277301,
    -0.031235717,
    0.0065025203,
    -0.04269078,
    0.010967929,
    0.0070671546,
    0.021625863,
    -0.0072664376,
    -0.00483076,
    0.02326441,
    -0.006380737,
    -0.049274493,
    0.014805966,
    -0.0024024637,
    0.0033914961,
    -0.030970007,
    0.021847287,
    -0.012429335,
    0.027501011,
    -0.0016265528,
    -0.013396226,
    -0.018112583,
    0.035339464,
    -0.005100161,
    0.006753469,
    -0.05128208,
    -0.071328446,
    0.00020101258,
    -0.043340296,
    0.0011006679,
    0.015307863,
    0.11195259,
    -0.053348716,
    -0.018909713,
    -0.011927438,
    -0.030704297,
    0.045377407,
    0.032446176,
    0.042100314,
    -0.016193565,
    -0.022880606,
    0.00623312,
    0.026836736,
    0.009476999,
    -0.004797546,
    -0.014038359,
    -0.011846249,
    0.14584541,
    -0.018762097,
    -0.0018710431,
    0.0023157387,
    0.062117156,
    0.0019411611,
    -0.0007385454,
    -0.01124102,
    0.03776038,
    0.022851082,
    0.029139558,
    -0.016680699,
    0.007742502,
    -0.026762927,
    -0.04153937,
    0.0014567934,
    0.012540048,
    0.04248412,
    -0.030320494,
    -0.017891157,
    0.026644835,
    -0.006989656,
    -0.016724985,
    -0.05083923,
    0.0057902695,
    0.03099953,
    -0.012576953,
    -0.001698516,
    -0.014141691,
    -0.0006974894,
    -0.014518114,
    0.014333593,
    0.062117156,
    0.0054839645,
    -0.009772233,
    -0.047296427,
    -0.0041960077,
    -0.01632642,
    0.032948073,
    0.0010010265,
    0.013691459,
    0.034040436,
    0.066840895,
    -0.026718643,
    0.001808306,
    -0.006867872,
    0.024725815,
    -0.031324286,
    0.010362701,
    -0.027870053,
    0.000923989,
    -0.031737614,
    -0.052403968,
    -0.036343258,
    0.025390092,
    -0.0058345543,
    -0.0064693065,
    -0.031560473,
    0.01186101,
    -0.039059408,
    -0.037140388,
    0.11342876,
    0.01536691,
    -0.1568281,
    0.0089234365,
    -0.011108165,
    0.018732574,
    0.037169915,
    0.06341618,
    -0.0019503871,
    7.957469e-05,
    0.016119756,
    0.059312433,
    -0.017522115,
    0.035929933,
    0.009447476,
    0.05066209,
    0.036284212,
    0.008539633,
    0.020238265,
    0.0003522045,
    -0.018496387,
    -0.03572327,
    -0.0050337333,
    0.03167857,
    -0.008561775,
    -0.01676927,
    -0.018644003,
    0.058544826,
    0.031176671,
    -0.011927438,
    0.021522531,
    0.0020426477,
    0.028283382,
    0.0077867866,
    0.01492406,
    -0.03037954,
    0.024652008,
    -0.031826183,
    0.027722437,
    0.016193565,
    0.003933988,
    0.0038232754,
    -0.034276623,
    -0.011742917,
    0.033774726,
    0.0030427515,
    0.023279171,
    -0.039915584,
    -0.0027973386,
    -0.07711502,
    0.10610697,
    -0.005125994,
    0.02986288,
    0.041244138,
    0.008200114,
    0.009846041,
    0.011263163,
    0.041480325,
    0.03598898,
    -0.068966575,
    -0.00579396,
    0.0049304017,
    0.002686626,
    0.023131555,
    0.0064693065,
    -0.053171575,
    0.03891179,
    0.068198964,
    0.025080096,
    -0.062471434,
    0.10764218,
    -0.031058578,
    -0.03046811,
    0.032357603,
    0.030527156,
    0.021064918,
    -0.042926967,
    -0.019588752,
    0.029360984,
    0.03522137,
    0.03477852,
    -0.016370704,
    -0.05621248,
    0.038852744,
    0.02124206,
    0.10492603,
    -0.059401006,
    0.046705958,
    0.045908827,
    0.0254639,
    -6.5389635e-05,
    0.00031968264,
    -0.039059408,
    0.040801287,
    -0.02967098,
    -0.076406464,
    0.01703498,
    -0.0261577,
    0.03545756,
    0.06554186,
    -0.060818125,
    0.020622069,
    -0.015573573,
    -0.018953998,
    0.025936274,
    -0.022157283,
    -0.004601954,
    -0.02134539,
    0.03344997,
    -0.030290969,
    -0.04136223,
    -0.029877642,
    -0.0043141013,
    0.05733437,
    -0.0107096,
    0.1838715,
    0.0043879095,
    -0.014185975,
    0.03696325,
    -0.025773896,
    0.0013045636,
    -0.02905099,
    0.05996195,
    0.008207494,
    0.041716512,
    0.012658142,
    -0.026748165,
    -0.06961609,
    -0.03466043,
    0.0069084666,
    0.056921043,
    -0.03843942,
    -0.029833358,
    -0.023220124,
    -0.020090647,
    0.041923173,
