{
  "chunk_index": 284,
  "token_start": 127800,
  "token_end": 128300,
  "text": "ịnh về phân phối tiền, hàng cứu trợ gây thiệt hại hoặc thấtthoát\ntiền, hàng cứu trợ từ 100.000.000 đồng đến dưới 300.000.000 đồng, thì bị phạt cảnh cáo, phạt tiền từ 50.000.000 đồng đến 200.000.000\nđồng hoặc phạt cải tạo không giam giữ đến 02 năm.\n\n2. Phạm tội thuộc một trong các trường hợp sau đây, thì bị phạt tiền từ 200.000.000 đồng đến 1.000.000.000 đồng hoặc phạt tù từ 01\nnăm đến 05 năm:\n\na) Có tổ chức;\n\nb) Phạm tội 02 lần trở lên;\n\nc) Gây thiệt hại hoặc thất thoát tiền, hàng cứu trợ 3 00.000.000 đồng trở lên;\n\nd) Gây ảnh hưởng xấu về an ninh, trật tự, an toàn xã hội.\n\n3. Người phạm tội còn có thể bị cấm đảm nhiệm chức vụ nhất định từ 01 năm đến 05 năm.\n\nĐiều 232. Tội vi phạm quy định về khai thác, bảo vệ rừng và lâm sản188\n\n1.189 Người nào thực hiện một trong các hành vi sau đây, nếu không thuộc trường hợp quy định tại Điều 243 của Bộ luật này, thì bị\nphạt tiền từ 50.000.000 đồng đến 300.000.000 đồng, phạt cải tạo không giam giữ",
  "embedding": [
    -0.00038875552,
    0.059120998,
    -0.120686606,
    -0.077777244,
    -0.0019379979,
    0.034353223,
    0.016533293,
    -0.0006624173,
    0.023095144,
    -0.040432584,
    -0.14358875,
    -0.08144416,
    0.006199985,
    0.008033443,
    0.06169427,
    -0.06243409,
    -0.008113858,
    -0.016694123,
    -0.011732526,
    -0.0053435666,
    -0.004571584,
    0.107884556,
    0.1370269,
    -0.13200901,
    -0.07391733,
    0.04381001,
    -0.03573636,
    0.06857778,
    0.09488952,
    -0.008837592,
    -0.120493606,
    -0.0032206147,
    0.026617315,
    -0.014040432,
    -0.005271193,
    -0.030573726,
    0.0070765065,
    0.006232151,
    0.0016072917,
    -0.075782955,
    0.0049736584,
    0.04927822,
    0.007181046,
    0.046286788,
    0.057930857,
    -0.055003755,
    -0.011668194,
    -0.00070966105,
    -0.051272508,
    -0.028804598,
    0.028901096,
    0.027437545,
    0.05831685,
    -0.0074182698,
    0.11470374,
    -0.13162303,
    0.0096899895,
    -0.012520592,
    0.044742823,
    0.058960166,
    -0.0028346234,
    -0.03644401,
    0.03708733,
    -0.03065414,
    -0.013075454,
    -0.018897489,
    0.040336087,
    -0.0412689,
    0.020168044,
    -0.057287537,
    -0.024397865,
    -0.003990587,
    -0.04609379,
    0.0010554448,
    0.05854201,
    -0.033613406,
    -0.015319029,
    0.006674432,
    0.11669803,
    -0.002452653,
    -0.0071529006,
    0.019589057,
    -0.0029130278,
    -0.028177362,
    0.0055807903,
    0.081315495,
    0.029528333,
    -0.010043815,
    -0.09533984,
    0.037441153,
    0.026231322,
    0.023593716,
    0.05584007,
    0.039178114,
    -0.00012332371,
    -0.014249511,
    -0.012930707,
    0.0109444605,
    0.0135740265,
    0.023046896,
    0.01023681,
    -0.048345406,
    0.00796107,
    -0.020972192,
    -0.009882985,
    -0.010695174,
    0.015391402,
    0.024510445,
    0.009022546,
    0.020103712,
    -0.0026476588,
    0.020779196,
    -0.03237502,
    -0.04413167,
    0.015584397,
    0.041365396,
    -0.032198105,
    -0.07983586,
    -0.008926048,
    -0.0083792275,
    -0.011330452,
    0.040014427,
    0.016203592,
    0.0060994662,
    0.023979707,
    -0.09077228,
    0.0029049863,
    -0.0061396738,
    0.022934314,
    0.03200511,
    -0.016348338,
    -0.042748533,
    0.01613926,
    0.0073780622,
    0.029608747,
    0.046383284,
    -0.004543439,
    0.0022496053,
    -0.058735006,
    0.034481887,
    -0.028016534,
    -0.0020606304,
    0.013951976,
    0.041075904,
    -0.0706364,
    -0.075782955,
    0.04683361,
    -0.017240943,
    0.021905005,
    -0.0083631445,
    0.028675934,
    0.018865323,
    0.023095144,
    -0.0034015481,
    -0.05924966,
    -0.0054038777,
    -0.028225612,
    0.06587584,
    -0.013767022,
    0.015608522,
    0.0034357244,
    0.023255974,
    -0.056258228,
    -0.011539531,
    -0.002919059,
    0.020151962,
    -0.067612804,
    0.043874342,
    -0.04068991,
    -0.05497159,
    0.021052606,
    0.01564873,
    -0.020940026,
    0.00829077,
    -0.013750939,
    -0.0012373835,
    -0.015391402,
    0.0012494457,
    -0.019283481,
    0.028788516,
    0.0072936267,
    0.028724184,
    0.11000751,
    0.009392454,
    -0.00073680107,
    -0.06735548,
    -0.023159476,
    0.015463775,
    0.040979408,
    0.02344897,
    -0.03612235,
    -0.032133773,
    -0.015158199,
    0.022387493,
    -0.061340448,
    -0.0030899404,
    0.02177634,
    -0.027260633,
    -0.025202014,
    -0.02983391,
    0.0073981658,
    0.04007876,
    -0.013903727,
    0.02031279,
    -0.0024084246,
    -0.0055647073,
    0.01949256,
    0.02827386,
    0.04326319,
    -0.014088681,
    0.021792423,
    -0.048055913,
    -0.021309935,
    -5.594486e-05,
    0.028016534,
    0.029576581,
    -0.023593716,
    -0.031265292,
    -0.0040931157,
    0.005616977,
    0.011467157,
    -0.017128363,
    0.021888921,
    0.014153013,
    -0.013614234,
    0.0076072444,
    -0.0024285284,
    0.021808507,
    0.026729895,
    0.006726702,
    0.050050203,
    0.023513302,
    -0.06748414,
    0.051369004,
    0.0023380618,
    0.00990711,
    0.11193747,
    -0.011354577,
    0.011531489,
    0.06365639,
    0.08228047,
    -0.03422456,
    -0.015640687,
    0.032905757,
    -0.027341047,
    -0.01592214,
    -0.012504509,
    0.0026737936,
    -0.04577213,
    0.014643543,
    -0.019589057,
    -0.023223808,
    0.015158199,
    -0.033774234,
    0.006051217,
    0.0077761156,
    0.0043826094,
    0.01884924,
    -0.035286035,
    0.008853675,
    0.03921028,
    -0.117405675,
    0.0047806627,
    -0.025636254,
    0.02003938,
    0.02047362,
    0.15722711,
    0.016678039,
    0.014120847,
    -0.004905306,
    -0.019476475,
    -0.036025852,
    0.022886066,
    0.027276717,
    0.105697274,
    0.0529773,
    -0.036894333,
    0.007820344,
    0.021583345,
    0.01305133,
    -0.07636194,
    -0.011177664,
    0.11110115,
    -0.025009017,
    0.014949121,
    0.015946263,
    0.0618551,
    0.020891778,
    -0.013171952,
    -0.024413947,
    -0.0073418757,
    0.047026604,
    -0.0054521267,
    0.009287915,
    -0.028627686,
    0.04966421,
    -0.020264542,
    0.029222755,
    0.03438539,
    0.00014273636,
    -0.036701337,
    -0.009127085,
    0.04204088,
    -0.059217494,
    0.057834357,
    0.005914512,
    0.0014142961,
    0.0020013244,
    -0.03683,
    -0.06011814,
    0.02468736,
    0.03882429,
    0.018157672,
    -0.010228769,
    0.015616563,
    -0.0051545915,
    0.0060270927,
    0.05886367,
    -0.0780989,
    -0.013340823,
    0.025925746,
    0.07919254,
    0.05378145,
    0.055872235,
    -0.031345706,
    0.00039528924,
    0.033388246,
    0.0027903952,
    -0.047895085,
    0.07057207,
    -0.02079528,
    -0.00027542084,
    0.03612235,
    0.012794002,
    -0.012416053,
    0.00013708218,
    -0.04734826,
    -0.011322411,
    -0.0031321584,
    0.00053827686,
    -0.06645483,
    -0.043777842,
    0.06709815,
    -0.089485645,
    0.08137982,
    -0.03547903,
    -0.0062562753,
    0.006183902,
    -0.070700735,
    -0.00038674515,
    0.016678039,
    -0.026183074,
    0.03515737,
    0.015536148,
    -0.0056612054,
    0.035028707,
    0.048731398,
    0.02832211,
    0.07372433,
    -0.09553284,
    -2.6684536e-05,
    -0.031442206,
    0.011652111,
    0.022660904,
    -0.12152292,
    0.0022918233,
    -0.011780775,
    0.033645574,
    -0.05876717,
    0.0042217793,
    0.015906056,
    -0.0646857,
    0.050500523,
    -0.03753765,
    0.078227565,
    0.019460393,
    0.012303472,
    0.010590635,
    -0.063077405,
    0.007981174,
    -0.053588454,
    0.066712156,
    -0.006581955,
    0.026938975,
    -0.019572973,
    -0.058156017,
    -0.008821509,
    0.0780989,
    0.04934255,
    0.030155567,
    0.018736659,
    -0.04506448,
    -0.0068312413,
    0.010759506,
    0.047026604,
    -0.062048096,
    -0.00056742725,
    0.09971441,
