{
  "chunk_index": 664,
  "token_start": 298800,
  "token_end": 299300,
  "text": "/2015/QH13, có hiệu lực kể từ ngày 01 tháng 01 năm 2018.\n\n197 Khoản này được sửa đổi, bổ sung theo quy định tại điểm a khoản 57 Điều 1 của Luật số 12/2017/QH14 sửa đổi, bổ sung một số\nđiều của Bộ luật Hình sự số 100/2015/QH13, có hiệu lực kể từ ngày 01 tháng 01 năm 2018.\n\n198 Khoản này được sửa đổi, bổ sung theo quy định tại điểm a khoản 57 Điều 1 của Luật số 12/2017/QH14 sửa đổi, bổ sung một số\nđiều của Bộ luật Hình sự số 100/2015/QH13, có hiệu lực kể từ ngày 01 tháng 01 năm 2018.\n\n199 Khoản này được sửa đổi, bổ sung theo quy định tại điểm a khoản 57 Điều 1 của Luật số 12/2017/QH14 sửa đổi, bổ sung một số\nđiều của Bộ luật Hình sự số 100/2015/QH13, có hiệu lực kể từ ngày 01 tháng 01 năm 2018.\n\n200 Điểm này được sửa đổi, bổ sung theo quy định tại điểm b khoản 57 Điều 1 của Luật số 12/2017/QH14 sửa đổi, bổ sung một số điều\ncủa Bộ luật Hình sự số 100/2015/QH13, có hiệu lực kể từ ngày 01 tháng 01 năm 2018.\n\n201 Điều này được sửa đổi, bổ sung theo quy định tại khoản 58 Điều 1 của Luật số 12/2017/QH14",
  "embedding": [
    4.9405353e-05,
    -0.059862223,
    -0.042720616,
    -0.010013166,
    0.001652881,
    0.002077044,
    0.0043562693,
    -0.012122517,
    0.022660937,
    0.08504104,
    -0.07630349,
    -0.013623241,
    -0.00044083776,
    0.0035246178,
    -0.102782935,
    -0.16447937,
    0.056894124,
    0.0058028004,
    0.026279349,
    0.007857959,
    0.0028659664,
    0.04905701,
    0.06012902,
    -0.016082762,
    -0.054559663,
    0.052125156,
    -0.010405022,
    0.03321603,
    -0.006236343,
    0.04498838,
    -0.036617674,
    -0.03208215,
    0.060462512,
    -0.05322569,
    0.0028555447,
    0.0108802505,
    0.058428198,
    -0.008720876,
    -0.004147835,
    0.0025053758,
    -0.018909127,
    -0.018725704,
    -0.06062926,
    -0.010921937,
    0.031815354,
    0.037084565,
    -0.0034016417,
    0.05439292,
    -0.048623465,
    0.03555049,
    0.0070992596,
    0.048456717,
    -0.07083418,
    -0.013031289,
    -0.026929663,
    -0.21543731,
    -0.003434991,
    0.009504587,
    0.027963495,
    0.060229067,
    -0.006599018,
    0.016891485,
    0.007328537,
    -0.04135329,
    -0.011005311,
    -0.022627586,
    0.04909036,
    -0.06249683,
    0.010496733,
    -0.024178335,
    -0.10004828,
    0.06516478,
    -0.03835184,
    -0.002630436,
    0.07036729,
    -0.025128795,
    -0.031865377,
    0.031948753,
    0.05776121,
    -0.021393659,
    0.04555532,
    -0.10878584,
    9.868044e-05,
    -0.0013860856,
    0.009854756,
    0.017375052,
    0.023394624,
    0.0098630935,
    -0.014215194,
    -0.011972445,
    0.03239897,
    -0.03208215,
    0.08043882,
    0.026262674,
    0.0016799774,
    -0.015732592,
    -0.016274521,
    -0.034750104,
    0.0018790319,
    -0.009796395,
    0.012155866,
    -0.028797232,
    -0.0058403187,
    -0.007962176,
    -0.004110317,
    -0.024361758,
    -0.011905746,
    -0.0013840012,
    0.0087542245,
    0.0032786657,
    0.010138226,
    0.038752034,
    0.020793369,
    -0.08043882,
    -0.013931723,
    -0.0073452117,
    0.15474135,
    -0.011263769,
    -0.0035558827,
    0.03615078,
    -0.01220589,
    0.029347496,
    0.03735136,
    0.029914437,
    0.040452857,
    -0.06883322,
    -0.022444164,
    0.042887364,
    -0.11565582,
    0.007878803,
    0.02946422,
    0.0139400605,
    0.046255656,
    -0.0056860773,
    -0.005948704,
    -0.03498355,
    0.011747336,
    0.022694286,
    -0.047422886,
    0.021810526,
    -0.019476065,
    -0.013931723,
    0.01397341,
    0.024745276,
    -0.0349502,
    -0.06293037,
    0.022260744,
    0.06289702,
    0.0060737645,
    -0.0032786657,
    0.006382247,
    -0.016324544,
    -0.030081185,
    0.0064114276,
    -0.02101014,
    -0.061129503,
    0.01870903,
    -0.04792313,
    -0.021060163,
    0.03208215,
    -0.016349558,
    -0.015790954,
    -0.024278384,
    0.0002727879,
    0.013823338,
    0.03558384,
    -0.045788765,
    -0.03258239,
    -0.041853532,
    -0.04528852,
    0.026946338,
    -0.027529953,
    -0.024895348,
    0.029264122,
    -0.026079252,
    -0.019292643,
    0.021110188,
    -0.0020072188,
    -0.008745887,
    -0.05882839,
    -0.011964107,
    -0.028363688,
    0.031431835,
    -0.015907677,
    -0.045622017,
    0.034616705,
    0.010271624,
    0.019009175,
    0.028480412,
    0.02964764,
    -0.087909095,
    -0.057561114,
    0.0029764364,
    0.03258239,
    -0.04558867,
    0.024745276,
    -0.042720616,
    0.057927955,
    0.019859584,
    0.004237462,
    0.0029680992,
    0.018592305,
    0.077303976,
    -0.0021968936,
    0.0047106068,
    -0.023394624,
    -0.033716273,
    -0.012122517,
    0.014898857,
    -0.03498355,
    0.009963142,
    -0.077303976,
    -0.06513143,
    -0.06299707,
    0.009879768,
    0.05012419,
    -0.026212651,
    -0.010229937,
    0.007870465,
    0.015532496,
    -0.015232352,
    -0.012180879,
    -0.04198693,
    0.049623948,
    -0.024078287,
    0.026329374,
    0.0005424493,
    0.015199002,
    0.058528244,
    0.019009175,
    0.11298786,
    -0.004091558,
    -0.052225206,
    -0.012831192,
    0.0042332932,
    -0.003816425,
    -0.009162756,
    0.029680992,
    -0.012464349,
    0.096913435,
    -0.0034141478,
    0.00020908528,
    0.02949757,
    0.0111053595,
    -0.0087042,
    0.0026429421,
    -0.0031431837,
    -0.0030327137,
    0.010713504,
    -0.009254467,
    -0.085574634,
    -0.0013892121,
    -0.00052968273,
    -0.0030577257,
    -0.01138883,
    -0.022977756,
    0.005498487,
    -0.03128176,
    -0.0055276677,
    0.019709513,
    0.006298873,
    -0.058761694,
    -0.03731801,
    0.0033766297,
    0.07530301,
    -0.041153193,
    0.028113568,
    0.021743827,
    -0.00092805206,
    0.00283887,
    -0.022794334,
    -0.09617975,
    0.035317045,
    0.026579494,
    0.15380757,
    0.027296508,
    -0.01545746,
    0.014215194,
    0.034216512,
    -0.022027297,
    -0.005523499,
    -0.041820183,
    0.046188958,
    0.0074911155,
    0.06192989,
    -0.01223924,
    0.027613327,
    -0.004523016,
    0.008091405,
    -0.014498664,
    0.014148495,
    -0.102516145,
    0.007095091,
    0.012656108,
    -0.09257801,
    0.08070561,
    0.02974769,
    -0.030864896,
    0.028196942,
    0.019059198,
    0.042320423,
    0.026996363,
    -0.00082227186,
    0.059628777,
    -0.05295889,
    -0.039919265,
    -0.0021249838,
    0.0031431837,
    0.010413359,
    0.0701672,
    -0.02019308,
    0.00071075966,
    0.03618413,
    -0.03615078,
    -0.032665763,
    0.030648125,
    0.04265392,
    0.056827426,
    0.02829699,
    0.016733076,
    0.040052664,
    0.13873363,
    -0.038185094,
    0.00018198887,
    -0.04308746,
    0.027013037,
    -0.02447848,
    -0.00018303104,
    -0.025328891,
    0.11425514,
    0.008274827,
    0.011847384,
    0.0044771605,
    -0.022077322,
    -0.009396201,
    -0.03088157,
    -0.028997328,
    0.10058188,
    -0.018492257,
    0.026929663,
    -0.055526797,
    -0.018242138,
    0.07630349,
    -0.043954547,
    -0.04909036,
    0.05599369,
    0.10098207,
    -0.030514726,
    0.021160211,
    0.008112248,
    0.12919569,
    -0.025612362,
    -0.083173476,
    0.0819729,
    -0.034083117,
    0.007641188,
    0.0046730884,
    0.02677959,
    0.03306596,
    -0.038151745,
    0.024228359,
    -0.046322357,
    -0.03598403,
    0.05312564,
    0.0072785127,
    -0.028380364,
    -0.032182198,
    0.07843786,
    0.019376017,
    -0.056927472,
    -0.02858046,
    -0.0582948,
    -0.018475583,
    -0.04085305,
    -0.015382424,
    0.026229326,
    0.025212167,
    0.04612226,
    0.014181844,
    -0.011097022,
    0.01577428,
    0.07870465,
    -0.012806181,
    0.07483612,
    -0.0037205457,
    -0.00032229096,
    -0.03961912,
    -0.062530175,
    0.00116723,
    -0.02012638,
    0.020343151,
    0.02154373,
    0.011263769,
    -0.12005794,
    0.06066261,
