{
  "chunk_index": 628,
  "token_start": 282600,
  "token_end": 283100,
  "text": " đổi, bổ sung một số điều của\nBộ luật Hình sự số 100/2015/QH13, có hiệu lực kể từ ngày 01 tháng 01 năm 2018.\n\n58 Khoản này được sửa đổi, bổ sung theo quy định tại khoản 26 Điều 1 của Luật số 12/2017/QH14 sửa đổi, bổ sung một số điều của\nBộ luật Hình sự số 1 00/2015/QH13, có hiệu lực kể từ ngày 01 tháng 01 năm 2018.\n\n59 Cụm từ “Gây rối loạn tâm thần và hành vi của nạn nhân từ 11% đến 45%” được thay thế bằng cụm từ “Gây rối loạn tâm thần và\nhành vi của nạn nhân mà tỷ lệ tổn thương cơ thể từ 31% đến 60%” theo quy định tại điểm e khoản 2 Điều 2 của Luật số 12/2017/QH14\nsửa đổi, bổ sung một số điều của Bộ luật Hình sự số 100/2015/QH13, có hiệu lực kể từ ngày 01 tháng 01 năm 2018.\n\n60 Cụm từ “Gây rối loạn tâm thần và hành vi của nạn nhân 46% trở lên” được thay thế bằng cụm từ “Gây rối loạn tâm thần và hành vi\ncủa nạn nhân mà tỷ lệ tổn thương cơ thể 61% trở lên” theo quy định tại điểm e khoản 2 Điều 2 của Luật số 12/2017/QH14 sửa đổi, bổ\nsung một số điều của Bộ luật Hình sự số ",
  "embedding": [
    -4.167479e-05,
    0.025363134,
    -0.029977508,
    -0.078858025,
    0.0014966875,
    0.027049767,
    -0.03535564,
    0.012005324,
    0.021528432,
    0.11271797,
    -0.021066995,
    0.019125776,
    0.00096911757,
    -0.00047610575,
    -0.08859594,
    -0.16306236,
    0.07071128,
    0.023835618,
    0.04662107,
    0.0035204478,
    -0.01662765,
    0.045570903,
    -0.005696363,
    -0.094324134,
    0.009212833,
    0.038378846,
    -0.03417818,
    -0.013851072,
    0.09069628,
    -0.023374181,
    -0.0147103,
    -0.015084223,
    0.032014195,
    -0.036883153,
    0.007876256,
    -0.007916035,
    0.093496725,
    -0.005545202,
    -0.0128645515,
    0.012029191,
    -0.023294624,
    0.027304353,
    -0.029579716,
    0.0065516126,
    0.056836337,
    0.0074227746,
    0.00019541469,
    0.01767782,
    -0.047925822,
    0.0016209971,
    0.00908554,
    0.05973225,
    -0.048785053,
    -0.03265066,
    -0.005716252,
    -0.15758877,
    -0.011830295,
    -0.0037829895,
    0.05180826,
    0.04643013,
    0.01799605,
    0.014256818,
    -0.007784764,
    -0.09998867,
    -0.018425666,
    -0.04347057,
    0.016373064,
    -0.06606508,
    0.021592079,
    -0.039619952,
    -0.10361652,
    0.042484045,
    -0.024551641,
    -0.0015772402,
    0.045698196,
    -0.0314732,
    -0.031520937,
    0.02552225,
    0.033955414,
    -0.015871849,
    0.0488487,
    -0.062118996,
    -0.021894401,
    0.03656492,
    -0.002233595,
    0.035291992,
    0.0041370234,
    0.02491761,
    -0.06682884,
    -0.010278911,
    0.03573752,
    0.0046899524,
    0.020541912,
    -0.042770457,
    -0.013811293,
    0.0014678477,
    -0.031107232,
    -0.04798947,
    -0.002691054,
    -0.0058276337,
    0.008170621,
    -0.049707927,
    0.0424204,
    0.014065879,
    0.027622586,
    -0.018043786,
    -0.026126893,
    0.020876056,
    0.023962911,
    -0.026126893,
    -0.0066391267,
    0.018489312,
    0.025840484,
    -0.06406021,
    -0.00801946,
    0.02571319,
    0.10641697,
    -0.028529549,
    -0.002219672,
    -0.0115120625,
    -0.034464587,
    0.06329646,
    0.018409753,
    -0.0040415535,
    0.040892884,
    -0.061323415,
    -0.009093495,
    0.009013937,
    -0.07707593,
    0.0015842015,
    -0.018250637,
    0.009117363,
    0.07554841,
    0.026222363,
    -0.041115645,
    -0.02687474,
    0.009960679,
    0.010000458,
    -0.024694847,
    0.0024663024,
    -0.017168647,
    -0.017152734,
    0.007140343,
    0.034560055,
    -0.051871907,
    -0.014980798,
    0.00094077503,
    0.002607518,
    0.013771514,
    0.013795381,
    0.02657242,
    -0.011352947,
    -0.01875981,
    -0.0009820458,
    -0.0070766965,
    -0.008226312,
    0.034878287,
    -0.011082449,
    -0.015482014,
    0.014407979,
    -0.050344393,
    -0.01315096,
    -0.032380164,
    -0.056899983,
    -0.0005171279,
    0.019428099,
    -0.064282976,
    -0.035896633,
    -0.05101268,
    -0.036437627,
    0.0036019948,
    0.006507856,
    -0.030216182,
    0.007776808,
    -0.022021692,
    -0.033859946,
    -0.004745643,
    -0.06469668,
    -0.007235813,
    -0.06931105,
    -0.00018546991,
    -0.011734826,
    0.05142638,
    -0.037869673,
    -0.03997001,
    0.010859686,
    -0.024010647,
    0.032507457,
    0.04273863,
    0.010255044,
    -0.042674985,
    0.008624102,
    -0.031552758,
    0.0359921,
    -0.047289357,
    -0.0047297315,
    -0.050312568,
    0.0051394557,
    0.056136224,
    0.006969293,
    0.011472284,
    0.007024984,
    0.06224629,
    -0.0198418,
    0.01653218,
    -0.035482932,
    0.006718685,
    0.019825889,
    0.045316316,
    -0.022276279,
    -0.0005230948,
    -0.055849813,
    -0.046652894,
    -0.05572252,
    -0.008087085,
    0.054099534,
    -0.02512446,
    -0.0025100594,
    -0.0076415595,
    0.051935554,
    -0.0069096247,
    0.006901669,
    -0.05989137,
    0.0766304,
    -0.0055014454,
    0.038537964,
    -0.001455914,
    0.018027874,
    -0.0041370234,
    0.023771971,
    0.16624469,
    0.01817108,
    -0.041624818,
    0.0012649745,
    -0.009292391,
    0.030438945,
    -0.029372865,
    0.021464786,
    0.015482014,
    0.03166414,
    0.08554091,
    0.031918727,
    -0.0064004525,
    0.013413503,
    -0.026651977,
    -0.028895516,
    0.03207784,
    -0.038856197,
    -0.0070806746,
    -0.025283577,
    -0.090823576,
    -0.009706093,
    0.021528432,
    -0.01818699,
    -0.0451572,
    0.008464986,
    0.00079607865,
    -0.10081608,
    0.0037889564,
    0.031441376,
    0.011010846,
    -0.058236558,
    0.011321124,
    -0.0054616663,
    0.0730662,
    -0.029882038,
    0.028784135,
    -0.010732393,
    0.009077583,
    -0.0022753628,
    0.004749621,
    -0.037806027,
    0.015004666,
    0.017821023,
    0.15275162,
    -0.0003836194,
    0.0023191199,
    0.015553616,
    0.026238274,
    -0.033573534,
    -0.017836936,
    -0.024949433,
    0.10056149,
    0.027479382,
    -0.005990728,
    0.004323985,
    0.027002033,
    0.044011563,
    -0.004781444,
    -0.004152935,
    0.04152935,
    -0.06644696,
    0.017757377,
    0.008640014,
    -0.05333578,
    0.10800813,
    0.0014370189,
    0.0034508344,
    0.030932205,
    0.03401906,
    0.019523568,
    -0.016126435,
    -0.010143663,
    0.07561205,
    -0.052317433,
    -0.023644678,
    -0.01759826,
    0.023883354,
    -0.04973975,
    0.123601526,
    -0.025076726,
    0.015999142,
    0.054990586,
    -0.0556907,
    -0.04410703,
    0.05629534,
    0.021385228,
    0.062659994,
    0.013365768,
    -0.008162665,
    0.032189224,
    0.103361934,
    -0.09476966,
    0.0056088488,
    0.0026274077,
    0.04916693,
    0.014360244,
    -0.012259909,
    -0.06593779,
    0.109726585,
    -0.06791083,
    0.026731536,
    -0.0027188994,
    -0.035132874,
    0.0011376814,
    -0.0692474,
    -0.028561372,
    0.0756757,
    -0.033159833,
    -0.032125577,
    -0.058873024,
    -0.051935554,
    0.0912691,
    -0.043756977,
    -0.04464803,
    0.03554658,
    0.113290794,
    -0.025856396,
    0.020112298,
    0.029388776,
    0.082040355,
    -0.037583265,
    -0.0005743103,
    0.058300205,
    -0.060623303,
    0.04690748,
    -0.022514954,
    0.01592754,
    0.049707927,
    -0.06561955,
    0.029531982,
    -0.039269898,
    -0.0079001235,
    0.0036556965,
    0.0033155854,
    -0.02774988,
    0.005374152,
    0.06332828,
    -0.011965544,
    -0.062214464,
    -0.019666772,
    -0.02717706,
    0.01387494,
    0.0139942765,
    -0.011082449,
    0.01953948,
    0.027431646,
    0.004192714,
    -0.02541087,
    0.053081192,
    0.015314942,
    0.09527883,
    -0.0116314,
    0.093496725,
    0.0012251954,
    0.030263916,
    -0.03666039,
    -0.08102201,
    0.01651627,
    -0.013652177,
    0.01944401,
    -0.00036969673,
    -0.00904576,
    -0.0748483,
    -0.013238475,
    -0.04525267,
    0.014185216,
