{
  "chunk_index": 629,
  "token_start": 283050,
  "token_end": 283550,
  "text": " e khoản 2 Điều 2 của Luật số 12/2017/QH14 sửa đổi, bổ\nsung một số điều của Bộ luật Hình sự số 100/2015/QH13, có hiệu lực kể từ ngày 01 tháng 01 năm 2018.\n\n61 Cụm từ “Gây rối loạn tâm thần và hành vi của nạn nhân từ 11% đến 45%” được thay thế bằng cụm từ “Gây rối loạn tâm thần và\nhành vi của nạn nhân mà tỷ lệ tổn thương cơ thể từ 31% đến 60%” theo quy định tại điểm e khoản 2 Điều 2 của Luật số 12/2017/QH14\nsửa đổi, bổ sung một số điều của Bộ luật Hình sự số 100/2015/QH13, có hiệu lực kể từ ngày 01 tháng 01 năm 2018.\n\n62 Cụm từ “Gây rối loạn tâm thần và hành vi của nạn nhân 46% trở lên” được thay thế bằng cụm từ “Gây rối loạn tâm thần và hành vi\ncủa nạn nhân mà tỷ lệ tổn thương cơ thể 61% trở lên” theo quy định tại điểm e khoản 2 Điều 2 của Luật số 12/2017/QH14 sửa đổi, bổ\nsung một số điều của Bộ luật Hình sự số 100/2015/QH13, có hiệu lực kể từ ngày 01 tháng 01 năm 2018.\n\n63 Cụm từ “, nếu không thuộc trường hợp quy định tại Điều 142 và Điều 145 của Bộ luật này” được b",
  "embedding": [
    2.430323e-05,
    0.025263812,
    -0.03420912,
    -0.09470393,
    0.0019042187,
    0.034523543,
    -0.04826379,
    0.013127121,
    0.019619938,
    0.11847424,
    0.00088382076,
    0.0159805,
    -0.00014849074,
    0.008214276,
    -0.09130817,
    -0.16890754,
    0.09363489,
    0.029461348,
    0.05071628,
    0.0061783935,
    -0.016428553,
    0.03763632,
    -0.009597734,
    -0.089861825,
    0.02009157,
    0.04247842,
    -0.028219381,
    -0.031583697,
    0.09256586,
    -0.020767577,
    -0.013001353,
    0.003403619,
    0.0073889187,
    -0.021553632,
    0.0038162977,
    -0.011389939,
    0.08766087,
    -0.0021007324,
    -0.0044569327,
    0.019226909,
    -0.013048516,
    0.036976036,
    -0.028077891,
    0.0031402905,
    0.033234414,
    -0.0104309525,
    -0.0047517037,
    0.019698543,
    -0.047634944,
    -0.0053923386,
    0.005781436,
    0.0455912,
    -0.052697137,
    -0.030907689,
    -0.005769645,
    -0.1646314,
    0.0036060282,
    -0.0013274506,
    0.043547455,
    0.00398923,
    0.014785698,
    0.003517597,
    -0.0049049845,
    -0.09130817,
    -0.018755276,
    -0.045245335,
    0.033140086,
    -0.055212516,
    0.021978103,
    -0.042541306,
    -0.0883526,
    0.056407318,
    -0.03035745,
    0.015092259,
    0.056407318,
    -0.022874206,
    -0.029084042,
    0.026364291,
    0.032259703,
    -0.014903606,
    0.03961718,
    -0.07275727,
    -0.020154454,
    0.009597734,
    -0.00598188,
    0.022465456,
    0.025656842,
    0.031237833,
    -0.068292476,
    -0.016349947,
    0.030137355,
    -0.0037435878,
    0.02350305,
    -0.024037568,
    -0.014314065,
    -0.003676773,
    -0.020107292,
    -0.045905624,
    0.010454534,
    -0.010147972,
    0.00089168135,
    -0.044207744,
    0.050244648,
    0.032982875,
    0.013897455,
    -0.024556363,
    -0.018000664,
    0.014078248,
    0.02307858,
    -0.01611413,
    -0.0032994666,
    0.022905648,
    0.03189812,
    -0.07332323,
    0.006536049,
    0.017497588,
    0.12004635,
    -0.013913177,
    -0.0072317077,
    -0.012262461,
    -0.028706735,
    0.057947986,
    0.021490749,
    -0.009896435,
    0.036787383,
    -0.059457213,
    -0.006811168,
    0.0072710104,
    -0.07080785,
    -0.0030931272,
    -0.022921368,
    0.015375239,
    0.07313457,
    0.02408473,
    -0.025814053,
    -0.02051604,
    0.0057657147,
    0.0023149324,
    -0.0124825565,
    0.017607637,
    -0.026820203,
    -0.0012046295,
    0.0011496057,
    0.017749125,
    -0.05011888,
    -0.02221392,
    0.013881735,
    0.005239058,
    0.009149682,
    0.005655667,
    0.03348595,
    0.00441763,
    -0.03763632,
    -0.0022402573,
    -0.004315443,
    -0.014046806,
    0.042069674,
    -0.020484598,
    -0.027087461,
    0.015414542,
    -0.03974295,
    -0.01110696,
    -0.020343108,
    -0.055212516,
    0.003949927,
    0.023031417,
    -0.059991732,
    -0.02705602,
    -0.060243268,
    -0.048106577,
    0.007848761,
    -0.0037573436,
    -0.040088814,
    0.014974351,
    -0.024163336,
    -0.030750478,
    -0.0049442872,
    -0.07332323,
    -0.009566291,
    -0.065588444,
    -0.016074829,
    -0.024257662,
    0.05769645,
    -0.032259703,
    -0.03990016,
    -0.002863206,
    -0.017497588,
    0.027449047,
    0.03320297,
    0.008395069,
    -0.037950743,
    0.006756144,
    -0.027040297,
    0.04543399,
    -0.05514963,
    -0.004488375,
    -0.048892632,
    -0.014408391,
    0.060054615,
    -0.005231197,
    0.014463415,
    0.011413521,
    0.06124942,
    -0.017733404,
    0.0047320523,
    -0.020720415,
    -0.0057775057,
    0.014895746,
    0.045213893,
    -0.022135314,
    -0.009432662,
    -0.05030753,
    -0.048641093,
    -0.068732664,
    -0.007581502,
    0.0427614,
    -0.026961692,
    -0.0029339509,
    0.0017764847,
    0.05015032,
    -0.0067443536,
    0.0042957915,
    -0.07093362,
    0.086151645,
    -0.004641656,
    0.038233723,
    0.012663349,
    0.0242105,
    -0.0076954802,
    0.022056708,
    0.14664645,
    -0.00498752,
    -0.03908266,
    -0.005388408,
    -0.0083321845,
    0.01708884,
    -0.025373861,
    0.023958962,
    0.0036630172,
    0.043390244,
    0.067978054,
    0.023786029,
    0.009448383,
    0.009998621,
    -0.021192048,
    -0.02920981,
    0.026427174,
    -0.049427148,
    0.0067207715,
    -0.030326009,
    -0.07860552,
    0.009896435,
    0.026883086,
    -0.024776459,
    -0.045088124,
    0.0009447401,
    0.007337825,
    -0.098351225,
    0.0069290763,
    0.0538605,
    0.011515709,
    -0.054395016,
    0.022103872,
    0.0007649299,
    0.0709965,
    -0.03861103,
    0.03430345,
    -0.0153673785,
    0.0056517366,
    0.007907715,
    0.009739224,
    -0.032982875,
    0.007888064,
    0.00897675,
    0.1569595,
    -0.0028199728,
    0.0072002653,
    0.0133157745,
    0.027826354,
    -0.026725875,
    -0.010533139,
    -0.019887196,
    0.081183776,
    0.012238879,
    -0.0045669805,
    0.019116862,
    0.025845494,
    0.03707036,
    0.0020928718,
    -0.009086798,
    0.03747911,
    -0.05552694,
    0.01767052,
    0.016648648,
    -0.03380037,
    0.1085385,
    -0.0016251691,
    0.020028686,
    0.035529695,
    0.031332158,
    0.027747748,
    -0.00033751244,
    -0.020956231,
    0.08992471,
    -0.043704666,
    -0.009951458,
    -0.0070548453,
    0.015909757,
    -0.04684889,
    0.12117826,
    -0.023047138,
    0.0012979736,
    0.05725626,
    -0.052194063,
    -0.039522853,
    0.03430345,
    0.009637036,
    0.03773065,
    0.015343796,
    0.0005762767,
    0.020138733,
    0.10658908,
    -0.094641045,
    0.0027394022,
    0.0060329735,
    0.057602122,
    0.030231683,
    -0.013355077,
    -0.0814982,
    0.09105663,
    -0.0891701,
    0.010140112,
    -0.004370467,
    -0.044553608,
    0.003649261,
    -0.06508537,
    -0.04826379,
    0.056250107,
    -0.033831816,
    -0.030986294,
    -0.0490184,
    -0.06596575,
    0.093823545,
    -0.043956205,
    -0.02777919,
    0.02208815,
    0.10193563,
    -0.037133247,
    0.011004772,
    0.016994514,
    0.08885568,
    -0.049678687,
    -0.002008371,
    0.06502248,
    -0.05301156,
    0.064047776,
    -0.016475717,
    0.02037455,
    0.0649596,
    -0.042101115,
    0.04304438,
    -0.040214583,
    -0.008961029,
    0.011067657,
    0.025625398,
    -0.011735803,
    0.0001919694,
    0.077473596,
    -0.0007501914,
    -0.04140939,
    -0.043924764,
    -0.0307662,
    0.015736824,
    0.004924636,
    -0.029948702,
    0.019824311,
    0.02965,
    0.009574152,
    -0.027323278,
    0.055055305,
    0.023723146,
    0.09023913,
    -0.009558431,
    0.1113683,
    -0.004103208,
    0.026725875,
    -0.034743637,
    -0.09627604,
    -0.0059622284,
    -0.0031226042,
    0.0044530025,
    -0.03534104,
    0.00011489916,
    -0.08822683,
    -0.006484955,
    -0.037101805,
    0.0066460962,
