{
  "chunk_index": 180,
  "token_start": 81000,
  "token_end": 81500,
  "text": " người chưa có vợ, chưa có chồng\nmà kết hôn hoặc chung sống như vợ chồng với người mà mình biết rõ là đang có chồng, có vợ thuộc một trong các trường hợp sau đây,\nthì bị phạt cảnh cáo, phạt cải tạo không giam giữ đến 01 năm hoặc phạt tù từ 03 tháng đến 01 năm:\n\na) Làm cho quan hệ hôn nhân của một hoặc hai bên dẫn đến ly hôn;\n\nb) Đã bị xử phạt vi phạm hành chính về hành vi này mà còn vi phạm.\n\n2. Phạm tội thuộc một trong các trường hợp sau đây, thì bị phạt tù từ 06 tháng đến 03 năm:\n\na) Làm cho vợ, chồng hoặc con của một trong hai bên tự sát;\n\nb) Đã có quyết định của Tòa án hủy việc kết hôn hoặc buộc phải chấm dứt việc chung sống như vợ chồng trái với chế độ một vợ, một\nchồng mà vẫn duy trì quan hệ đó.\n\nĐiều 183. Tội tổ chức tảo hôn\n\nNgười nào tổ chức việc lấy vợ, lấy chồng cho những người chưa đến tuổi kết hôn, đã bị xử phạt vi phạm hành chính về hành vi này mà\ncòn vi phạm, thì bị phạt tiền từ 10.000.000 đồng đến 30.000.000 đồng hoặc phạt cải tạo không giam gi",
  "embedding": [
    -0.00063767453,
    0.010772973,
    0.00025579872,
    -0.091712825,
    -0.0011306439,
    -0.015541764,
    0.027057702,
    0.0549102,
    0.028267177,
    0.117906615,
    -0.018729597,
    -0.07422726,
    0.0037796118,
    -0.10643387,
    -0.062097944,
    -0.048517257,
    0.15287773,
    -0.0040366254,
    0.07954895,
    -0.010911199,
    -0.0030258493,
    -0.006660756,
    0.071048066,
    -0.064586006,
    0.050383307,
    -0.05833129,
    -0.026850363,
    0.062789075,
    0.09972992,
    0.020198246,
    -0.115349434,
    -0.1055354,
    0.030979859,
    0.0015917566,
    0.0012721093,
    0.028958306,
    0.0019535194,
    -0.006017142,
    0.039187014,
    0.021062156,
    0.026884919,
    -0.061786935,
    0.091712825,
    0.00024014033,
    0.049104717,
    0.010392853,
    0.0035506755,
    0.089708544,
    -0.03573137,
    0.014539626,
    0.025986452,
    0.021062156,
    -0.008626154,
    0.013788024,
    0.05480653,
    -0.17278226,
    0.0037925704,
    -0.0071963808,
    0.029442096,
    -0.015576321,
    0.0058098035,
    0.034297276,
    0.102563545,
    -0.05518665,
    -0.023446552,
    -0.028198063,
    -0.041847862,
    -0.0042202068,
    0.018971492,
    -0.05843496,
    -0.095997825,
    -0.009632611,
    -0.0015701588,
    0.051869232,
    0.00662188,
    -0.0023887146,
    0.008241714,
    0.040327378,
    0.086114675,
    -0.00034286478,
    -0.006164007,
    0.019057883,
    0.010747056,
    -0.036560725,
    0.0049329335,
    0.09758742,
    0.05287137,
    0.01821125,
    -0.08265903,
    0.004937253,
    0.049104717,
    0.019818125,
    0.0034426865,
    0.021234939,
    0.005200746,
    -0.046754878,
    -0.029286593,
    -0.026038285,
    -0.049139272,
    0.0050495616,
    0.0069199293,
    -0.02951121,
    0.10000637,
    0.04374847,
    -0.004408107,
    -0.011913337,
    -0.010107762,
    0.053597055,
    -0.010885282,
    0.019247944,
    0.0036716228,
    0.04751512,
    0.04875915,
    0.014833356,
    -0.0079047885,
    0.034521896,
    0.018608648,
    0.080792986,
    -0.021770565,
    -0.013191925,
    -0.023584777,
    0.044681493,
    0.025364434,
    0.05577411,
    0.0030539264,
    -0.0506252,
    -0.021096714,
    0.010168236,
    -0.06766153,
    0.0037148185,
    -0.029683992,
    -0.020993045,
    -0.05394262,
    0.01041877,
    0.0634802,
    -0.009814032,
    0.00311656,
    0.03808121,
    -0.00095732167,
    0.04896649,
    -0.03894512,
    0.016016915,
    0.032794073,
    0.03466012,
    0.006613241,
    -0.06596827,
    -0.035869595,
    0.03058246,
    0.015282591,
    0.014876552,
    0.011369073,
    -0.024811532,
    -0.055290323,
    -0.00331094,
    -0.040085483,
    -0.019455282,
    -0.026954032,
    0.058020283,
    0.06869823,
    0.012829082,
    0.05090165,
    0.07111718,
    -0.03320875,
    -0.036491614,
    0.0028185106,
    0.049208388,
    -0.08176056,
    0.026556633,
    -0.033899877,
    -0.0001968098,
    0.03797754,
    -0.022634476,
    -0.0072179786,
    -0.014937026,
    -0.032534897,
    -0.0124921575,
    -0.07305234,
    -0.025364434,
    -0.02249625,
    0.021666896,
    -0.015464012,
    -0.0069933617,
    -0.028059838,
    -0.009278407,
    0.0097967535,
    0.005144592,
    -0.03797754,
    0.0069933617,
    0.056154232,
    0.0067169103,
    -0.008354022,
    -0.06005911,
    -0.035489477,
    0.0074901106,
    -0.0085138455,
    -0.0009843189,
    0.006574365,
    -0.047964353,
    0.049726732,
    0.0007872392,
    0.077682905,
    -0.06534625,
    -0.0004389749,
    0.024984315,
    0.0064922934,
    -0.04264266,
    0.017554678,
    0.009088347,
    0.043402903,
    -0.034988407,
    0.022185242,
    -0.07249943,
    -0.023619335,
    0.06807621,
    0.024604194,
    0.038012095,
    -0.0749875,
    -0.035264857,
    0.005861638,
    -0.0044664214,
    0.010531078,
    -0.016008276,
    0.02980494,
    0.04412859,
    -0.01683763,
    0.045718186,
    0.0030560861,
    0.048586372,
    0.008673669,
    0.008315146,
    -0.010772973,
    0.01324376,
    -0.057812944,
    0.011360433,
    -0.05805484,
    0.023291048,
    0.07789024,
    -0.046685766,
    0.043264676,
    0.05442641,
    0.12509435,
    -0.021148548,
    -0.019731734,
    0.035333972,
    -0.05307871,
    -0.034677397,
    0.01966262,
    -0.005481517,
    -0.017865686,
    0.008544083,
    -0.05328605,
    -0.03925613,
    -0.022962762,
    -0.009986814,
    0.014323649,
    0.008094849,
    -0.027247762,
    0.0052180244,
    -0.021995181,
    0.10836903,
    0.019230666,
    -0.03263857,
    0.009719002,
    -0.010073205,
    0.000643074,
    -0.085561775,
    0.12986314,
    -0.007645615,
    0.029269313,
    -0.03232756,
    0.02346383,
    0.016284728,
    0.006371346,
    -0.0056413407,
    -0.031135364,
    0.0210276,
    0.02970127,
    -0.033226028,
    -0.011567772,
    0.036249716,
    0.0020129133,
    0.009744919,
    0.06603738,
    0.023809396,
    -0.0062158415,
    -0.033571593,
    0.06686673,
    0.017744739,
    0.013364707,
    -0.016120585,
    0.02736871,
    0.07837403,
    0.0046694404,
    -0.020993045,
    -0.044577822,
    0.070909835,
    0.038392216,
    0.008915564,
    0.011377712,
    0.029632157,
    -0.022841815,
    -0.06330742,
    0.045994636,
    -0.006436139,
    -0.033571593,
    -0.021960625,
    -0.009243851,
    0.042331655,
    0.006211522,
    0.08929387,
    0.012855,
    0.041744195,
    0.016206976,
    -0.03232756,
    0.060888465,
    0.01129132,
    0.025623608,
    -0.009027873,
    -0.072845,
    0.041433185,
    -0.021390444,
    -0.012734053,
    -0.044059474,
    0.014159506,
    0.0040171873,
    0.017900242,
    0.05414996,
    -0.004157573,
    -0.04088028,
    0.06921657,
    0.05290593,
    0.03400355,
    0.042988226,
    0.0035636341,
    0.001090688,
    -0.028681854,
    -0.080654755,
    0.02766244,
    -0.0066046016,
    -0.008449052,
    -0.050106853,
    -0.016716683,
    0.08024008,
    0.051938348,
    -0.069423914,
    -0.04869004,
    0.040189154,
    0.005118674,
    -0.08341927,
    -0.040949393,
    0.024586916,
    -0.028699134,
    0.031359978,
    0.03146365,
    0.025658164,
    0.012630383,
    0.00964125,
    -0.020388307,
    0.04557996,
    0.050970767,
    -0.01957623,
    0.036284275,
    0.013900332,
    0.04108762,
    0.041502297,
    0.04374847,
    -0.016716683,
    0.037251856,
    -0.011999728,
    -0.010289184,
    -0.06310008,
    0.06392944,
    -0.051627338,
    -0.08756605,
    0.07678443,
    -0.0441977,
    -0.02638385,
    0.00013775335,
    -0.058676854,
    -0.02346383,
    -0.02755877,
    0.10671032,
    0.023584777,
    0.031135364,
    -0.06047379,
    -0.012595827,
    -0.0065095713,
    0.0111530945,
    0.024776975,
    0.017105443,
    -0.015489929,
    0.0032159097,
    -0.037666533,
    -0.009969536,
    -0.01635384,
    0.050694313,
    0.009243851,
    0.06057746,
    0.054184515,
