{
  "chunk_index": 245,
  "token_start": 110250,
  "token_end": 110750,
  "text": ".000.000 đồng, thì bị phạt tiền từ\n500.000.000 đồng đến 2.000.000.000 đồng hoặc phạt tù từ 06 tháng đến 03 năm.\n\n2. Phạm tội thuộc một trong các trường hợp sau đây, thì bị phạt tiền từ 2.000.000.000 đồng đến 5.000.000.000 đồng hoặc phạt tù từ 02\nnăm đến 07 năm:\n\na) Thu lợi bất chính 2.000.000.000 đồng trở lên;\n\nb) Gây thiệt hại cho nhà đầu tư 3.000.000.000 đồng trở lên;\n\nc) Có tổ chức;\n\nd) Tái phạm nguy hiểm.\n\n3. Người phạm tội còn có thể bị phạt tiền từ 50.000.000 đồng đến 250.000.000 đồng, cấm đảm nhiệm chức vụ, cấm hành nghề hoặc\nlàm công việc nhất định từ 01 năm đến 05 năm.\n\nĐiều 213. Tội gian lận trong kinh doanh bảo hiểm\n\n1.163 Người nào thực hiện một trong các hành vi sau đây chiếm đoạt tiền bảo hiểm từ 20.000.000 đồng đến dưới 100.000.000 đồng\nhoặc gây thiệt hại từ 50.000.000 đồng đến dưới 200.000.000 đồng, nếu không thuộc trường hợp quy định tại các điều 174, 353 và 355\ncủa Bộ luật này, thì bị phạt tiền từ 30.000.000 đồng",
  "embedding": [
    -0.00040917363,
    0.08582331,
    -0.045017943,
    -0.08670355,
    -0.0017152873,
    0.07532331,
    0.06039069,
    0.071928106,
    0.025684118,
    0.052499972,
    -0.16083226,
    -0.047375724,
    0.0015993629,
    -0.09997001,
    -0.15441908,
    -0.07488319,
    0.0036506343,
    -0.034517948,
    0.201449,
    0.0035268508,
    0.0007014405,
    0.07004188,
    0.08651493,
    -0.04058531,
    -0.10701192,
    0.13932927,
    -0.030698339,
    -0.03709579,
    0.017793404,
    0.030415405,
    -0.023247743,
    0.052028418,
    0.042251475,
    -0.012409799,
    -0.012370503,
    -0.010342809,
    0.05680686,
    0.016614513,
    -0.030069595,
    -0.042785905,
    -0.04558381,
    0.005886599,
    0.08035325,
    0.022650437,
    0.08814966,
    -0.0074466653,
    -0.020842804,
    0.055297878,
    -0.04089968,
    -0.037473034,
    0.027491752,
    0.019396696,
    0.091419116,
    -0.004067176,
    0.038101777,
    -0.11430533,
    0.020622743,
    -0.004841315,
    0.04863321,
    0.08249097,
    0.022540407,
    0.03197154,
    0.05721554,
    -0.0002642682,
    -0.02033981,
    -0.03417214,
    -0.007863207,
    -0.07815266,
    -0.0028096917,
    -0.05806434,
    -0.09544306,
    -0.09990714,
    0.0023086627,
    0.022901936,
    0.111350246,
    -0.023121994,
    -0.05558081,
    -0.03838471,
    0.1090239,
    0.009863393,
    0.013824469,
    -0.014075966,
    -0.008236523,
    -0.07865565,
    0.017258974,
    0.0912305,
    -0.00696332,
    -0.03198726,
    0.003493449,
    0.043226026,
    0.028859267,
    0.092173606,
    0.0075959917,
    -0.076077804,
    0.0009406573,
    -0.0074977507,
    -0.055140693,
    0.009234651,
    0.016190112,
    -0.024285167,
    -0.010130608,
    -0.04926195,
    0.040459562,
    0.004393336,
    -0.041591298,
    -0.009973424,
    -0.032254476,
    -0.00206699,
    0.0029432995,
    -0.0075645545,
    -0.008173648,
    -0.005721554,
    0.018029183,
    -0.04385477,
    0.0040318095,
    0.0014127052,
    -0.005568298,
    -0.045646682,
    0.018752236,
    0.021220049,
    0.0031731832,
    0.07859278,
    -0.037944593,
    0.0061852513,
    -0.0121032875,
    -0.05721554,
    -0.02230463,
    -0.022351785,
    -0.14624543,
    -0.012959949,
    -0.025857024,
    -0.042660158,
    -0.010044157,
    0.0037252975,
    -0.09456283,
    0.0020630604,
    0.013517957,
    -0.0042597284,
    -0.025526933,
    0.022398941,
    -0.019553883,
    0.0012987456,
    0.034077827,
    -0.007670655,
    -0.055329315,
    -0.016158674,
    0.023247743,
    0.01631586,
    -0.010405683,
    -0.024159418,
    0.034895193,
    -0.018233525,
    -0.00913248,
    0.003186937,
    -0.004860963,
    0.0139502175,
    -0.045740996,
    0.0726826,
    -0.027098788,
    0.017274693,
    0.009085325,
    0.031405672,
    -0.031248488,
    -0.024049388,
    0.004220432,
    0.024819598,
    -0.009674771,
    0.054417636,
    -0.036152676,
    -0.029865254,
    0.007128365,
    -0.031264205,
    -0.003035646,
    0.0123154875,
    -0.0034109263,
    0.003122098,
    0.02840343,
    -0.069790386,
    -0.011466686,
    -0.037787408,
    0.009525444,
    0.045300875,
    0.14360473,
    -0.009313243,
    0.023137713,
    0.01402881,
    -0.01653592,
    0.008244382,
    0.02860777,
    0.036907166,
    0.019223792,
    -0.00446014,
    -0.004507296,
    0.01839071,
    0.004526944,
    0.01839071,
    0.004424773,
    -0.008723798,
    0.070419125,
    -0.036812857,
    0.027617501,
    0.019773941,
    0.07972451,
    -0.017447596,
    -0.024112264,
    -0.050959554,
    -0.00402788,
    0.047281414,
    0.011938242,
    -0.026249986,
    0.032050133,
    -0.02893786,
    0.009784801,
    -0.006110588,
    0.01174176,
    0.06790416,
    -0.04256585,
    -0.04341465,
    0.04941914,
    0.03697004,
    -0.019836817,
    -0.061428115,
    -0.0039767944,
    -0.01425673,
    -0.026595796,
    0.0020532364,
    -0.027145945,
    0.037787408,
    0.040428124,
    0.005489705,
    0.052814346,
    0.06677242,
    -0.038856268,
    0.0046369736,
    -0.018343553,
    0.021110019,
    -0.0067707677,
    -0.0022752609,
    0.011238767,
    -0.010814366,
    0.13568257,
    -0.008849546,
    -0.030525433,
    -0.009926268,
    -0.033637706,
    -0.016598795,
    -0.027161663,
    -0.011340938,
    0.011301641,
    -0.0041968543,
    -0.051714048,
    -0.014665412,
    -0.009022451,
    -0.01989969,
    0.12197599,
    0.0016818853,
    -0.007792474,
    -0.016504483,
    -0.0069397422,
    0.07764966,
    0.04580387,
    -0.09506582,
    0.007332706,
    -0.029000735,
    -0.0321916,
    0.08770954,
    0.049796384,
    0.037944593,
    -0.0035641824,
    0.0036309862,
    0.04592962,
    0.01989969,
    0.019349542,
    0.003243917,
    0.03079265,
    0.05092812,
    0.021487264,
    -0.039202075,
    -0.013981654,
    -0.007364143,
    -0.06834428,
    -0.031578578,
    0.031279925,
    -0.038353276,
    -0.01839071,
    -0.031264205,
    0.066458054,
    0.012551266,
    0.025919897,
    -0.0482874,
    -0.009729786,
    0.026297143,
    0.013887343,
    -0.019994002,
    0.0045387326,
    0.037913155,
    0.015490636,
    -0.015577088,
    0.0077846143,
    0.0064603263,
    -0.020952834,
    0.0012191704,
    0.051934104,
    0.0036427751,
    -0.0025483707,
    0.07305984,
    -0.005155686,
    -0.020481277,
    -0.117134675,
    -0.009863393,
    -0.003131922,
    0.017809123,
    -0.010240639,
    -0.02533831,
    0.017479032,
    0.060642187,
    0.0047155665,
    -0.013219304,
    -0.03621555,
    -0.010460698,
    0.028419148,
    0.11977539,
    -0.023389209,
    0.033889204,
    -0.049544886,
    0.030478278,
    0.03599549,
    2.8612681e-05,
    0.005831584,
    0.039390698,
    0.060547873,
    0.0016710788,
    0.08016463,
    0.016724542,
    -0.006008418,
    0.0059887692,
    -0.022901936,
    0.045175128,
    -0.025306873,
    0.011183752,
    -0.054637697,
    -0.038353276,
    -0.04753291,
    -0.085320316,
    0.005088882,
    -0.051273927,
    -0.014822598,
    -0.006004488,
    -0.062937096,
    0.004188995,
    -0.022037415,
    0.014932627,
    0.08607481,
    0.021597294,
    0.026925884,
    0.021062864,
    0.014044529,
    0.0058826692,
    0.083496965,
    -0.08576044,
    -0.0017811088,
    -0.038133215,
    -0.0075842026,
    -0.016897447,
    0.015160547,
    0.027130226,
    -0.036089804,
    -0.001620976,
    0.015915036,
    -0.04687273,
    -0.0665838,
    0.0045623104,
    0.049890693,
    -0.049764946,
    0.038479023,
    0.0070851385,
    -0.034455072,
    0.013172149,
    -0.032914653,
    -0.030053876,
    0.046023928,
    0.07922152,
    -0.05001644,
    0.040459562,
    0.011545279,
    -0.031279925,
    -0.008079337,
    0.021298641,
    0.05756135,
    0.02142439,
    -0.013321475,
    0.013069979,
    0.013337194,
    -0.024489509,
    -0.033637706,
    -0.0006591969,
    -0.028089058,
    0.075763434,
    0.010727914,
