{
  "chunk_index": 278,
  "token_start": 125100,
  "token_end": 125600,
  "text": " thăm dò, khai thác tài nguyên nước, dầu khí hoặc khoáng sản khác từ 100.000.000\nđồng đến dưới 300.000.000 đồng hoặc khoáng sản trị giá từ 500.000.000 đồng đến dưới 700.000.000 đồng nhưng đã bị xử phạt vi\nphạm hành chính về một trong các hành vi quy định tại Điều này hoặc đã bị kết án về tội này, chưa được xóa án tích mà còn vi phạm,\nthì bị phạt tiền từ 1.500.000.000 đồng đến 3.000.000.000 đồng;\n\nb) Phạm tội thuộc trường hợp quy định tại khoản 2 Điều này, thì bị phạt tiền từ 3.000.000.000 đồng đến 7.000.000.000 đồng hoặc đình\nchỉ hoạt động có thời hạn từ 06 tháng đến 03 năm;\n\nc) Pháp nhân thương mại còn có thể bị phạt tiền từ 100.000.000 đồng đến 500.000.000 đồng, cấm kinh doanh, cấm hoạt động trong\nmột số lĩnh vực nhất định hoặc cấm huy động vốn từ 01 năm đến 03 năm.\n\nĐiều 228. Tội vi phạm các quy định về sử dụng đất đai\n\n1. Người nào lấn chiếm đất, chuyển quyền sử dụng đất hoặc sử dụng đất trái với các quy định của pháp luật về qu",
  "embedding": [
    -0.00014705317,
    0.08561688,
    -0.17111084,
    -0.11597922,
    -0.0009022463,
    0.06287586,
    0.088997304,
    0.05528527,
    0.014773983,
    0.009280796,
    -0.13706076,
    -0.081437446,
    0.004648081,
    -0.043484524,
    0.021803726,
    -0.00033756206,
    0.0364471,
    0.023939537,
    0.02358613,
    0.00074570964,
    -0.002477696,
    0.07148057,
    0.011562581,
    -0.005243496,
    -0.09754055,
    0.023878075,
    -0.020251803,
    0.01822355,
    0.015949447,
    -0.057590105,
    -0.10270338,
    0.05633013,
    0.012123424,
    0.010955642,
    -0.01006444,
    0.011424291,
    0.011516484,
    0.023186624,
    0.026367296,
    -0.03257498,
    -0.009288479,
    -0.014881541,
    0.054332606,
    0.014858493,
    0.025260976,
    -0.042716246,
    -0.01249988,
    0.019667912,
    -0.03948948,
    -0.05003025,
    0.027150938,
    0.008097649,
    0.011900623,
    0.009641887,
    0.10135121,
    -0.16066226,
    0.020973984,
    -0.012484515,
    0.026444122,
    0.037369035,
    -0.006868404,
    -0.0050206957,
    0.097110316,
    -0.00011944319,
    -0.026935821,
    -0.011670141,
    0.017132595,
    0.0014923797,
    0.008113014,
    -0.058973007,
    -0.092131875,
    0.0030001248,
    -0.023939537,
    -0.011923672,
    0.03924363,
    -0.0345725,
    -0.03306668,
    0.0047133844,
    0.06994402,
    0.0060156155,
    0.020804964,
    -0.01283024,
    0.0058389115,
    -0.1287019,
    -0.025153415,
    0.1208962,
    0.0078018615,
    0.003979679,
    0.021342758,
    0.047571763,
    0.004736433,
    0.080761366,
    0.036047596,
    0.028917978,
    -0.0015730489,
    -0.010517724,
    -0.008143745,
    0.023463205,
    -0.0076289987,
    0.00061654294,
    -0.022956142,
    -0.039397288,
    0.08500226,
    -0.009749445,
    0.005036061,
    -0.021465681,
    0.0018188978,
    -0.01056382,
    0.004578936,
    0.017716486,
    -0.019253042,
    -0.02137349,
    -0.024569524,
    -0.04689568,
    -0.013306572,
    0.016072372,
    -0.05132096,
    -0.0058389115,
    -0.012246349,
    -0.021772994,
    0.03208328,
    0.05722133,
    -0.008005455,
    0.040380683,
    0.030976962,
    -0.088997304,
    -0.007267908,
    -0.03398861,
    -0.04615813,
    -0.011708554,
    0.01103247,
    -0.02320199,
    -0.029716985,
    0.040964574,
    -0.090226546,
    -0.017209424,
    0.041271884,
    0.023954902,
    -0.0103256535,
    0.016748456,
    -0.03266717,
    -0.01531946,
    0.031560853,
    0.01559604,
    -0.020897157,
    -0.050798528,
    0.025122685,
    0.016272124,
    0.009726398,
    -0.018131357,
    -0.00067080255,
    -0.009833956,
    0.015903352,
    -0.0018765186,
    -0.032206208,
    -0.03119208,
    -0.058419846,
    0.039950445,
    0.030070394,
    0.040472876,
    0.028042141,
    0.048585888,
    -0.036969528,
    -0.026398025,
    0.02375515,
    0.025307072,
    -0.051228765,
    0.026213638,
    -0.016072372,
    -0.07270981,
    0.045389853,
    -0.00020563437,
    0.0106790615,
    0.023970269,
    -0.009203969,
    0.021419587,
    0.030608188,
    0.015088976,
    -0.0022760232,
    -0.021926649,
    -0.006484265,
    0.02323272,
    0.08758367,
    -0.019268408,
    -0.019760106,
    -0.020190341,
    -0.03232913,
    0.025537554,
    0.017747218,
    0.03334326,
    0.0110632,
    -0.023939537,
    0.0014040277,
    0.008143745,
    -0.016779188,
    0.021496413,
    0.0108404,
    -0.005093682,
    -0.01742454,
    -0.027719464,
    -0.005251179,
    0.049538553,
    0.038782664,
    0.010356385,
    -0.019007193,
    -0.026044618,
    0.025814135,
    0.035432972,
    0.02552219,
    -0.0054931864,
    -0.031284273,
    -0.031622317,
    -0.018623054,
    0.09305381,
    -0.0015845731,
    0.039919715,
    -0.011746968,
    -0.03426519,
    0.010379434,
    -0.044898156,
    0.0027081794,
    -0.03500274,
    0.03515639,
    0.016994305,
    -0.010072122,
    0.03343545,
    0.019360602,
    0.014328381,
    0.017439907,
    -0.0040603485,
    0.053441405,
    0.025814135,
    -0.034357384,
    0.016333586,
    -0.0026025411,
    0.052673128,
    0.104793094,
    -0.03312814,
    0.035494436,
    0.0035321573,
    0.024139289,
    -0.03893632,
    -0.0046672877,
    0.010586868,
    -0.010871131,
    -0.03077721,
    -0.010878814,
    0.03512566,
    -0.005293434,
    -0.011485754,
    -0.07018986,
    -0.010271874,
    0.008504836,
    -0.05132096,
    -0.08838268,
    0.02347857,
    0.029594062,
    0.022172498,
    -0.016948208,
    -0.016656263,
    0.019544987,
    -0.058173995,
    0.011547215,
    -0.01645651,
    0.025491457,
    0.047141526,
    0.083957404,
    0.028610665,
    0.010656013,
    -0.007413881,
    -0.00035796946,
    -0.010556137,
    0.008274352,
    0.022879314,
    0.0862315,
    0.03392715,
    0.0015605644,
    0.00348414,
    -0.0029732352,
    -0.009242382,
    -0.05104438,
    0.0020167292,
    0.06656359,
    -0.01006444,
    0.009672618,
    -0.04634252,
    0.09237772,
    0.013137551,
    -0.0071795564,
    -0.009864687,
    -0.0061231744,
    0.07430783,
    0.015357873,
    -0.016471876,
    -0.09231626,
    -0.012254031,
    0.007867165,
    -0.014305333,
    0.02610608,
    0.0059579946,
    0.0028944868,
    -0.0014616486,
    0.022863949,
    -0.08555542,
    0.01559604,
    0.0136983935,
    -0.0042408938,
    0.019621816,
    -0.10964861,
    -0.040472876,
    -0.054916497,
    0.029609427,
    -0.011462705,
    -0.012960847,
    -0.06428949,
    0.014336064,
    0.023340281,
    0.026259735,
    -0.015004466,
    -0.10362531,
    0.036969528,
    0.06075541,
    0.021035448,
    0.028856516,
    -0.0030596664,
    -0.017762583,
    0.039643135,
    0.033158872,
    -0.05528527,
    0.03478762,
    0.029962836,
    0.018976463,
    0.07363175,
    0.050982915,
    -0.044037685,
    -0.020927887,
    -0.013867415,
    0.005489345,
    0.014251553,
    0.014497402,
    0.02983991,
    -0.02109691,
    -0.01750137,
    -0.15709744,
    0.06975963,
    0.03589394,
    0.024538795,
    0.02251054,
    -0.020758867,
    0.01777795,
    0.03263644,
    0.016272124,
    0.067608446,
    0.069145,
    0.045789357,
    -0.012891701,
    0.020374728,
    -0.013713759,
    0.03589394,
    -0.07307859,
    0.0048939297,
    -0.013998022,
    -0.0020244122,
    0.01471252,
    -0.05820473,
    0.015964814,
    -0.0099568805,
    0.04588155,
    0.057528645,
    -0.021050813,
    -0.007525281,
    -0.08088429,
    -0.008781415,
    -0.04499035,
    0.052335083,
    -0.06877623,
    0.024446601,
    0.035432972,
    -0.03174524,
    -0.0040949206,
    -0.028026775,
    0.06367487,
    0.016594801,
    0.04360745,
    -0.016410414,
    -0.03143793,
    0.008097649,
    0.025061222,
    0.14394453,
    0.04615813,
    0.011140028,
    -0.041640658,
    -0.02499976,
    0.027688732,
    0.008527884,
    0.025844866,
    -0.01919158,
    0.06306025,
    -0.003174908,
    -0.050214637,
    0.006991328,
