{
  "chunk_index": 640,
  "token_start": 288000,
  "token_end": 288500,
  "text": "8.\n\n100 Điều này được sửa đổi, bổ sung theo quy định tại khoản 35 Điều 1 của Luật số 12/2017/QH14 sửa đổi, bổ sung một số điều của Bộ\nluật Hình sự số 100/2015/QH13, có hiệu lực kể từ ngày 01 tháng 01 năm 2018.\n\n101 Dấu “,” được bãi bỏ theo quy định tại điểm d khoản 3 Điều 2 của Luật số 12/2017/QH14 sửa đổi, bổ sung một số điều của Bộ luật\nHình sự số 100/2015/QH13, có hiệu lực kể từ ngày 01 tháng 01 năm 2018.\n\n102 Cụm từ “hoặc dưới 10.000.000 đồng nhưng tài sản là” được bổ sung theo quy định tại điểm d khoản 1 Điều 2 của Luật số\n12/2017/QH14 sửa đổi, bổ sung một số điều của Bộ luật Hình sự số 100/2015/QH13, có hiệu lực kể từ ngày 01 tháng 01 năm 2018.\n\n103 Cụm từ “hoặc vật có giá trị lịch sử, văn hóa” được bãi bỏ theo quy định tại điểm b khoản 3 Điều 2 của Luật số 12/2017/QH14 sửa\nđổi, bổ sung một số điều của Bộ luật Hình sự số 100/2015/QH13, có hiệu lực kể từ ngày 01 tháng 01 năm 2018.\n\n104 Cụm từ “dưới 500.000.000 đồng nhưng” được bổ sung theo quy định tại điểm d khoản 1 Đi",
  "embedding": [
    -0.00022586338,
    -0.05659213,
    -0.041467287,
    -0.040521983,
    -0.00011133157,
    -0.023742856,
    0.024026448,
    -0.10247083,
    0.016322229,
    0.09717713,
    -0.15439947,
    -0.044933397,
    -0.0021052682,
    -0.058640286,
    -0.10990721,
    -0.20695831,
    0.012233795,
    -0.0030407242,
    0.037875134,
    0.0052385535,
    -0.00064152584,
    0.053913772,
    0.074867986,
    -0.019725319,
    -0.053724714,
    -0.0042617405,
    -0.019646544,
    0.01991438,
    0.07984658,
    -0.004927391,
    -0.027382273,
    -0.022450943,
    0.06566704,
    -0.038851947,
    -0.0017281318,
    0.009697231,
    0.06459569,
    -0.011414532,
    0.009019765,
    0.017330552,
    -0.00033159452,
    -0.00097484357,
    -0.041845407,
    0.00855499,
    0.022892084,
    0.008531358,
    0.0028713574,
    0.04622531,
    -0.042034466,
    0.0015932291,
    0.020623358,
    0.034818657,
    -0.05325206,
    -0.034818657,
    -0.035196777,
    -0.17645653,
    0.039135538,
    0.018590957,
    0.03261295,
    0.00015004221,
    -0.01606227,
    0.0210645,
    -0.025113545,
    -0.051046353,
    -0.01641676,
    -0.037938155,
    0.05882935,
    -0.057064783,
    0.009295478,
    -0.0029914896,
    -0.111671776,
    0.0069558537,
    -0.030044876,
    -0.057663474,
    0.07341852,
    -0.02471967,
    -0.041026145,
    0.0008291094,
    0.094026126,
    -0.012265304,
    0.019504748,
    -0.09931982,
    -0.00222737,
    -0.05725384,
    0.017236022,
    0.0013982605,
    0.026956886,
    0.01259616,
    -0.033967882,
    -0.027917944,
    0.035511877,
    0.030974424,
    0.05709629,
    0.038127214,
    -0.0045216987,
    0.0035823039,
    -0.031714913,
    -0.018275855,
    0.011524817,
    -0.0129506495,
    0.004399597,
    -0.048683096,
    -0.0044035357,
    -0.011698123,
    0.030722342,
    -0.0427592,
    -0.013785667,
    -0.0042735566,
    0.034976207,
    0.033810332,
    0.013754156,
    0.0024873281,
    -0.009397886,
    -0.054764546,
    -0.0047422694,
    -0.0115642045,
    0.13877046,
    0.0067274054,
    -0.014195298,
    0.0033420394,
    0.008405318,
    0.051771086,
    0.04877763,
    0.022829063,
    0.040585004,
    -0.091883436,
    -0.027508313,
    0.016337985,
    -0.111356676,
    0.025082035,
    0.0033597639,
    0.0005149931,
    0.055772867,
    -0.011792653,
    -0.05277941,
    -0.001349026,
    -0.00543943,
    -0.005017983,
    -0.027161703,
    -0.0013569035,
    -0.011477552,
    -0.019110873,
    0.024278529,
    -0.012147142,
    -0.057474412,
    -0.034881674,
    0.027177457,
    0.015400559,
    0.02163168,
    0.0027256233,
    0.028973533,
    -0.022293393,
    -0.034850165,
    0.0165428,
    -0.025302606,
    -0.07946846,
    0.004415352,
    -0.023081144,
    -0.020717887,
    0.026200645,
    -0.04023839,
    -0.0042105364,
    -0.02971402,
    0.039608188,
    0.010902493,
    0.038568355,
    -0.072410196,
    0.0134233,
    -0.05296847,
    -0.07285134,
    0.03648869,
    -0.004797412,
    -0.021001479,
    0.0056481846,
    -0.01415591,
    -0.00063167897,
    0.01431346,
    -0.038536847,
    -0.00062626315,
    -0.04953387,
    -0.034850165,
    0.0019634727,
    0.048557058,
    0.0018650037,
    -0.026799336,
    0.020260992,
    -0.008996132,
    0.022750288,
    0.027114436,
    0.020513073,
    -0.062516026,
    -0.08992981,
    -0.0023219,
    0.022939349,
    -0.051298436,
    -0.006254754,
    -0.022324903,
    0.029603735,
    0.044019602,
    -0.00540792,
    -0.02338049,
    0.030407242,
    0.07222114,
    -0.005557593,
    -0.023664081,
    -0.031242259,
    -0.009059153,
    0.0045886575,
    0.027035661,
    -0.019032098,
    0.011824164,
    -0.061098073,
    -0.041908428,
    -0.008641643,
    -0.017267533,
    0.059018407,
    -0.031951237,
    -0.027728884,
    0.017992264,
    -0.021931026,
    -0.002103299,
    -0.019930135,
    -0.06286264,
    0.041719366,
    -0.048809137,
    0.030139405,
    0.0030486018,
    0.014053502,
    0.00909854,
    0.014699459,
    0.093269885,
    -0.0007527959,
    -0.06371341,
    -0.009224581,
    -0.0131948525,
    0.013588728,
    0.03686681,
    0.03658322,
    -0.023317471,
    0.063997,
    0.009586946,
    -0.019520504,
    0.02506628,
    -0.00095318037,
    -0.006652569,
    -0.012667058,
    0.0069085886,
    0.00017293627,
    0.01785047,
    -0.010225026,
    -0.071969055,
    0.0096184565,
    0.008688909,
    -0.01078433,
    -0.04332638,
    -0.008499848,
    0.0060499385,
    -0.03292805,
    0.0127064455,
    0.029383164,
    0.020891193,
    -0.10650412,
    -0.024199754,
    -0.009933557,
    0.058388207,
    0.022340657,
    0.044586785,
    0.014612807,
    0.0036256304,
    -0.01985136,
    0.010169883,
    -0.062169418,
    0.03617359,
    0.019425973,
    0.15767652,
    -0.0020146768,
    0.002003845,
    -0.0028260616,
    0.038190234,
    -0.016779125,
    -0.027319252,
    -0.06352435,
    -0.019079363,
    -0.008054768,
    0.032802008,
    -0.010902493,
    0.031005934,
    0.010611025,
    -0.007905095,
    -0.022718778,
    0.010949758,
    -0.07556121,
    0.044618294,
    0.011918694,
    -0.054575484,
    0.044964906,
    0.020481562,
    -0.02160017,
    0.0061996114,
    -0.014998806,
    0.037843626,
    0.034913186,
    -0.020875437,
    0.06780972,
    -0.008964622,
    7.45903e-05,
    0.0033420394,
    0.0052700634,
    -0.035732448,
    -0.00015164234,
    -0.007842075,
    0.011493308,
    0.0062114275,
    -0.06497382,
    -0.051676556,
    0.02500326,
    0.012367712,
    0.074111745,
    0.009602701,
    -0.005010105,
    0.06298868,
    0.15528175,
    -0.08822826,
    0.014565541,
    -0.012556773,
    0.048210446,
    0.005293696,
    0.02182074,
    0.0097838845,
    0.09137928,
    0.027602844,
    0.023664081,
    -0.010934003,
    -0.048084404,
    0.0073733623,
    -0.034503553,
    -0.0316834,
    0.09131625,
    -0.034314495,
    -0.0061877947,
    -0.041624837,
    -0.00925609,
    0.0049510235,
    -0.062831126,
    -0.004750147,
    0.036205098,
    0.10618902,
    -0.042381078,
    0.0050337375,
    0.041656345,
    0.10663016,
    -0.0027275926,
    -0.044933397,
    0.04925028,
    0.0009285631,
    0.023427757,
    0.005817551,
    0.0127064455,
    0.078271076,
    -0.0923876,
    0.032360867,
    -0.068061806,
    -0.025649218,
    0.03585849,
    -0.0066722627,
    -0.01835463,
    0.0031963054,
    0.06629724,
    0.052747898,
    -0.07808202,
    -0.038379297,
    -0.03951366,
    0.029887326,
    -0.03592151,
    -0.011461797,
    0.041026145,
    0.017440837,
    0.07682161,
    -0.0019575646,
    0.0013411484,
    0.0005844138,
    0.08633766,
    -0.037560035,
    0.118604,
    -0.0007163623,
    0.012651303,
    -0.06982637,
    -0.04011235,
    0.047485713,
    0.011776898,
    0.035574898,
    -0.031919725,
    -0.004435046,
    -0.04294826,
    0.0024361243,
