{
  "chunk_index": 44,
  "token_start": 19800,
  "token_end": 20300,
  "text": " này nhưng điều luật chỉ có một khung hình phạt\nhoặc khung hình phạt đó là khung hình phạt nhẹ nhất, thì Tòa án có thể quyết định hình phạt dưới mức thấp nhất của khung hình phạt\nhoặc chuyển sang một hình phạt khác thuộc loại nhẹ hơn. Lý do của việc giảm nhẹ phải được ghi rõ trong bản án.\n\nĐiều 55. Quyết định hình phạt trong trường hợp phạm nhiều tội\n\nKhi xét xử cùng 01 lần một người phạm nhiều tội, Tòa án quyết định hình phạt đối với từng tội và tổng hợp hình phạt theo quy định sau\nđây:\n\n1. Đối với hình phạt chính:\n\na) Nếu các hình phạt đã tuyên cùng là cải tạo không giam giữ hoặc cùng là tù có thời hạn, thì các hình phạt đó được cộng lại thành hình\nphạt chung; hình phạt chung không được vượt quá 03 năm đối với hình phạt cải tạo không giam giữ, 30 năm đối với hình phạt tù có thời\nhạn;\n\n                                                                                                                      ển đổi thành\nb) Nếu các hình phạt đã tuyên là cải tạo không giam giữ, tù có thời hạn, thì hình phạt cải tạo không giam giữ được chuy\nhình phạt tù theo tỷ lệ cứ 03 ngày cải tạo không giam giữ được chuyển đổi thành 01 ngày tù để tổng",
  "embedding": [
    -0.00017954229,
    -0.051059257,
    0.06850107,
    -0.010738905,
    0.00041546975,
    0.017932467,
    0.04406354,
    -0.0778076,
    0.03035699,
    0.042860653,
    -0.07483204,
    -0.10819624,
    0.006627732,
    -0.054319706,
    -0.07907379,
    -0.08768391,
    0.06850107,
    0.09186234,
    0.060745638,
    0.0008368748,
    -0.010881351,
    0.03342751,
    0.1105387,
    -0.03212966,
    -0.071413316,
    0.06527228,
    -0.03747933,
    -0.049286585,
    0.00043030796,
    0.04827363,
    -0.06444925,
    -0.04153115,
    -0.047925428,
    -0.025862005,
    -0.0069917627,
    -0.046089448,
    0.018502254,
    0.0044039795,
    0.057675116,
    -0.1314309,
    -0.11319771,
    -0.047260676,
    0.02600445,
    -0.006057945,
    0.06685502,
    0.03292103,
    -0.0066712573,
    0.091229245,
    -0.06482911,
    -0.0072450014,
    0.007055072,
    0.021113778,
    0.059637718,
    0.008887096,
    0.06698164,
    -0.1301647,
    0.079896815,
    -0.001439306,
    0.034250535,
    -0.027903741,
    0.0011583692,
    -0.016602963,
    0.081542864,
    0.02687496,
    -0.012210854,
    -0.00553564,
    0.048970036,
    -0.035010252,
    0.0274764,
    0.0108655235,
    -0.115096994,
    0.047735497,
    -0.012828124,
    0.006382407,
    0.10674012,
    -0.025070634,
    -0.021367017,
    -0.012630281,
    0.03798581,
    0.034123916,
    0.10363794,
    0.03605486,
    -0.017014476,
    0.075655065,
    0.027318126,
    0.07888386,
    -0.060872257,
    0.0052190917,
    0.010390701,
    0.010374874,
    0.03918869,
    0.049349893,
    0.029787203,
    -0.0044633322,
    0.020069169,
    -0.0052863583,
    0.0130259665,
    -0.029344035,
    -0.03551673,
    0.02318717,
    0.008530979,
    -0.027555538,
    -0.017283542,
    0.030230371,
    0.017410161,
    0.0036680044,
    -0.03795415,
    0.02361451,
    -0.0073478795,
    0.010723077,
    0.01723606,
    0.037764225,
    -0.035896588,
    -0.026906613,
    -0.01015329,
    0.0080601135,
    0.061315425,
    -0.062961474,
    -0.022649037,
    0.06894424,
    -0.03219297,
    0.012392869,
    -0.043778643,
    -0.06495573,
    -0.0051399544,
    -0.059226204,
    -0.0068532727,
    0.001689577,
    -0.074009016,
    0.031116707,
    -0.056598853,
    -0.039093725,
    0.011522362,
    0.0010238362,
    0.06951403,
    -0.05669382,
    0.02233249,
    -0.0107547315,
    0.00953602,
    0.058783036,
    -0.03747933,
    -0.02576704,
    0.008697167,
    0.12864527,
    -0.00089326,
    0.00827774,
    0.010208686,
    -0.01484612,
    0.011791428,
    0.013152585,
    0.017758366,
    -0.014838206,
    -0.039726824,
    -0.0058601024,
    -0.029549792,
    -0.042480793,
    -0.03643472,
    0.059542753,
    -0.01085761,
    0.027333954,
    0.019784275,
    0.05666216,
    -0.052642,
    0.003800559,
    0.016634619,
    0.0059867217,
    -0.033712406,
    0.06850107,
    -0.041436184,
    0.016903684,
    0.018264843,
    -0.011981357,
    -0.01478281,
    0.0033059523,
    -0.027571365,
    -0.003883653,
    0.021272052,
    -0.10889265,
    -0.029977133,
    -0.076224856,
    0.0149094295,
    0.058339868,
    0.048368596,
    -0.013255464,
    0.004985637,
    -0.00039172865,
    -0.028014533,
    -0.029407347,
    0.04153115,
    0.024690775,
    -0.053654954,
    0.030958433,
    -0.009132422,
    -0.006358666,
    -0.015281374,
    0.038682215,
    0.020211615,
    0.02630517,
    0.038935453,
    0.010992143,
    0.048970036,
    -0.03151239,
    -0.034567084,
    -0.021145433,
    0.008950406,
    0.004890673,
    0.024326744,
    -0.012954743,
    0.0041823955,
    -0.03151239,
    -0.007553636,
    0.0017934445,
    -0.020211615,
    -0.03421888,
    -0.003248578,
    0.03494694,
    -0.04080309,
    -0.018866284,
    0.010319478,
    0.006172694,
    -0.013484961,
    -0.01638138,
    0.031195844,
    -0.020274924,
    -0.053623296,
    -0.042100936,
    -0.014885688,
    0.029090798,
    -0.0062043485,
    -0.043177202,
    0.09895303,
    -0.0092590405,
    -0.031797286,
    -0.0043208855,
    0,
    0.01555044,
    0.059637718,
    0.0016391271,
    0.051977247,
    -0.0052744877,
    0.055997413,
    0.013754028,
    0.018233187,
    0.020733919,
    0.0103669595,
    -0.046216067,
    0.012020925,
    -0.0038717825,
    -0.0040755607,
    0.0052309623,
    -0.08261913,
    -0.023931058,
    -0.009575589,
    -0.012092149,
    -0.035611693,
    -0.0017439838,
    0.013785683,
    -0.004049841,
    -0.035738315,
    -0.014031008,
    0.053148475,
    -0.0056662164,
    0.0056662164,
    -0.021857666,
    0.026321,
    0.011261209,
    0.07470542,
    -0.05213552,
    -0.0333642,
    -0.039283656,
    0.0496981,
    0.007822703,
    -0.0041349134,
    0.030388646,
    0.118072554,
    0.015732456,
    0.006216219,
    -0.0011514447,
    -0.016571308,
    0.03871387,
    -0.0412146,
    0.042734034,
    -0.010240341,
    0.016982822,
    0.03447212,
    0.03766926,
    -0.026241861,
    0.007533852,
    -0.053813227,
    0.017964121,
    0.03649803,
    -0.07318599,
    0.030024616,
    0.012345388,
    -0.087810524,
    -0.082935676,
    -0.00016136549,
    -0.019341107,
    -0.058909655,
    -0.009852569,
    -0.068184525,
    -0.05134415,
    -0.019958377,
    0.0630881,
    -0.08584792,
    0.05814994,
    -0.002346415,
    0.042290866,
    0.014766983,
    0.054383013,
    0.014213023,
    0.003972682,
    0.026083589,
    0.02803036,
    0.045836207,
    0.0049975077,
    0.10357463,
    -0.028046187,
    -0.09540769,
    0.0018765385,
    0.038049117,
    -0.07761767,
    0.01576411,
    -0.02704906,
    -0.08660764,
    0.01723606,
    0.018945422,
    0.06647516,
    -0.05172401,
    0.085974544,
    -0.052388757,
    0.018074913,
    0.10161203,
    0.035611693,
    -0.076034926,
    -0.043082237,
    -0.046152756,
    0.02306055,
    -0.034313846,
    0.03969517,
    -0.05625065,
    -0.026938269,
    0.025118114,
    0.017410161,
    0.024342572,
    -0.028410219,
    0.07033705,
    -0.019831756,
    0.038112428,
    0.07116008,
    0.020401545,
    0.0013878669,
    0.124783374,
    0.025007322,
    0.01625476,
    0.046532612,
    0.029359864,
    0.017394334,
    0.025561282,
    -0.0037550554,
    -0.01030365,
    -0.04073978,
    -0.016112313,
    -0.0048036217,
    0.005559381,
    -0.059764337,
    0.005021249,
    0.055206038,
    0.013318773,
    -0.05840318,
    -0.0070471587,
    0.013358342,
    0.03282607,
    -0.07533852,
    0.063942775,
    -0.00783853,
    0.017631745,
    -0.024516674,
    -0.01883463,
    0.016951166,
    -0.012630281,
    0.10040915,
    -0.030705195,
    -0.02287062,
    -0.035105217,
    -6.967774e-05,
    -0.030895123,
    0.05153408,
    -0.0451398,
    -0.03846063,
