{
  "chunk_index": 421,
  "token_start": 189450,
  "token_end": 189950,
  "text": " cải tạo không giam giữ đến 03 năm hoặc phạt tù từ 06 tháng đến 03 năm:\n\na) Làm chết người;\n\nb) Gây thương tích hoặc gây tổn hại cho sức khỏe của 01 người mà tỷ lệ tổn thương cơ thể 61% trở lên;\n\nc) Gây thương tích hoặc gây tổn hại cho sức khỏe của 02 người trở lên mà tổng tỷ lệ tổn thương cơ thể của những người này từ 61%\nđến 121%;\n\nd) Gây thiệt hại về tài sản từ 100.000.000 đồng đến dưới 500.000.000 đồng.\n\n2. Phạm tội thuộc một trong các trường hợp sau đây, thì bị phạt tù từ 03 năm đến 10 năm:\n\na) Làm chết 02 người;\n\nb) Gây thương tích hoặc gây tổn hại cho sức khỏe của 02 người trở lên mà tổng tỷ lệ tổn thương cơ thể của những người nàyừt 122%\nđến 200%;\n\nc) Gây thiệt hại về tài sản từ 500.000.000 đồng đến dưới 1.500.000.000 đồng.\n\n3. Phạm tội thuộc một trong các trường hợp sau đây, thì bị phạt tù từ 07 năm đến 15 năm:\n\na) Làm chết 03 người trở lên;\n\nb) Gây thương tích hoặc gây tổn hại cho sức khỏe của 03 người trở lên mà tổng tỷ lệ tổn thương cơ thể của nhữ",
  "embedding": [
    0.00016472589,
    -0.025320379,
    -0.04029082,
    -0.15179907,
    0.0018664924,
    0.030033296,
    -0.03600915,
    0.042847503,
    0.045773827,
    0.060189806,
    -0.095613696,
    -0.08415484,
    0.00664968,
    -0.008278409,
    -0.091609254,
    -0.18654528,
    0.07756291,
    -0.02122353,
    0.05328985,
    0.0057371296,
    -0.027984872,
    0.09050033,
    0.037241288,
    -0.096969046,
    -0.008963784,
    0.034284163,
    -0.016248783,
    -0.0737433,
    0.11304841,
    0.043679196,
    -0.032990422,
    -0.0052057714,
    0.024750518,
    -0.018959481,
    0.004655161,
    -0.004042944,
    0.05523046,
    0.0109352,
    0.034561396,
    -0.108551115,
    -0.032405157,
    0.13344024,
    -0.0049439427,
    -0.008162896,
    -0.0073812604,
    -0.08415484,
    -0.022193836,
    0.04802247,
    -0.06040543,
    -0.012552378,
    0.0026413898,
    0.026706532,
    0.037857357,
    -0.0066650817,
    -0.0015661594,
    -0.1102761,
    0.048515327,
    -0.0045935544,
    0.013876923,
    0.06499513,
    -0.007870264,
    -0.048084076,
    0.032836404,
    -0.06351657,
    -0.019267514,
    -0.030295126,
    0.008332315,
    -0.03051075,
    0.027800051,
    -0.05658581,
    -0.06499513,
    -0.06678173,
    -0.06028222,
    0.020884693,
    0.06431746,
    -0.0076469393,
    -0.028354513,
    0.037241288,
    0.031034406,
    0.032898013,
    0.012244344,
    -0.0034249509,
    0.007623837,
    0.007962674,
    0.01557881,
    0.040845282,
    -0.00066660444,
    0.02695296,
    -0.05513805,
    -0.008286109,
    0.030710971,
    -0.038843066,
    0.038565833,
    -0.06986207,
    0.010357637,
    0.0382578,
    0.0022024417,
    -0.012914318,
    -0.013545787,
    -0.014285068,
    -0.0017596432,
    -0.01977577,
    0.052057713,
    0.012798805,
    0.04873095,
    0.004635909,
    -0.00673824,
    0.02159317,
    0.050733168,
    -0.0061529754,
    -0.012667891,
    0.003534688,
    -0.069985285,
    -0.04537338,
    -0.010226723,
    0.028677948,
    0.012321353,
    -0.10171276,
    -0.023379767,
    -0.0017586806,
    -0.029324818,
    0.05255057,
    0.018636046,
    -0.043617588,
    0.05547689,
    -0.05828,
    0.0021697131,
    -0.00446264,
    -0.050486743,
    0.017496321,
    -0.060651857,
    -0.043032322,
    -0.009910988,
    0.028739555,
    -0.010219022,
    -0.024581099,
    0.018081585,
    0.00017338934,
    -0.0023372066,
    0.05609296,
    -0.01994519,
    0.01112002,
    0.024473287,
    0.038565833,
    -0.047159977,
    0.013653599,
    0.019436933,
    -0.010257526,
    0.005868044,
    -0.0105116535,
    0.048792556,
    -0.015986955,
    -0.020807683,
    0.024088245,
    -0.038966276,
    -0.0106348675,
    0.008509434,
    0.04928541,
    0.0018164369,
    -0.016325792,
    -0.015093657,
    0.02049965,
    -0.031019006,
    -0.027137779,
    -0.0019887432,
    0.026460104,
    -0.06505674,
    0.026044259,
    -0.020176215,
    0.061883993,
    0.021054111,
    0.03169668,
    -0.020838488,
    0.024211457,
    -0.0037041067,
    -0.028169692,
    -0.064440675,
    -0.08735839,
    -0.017557926,
    -0.06151435,
    -0.0022351705,
    0.024765918,
    0.11514304,
    -0.03807298,
    -0.040876087,
    -0.017958371,
    -0.0013871148,
    0.011944011,
    0.063085325,
    0.035054248,
    -0.0036598267,
    -0.016325792,
    -0.021901203,
    0.012737198,
    -0.027676838,
    -0.045219366,
    -0.025474396,
    0.025043149,
    0.111385025,
    -0.03106521,
    0.037333697,
    -0.04272429,
    0.024380876,
    0.013099138,
    -0.020376436,
    -0.02150076,
    0.026845146,
    0.030757176,
    0.05119522,
    -0.0054329466,
    -0.0067844447,
    -0.08267628,
    -0.026352292,
    -0.02348758,
    -0.0065803723,
    0.065611206,
    -0.013345565,
    -0.01011121,
    -0.016818646,
    0.0055792625,
    -0.015440195,
    -0.032928813,
    -0.018897874,
    0.035023443,
    4.0218867e-05,
    0.00084131735,
    -0.031034406,
    0.018281806,
    0.0038022923,
    0.007978076,
    0.11181627,
    -0.0015555708,
    -0.04448008,
    -0.027199386,
    0.01083509,
    0.0065149153,
    0.044849724,
    -0.0072734486,
    0.0009337275,
    0.030264322,
    0.112432346,
    -0.006522616,
    0.0043509775,
    -0.02485833,
    0.021531563,
    -0.05757152,
    0.013399471,
    -0.067397796,
    0.000562643,
    -0.009071596,
    -0.034499787,
    -0.019960592,
    0.04756042,
    -0.011235533,
    -0.06758262,
    -0.0022640484,
    0.010272928,
    -0.049408622,
    -0.016433604,
    0.011766892,
    0.043956425,
    -0.12764922,
    -0.00010053213,
    -0.02413445,
    0.0118439,
    0.0019685286,
    0.05255057,
    -0.010442346,
    -0.008524836,
    -0.040229216,
    0.06955404,
    -0.0046051056,
    0.04626668,
    0.008386221,
    0.07959594,
    -0.018574439,
    -0.0006444645,
    0.014261966,
    -0.008663451,
    0.008956083,
    -0.05301262,
    -0.010896696,
    0.063208535,
    -0.0107580805,
    -0.019483138,
    0.021192726,
    0.012198139,
    0.022748297,
    -0.023610791,
    0.033452474,
    -0.003396073,
    0.03844262,
    -0.0114973625,
    -0.014100248,
    -0.027122376,
    0.05812598,
    -0.025258772,
    0.05430636,
    0.005690925,
    0.026367694,
    -0.007023171,
    -0.05877285,
    -0.04537338,
    0.038226996,
    -0.025181765,
    0.01868225,
    -0.018697653,
    -0.023364365,
    -0.085941434,
    0.009217912,
    0.027199386,
    0.020376436,
    0.018713053,
    0.009502843,
    -0.05174968,
    -0.004955494,
    0.07799416,
    0.041430548,
    -0.015132161,
    -0.047899257,
    0.007978076,
    0.05483002,
    -0.08785124,
    -0.007150235,
    -0.04454169,
    0.02029943,
    0.06930761,
    0.0046975156,
    -0.07084778,
    0.09228693,
    -0.0036001452,
    -0.01977577,
    0.039828774,
    0.018173994,
    -0.015178367,
    -0.043617588,
    -0.018913276,
    0.012121131,
    -0.031527262,
    -0.0032632332,
    -0.021546965,
    -0.07257277,
    0.024042038,
    0.020900095,
    0.06548799,
    -0.008401622,
    0.060436234,
    0.02305633,
    -0.0043201745,
    0.011967113,
    0.015632717,
    -0.001584449,
    0.09770832,
    0.015879143,
    -0.017773552,
    0.023811014,
    -0.009710766,
    0.036286384,
    0.08612625,
    -0.0043740803,
    0.024211457,
    -0.014184957,
    0.022163033,
    0.0013563114,
    -0.01192861,
    0.005159566,
    -0.010411543,
    0.015447896,
    -0.08193699,
    -0.047252387,
    -0.011882405,
    -0.0035924444,
    -0.0031477206,
    -0.073188834,
    0.1412027,
    -0.019637156,
    0.018805465,
    0.029740665,
    -0.04392562,
    0.021808794,
    -0.019298319,
    0.07325044,
    -0.004616657,
    0.09222532,
    0.0016980364,
    -0.0002902256,
    -0.037764944,
    -0.015879143,
    -0.009402732,
    0.02595185,
    0.0047321697,
    -0.04401803,
    -0.04666712,
    -0.016618425,
    0.040691268,
    -0.013445676,
