{
  "chunk_index": 581,
  "token_start": 261450,
  "token_end": 261950,
  "text": " đến 03 năm:\n\na) Có tổ chức;\n\nb) Dẫn đến việc giải quyết vụ án, vụ việc bị sai lệch.\n\n3. Phạm tội thuộc một trong các trường hợp sau đây, thì bị phạt tù từ 03 năm đến 07 năm:\n\na) Phạm tội 02 lần trở lên;\n\nb) Dẫn đến việc kết án oan người vô tội hoặc bỏ lọt tội phạm hoặc người phạm tội395.\n\n4. Người phạm tội còn có thể bị cấm đảm nhiệm chức vụ, cấm hành nghề hoặc làm công việc nhất định từ 01 năm đến 05 năm.\n\nĐiều 383. Tội từ chối khai báo, từ chối kết luận giám định, định giá tài sản hoặc từ chối cung cấp tài liệu\n\n1. Người làm chứng nếu không thuộc trường hợp quy định tại khoản 2 Điều 19 của Bộ luật này, người giám định, người định giá tài sản,\nngười dịch thuật từ chối khai báo, trốn tránh việc kết luận giám định, định giá tài sản396 hoặc từ chối cung cấp tài liệu mà không có lý\ndo chính đáng, thì bị phạt cảnh cáo, phạt cải tạo không giam giữ đến 01 năm hoặc phạt tù từ 03 tháng đến 01 năm.\n\n2. Người phạm tội còn có thể bị cấm đảm nhiệm ch",
  "embedding": [
    -0.0003454959,
    0.040277187,
    -0.08130605,
    -0.11419178,
    -0.0008705909,
    0.023505466,
    0.04488119,
    -0.07071998,
    0.021986458,
    0.10773991,
    -0.11074661,
    0.030458448,
    -0.00096112455,
    -0.014728108,
    -0.11907766,
    -0.14782917,
    0.11707319,
    0.112437874,
    0.09333283,
    0.0026504332,
    -0.0016863723,
    0.06151197,
    0.12891206,
    -0.0015836044,
    -0.036957294,
    0.17075524,
    -0.043158606,
    0.030521087,
    0.08525234,
    -0.020295193,
    -0.074415706,
    -0.024632977,
    0.008714718,
    0.0218925,
    -0.0031163143,
    0.026261603,
    -0.0052499715,
    -0.003030185,
    -0.008526799,
    -0.0064401217,
    -0.015558082,
    0.028172107,
    0.05603102,
    0.014414911,
    0.038460642,
    -0.017570375,
    0.00020908374,
    0.010429474,
    -0.055310663,
    0.012418278,
    0.027263835,
    0.04484987,
    0.0014456018,
    -0.0007521632,
    0.14206634,
    -0.16361433,
    0.008871317,
    -0.012958543,
    0.015526762,
    0.04942255,
    0.017852252,
    0.046885654,
    0.025024474,
    -0.043910276,
    -0.020858947,
    -0.017210199,
    0.0051520974,
    -0.06927927,
    0.016615123,
    -0.06483187,
    -0.0893239,
    -0.04112282,
    -0.020420471,
    0.05825472,
    0.05681401,
    -0.009740439,
    -0.02048311,
    0.017679995,
    0.102415554,
    0.03131974,
    0.00089701696,
    0.02187684,
    -0.023709044,
    -0.06182517,
    0.01341268,
    -0.011611794,
    -0.02908038,
    0.009630821,
    -0.010781821,
    0.023521125,
    0.04851428,
    0.1015386,
    0.025807466,
    -0.01796187,
    0.0072974996,
    0.0029225233,
    -0.0024938344,
    -0.0017304157,
    0.014618489,
    -0.004744941,
    -0.019136362,
    -0.0060173054,
    0.09214268,
    0.031131823,
    0.03269781,
    -0.00055494666,
    -0.014336612,
    0.019089382,
    -0.013271741,
    -0.012715815,
    -0.015276204,
    0.010523433,
    -0.027216855,
    -0.009990998,
    0.02540031,
    0.054903507,
    -0.004408254,
    0.048013166,
    -0.02054575,
    0.04826372,
    -0.012191209,
    0.046760373,
    -0.034984153,
    0.0050542234,
    0.017617354,
    -0.059945986,
    -0.024382418,
    0.02046745,
    -0.10279139,
    0.031382382,
    0.019606158,
    -0.058975074,
    -0.03423248,
    -0.0020299107,
    -0.08813375,
    0.036832016,
    0.021093845,
    0.036894657,
    -0.034420397,
    0.050048947,
    -0.041999772,
    -0.0025995385,
    0.031492,
    0.0054770396,
    -0.051489655,
    -0.06433075,
    0.0168187,
    -0.00084563304,
    -0.009270644,
    0.024930514,
    0.036738057,
    -0.01805583,
    -0.00966997,
    -0.026386883,
    -0.019230321,
    0.0016423289,
    -0.027530054,
    0.08149397,
    -6.242538e-05,
    0.016662102,
    0.017100578,
    0.031100504,
    -0.08481386,
    0.010468624,
    0.013796346,
    0.028438326,
    0.046447176,
    0.043972917,
    -0.036581457,
    -0.01691266,
    0.010656542,
    0.025071453,
    -0.0066162953,
    0.004016757,
    -0.0023196184,
    -0.010672202,
    0.003155464,
    -0.06902871,
    -0.031084843,
    0.0009552521,
    0.021281764,
    0.051113818,
    0.06796384,
    -0.011846692,
    0.005426145,
    -0.0011598092,
    -0.03501547,
    -0.009176685,
    0.03858592,
    0.027717972,
    -0.027279494,
    -0.00849548,
    -0.011940652,
    0.019042403,
    0.0037309641,
    0.0013810048,
    0.016568143,
    -0.0193556,
    0.056344215,
    -0.030834286,
    0.032102734,
    -0.010280705,
    0.05427711,
    -0.03742709,
    -0.0057589174,
    0.0019858673,
    0.024507698,
    0.04704225,
    0.035422627,
    -0.0100927865,
    0.018666565,
    -0.007634187,
    -0.006205224,
    -0.10968173,
    0.027326474,
    0.06332852,
    -0.043377843,
    -0.03655014,
    0.03996399,
    -0.07798616,
    -0.027075917,
    -0.0036526648,
    -0.010734841,
    0.006260033,
    -0.023521125,
    -0.0046666414,
    -0.018541288,
    0.03592374,
    0.046447176,
    -0.009536861,
    0.06708688,
    0.01580864,
    -0.032196693,
    -0.016630784,
    0.00728967,
    -0.0036233026,
    0.056720052,
    -0.03611166,
    0.048138443,
    0.059945986,
    0.13091652,
    -0.008699059,
    -0.027905889,
    -0.00033472973,
    -0.04754337,
    -0.020232553,
    -0.0022843836,
    -0.04146734,
    0.0067963838,
    -0.025353331,
    -0.060321823,
    0.028861143,
    -0.0034158092,
    -0.00017874275,
    -0.07523002,
    0.0025956235,
    -0.011282937,
    -0.01093842,
    0.010272875,
    0.06577146,
    0.036393538,
    -0.04713621,
    0.024946174,
    -0.05211605,
    0.03131974,
    0.04456799,
    0.10435738,
    -0.006886428,
    0.045601543,
    -0.0339506,
    0.0168187,
    -0.010257215,
    0.027107237,
    -0.004834985,
    0.028297387,
    0.06677369,
    0.010539093,
    -0.017366797,
    -0.013498808,
    -0.012371298,
    -0.05058138,
    0.010030148,
    0.014665469,
    0.003985437,
    0.004866305,
    -0.008808677,
    0.07272444,
    0.017789613,
    0.0061034346,
    -0.014125204,
    0.03501547,
    0.04369104,
    -0.012856754,
    -0.0029558006,
    0.0018537372,
    0.08669304,
    0.009137535,
    0.008691228,
    0.023270568,
    0.032509893,
    -0.019183341,
    -0.044160835,
    0.009223664,
    0.038617242,
    -0.03391928,
    0.0487022,
    0.0115256645,
    0.010210236,
    0.018650906,
    0.028673224,
    -0.011690093,
    0.037145212,
    -0.013772856,
    -0.010452963,
    0.042062413,
    -0.013107312,
    0.0058567915,
    0.02172024,
    -0.052805085,
    -0.039776072,
    -0.016521163,
    0.092393234,
    0.00025006855,
    0.042312972,
    0.0041655255,
    0.027780611,
    0.061042175,
    0.03545395,
    0.077923514,
    0.10448266,
    0.0155424215,
    0.028673224,
    -0.06176253,
    -0.025979726,
    -0.024648637,
    -0.019136362,
    -0.024539018,
    0.038617242,
    -0.03517207,
    -0.014414911,
    -0.048138443,
    -0.009114045,
    0.06846496,
    -0.065207705,
    -0.006737659,
    0.0036193877,
    -0.011549154,
    0.021219125,
    0.022237016,
    -0.048984077,
    0.018650906,
    -0.0022432765,
    0.019433899,
    0.0056923633,
    -0.04359708,
    0.03370004,
    0.022847751,
    0.03155464,
    0.013874645,
    0.013960775,
    0.010014487,
    -0.0081039835,
    0.009380262,
    0.00027380305,
    -0.012747135,
    0.013765027,
    -0.0079747895,
    -0.001308578,
    0.11594568,
    -0.061010856,
    -0.02421016,
    -0.04497515,
    0.0709079,
    -0.04008927,
    0.09608897,
    -0.02900208,
    -0.0360177,
    -0.0024527272,
    0.014986496,
    0.0066241254,
    0.031883497,
    0.084124826,
    -0.019981995,
    0.03883648,
    -0.025603889,
    -0.051301736,
    -0.031993117,
    -0.08493914,
    0.066711046,
    0.043972917,
    -0.012292999,
    0.053086963,
    -0.011556985,
    -0.022330975,
    0.03858592,
    -0.019011084,
    -0.020718008,
    0.08901071,
    -0.018603927,
