{
  "chunk_index": 275,
  "token_start": 123750,
  "token_end": 124250,
  "text": " đồng hoặc đình\nchỉ hoạt động có thời hạn từ 06 tháng đến 02 năm;\n\nc) Pháp nhân thương mại còn có thể bị phạt tiền từ 100.000.000 đồng đến 500.000.000 đồng, cấm kinh doanh, cấm hoạt động trong\nmột số lĩnh vực nhất định hoặc cấm huy động vốn từ 01 năm đến 03 năm.\n\nĐiều 227. Tội vi phạm quy định về nghiên cứu, thăm dò, khai thác tài nguyên184\n\n1.185 Người nào vi phạm quy định về nghiên cứu, thăm dò, khai thác tài nguyên trong đất liền, hải đảo, nội thủy, vùng lãnh hải, vùng\nđặc quyền kinh tế, thềm lục địa và vùng trời của Việt Nam mà không có giấy phép hoặc không đúng với nội dung giấy phép thuộc một\ntrong các trường hợp sau đây, thì bị phạt tiền từ 300.000.000 đồng đến 1.500.000.000 đồng hoặc phạt tù từ 06 tháng đến 03 năm:\n\na) Thu lợi bất chính từ nghiên cứu, thăm dò, khai thác tài nguyên nước, dầu khí hoặc h\n                                                                                     k oáng sản khác từ 100.000.000 đồng đến dưới\n500.000.000 đồng;\n\nb) Khoáng sản trị giá từ 500.000.000 đồng đến dưới 1.000.000.000 đồ",
  "embedding": [
    0.00017736186,
    0.08225884,
    -0.18898314,
    -0.06472111,
    0.0005270877,
    0.07383324,
    0.08669008,
    0.048462816,
    0.015259702,
    0.01756894,
    -0.16838722,
    -0.056077063,
    0.0073333946,
    -0.047433022,
    0.023264024,
    -0.0129972715,
    0.07470701,
    -0.02713356,
    0.0283974,
    -0.0018557779,
    0.007208571,
    0.0778276,
    0.0552033,
    -0.022749126,
    -0.07882619,
    0.07302189,
    -0.030316565,
    0.042346455,
    -0.02302998,
    -0.069589235,
    -0.052613206,
    0.037946418,
    0.024980351,
    0.018130649,
    -0.011990881,
    -0.02686831,
    0.024090981,
    0.021329256,
    -0.0049461406,
    -0.016414322,
    0.0199718,
    0.0096192295,
    0.061662927,
    0.008183756,
    0.017881,
    -0.05158341,
    -0.016539145,
    -0.010477393,
    -0.048244376,
    -0.035668384,
    0.035200294,
    0.010867467,
    0.0762673,
    -0.0020888473,
    0.10578812,
    -0.15964957,
    -0.01887959,
    -0.016898014,
    0.038664155,
    0.082446076,
    0.00016236838,
    -0.011210732,
    0.077265896,
    -0.016133469,
    -0.016117865,
    -0.02560447,
    0.078638956,
    0.033140704,
    0.01830228,
    -0.028069738,
    -0.102355465,
    -0.008605037,
    0.003980707,
    0.009268163,
    0.07270983,
    -0.0315492,
    -0.036791798,
    0.0016188079,
    0.098548345,
    -0.021454081,
    0.016398719,
    -0.018629942,
    0.01646113,
    -0.08038649,
    0.0031791045,
    0.054485563,
    0.014978848,
    0.00045394883,
    0.017834192,
    0.063472874,
    0.0112809455,
    0.050772056,
    0.04147269,
    0.092369564,
    -0.0070915488,
    -0.023934951,
    -0.026291,
    0.016024247,
    0.005843311,
    0.017600147,
    -0.02087677,
    -0.058199067,
    0.1004207,
    0.013683802,
    -0.035481147,
    -0.0061709736,
    -0.006377713,
    -0.0068184966,
    0.003007472,
    0.007902903,
    0.0044975556,
    -0.0008523121,
    -0.04537343,
    -0.06116363,
    0.0020322865,
    0.0070135337,
    -0.046091165,
    -0.041223038,
    -0.0044507463,
    0.031986084,
    0.018536326,
    0.04821317,
    -0.017662559,
    0.041098215,
    0.045279812,
    -0.13992742,
    -0.0026856607,
    -0.027055545,
    -0.07551836,
    0.027508032,
    0.019113636,
    -0.03143998,
    -0.008605037,
    0.031954877,
    -0.109408006,
    -0.002498425,
    0.03654215,
    -0.010313561,
    -0.052987676,
    0.03607406,
    -0.040162038,
    -0.005800403,
    0.03882018,
    0.031455584,
    -0.013995862,
    -0.063285634,
    0.0362925,
    0.035730794,
    0.008963904,
    -0.018942002,
    -0.0043883347,
    -0.0026895616,
    0.017865397,
    0.012911456,
    0.0016295349,
    -0.013317132,
    -0.06946441,
    0.045779105,
    0.000909848,
    0.03376482,
    0.03460738,
    0.04144148,
    -0.037259884,
    -0.08182196,
    0.010274554,
    0.02518319,
    -0.037946418,
    0.007895102,
    -0.022421464,
    -0.07214812,
    0.04059892,
    -0.008776669,
    0.011195129,
    0.008425603,
    -0.017381705,
    -0.007079846,
    0.028662652,
    -0.00936178,
    0.00489153,
    -0.023638496,
    0.036011647,
    -0.013395147,
    0.0919951,
    -0.002034237,
    -0.0072436775,
    0.005301108,
    -0.03012933,
    0.03813365,
    0.0036452434,
    0.034482557,
    -0.002865095,
    -0.0044156397,
    0.003444355,
    0.014471753,
    -0.020159034,
    0.030722242,
    0.013910045,
    -0.023654098,
    0.03607406,
    -0.0075362334,
    -0.03722868,
    0.010313561,
    0.05788701,
    0.022624303,
    -0.021937773,
    -0.028600238,
    0.008995111,
    0.026478235,
    -0.0014296218,
    -0.0034150996,
    0.021937773,
    -0.07945031,
    -0.02003421,
    0.070026115,
    0.0034092483,
    0.058167864,
    -0.01914484,
    -0.03744712,
    0.034950648,
    -0.040193245,
    0.0067170775,
    -0.04699614,
    0.0215633,
    0.024215804,
    0.0012121556,
    0.020112226,
    0.0033663402,
    0.020705137,
    0.044281222,
    0.015977439,
    0.06921476,
    0.02182855,
    -0.044468455,
    0.027305193,
    -0.0064713308,
    0.025120778,
    0.066531055,
    -0.021095213,
    0.0404741,
    0.019160444,
    0.04022445,
    -0.033203114,
    -0.017210074,
    0.012630602,
    -0.011764637,
    -0.0072319754,
    -0.00646743,
    0.055765007,
    -0.0002475752,
    0.0052660014,
    -0.07027576,
    -0.015400128,
    -0.00778198,
    -0.030675434,
    -0.05763736,
    0.03159601,
    0.0035223698,
    0.03607406,
    -0.00036057484,
    0.039693948,
    0.019675342,
    -0.050147936,
    0.008199359,
    -0.019425694,
    0.031205935,
    0.032329347,
    0.08488014,
    0.018005824,
    -0.013800825,
    -0.0047237985,
    0.032204524,
    -0.022983171,
    0.015993042,
    0.008948302,
    0.037884004,
    0.05979057,
    -0.013480964,
    -0.019862577,
    -0.034825824,
    -0.026212985,
    -0.05663877,
    -0.00030328266,
    0.061662927,
    -0.045779105,
    0.023576085,
    -0.029567624,
    0.06721758,
    0.012053292,
    0.005074865,
    -0.011273144,
    -0.007871697,
    0.09611428,
    -0.008136948,
    -0.010945481,
    -0.06615658,
    0.004458548,
    0.020549107,
    0.0029996706,
    0.033983264,
    -0.019597327,
    0.027788885,
    0.03012933,
    0.027367605,
    -0.064845935,
    0.04131666,
    -0.012451168,
    -0.014284517,
    0.00909653,
    -0.07139918,
    0.00830858,
    -0.025151983,
    -0.001483257,
    -0.013582383,
    -0.018473914,
    -0.04368831,
    -0.006869206,
    0.025120778,
    0.015821408,
    -0.013114294,
    -0.06447146,
    0.016445527,
    0.070463,
    0.024418645,
    0.02928677,
    0.013137698,
    0.008261771,
    0.0767666,
    0.03875777,
    0.004665287,
    0.018770369,
    -0.003543824,
    0.021454081,
    0.07851413,
    0.017007234,
    -0.040848568,
    -0.00015663916,
    -0.031190332,
    0.019472504,
    0.017381705,
    0.011366761,
    0.026353411,
    -0.030519404,
    -0.03860174,
    -0.13980259,
    0.10984489,
    0.00541813,
    -0.025370425,
    0.010235546,
    0.012380955,
    -0.038414504,
    0.0362925,
    0.0012657908,
    0.046465635,
    0.045404635,
    0.046652872,
    0.027695267,
    0.017381705,
    0.029146343,
    0.043095395,
    -0.06640623,
    0.011078107,
    0.00636211,
    0.020081019,
    0.018754767,
    -0.102667525,
    0.013582383,
    -0.013652597,
    0.024699498,
    0.069277175,
    -0.0071110525,
    -0.02586972,
    -0.05688842,
    -0.0075284317,
    -0.066031754,
    0.07246018,
    -0.03791521,
    -0.029380387,
    0.035262708,
    -0.033140704,
    -0.013285927,
    0.023778923,
    0.08069855,
    0.017412912,
    0.03654215,
    -0.03028536,
    -0.03097189,
    0.008753264,
    0.029520813,
    0.15939991,
    0.04334504,
    0.004173794,
    0.032891054,
    -0.019488106,
    0.005215292,
    0.015696585,
    0.0020108323,
