{
  "chunk_index": 173,
  "token_start": 77850,
  "token_end": 78350,
  "text": "m tội chiếm đoạt tài sản trị giá từ 200.000.000 đồng đến dưới 500.000.000 đồng, thì bị phạt tù từ 05 năm đến 12 năm.\n\n4. Phạm tội chiếm đoạt tài sản trị giá 500.000.000 đồng trở lên, thì bị phạt tù từ 12 năm đến 20 năm.\n\n5. Người phạm tội còn có thể bị phạt tiền từ 10.000.000 đồng đến 100.000.000 đồng, cấm đảm nhiệm chức vụ, cấm hành nghề hoặc\nlàm công việc nhất định từ 01 năm đến 05 năm hoặc tịch thu một phần hoặc toàn bộ tài sản.\n\nĐiều 176. Tội chiếm giữ trái phép tài sản\n\n1. Người nào cố tình không trả lại cho chủ sở hữu, người quản lý hợp pháp hoặc không giao nộp cho cơ quan có trách nhiệm tài sản trị\ngiá từ 10.000.000 đồng đến dưới 200.000.000 đồng101 hoặc dưới 10.000.000 đồng nhưng tài sản là102 di vật, cổ vật103 bị giao nhầm\nhoặc do mình tìm được, bắt được, sau khi chủ sở hữu, người quản lý hợp pháp hoặc cơ quan có trách nhiệm yêu cầu được nhận lại tài\nsản đó theo quy định của pháp luật, thì bị phạt tiền từ 10.000.000 đồng đến 50.000",
  "embedding": [
    -0.00022226268,
    -0.034377296,
    -0.038746748,
    -0.12465786,
    -0.001120475,
    0.029413473,
    0.05416834,
    -0.10184676,
    0.02020871,
    0.13493893,
    -0.19354098,
    -0.082634024,
    -0.0030883343,
    -0.07093932,
    -0.11379849,
    -0.07569431,
    0.060754646,
    -0.013244898,
    0.1017825,
    0.008144528,
    -0.00830517,
    0.032401405,
    0.09073036,
    -0.033092164,
    -0.065477505,
    0.019919556,
    -0.014963763,
    0.05738117,
    0.054425366,
    -0.01391156,
    -0.004799167,
    0.036144353,
    0.025702652,
    0.013140481,
    -0.005995947,
    -0.026377346,
    -0.027662478,
    0.0057911286,
    -0.0038955582,
    -0.07138912,
    -0.05683499,
    0.09336489,
    -0.004277082,
    0.0076706354,
    0.031774905,
    -0.070232496,
    -0.024112301,
    0.02438539,
    0.00090160087,
    -0.013389476,
    0.016770981,
    -0.0020170559,
    -0.05622455,
    0.0036345157,
    -0.0037248766,
    -0.07074655,
    0.031421494,
    -0.0020080197,
    -0.0057469523,
    0.010256965,
    0.017509932,
    -0.018377395,
    0.039389316,
    -0.00734132,
    -0.02391953,
    -0.022072153,
    0.020529993,
    -0.025702652,
    0.009670623,
    -0.055324957,
    -0.059405256,
    -0.03272269,
    -0.05153382,
    0.0079356935,
    0.10473831,
    -0.008248945,
    -0.024192622,
    -0.0026325139,
    0.057316914,
    0.055903267,
    0.013991881,
    -0.030441578,
    -0.014048106,
    -0.079292685,
    0.03431304,
    0.1265213,
    0.009871425,
    0.023774954,
    -0.018056113,
    -0.014007946,
    0.02144565,
    0.024931572,
    0.047903318,
    -0.036112227,
    0.030377323,
    -0.0014628423,
    -0.03678692,
    0.0067991544,
    0.015694682,
    -0.01943763,
    -0.007349352,
    -0.022698654,
    0.020240838,
    -0.009381468,
    -0.0030100215,
    0.027630351,
    -0.0032027913,
    0.017509932,
    0.030682541,
    0.019887427,
    0.01688343,
    -0.04726075,
    -0.03428091,
    -0.053300876,
    0.016272992,
    0.040931474,
    -0.0018001896,
    -0.08456173,
    -0.0008057179,
    -0.035341147,
    0.020722764,
    0.06496345,
    -0.03214438,
    -0.011534065,
    0.031855226,
    -0.11354147,
    -0.053075977,
    -0.0077148117,
    -0.056770734,
    0.026056064,
    -0.055839013,
    -0.060561873,
    -0.043630254,
    0.004991937,
    -0.096449204,
    -0.011999926,
    -0.033060037,
    0.0036043953,
    -0.06576666,
    -0.010690697,
    0.0077911164,
    0.025493817,
    0.027951634,
    -0.03175884,
    -0.02716449,
    0.05053784,
    0.062618084,
    -0.091244414,
    -0.0066626095,
    0.010264996,
    0.011606354,
    -0.0066746576,
    0.0058353054,
    0.040096138,
    -0.022088217,
    -0.027903441,
    -0.027566094,
    0.058055867,
    -0.026023936,
    0.018554103,
    0.02661831,
    -0.013220802,
    -0.022040024,
    0.047742676,
    0.00045205542,
    -0.008449747,
    -0.034056015,
    0.053333003,
    -0.013028032,
    -0.04160617,
    0.01201599,
    -0.020417545,
    -0.031630326,
    0.032015868,
    -0.011951733,
    0.021670548,
    -0.017188648,
    -0.063164264,
    0.0048071994,
    -0.043694507,
    -0.0013554133,
    0.011068204,
    0.12330847,
    -0.026634373,
    0.011309167,
    -0.036883306,
    -0.01966253,
    0.0098152,
    0.069075875,
    0.014658544,
    0.016979815,
    -0.05683499,
    -0.015084244,
    0.020240838,
    0.0036987723,
    -0.008489908,
    0.0324496,
    0.00057479565,
    0.055614114,
    -0.028288981,
    0.04173468,
    0.049477607,
    0.049349092,
    0.029895397,
    -0.008056175,
    -0.020465737,
    0.038168438,
    0.00467467,
    0.009710783,
    0.011277039,
    0.013847304,
    -0.037847154,
    -0.029590178,
    0.024979765,
    -0.030859247,
    0.052979592,
    -0.016240863,
    -0.014152523,
    0.027293004,
    -0.04783906,
    -0.003058214,
    -0.014730833,
    0.015566168,
    -0.0394857,
    -0.04195958,
    -0.03492348,
    -0.017879408,
    -0.0059517706,
    0.02469061,
    0.008554164,
    0.0465218,
    0.040578064,
    -0.028465686,
    -0.033124294,
    0.0029256847,
    0.029092189,
    0.036594152,
    0.028529944,
    -0.03428091,
    0.0038092134,
    0.07485897,
    -0.03855398,
    -0.009397532,
    -0.0126183955,
    0.026023936,
    -0.026441604,
    -0.008610388,
    -0.062296804,
    0.0035300986,
    -0.033092164,
    -0.026923528,
    -0.022859296,
    0.014208747,
    0.00672285,
    0.04192745,
    -0.0093252435,
    -0.0025642412,
    0.0023192628,
    -0.016481826,
    0.087646045,
    0.014706736,
    -0.09946927,
    -0.0021867335,
    -0.04025678,
    -0.044176433,
    0.06367832,
    0.017959729,
    -0.010473831,
    0.03048977,
    -0.028176533,
    0.09535684,
    -0.034762837,
    -0.005124466,
    0.004401579,
    0.028497815,
    0.051855102,
    0.025927551,
    -0.019758914,
    -0.03428091,
    -0.018232819,
    -0.011863381,
    0.008827254,
    0.03040945,
    -0.012690685,
    0.015405527,
    -0.017750895,
    0.059212483,
    0.035533916,
    0.0038373256,
    -0.042602144,
    0.020931598,
    0.042409375,
    -0.010497927,
    0.012305144,
    -0.012329241,
    0.013084256,
    -0.028160468,
    -0.009662591,
    -0.004999969,
    -0.018120369,
    0.0043574027,
    0.019566145,
    -0.01564649,
    0.02136533,
    0.037461616,
    0.04327684,
    -0.0013614374,
    -0.030345194,
    -0.06139721,
    -0.047549907,
    0.033509832,
    0.048802912,
    -0.015244885,
    -0.04138127,
    0.027839186,
    -0.004493948,
    0.012522011,
    0.040578064,
    -0.045879234,
    -0.053911313,
    0.043019813,
    0.067983516,
    0.012819198,
    0.016915558,
    -0.033188548,
    0.027148426,
    0.07980674,
    0.050377198,
    0.005999963,
    0.08790307,
    -6.259374e-05,
    0.0014869386,
    0.055935398,
    0.032690562,
    -0.00047790867,
    -0.042441506,
    -0.05699563,
    0.018634424,
    -0.011108365,
    0.017975792,
    -0.06624859,
    0.026795015,
    -0.06563815,
    -0.013397507,
    0.03791141,
    -0.057059888,
    0.08205572,
    0.07717221,
    0.023614312,
    0.0064859036,
    0.032128315,
    -0.0013524012,
    0.10364594,
    -0.016754916,
    0.03373473,
    0.042248733,
    0.037461616,
    0.010337286,
    0.09342914,
    -0.12664981,
    0.018232819,
    0.024626354,
    -0.03153394,
    -0.021236816,
    -0.05551773,
    0.0016495882,
    0.0015080228,
    0.011807156,
    0.06746946,
    -0.069140136,
    -0.0015612353,
    -0.062264673,
    0.028112276,
    -0.079035655,
    0.13519596,
    0.031774905,
    -0.03932506,
    0.05259405,
    -0.023774954,
    -0.02708417,
    -0.03797567,
    0.029461665,
    -0.014353325,
    0.042055964,
    0.03566243,
    -0.0050320975,
    -0.08809584,
    0.025879357,
    0.073381074,
    0.08102761,
    -0.018779,
    -0.0004282102,
    -0.015293078,
    -0.008746934,
    -0.007646539,
    0.014690672,
    -0.022457693,
    0.038971648,
