{
  "chunk_index": 684,
  "token_start": 307800,
  "token_end": 308300,
  "text": "ửa đổi, bổ sung theo quy định tại khoản 84 Điều 1 của Luật số 12/2017/QH14 sửa đổi, bổ sung một số điều của Bộ\nluật Hình sự số 100/2015/QH13, có hiệu lực kể từ ngày 01 tháng 01 năm 2018.\n\n279 Điều này được sửa đổi, bổ sung theo quy định tại khoản 85 Điều 1 của Luật số 12/2017/QH14 sửa đổi, bổ sung một số điều của Bộ\nluật Hình sự số 100/2015/QH13, có hiệu lực kể từ ngày 01 tháng 01 năm 2018.\n\n280 Điều này được sửa đổi, bổ sung theo quy định tại khoản 86 Điều 1 của Luật số 12/2017/QH14 sửa đổi, bổ sung một số điều của Bộ\nluật Hình sự số 100/2015/QH13, có hiệu lực kể từ ngày 01 tháng 01 năm 2018.\n\n281 Điều này được sửa đổi, bổ sung theo quy định tại khoản 87 Điều 1 của Luật số 12/2017/QH14 sửa đổi, bổ sung một số điều của Bộ\nluật Hình sự số 100/2015/QH13, có hiệu lực kể từ ngày 01 tháng 01 năm 2018.\n\n282 Điều này được sửa đổi, bổ sung theo quy định tại khoản 88 Điều 1 của Luật số 12/2017/QH14 sửa đổi, bổ sung một số điều của Bộ\nluật Hình sự số 100/2015/QH13, có hiệu lực kể từ ngày 01 tháng ",
  "embedding": [
    1.6737247e-05,
    -0.04306622,
    -0.05252799,
    -0.036331862,
    0.0015015514,
    -0.012845787,
    -0.02415951,
    -0.0186205,
    0.02841899,
    0.06983529,
    -0.074279964,
    -0.01193665,
    0.001521544,
    -0.00824117,
    -0.13374434,
    -0.17428519,
    0.04653441,
    0.0017256793,
    0.046029337,
    0.008215916,
    -0.008043349,
    0.035995144,
    0.0589593,
    -0.005273844,
    -0.05626556,
    0.04687113,
    -0.01193665,
    0.04515387,
    0.024294196,
    0.0060230414,
    -0.061417345,
    -0.004953962,
    0.07293309,
    -0.033520266,
    0.002727415,
    0.00090703386,
    0.07670434,
    -0.014268421,
    0.023772283,
    0.012433308,
    -0.0014910289,
    -0.028183287,
    -0.06353866,
    -0.01825011,
    0.06650178,
    0.045288555,
    -0.014815588,
    0.06539062,
    -0.05020464,
    0.010404583,
    0.013973793,
    0.041483644,
    -0.09057711,
    -0.021482602,
    -0.030355118,
    -0.16445301,
    0.010471926,
    0.014748244,
    0.004166884,
    0.029193442,
    0.00047929687,
    0.028722037,
    -0.005922026,
    -0.04384067,
    -0.015118633,
    -0.012736354,
    0.051719867,
    -0.052864708,
    0.013258267,
    -0.021112211,
    -0.11428206,
    0.07064342,
    -0.04003576,
    -0.0052065006,
    0.08000417,
    -0.03404218,
    -0.036230847,
    0.02538853,
    0.041719347,
    -0.019714832,
    0.04838636,
    -0.09562788,
    0.0045330646,
    -0.038890917,
    0.019378114,
    0.027392,
    0.027661376,
    0.007491973,
    -0.036331862,
    -0.013754926,
    0.023856463,
    -0.02538853,
    0.06832006,
    0.031079061,
    -0.014015882,
    0.0009433362,
    -0.0077487207,
    -0.046702772,
    -0.0088388445,
    -0.012298621,
    0.009259742,
    -0.030624492,
    -0.004495184,
    0.013241431,
    -0.008662068,
    -0.026061965,
    -0.01750933,
    0.0077108396,
    0.017543003,
    0.012593249,
    0.02202135,
    0.027173134,
    0.02612931,
    -0.055625796,
    -0.013131998,
    -0.0057915477,
    0.13953589,
    0.010261478,
    -0.00926816,
    0.046702772,
    -0.0042742128,
    0.042190753,
    0.03235859,
    0.018132258,
    0.02538853,
    -0.064279445,
    -0.020068387,
    0.029378636,
    -0.09960115,
    0.023974314,
    0.015581621,
    0.016827477,
    0.049564876,
    -0.00022425938,
    -0.01595201,
    -0.018351125,
    -0.008380067,
    0.018772023,
    -0.03612983,
    0.015472188,
    -0.023368223,
    0.0029883713,
    0.009773237,
    0.013401372,
    -0.051686198,
    -0.04761191,
    0.0037270463,
    0.063067265,
    0.016330818,
    0.017475659,
    0.008060184,
    -0.011650439,
    -0.02764454,
    -0.0075551076,
    -0.005778921,
    -0.05778079,
    0.015228067,
    -0.05283104,
    -0.03784709,
    0.0122733675,
    -0.019091904,
    -0.012172352,
    -0.03559108,
    0.03161781,
    0.016120369,
    0.027290985,
    -0.056871653,
    -0.036803264,
    -0.057073683,
    -0.045827307,
    0.016718043,
    -0.041550986,
    -0.016465506,
    0.012483816,
    -0.0313316,
    -0.016928492,
    0.02304834,
    0.00041642535,
    0.0011616767,
    -0.06569366,
    -0.02653337,
    -0.030860195,
    0.031836677,
    -0.004326825,
    -0.04326825,
    0.022812637,
    0.004646707,
    0.011995575,
    0.025742084,
    0.026550205,
    -0.10074599,
    -0.0663671,
    0.004217392,
    0.037342016,
    -0.054514628,
    0.0079128705,
    -0.024782438,
    0.05340346,
    0.02202135,
    -0.013687583,
    -0.013679164,
    0.005101276,
    0.08727728,
    -0.0030157296,
    0.003055715,
    -0.0140579725,
    -0.027796062,
    -0.010345657,
    0.020859674,
    -0.034883972,
    0.013435044,
    -0.098927714,
    -0.07104748,
    -0.07044138,
    0.006991105,
    0.041618332,
    -0.030860195,
    -0.026583878,
    0.027627703,
    0.035692096,
    -0.011869306,
    -0.024967631,
    -0.06734358,
    0.07118216,
    -0.030068908,
    0.03244277,
    0.00020676584,
    0.020472448,
    0.027274149,
    0.013266685,
    0.1022949,
    -0.034580927,
    -0.040170446,
    0.0025653695,
    0.021600453,
    -0.02399115,
    -0.012702683,
    0.020758659,
    -0.030691836,
    0.10451724,
    -0.006570208,
    -0.010328822,
    0.04175302,
    0.009327086,
    -0.023721775,
    0.003735464,
    0.013291939,
    -0.0063429233,
    0.016372908,
    -0.007344659,
    -0.0922607,
    0.009200816,
    -0.012727937,
    -0.019293936,
    -0.021499438,
    -0.013519224,
    0.0049960515,
    -0.010808645,
    0.00019571728,
    0.028469497,
    0.005762085,
    -0.05367283,
    -0.02624716,
    0.005421158,
    0.06808436,
    -0.038789902,
    0.06518859,
    0.013586567,
    -0.012988892,
    -0.0026558624,
    -0.007942333,
    -0.07023935,
    0.02287998,
    0.03804912,
    0.15435149,
    0.019815847,
    -0.013334028,
    0.028233796,
    0.038587872,
    -0.033806477,
    -0.021937171,
    -0.049901593,
    0.04613035,
    0.005564263,
    0.044446763,
    0.00541274,
    0.05252799,
    -0.0153964255,
    -0.0122396955,
    -0.027577195,
    0.013502387,
    -0.07825324,
    0.01382227,
    -0.00072394346,
    -0.07124951,
    0.09663804,
    0.043975357,
    -0.020927018,
    0.022004515,
    0.025826262,
    0.039631695,
    0.008746248,
    -0.010977004,
    0.05343713,
    -0.046601757,
    -0.014882931,
    0.017231539,
    0.0053622327,
    -0.014243167,
    0.09185664,
    -0.013746508,
    -0.020287253,
    0.047376208,
    -0.03919396,
    -0.02284631,
    0.011246378,
    0.039429665,
    0.052999396,
    0.03983373,
    0.022576936,
    0.05155151,
    0.12384484,
    -0.035826784,
    0.014992365,
    -0.060272504,
    0.03498499,
    -0.024327869,
    -0.015034454,
    -0.028570514,
    0.13562997,
    0.009074547,
    0.009933178,
    0.023031505,
    -0.05064237,
    2.9660112e-05,
    -0.03990107,
    -0.02693743,
    0.08289994,
    -0.010951749,
    0.016255056,
    -0.046601757,
    -0.024142673,
    0.08720993,
    -0.063673355,
    -0.041685674,
    0.05889196,
    0.09407898,
    -0.037510373,
    0.014226331,
    0.0069363886,
    0.10761504,
    -0.0453559,
    -0.094752416,
    0.0663671,
    -0.019647488,
    0.03932865,
    -0.010404583,
    0.016827477,
    0.032005034,
    -0.008287469,
    0.028924067,
    -0.049766906,
    -0.012256531,
    0.056534935,
    5.7051322e-05,
    -0.032712143,
    -0.03424421,
    0.08451619,
    0.033520266,
    -0.044884495,
    -0.04027146,
    -0.051787212,
    -0.01833429,
    -0.014175823,
    -0.02144893,
    0.030691836,
    0.020842837,
    0.044446763,
    0.005547427,
    -0.025287515,
    0.015825741,
    0.0786573,
    -0.0070921206,
    0.10310302,
    -0.0036723295,
    -0.02427736,
    -0.05508705,
    -0.049968936,
    -0.010884406,
    -0.0034092686,
    0.020775493,
    -0.0057157865,
    0.014302093,
    -0.09104852,
    0.062696874,
    -0.0039774803,
    0.007188927,
