{
  "chunk_index": 464,
  "token_start": 208800,
  "token_end": 209300,
  "text": "ạm tội thuộc trường hợp quy định tại Điều 79 của Bộ luật này, thì bị đình chỉ hoạt động vĩnh viễn;\n\nc) Pháp nhân thương mại còn có thể bị phạt tiền từ 1.000.000.000 đồng đến 5.000.000.000 đồng, cấm kinh doanh, cấm hoạt động trong\nmột số lĩnh vực nhất định hoặc cấm huy động vốn từ 01 năm đến 03 năm.\n\nĐiều 301. Tội bắt cóc con tin\n\n1.303 Người nào bắt, giữ hoặc giam người khác làm con tin nhằm cưỡng ép một quốc gia, vùng lãnh thổ, tổ chức quốc ết hoặc cơ quan,\ntổ chức, cá nhân làm hoặc không làm một việc như một điều kiện để thả con tin, nếu không thuộc trường hợp quy định tại Điều 113 và\nĐiều 299 của Bộ luật này, thì bị phạt tù từ 01 năm đến 04 năm.\n\n2.304 Phạm tội thuộc một trong các trường hợp sau đây, thì bị phạt tù từ 03 năm đến 07 năm:\n\na) Có tổ chức;\n\nb) Lợi dụng chức vụ, quyền hạn;\n\nc) Đối với người dưới 18 tuổi, phụ nữ mà biết là có thai, người đủ 70 tuổi trở lên;\n\nd) Đối với người đang thi hành công vụ;\n\nđ) Gây hậu quả nghiêm trọng.\n\n3.305 Ph",
  "embedding": [
    -0.0006688777,
    0.04271132,
    -0.031718723,
    -0.12655206,
    -0.0026553334,
    0.10085425,
    -0.0009049522,
    -0.021113534,
    0.023470242,
    0.018837532,
    -0.09336443,
    -0.08083836,
    0.0059442343,
    -0.06824772,
    -0.074252486,
    -0.07618951,
    0.18285482,
    -0.061564997,
    0.09058803,
    0.004140383,
    -0.0038175462,
    0.041710526,
    0.1601271,
    -0.10692358,
    -0.04112942,
    0.13417101,
    -0.04067745,
    0.046004258,
    0.034285277,
    -0.0040334435,
    -0.058078356,
    -0.07606037,
    -0.009063646,
    0.020338725,
    -0.0075826314,
    -0.014091831,
    -0.021500938,
    0.025036002,
    0.007570525,
    -0.036093164,
    -0.050265703,
    -0.034704965,
    0.050427124,
    -0.005738426,
    -0.0143501,
    0.009128213,
    -0.0112589365,
    0.045520004,
    -0.0049434397,
    -0.0011208494,
    0.03948295,
    0.03699711,
    0.027166724,
    0.0012863033,
    0.037965618,
    -0.14295217,
    -0.020145021,
    -0.010782752,
    0.07367138,
    0.120870136,
    0.017626895,
    0.0071427664,
    0.033994727,
    -0.033219915,
    -0.033575036,
    -0.049652316,
    0.046488512,
    -0.006521305,
    0.0153751075,
    -0.07618951,
    -0.06282406,
    0.0019894824,
    0.02266315,
    0.039063264,
    0.020258015,
    -0.009144355,
    -0.013308951,
    -0.003993089,
    0.049038924,
    0.01951549,
    -0.020919831,
    0.015956214,
    -0.03315535,
    -0.056561023,
    0.04132312,
    0.09872352,
    0.0065495535,
    0.017965874,
    0.0021468652,
    0.024406468,
    0.021145817,
    -0.007191192,
    0.007816688,
    0.060402784,
    0.01644047,
    0.015536525,
    -0.01941864,
    0.011267007,
    -0.0195962,
    0.005274348,
    0.014794,
    -0.03728766,
    0.10175819,
    0.020548569,
    0.0248423,
    -0.014309745,
    -0.027489562,
    -0.009991802,
    0.035382923,
    0.042517617,
    -0.01933793,
    0.046520796,
    -0.055883065,
    -0.07786826,
    -0.012090242,
    0.014858568,
    -0.026101364,
    -0.017368626,
    -0.00546805,
    -0.04865152,
    -0.03728766,
    0.03806247,
    -0.0195962,
    0.010685901,
    0.018514697,
    -0.11060392,
    -0.008232341,
    -0.016375901,
    -0.11234724,
    0.007449461,
    -0.00019029721,
    -0.079998985,
    0.008635887,
    0.0030447554,
    -0.041775092,
    0.010476057,
    0.016674526,
    0.018417845,
    -0.045907408,
    0.035027802,
    -0.024955291,
    0.025084427,
    0.038191605,
    0.026795462,
    -0.01828871,
    -0.05966026,
    0.06715007,
    0.018563122,
    -0.014947348,
    -0.013413873,
    0.036448285,
    -0.0037711384,
    -0.021452513,
    -0.0009266428,
    -0.03150888,
    -0.04061288,
    -0.042775888,
    0.08697226,
    0.019015092,
    0.03586718,
    0.057949223,
    0.011291221,
    -0.057432685,
    -0.0264242,
    0.017739888,
    0.021597788,
    -0.026278922,
    0.042517617,
    -0.01969305,
    -0.086132884,
    0.051944457,
    -0.011162085,
    -0.037675064,
    -0.01575444,
    -0.024406468,
    -0.0042977664,
    0.00223161,
    -0.05033027,
    -0.006932922,
    -0.06476108,
    0.009507546,
    -0.0758021,
    0.039515235,
    -0.012647135,
    0.024987577,
    0.0064890217,
    -0.045358583,
    0.019095803,
    0.043679833,
    0.061048456,
    -0.045649137,
    -0.026391916,
    -0.0057182484,
    0.036609706,
    0.018869817,
    -0.019709192,
    0.017223349,
    -0.05003972,
    0.05907915,
    -0.021646215,
    0.015778653,
    -0.015899718,
    0.06805402,
    0.0010744416,
    0.01470522,
    -0.0009801126,
    0.015165263,
    0.00082626066,
    0.03770735,
    -0.04936176,
    0.006686759,
    -0.03367189,
    -0.008244447,
    0.0379979,
    0.022469448,
    0.06514849,
    -0.03229983,
    -0.014753646,
    0.026004512,
    -0.012001461,
    0.031218328,
    -0.042194784,
    -0.020274157,
    0.06108074,
    0.0014578104,
    0.0051573194,
    -0.013623717,
    0.026456483,
    -0.008942582,
    0.0032303866,
    0.034963235,
    0.032235265,
    -0.03596403,
    -0.0074656033,
    0.0073606814,
    0.013438086,
    0.05704528,
    0.009515617,
    0.06282406,
    0.06637526,
    0.08438957,
    -0.019789902,
    -0.030330526,
    0.035318356,
    0.0015062359,
    -0.011710908,
    0.010532553,
    0.026650185,
    -0.017562328,
    -0.029200597,
    -0.07948244,
    -0.016496966,
    0.000936227,
    -0.02477773,
    0.09807785,
    -0.033349052,
    -0.0013306934,
    0.021646215,
    -0.028813193,
    0.12706861,
    0.007300149,
    -0.058498044,
    0.010282355,
    -0.044842046,
    0.024713164,
    0.024245052,
    0.01154949,
    0.004838518,
    0.01854698,
    0.040354613,
    0.100918815,
    -0.027279718,
    0.01585129,
    0.020322582,
    0.032412823,
    0.060628768,
    0.0028006101,
    -0.023744654,
    -0.02380922,
    -0.008038639,
    -0.048328683,
    -0.002847018,
    0.0114042135,
    0.0061298655,
    0.01619027,
    -0.015907789,
    0.022905277,
    0.013962695,
    0.0016111579,
    0.009854596,
    0.033219915,
    0.013397731,
    0.009136284,
    -0.030298242,
    0.019321788,
    -0.012881192,
    -0.009313844,
    0.0063114613,
    0.029943122,
    0.00708627,
    0.017255632,
    -0.010346922,
    0.061823264,
    -0.013050682,
    -0.0026674399,
    -0.04442236,
    -0.023696229,
    -0.014212894,
    -0.115704745,
    0.071863495,
    -0.029071463,
    0.03657742,
    -0.0055164755,
    -0.01067783,
    -0.0005836286,
    -0.0027542023,
    0.027602555,
    0.008159703,
    -0.04138769,
    0.007106447,
    0.004701312,
    0.09827155,
    -0.016069207,
    0.014519589,
    -0.05433345,
    0.031056909,
    0.07360681,
    0.041968796,
    0.022937562,
    0.0789659,
    -0.037739635,
    0.029184455,
    0.1419191,
    0.0033655746,
    -0.024035206,
    -0.029200597,
    -0.043163292,
    0.04006406,
    -0.008474468,
    -0.032073844,
    -0.027053732,
    0.015891647,
    -0.029523434,
    0.0069369576,
    0.07664148,
    -0.03480182,
    -0.002419259,
    -0.01688437,
    -0.011848114,
    -0.05094366,
    -0.011864256,
    -0.01733634,
    0.004334085,
    -0.009160497,
    0.012889263,
    0.024341902,
    -0.01924108,
    -0.024890725,
    0.050104287,
    -0.046165675,
    -0.012235519,
    0.012526072,
    0.040290043,
    0.008587461,
    -0.0783848,
    0.014810142,
    -0.03271952,
    0.03974122,
    0.009346128,
    0.0019713228,
    -0.024261193,
    -0.055237394,
    0.046875916,
    -0.06327603,
    0.10156449,
    -0.045842838,
    -0.044131804,
    0.007288043,
    -0.023341108,
    -0.013082965,
    -0.004890979,
    0.033123065,
    0.014511518,
    0.030766357,
    0.007978107,
    -0.016852086,
    -0.039773505,
    -0.023486383,
    0.059111435,
    0.023728512,
    0.006380064,
    0.05930514,
    -0.0015062359,
    -0.0845187,
    0.02266315,
    0.048264116,
    -0.0057021067,
    0.085551776,
    -0.02387379,
