{
  "chunk_index": 615,
  "token_start": 276750,
  "token_end": 277250,
  "text": "ản 4 Điều 1 của Luật số 12/2017/QH14 sửa đổi, bổ sung một số điều của Bộ\nluật Hình sự số 100/2015/QH13, có hiệu lực kể từ ngày 01 tháng 01 năm 2018.\n\n8 Điều này được sửa đổi, bổ sung theo quy định tại khoản 5 Điều 1 của Luật số 12/2017/QH14 sửa đổi, bổ sung một số điều của Bộ\nluật Hình sự số 100/2015/QH13, có hiệu lực kể từ ngày 01 tháng 01 năm 2018.\n\n9 Cụm từ “Trước khi hành vi phạm tội bị phát giác,” được bổ sung theo quy định tại điểm a khoản 1 Điều 2 của Luật số 12/2017/QH14\nsửa đổi, bổ sung một số điều của Bộ luật Hình sự số 100/2015/QH13, có hiệu lực kể từ ngày 01 tháng 01 năm 2018.\n\n10 Cụm từ “Người thực hiện tội phạm ít nghiêm trọng hoặc tội phạm nghiêm trọng do vô ý” được thay thế bằng cụm từ “Người thực hiện\ntội phạm nghiêm trọng do vô ý hoặc tội phạm ít nghiêm trọng” theo quy định tại điểm a khoản 2 Điều 2 của Luật số 12/2017/QH14 sửa\nđổi, bổ sung một số điều của Bộ luật Hình sự số 100/2015/QH13, có hiệu lực kể từ ngày 01 tháng 01 năm 2018.\n\n11 Cụm",
  "embedding": [
    -0.0003805237,
    -0.04599211,
    -0.017016757,
    -0.01780861,
    -7.392058e-05,
    0.008322536,
    0.010892018,
    -0.020652818,
    0.0153764915,
    0.070846595,
    -0.032934617,
    0.029136956,
    0.002949248,
    -0.032708373,
    -0.118034564,
    -0.19702594,
    0.059534412,
    0.035067774,
    0.053555116,
    0.012912051,
    -0.0077084457,
    0.047026366,
    0.07912065,
    0.0067711505,
    -0.024401998,
    0.06606316,
    -0.02202644,
    0.023028376,
    0.043858957,
    -0.020087209,
    -0.04977361,
    0.015473452,
    0.025533216,
    -0.026567474,
    0.0024240396,
    -0.008229614,
    0.021848677,
    -0.0041410676,
    -0.009114388,
    0.009017427,
    -0.03933408,
    -0.04595979,
    -0.02139619,
    -0.00060903997,
    0.02073362,
    -0.003551218,
    -0.0034663766,
    0.065869235,
    -0.032950778,
    1.1844021e-05,
    0.015699696,
    0.037427172,
    -0.019133752,
    -0.008354857,
    -0.037588775,
    -0.19625024,
    0.052456215,
    0.008896225,
    -0.0073569603,
    -0.04899792,
    0.0018685305,
    0.012184839,
    0.04521642,
    -0.02755325,
    -0.016265305,
    -0.019149913,
    0.042436853,
    -0.042986304,
    0.015368411,
    -0.019812483,
    -0.1188749,
    0.054169204,
    -0.031657957,
    -0.039495684,
    0.05639932,
    -0.024951447,
    -0.03000961,
    0.02073362,
    0.04647692,
    -0.012661567,
    0.07233334,
    -0.035843465,
    0.0009953713,
    -0.0069408333,
    -0.0026765438,
    0.06551371,
    0.030074252,
    0.011562669,
    -0.016855156,
    -0.016370347,
    0.03190036,
    0.010075925,
    0.04945041,
    0.0029573282,
    -0.01466544,
    -0.02632507,
    -0.017663168,
    -0.035261694,
    -0.010148645,
    -0.0017927793,
    0.013623103,
    -0.02879759,
    0.047608137,
    0.026163466,
    -0.012807009,
    -0.028539026,
    -0.011659631,
    0.009906242,
    -0.010197126,
    0.017566206,
    0.030688342,
    0.057368938,
    0.055494346,
    -0.112216875,
    -0.012621166,
    -0.008427578,
    0.17026454,
    0.040756185,
    -0.019408477,
    0.046929408,
    -0.03127011,
    0.053490475,
    0.016855156,
    -0.012136358,
    0.019198393,
    -0.047511175,
    -0.022979895,
    0.027941097,
    -0.08448586,
    0.008492218,
    0.027391648,
    -0.0024644402,
    0.018745907,
    -0.0147543205,
    -0.036586836,
    0.004102687,
    0.024919126,
    0.008233654,
    -0.0037815017,
    0.0318842,
    -0.052133013,
    -0.007789247,
    -0.0032643734,
    -0.014334154,
    -0.048060626,
    -0.07252727,
    0.032158926,
    -0.0046218354,
    0.010657694,
    -0.0066459086,
    -0.0018442901,
    -0.01777629,
    -0.04479625,
    0.012976692,
    -0.011263704,
    -0.070264824,
    0.010180966,
    -0.073302954,
    -0.027052281,
    0.03425976,
    -0.025517056,
    0.0044521526,
    -0.001465534,
    -0.05197141,
    0.022866772,
    0.066451006,
    -0.035261694,
    0.008249815,
    -0.026018025,
    -0.066968136,
    0.040400658,
    -0.03354871,
    -0.02575946,
    0.016661232,
    -0.043374147,
    0.0060883793,
    0.024838325,
    -0.070006266,
    -0.005866176,
    -0.05326423,
    -0.023771748,
    -0.044957854,
    0.01286357,
    0.0054136883,
    -0.030284334,
    0.024741365,
    0.010924338,
    -0.002686644,
    0.03865535,
    0.031738758,
    -0.046929408,
    -0.06357448,
    0.0108273765,
    0.057336617,
    -0.0711698,
    0.0041309674,
    -0.034001194,
    0.04595979,
    0.055074178,
    -0.009785039,
    0.020458894,
    0.009332553,
    0.049385767,
    -0.021816356,
    -0.00038708883,
    -0.012693888,
    -0.016136024,
    0.0011978796,
    0.013922067,
    -0.029621763,
    0.044634648,
    -0.06127972,
    -0.07252727,
    -0.031156989,
    0.016022902,
    0.041273315,
    -0.04227525,
    -0.024806006,
    0.03981889,
    0.008193254,
    -0.0046824366,
    -0.024886806,
    -0.045054816,
    0.043212544,
    -0.050646268,
    0.0035815185,
    0.0076357247,
    0.022915253,
    0.032013483,
    0.0064721857,
    0.05565595,
    -0.04095011,
    -0.048351508,
    -0.0040461263,
    0.0020654837,
    -0.018632784,
    -0.0029573282,
    0.025323134,
    -0.009259831,
    0.085326195,
    -0.0011685891,
    -0.00020503334,
    0.04909488,
    0.02879759,
    -0.006258062,
    0.0013251416,
    0.018228777,
    0.0066014677,
    0.028975353,
    0.0043228706,
    -0.09754335,
    0.008847744,
    -0.017857092,
    -0.0012908011,
    -0.010471851,
    -0.01226564,
    -0.012168678,
    -0.012483804,
    0.018293418,
    0.017275322,
    0.0005878296,
    -0.017210681,
    -0.0057974947,
    -0.0017554087,
    0.07504827,
    -0.021137625,
    0.05391064,
    0.015804738,
    -0.0072195977,
    -0.02516153,
    0,
    -0.056690205,
    -0.011110181,
    0.024418158,
    0.17970213,
    0.029848007,
    -0.008871985,
    -0.02693916,
    0.00014443236,
    -0.015570414,
    -0.013130214,
    -0.03364567,
    0.01350998,
    0.011910114,
    0.03351639,
    -0.0052076452,
    0.039140157,
    -0.013404938,
    -0.043826636,
    -0.006872152,
    0.028135018,
    -0.012491884,
    0.056270037,
    0.013041333,
    -0.051131073,
    0.077892475,
    0.038978558,
    -0.018228777,
    0.027052281,
    0.026276588,
    0.010584973,
    0.02634123,
    -0.02087906,
    0.04608907,
    -0.055946834,
    0.022802133,
    0.018503502,
    0.018519662,
    -0.0052844062,
    0.06570763,
    -0.030833783,
    0.0046864767,
    0.046703164,
    -0.060891874,
    -0.007538763,
    0.009696159,
    0.010277928,
    0.026648276,
    0.0026927039,
    0.026826037,
    0.018212616,
    0.0831284,
    -0.07317367,
    0.0021856758,
    -0.044279125,
    0.034130476,
    -0.026034186,
    0.0072074775,
    0.00093325524,
    0.12443403,
    -0.011441466,
    0.007857928,
    0.009688078,
    -0.018842869,
    0.012952452,
    -0.055558987,
    -0.05820927,
    0.053490475,
    -0.022963734,
    0.021153785,
    -0.05753054,
    -0.040142097,
    0.08888145,
    -0.040077455,
    -0.025824102,
    0.034001194,
    0.05756286,
    -0.037815016,
    -0.0012736308,
    -0.05617308,
    0.08164165,
    -0.058564797,
    -0.06703278,
    0.089721784,
    0.036489874,
    0.051745165,
    -0.031625636,
    0.029169276,
    0.021929478,
    0.03387191,
    0.030381296,
    -0.06735598,
    -0.0017564187,
    0.030348975,
    -0.0014938144,
    -0.0016311767,
    -0.019553918,
    0.07918529,
    0.09806048,
    -0.038946237,
    -0.05100179,
    -0.06806703,
    0.0014210932,
    -0.05775678,
    -0.008726543,
    0.012200999,
    -0.009130549,
    0.04776974,
    -0.0018705506,
    -0.010528412,
    0.04059458,
    0.11182903,
    -0.01161115,
    0.094699144,
    -0.024385838,
    -0.005316727,
    -0.051292676,
    -0.0993533,
    0.014867443,
    0.016661232,
    -0.0073933206,
    -0.011586909,
    0.025840262,
    -0.10594669,
    0.016071383,
    -0.029557122,
