{
  "chunk_index": 137,
  "token_start": 61650,
  "token_end": 62150,
  "text": "ười khác để thực hiện hành vi quy định tại điểm a hoặc điểm b khoản này.\n\n2.68 Phạm tội thuộc một trong các trường hợp sau đây, thì bị phạt tù từ 08 năm đến 15 năm:\n\na) Có tổ chức;\n\nb) Vì động cơ đê hèn;\n\nc) Gây thương tích, gây tổn hại cho sức khỏe hoặc gây rối loạn tâm thần và hành vi của nạn nhân mà tỷ lệ tổn thương cơ thể từ 31%\nđến 60%, nếu không thuộc trường hợp quy định tại điểm b khoản 3 Điều này;\n\nd) Đưa nạn nhân ra khỏi biên giới của nước Cộng hòa xã hội chủ nghĩa Việt Nam;\n\nđ) Đối với từ 02 người đến 05 người;\n\ne) Phạm tội 02 lần trở lên.\n\n3.69 Phạm tội thuộc một trong các trường hợp sau đây, thì bị phạt tù từ 12 năm đến 20 năm:\n\na) Có tính chất chuyên nghiệp;\n\nb) Đã lấy bộ phận cơ thể của nạn nhân;\n\n                                                                                                                        ể 61% trở\nc) Gây thương tích, gây tổn hại cho sức khỏe hoặc gây rối loạn tâm thần và hành vi của nạn nhân mà tỷ lệ tổn thương cơ th\nlên;\n\nd) Làm nạn nhân chết hoặc tự sát;\n\nđ) Đối với 06 người trở lên;\n\ne) Tái phạm nguy hiểm.\n\n4. Người phạm tội còn",
  "embedding": [
    -0.00037236462,
    0.002874704,
    -0.054615445,
    -0.19442596,
    0.0004790354,
    0.06852099,
    0.013724647,
    0.016312275,
    0.022761678,
    0.12219262,
    -0.01980439,
    -0.040867202,
    -0.005588173,
    -0.047253687,
    -0.07217041,
    -0.102875866,
    0.15189134,
    0.014212285,
    0.028172886,
    0.0049864906,
    -0.034449257,
    0.00022329588,
    0.028817827,
    -0.06185136,
    0.051689617,
    0.05933452,
    -0.03901103,
    -0.06726257,
    0.060687322,
    -0.014637002,
    -0.03573914,
    -0.02722907,
    -0.024790881,
    0.015635874,
    -0.002239595,
    -0.030516693,
    0.068143465,
    0.013756108,
    0.0086831,
    -0.08846695,
    -0.018404398,
    0.0481975,
    0.011522411,
    0.022572916,
    0.03221556,
    -0.0031401522,
    -0.0095168045,
    0.03219983,
    -0.06128507,
    -0.0052853655,
    -0.0026033572,
    0.04442224,
    -0.046593014,
    -0.013299931,
    0.034229033,
    -0.11671849,
    0.0109167965,
    -0.01323701,
    -0.008148272,
    0.08834111,
    0.025797619,
    0.021975165,
    0.047190763,
    -0.09110963,
    -0.025624584,
    -0.04829188,
    -0.00014562775,
    -0.049393,
    0.029399846,
    -0.054583985,
    -0.10809831,
    -0.06682212,
    -0.02897513,
    0.040395293,
    0.02655267,
    -0.011388704,
    -0.025545934,
    0.023894258,
    0.03204253,
    0.014031387,
    0.04995929,
    -0.014070713,
    -0.03960878,
    0.028534682,
    0.031680733,
    0.06449404,
    0.013952736,
    0.0315077,
    -0.08959953,
    0.0038735752,
    0.041181806,
    -0.036273967,
    0.027307723,
    -0.10734326,
    0.00041463968,
    -0.015879693,
    0.009697702,
    -0.027433565,
    0.00084500964,
    -0.0144718345,
    -0.0040033497,
    -0.0381616,
    0.07821082,
    0.03702902,
    0.04344696,
    0.0025777954,
    -0.012592069,
    0.0076291733,
    0.027040308,
    -0.017397663,
    -0.014503295,
    0.0345751,
    -0.033536904,
    -0.06131653,
    0.014566216,
    0.030485233,
    0.020024614,
    -0.10061071,
    -0.015714524,
    -0.044107635,
    -0.04196832,
    0.04426494,
    -0.013260605,
    0.024004368,
    0.029478498,
    -0.08695685,
    0.01081455,
    -0.036588572,
    -0.04687616,
    -0.001346903,
    -0.04391887,
    -0.023784146,
    -0.07160412,
    0.028235808,
    -0.0434155,
    -0.029211083,
    0.0081246765,
    0.00025758293,
    -0.008242654,
    0.02899086,
    -0.02038641,
    -0.017035866,
    0.029761642,
    0.008974111,
    -0.050242435,
    -0.017460583,
    0.002896333,
    0.022038087,
    -0.007680297,
    0.0056039034,
    0.03652565,
    -0.038633507,
    -0.0109010665,
    -0.017665077,
    -0.025498742,
    -0.0040898663,
    0.0024283582,
    0.042345844,
    0.030060517,
    0.0013714816,
    -0.0025424024,
    0.016202163,
    -0.031318936,
    -0.10193205,
    -0.02969872,
    0.016099915,
    0.013354986,
    0.009241525,
    -0.0197572,
    0.0369661,
    0.033662744,
    -0.00038219604,
    -0.027480755,
    0.01204151,
    -0.007888723,
    -0.009815679,
    -0.043100897,
    -0.08714561,
    -0.0053482866,
    -0.08406248,
    0.016485307,
    0.02411448,
    0.060183953,
    -0.029289734,
    -0.029777372,
    -0.024476277,
    -0.03904249,
    0.039671704,
    0.05307388,
    0.017004406,
    0.005580308,
    0.027402103,
    -0.0381616,
    0.041213267,
    -0.025608854,
    0.0065123253,
    -0.03262455,
    -0.030217819,
    0.108349994,
    -0.018215636,
    0.023013363,
    0.018860575,
    0.049801987,
    -0.016548228,
    0.0075741177,
    -0.02335943,
    0.018278556,
    0.027590867,
    0.06449404,
    -0.011184211,
    -0.0015327167,
    -0.048480645,
    -0.03460656,
    -0.05260197,
    0.0059892945,
    0.060278337,
    -0.029100971,
    -0.0012377744,
    -0.010696573,
    -0.021534719,
    -0.02166056,
    -0.015242617,
    -0.018325746,
    0.048008736,
    0.009933656,
    0.004184248,
    -0.008510068,
    0.014581946,
    -0.045051448,
    0.034795325,
    0.13666445,
    0.014338127,
    -0.036273967,
    -0.0054780613,
    0.028330188,
    0.060498558,
    0.04753683,
    -0.0011620725,
    0.031853765,
    0.028078504,
    0.16611148,
    -0.0032679604,
    -0.03901103,
    0.036022283,
    -0.024900993,
    -0.03960878,
    0.018231366,
    -0.0579188,
    0.0013695153,
    -0.01730328,
    -0.061410915,
    -0.046687394,
    0.035959363,
    -0.052696355,
    -0.022793138,
    0.015580817,
    0.0018020973,
    -0.050336815,
    -0.037941374,
    0.045051448,
    0.04140203,
    -0.05121771,
    0.018640352,
    -0.049204238,
    0.029415576,
    -0.017224628,
    0.06414798,
    -0.005867385,
    -0.015517896,
    0.003971889,
    0.0691502,
    0.009241525,
    0.029179623,
    0.007023559,
    0.04634133,
    0.04338404,
    0.0021884716,
    0.037249245,
    -0.014959472,
    -0.008824673,
    -0.022305502,
    0.0027704912,
    0.1146421,
    0.011042639,
    -0.038130138,
    -0.00679547,
    0.064116515,
    0.03262455,
    -0.008596584,
    0.034826785,
    0.03768969,
    0.022069547,
    -0.0051516583,
    -0.012544878,
    -0.0022061681,
    0.05184692,
    -0.008785347,
    0.05017951,
    0.009957251,
    0.019253831,
    -0.0022789207,
    -0.053828932,
    0.002685941,
    0.03750093,
    -0.007192659,
    0.0068112,
    -0.03092568,
    0.026647052,
    -0.04866941,
    0.08267822,
    -0.0001297746,
    0.030091977,
    0.030579615,
    0.011420165,
    0.026065033,
    0.025608854,
    0.03208972,
    0.044831228,
    -0.06537494,
    0.02224258,
    -0.0036061609,
    0.01849878,
    -0.09689837,
    0.0031873428,
    -0.011616793,
    0.03753239,
    0.04832334,
    -0.009611186,
    -0.0912984,
    0.11797691,
    -0.07575691,
    -0.0006685358,
    0.08777482,
    0.0038263844,
    -0.0101774745,
    -0.06575246,
    -0.050462656,
    0.032278482,
    -0.031995337,
    0.000596275,
    -0.029966135,
    -0.06512325,
    0.07865127,
    -0.014762844,
    0.026065033,
    -0.023705494,
    0.05187838,
    0.009721298,
    0.06713673,
    0.023674034,
    0.04137057,
    -0.068458065,
    0.06619291,
    -0.005914576,
    -0.012883078,
    0.016862834,
    -0.028597603,
    0.022368422,
    0.041716635,
    -0.0027174016,
    0.020354949,
    -0.021141462,
    0.00011939018,
    -0.00034041255,
    -0.006370753,
    0.019945962,
    -0.006071878,
    0.030658266,
    -0.031161634,
    -0.02722907,
    -0.034417797,
    -0.0691502,
    0.018262826,
    -0.04017507,
    0.10885336,
    0.0007653752,
    0.014613407,
    0.0077982736,
    -0.014369587,
    0.029274004,
    -0.023972908,
    0.047410987,
    0.0063392925,
    0.07135244,
    -0.021896515,
    0.0052971635,
    -0.03954586,
    -0.034323417,
    -0.0076488364,
    0.0034409931,
    -0.018420128,
