{
  "chunk_index": 333,
  "token_start": 149850,
  "token_end": 150350,
  "text": "i thủy sản.\n\n2.223 Phạm tội thuộc một trong các trường hợp sau đây, thì bị phạt tiền từ 300.000.000 đồng đến 1.000.000.000 đồng hoặc phạt tù từ\n03 năm đến 05 năm:\n\na) Gây thiệt hại nguồn lợi thủy sản từ 500.000.000 đồng đến dưới 1.500.000.000 đồng hoặc thủy sản thu được trị giá từ 200.000.000\n\fđồng đến dưới 500.000.000 đồng;\n\nb) Làm chết người;\n\nc) Gây thương tích hoặc gây tổn hại cho sức khỏe của 02 người trở lên màtổng tỷ lệ tổn thương cơ thể của những người này từ 122%\nđến 200%.\n\n3.224 Phạm tội thuộc một trong các trường hợp sau đây, thì bị phạt tù từ 05 năm đến 10 năm:\n\na) Gây thiệt hại nguồn lợi thủy sản 1.500.000.000 đồng trở lên hoặc thủy sản thu được trị giá 500.000.000 đồng trở lên;\n\nb) Làm chết 02 người trở lên;\n\nc) Gây thương tích hoặc gây tổn hại cho sức khỏe của 03 người trở lên mà tổng tỷ lệ tổn thương cơ thể của những người này 201% trở\nlên.\n\n4. Người phạm tội còn có thể bị phạt tiền từ 20.000.000 đồng đến 100.000.000 đồng, cấm đảm nhiệm",
  "embedding": [
    0.0003983996,
    0.065121755,
    -0.19865936,
    -0.09628897,
    0.0018945014,
    0.068669245,
    0.0700629,
    0.06170096,
    0.0166922,
    0.028189864,
    -0.14139275,
    0.0010432625,
    0.0044858307,
    -0.03857894,
    0.01689808,
    0.013176385,
    0.022171803,
    -0.06249281,
    -0.023803014,
    -0.0005478613,
    -0.004042395,
    0.07728457,
    -0.03275092,
    -0.1002799,
    -0.032101605,
    0.052103736,
    -0.012542905,
    -0.007946216,
    0.099393025,
    0.0729769,
    -0.08323928,
    0.08304924,
    0.0050520035,
    -0.07335699,
    0.0010412829,
    0.006889096,
    -0.005059922,
    0.007031629,
    -0.0019519106,
    -0.09407179,
    0.0021043418,
    0.05466933,
    0.029187595,
    0.027936472,
    0.022045108,
    -0.12669602,
    -0.010183193,
    0.012352861,
    -0.071203165,
    0.00012354099,
    0.011980692,
    0.011695626,
    0.050805103,
    -0.004588771,
    0.10338395,
    -0.17990835,
    -0.0023003246,
    -0.009803104,
    0.025798477,
    0.06081409,
    0.005740913,
    -0.042189773,
    0.05593629,
    -0.049158055,
    -0.007700742,
    -0.035949994,
    0.0139365615,
    -0.02499079,
    0.025006626,
    -0.01917861,
    -0.06005391,
    -0.028490767,
    -0.042284794,
    0.028617462,
    0.09692245,
    -0.0057488317,
    -0.020825658,
    0.0014589839,
    0.041809686,
    -0.023391252,
    -0.014435427,
    -0.02293198,
    -0.0019825946,
    0.009074602,
    -0.010864183,
    0.08615329,
    0.04247484,
    0.017024778,
    0.0015114439,
    0.0067386446,
    0.014894701,
    0.0030209082,
    0.045198806,
    0.06303127,
    0.0043947683,
    -0.011331375,
    -0.010531606,
    -0.02356546,
    -0.0037949416,
    0.011125494,
    -0.027255481,
    -0.026400283,
    0.106994785,
    0.003466324,
    0.025291692,
    0.01109382,
    -0.0045135454,
    -0.0021063213,
    0.0050638816,
    0.010222785,
    -0.0073087765,
    0.007847235,
    -0.064773336,
    -0.039814223,
    -0.039307438,
    0.016771385,
    -0.040542725,
    -0.054352593,
    0.0011600604,
    0.00049886556,
    -0.01859264,
    0.024974952,
    0.028775834,
    0.013627741,
    0.06011726,
    -0.035949994,
    0.038262196,
    0.014435427,
    -0.080325276,
    0.0024012853,
    -0.09394509,
    -0.039497484,
    0.0034683035,
    0.04199973,
    -0.07348369,
    -0.027619733,
    0.023803014,
    0.0238822,
    0.0028763956,
    0.044343606,
    -0.04003594,
    -0.0037850435,
    0.030042794,
    0.060465675,
    -0.020635614,
    -0.020413896,
    0.045230478,
    0.030707948,
    0.012289514,
    -0.02752471,
    -0.0059151202,
    -0.040542725,
    -0.010119844,
    0.009779349,
    -0.021696692,
    0.0033772406,
    0.009874371,
    0.0794384,
    -0.020841494,
    -0.04152462,
    0.0011046309,
    0.02947266,
    -0.039909244,
    -0.02266275,
    -0.013239734,
    0.010452421,
    -0.038420565,
    0.011157168,
    0.0075978017,
    -0.0014391876,
    -0.00044888002,
    -0.012249921,
    -0.00369794,
    0.043551754,
    -0.013960318,
    -0.006829707,
    -0.025450062,
    -0.07589091,
    -0.0020885046,
    -0.05536616,
    -0.015726143,
    0.019891275,
    0.089954175,
    0.003460385,
    -0.00655256,
    -0.009050847,
    -0.0143562425,
    0.01933698,
    0.022615239,
    0.009723919,
    -0.061764307,
    -0.030502066,
    -0.01886187,
    0.02858579,
    -0.01473633,
    -0.017452376,
    -0.024531517,
    0.024388984,
    0.02578264,
    -0.026036032,
    0.0049213483,
    0.019146936,
    0.02847493,
    0.045990653,
    -0.002820966,
    -0.021855064,
    0.0021597713,
    0.03962418,
    0.057551667,
    0.0003179773,
    -0.013770273,
    -0.04019431,
    -0.01225784,
    0.026067706,
    0.009153787,
    0.033004314,
    -0.024420658,
    -0.021490812,
    0.041081183,
    0.0012689398,
    -0.017404865,
    -0.026748696,
    0.017056452,
    0.03734365,
    0.0010759264,
    -0.027144622,
    -0.011766893,
    0.039497484,
    0.021300768,
    0.021950085,
    0.049696513,
    0.031135546,
    -0.04089114,
    -0.016913919,
    -0.007233551,
    0.011790648,
    0.043076646,
    -0.015805328,
    0.026289424,
    0.034524664,
    0.07266016,
    -0.029567683,
    0.0032109523,
    -0.02107905,
    -0.008916232,
    -0.019115262,
    -0.019368654,
    0.03724863,
    0.0015253013,
    0.0056340136,
    -0.032402508,
    -0.0019142976,
    -0.0025596556,
    -0.04991823,
    -0.061510917,
    0.0019370633,
    0.0033515056,
    -0.04890466,
    -0.004949063,
    0.038800657,
    0.036963563,
    -0.118840866,
    0.0025477777,
    -0.009122113,
    0.037153605,
    0.01579741,
    0.13467787,
    0.0243098,
    0.012289514,
    -0.041746337,
    -0.022947816,
    -0.013461452,
    0.0073127355,
    0.005721117,
    0.075574175,
    0.020841494,
    0.016993104,
    0.029092573,
    0.006528804,
    -0.029140083,
    -0.06550184,
    -0.06860589,
    0.009652653,
    -0.037280302,
    -0.04120788,
    -0.0019034097,
    0.005467725,
    0.015441077,
    0.029203432,
    0.005471684,
    -0.047415983,
    0.02419894,
    -0.029615194,
    -0.011711463,
    -0.031705678,
    0.082669154,
    0.042063076,
    0.028142354,
    0.03978255,
    0.014546286,
    -0.0035257125,
    -0.0151956035,
    -0.011790648,
    -0.04095449,
    -0.007637394,
    0.021950085,
    -0.03290929,
    -0.0022805282,
    -0.16052385,
    -0.027334666,
    0.004220561,
    -0.016438808,
    0.022250988,
    0.000760671,
    -0.030597089,
    -0.021886736,
    0.010840428,
    0.023533786,
    -0.026020195,
    -0.0008799434,
    -0.015734062,
    0.027223807,
    0.012804216,
    0.022219313,
    -0.074877344,
    0.02625775,
    0.057963427,
    0.0038424525,
    -0.07012624,
    0.027097112,
    0.038135502,
    -0.048271183,
    0.029821075,
    0.028395744,
    -0.03344775,
    -0.0270496,
    -0.047891095,
    -0.04507211,
    0.04136625,
    0.0349681,
    -0.012305351,
    -0.0667688,
    -0.024610702,
    -0.112569414,
    0.058406863,
    -0.039244093,
    0.08000854,
    0.018830195,
    0.0075344536,
    -0.008742025,
    0.0121549,
    0.03164233,
    0.09609893,
    0.05394083,
    -0.037692066,
    0.03148396,
    0.0081323,
    0.08007188,
    0.042601537,
    -0.09590889,
    -0.0027239644,
    -0.024547353,
    -0.030121978,
    -0.026336934,
    -0.07817144,
    -0.013580229,
    -0.021775877,
    0.021063212,
    -0.03607669,
    -0.022963652,
    -0.02630526,
    0.019257795,
    0.050678406,
    -0.044406954,
    0.11174589,
    0.01024654,
    -0.024610702,
    -0.02128493,
    -0.051121842,
    -0.011339294,
    -0.04966484,
    0.0683525,
    -0.0008304528,
    0.0306446,
    0.050646733,
    -0.05989554,
    0.020097155,
    0.025260018,
    0.030296186,
    0.04342506,
    -0.0477644,
    -0.05736162,
    -0.03946581,
    -0.05986387,
    0.068669245,
    0.03048623,
    -0.008971661,
    0.04390017,
