{
  "chunk_index": 10,
  "token_start": 4500,
  "token_end": 5000,
  "text": "ội phạm và được\nxử lý bằng các biện pháp khác.\n\nĐiều 9. Phân loại tội phạm5\n\n1. Căn cứ vào tính chất và mức độ nguy hiểm cho xã hội của hành vi phạm tội được quy định trong Bộ luật này, tội phạm được phân\nthành 04 loại sau đây:\n\na) Tội phạm ít nghiêm trọng là tội phạm có tính chất và mức độ nguy hiểm cho xã hội không lớn mà mức cao nhất của khung hình phạt\ndo Bộ luật này quy định đối với tội ấy là phạt tiền, phạt cải tạo không giam giữ hoặc phạt tù đến 03 năm;\n\nb) Tội phạm nghiêm trọng là tội phạm có tính chất và mức độ nguy hiểm cho xã hội lớn mà mức cao nhất của khung hình phạt do Bộ\nluật này quy định đối với tội ấy là từ trên 03 năm tù đến 07 năm tù;\n\nc) Tội phạm rất nghiêm trọng là tội phạm có tính chất và mức độ nguy hiểm cho xã hội rất lớn mà mức cao nhất của khung hình phạt do\nBộ luật này quy định đối với tội ấy là từ trên 07 năm tù đến 15 năm tù;\n\nd) Tội phạm đặc biệt nghiêm trọng là tội phạm có tính chất và mức độ nguy hiểm cho xã hội đặc biệt lớn mà mức cao nh",
  "embedding": [
    -0.00016274348,
    -0.011996096,
    -0.06688733,
    -0.07137598,
    0.001770175,
    -0.007776126,
    0.037047233,
    0.00532633,
    0.04005021,
    0.008210767,
    -0.015805133,
    -0.041915216,
    0.015552252,
    -0.06442172,
    -0.04640387,
    -0.14186688,
    0.10140574,
    -0.027311271,
    0.098181486,
    0.0050971555,
    -0.021321125,
    0.04374861,
    0.10753813,
    -0.008424136,
    -0.013252605,
    0.021510787,
    -0.022142991,
    -0.019629976,
    0.059806626,
    -0.023691894,
    0.0051801326,
    -0.01702213,
    -0.015805133,
    -0.015188733,
    0.0055673583,
    -0.020736335,
    -0.003826818,
    0.006594692,
    0.0019203237,
    -0.09369283,
    -0.0732726,
    0.020973412,
    0.019392898,
    0.01887133,
    0.05468576,
    -0.052220162,
    0.0024735034,
    0.07934177,
    -0.050355155,
    -0.011134717,
    0.025714952,
    0.008779752,
    0.06676088,
    -0.0034494703,
    0.10260693,
    -0.16677576,
    0.05206211,
    0.009965137,
    0.04482336,
    0.019171627,
    0.023265157,
    -0.0400186,
    -0.0073414845,
    -0.033348832,
    -0.011759019,
    -0.023233546,
    0.06537003,
    -0.0661919,
    0.062272225,
    0.027564153,
    -0.09394571,
    -0.017401451,
    0.012217368,
    0.011403404,
    0.09400893,
    -0.02546207,
    -0.013758369,
    -0.025920419,
    -0.050260324,
    0.024118634,
    0.114049844,
    -0.010739588,
    -0.0132130915,
    0.07693939,
    -0.02256973,
    0.082060255,
    0.047605064,
    0.0044649504,
    0.040808853,
    0.032463744,
    0.019440314,
    0.049817782,
    0.022301042,
    -0.07959465,
    0.0032222716,
    -0.046309043,
    -0.01065266,
    -0.020546673,
    -0.03676274,
    -0.0029871701,
    -0.0122647835,
    -0.03228989,
    0.031610265,
    -0.007056992,
    -0.007436315,
    0.018492006,
    -0.010178506,
    0.039007068,
    -0.0029516087,
    0.00079272623,
    0.012027707,
    0.013292117,
    -0.020641504,
    -0.16917814,
    0.012849573,
    0.016706025,
    0.0064208354,
    -0.10216438,
    0.00052749633,
    0.052536264,
    -0.028275384,
    0.0018353711,
    -0.072956495,
    -0.08047974,
    -0.0010658586,
    -0.09015248,
    0.012976015,
    0.039323173,
    -0.07093344,
    0.056361105,
    -0.017938826,
    -0.044444036,
    -0.002663165,
    -0.028702123,
    0.010692173,
    0.0064366404,
    0.0014461697,
    -0.01675344,
    -0.029286912,
    0.04769989,
    -0.062430277,
    -0.016326703,
    -0.037679438,
    0.06451655,
    -0.023881556,
    -0.098434374,
    0.027421907,
    -0.038280033,
    0.017749164,
    -0.025446264,
    -0.016050113,
    -0.045740057,
    0.017938826,
    -0.012817963,
    -0.014659261,
    -0.0403347,
    0.011087301,
    -0.016342508,
    -0.0004951452,
    -0.003870282,
    -0.031673487,
    0.030140389,
    -0.016800856,
    -0.040682413,
    -0.0019667512,
    0.028875979,
    -0.01096086,
    0.055349577,
    -0.02176367,
    -0.05345296,
    0.067203425,
    -0.023486428,
    0.00979128,
    -0.012912794,
    -0.03211603,
    -0.007155774,
    0.020673115,
    -0.023375792,
    -0.01573401,
    -0.09394571,
    0.0035047883,
    0.017338231,
    0.08345111,
    0.0028370214,
    -0.0119486805,
    0.00431085,
    0.0021791328,
    0.0015321102,
    0.01009948,
    0.02780123,
    -0.021115659,
    -0.004978617,
    -0.007056992,
    0.06543325,
    -0.033664934,
    -0.030519713,
    0.015489031,
    0.0153942,
    0.032195058,
    -0.0057846787,
    0.047510233,
    0.019392898,
    -0.047510233,
    -0.03809037,
    0.012335907,
    -0.036130536,
    0.03805876,
    0.0050576427,
    0.009467275,
    -0.020546673,
    0.022222018,
    0.03309595,
    -0.0366363,
    -0.014208815,
    0.03303273,
    0.041851994,
    -0.02029379,
    -0.04867981,
    -0.018744888,
    0.023533843,
    -0.021637227,
    -0.0415675,
    0.015157123,
    0.008258183,
    0.02078375,
    -0.044033103,
    -0.015504836,
    -0.022980664,
    -0.0027145317,
    -0.00049440435,
    -0.01831815,
    0.008669116,
    -0.01718018,
    -0.008258183,
    0.029871702,
    0.007946031,
    -0.00948308,
    0.00726641,
    0.057562295,
    -0.0058004837,
    0.12934922,
    -0.020499257,
    -0.0077208076,
    0.044602085,
    0.0027994842,
    -0.028275384,
    0.009261808,
    -0.024197659,
    -0.027785424,
    0.02324935,
    -0.04855337,
    -0.020357013,
    0.008613798,
    -0.034644853,
    0.015220343,
    -0.007946031,
    0.00028251676,
    -0.006815964,
    0.033822987,
    0.0009986869,
    0.02481406,
    -0.020467648,
    -0.014232523,
    -0.024371516,
    0.04400149,
    0.06040722,
    0.12277427,
    -0.025224993,
    -0.028986614,
    -0.038912237,
    0.013339533,
    -0.0018166025,
    0.014943753,
    0.005010227,
    0.12669395,
    0.031847343,
    -0.0049470067,
    0.0128653785,
    0.018887134,
    -0.0076891975,
    -0.025809783,
    0.0044807554,
    0.018333955,
    -0.0005171242,
    -0.02543046,
    0.018855523,
    0.027089998,
    -0.011031983,
    0.01767014,
    -0.008645408,
    0.055254746,
    0.047099296,
    0.0132130915,
    -0.009016829,
    -0.052820757,
    0.0005773813,
    -0.01896616,
    0.013102456,
    0.035087395,
    0.015599667,
    -0.03777427,
    0.011648383,
    0.021052437,
    0.07068056,
    -0.073904805,
    -0.03228989,
    -0.016358312,
    0.004516317,
    0.0040342603,
    0.018571032,
    0.04735218,
    0.036130536,
    0.027643178,
    0.02721644,
    0.015568056,
    0.06012273,
    0.03192637,
    0.016547974,
    -0.022000745,
    0.007795882,
    0.03315917,
    0.08338788,
    -0.14945334,
    0.020894386,
    -0.095273346,
    0.015568056,
    0.00948308,
    0.04011343,
    0.010581537,
    0.06777241,
    -0.06922648,
    -0.0030405126,
    0.08117516,
    0.00683572,
    -0.046593532,
    -0.06947937,
    -0.052599482,
    0.072703615,
    -0.055823732,
    0.022775197,
    -0.05073448,
    -0.054907035,
    0.009277613,
    0.045518786,
    0.05806806,
    -0.007151823,
    -0.06739309,
    0.00072308484,
    -0.032779846,
    -0.11019339,
    -0.023628674,
    -0.023201935,
    0.016943103,
    0.0803533,
    0.043053184,
    0.040966906,
    -0.002333233,
    0.014366866,
    0.07283005,
    -0.031815734,
    -0.042041656,
    0.034518413,
    0.010210116,
    0.03669952,
    -0.08882485,
    -0.03799554,
    -0.006053366,
    0.007448169,
    0.029318523,
    -0.009909819,
    0.0366363,
    -0.08357754,
    0.049122356,
    -0.089520276,
    0.10026777,
    -0.008708629,
    -0.08269246,
    0.031878956,
    -0.031136112,
    -0.03657308,
    -0.0044926093,
    0.026584234,
    -0.036478247,
    0.008977315,
    -0.03020361,
    -0.002287793,
    -0.0034751538,
    -0.06486427,
    0.06186129,
    -0.020641504,
    0.02614169,
    0.05791001,
    0.0019934224,
    0.023391597,
    0.067203425,
    -0.013892712,
    0.00883507,
    0.048142437,
