{
  "chunk_index": 224,
  "token_start": 100800,
  "token_end": 101300,
  "text": "nh tại Điều 188\nvà Điều 189 của Bộ luật này;\n\nh) Câu kết với người gửi hàng để nhập khẩu hàng hóa, nếu không thuộc trường hợp quy định tại Điều 188 và Điều 189 của Bộ luật này;\n\ni) Sử dụng hàng hóa thuộc đối tượng không chịu thuế, miễn thuế, xét miễn thuế không đúng mục đích quy định mà không khai báo việc\nchuyển đổi mục đích sử dụng với cơ quan quản lý thuế.\n\f2. Phạm tội thuộc một trong các trường hợp sau đây, thì bị phạt tiền từ 500.000.000 đồng đến 1.500.000.000 đồng hoặc phạt tù từ 01\nnăm đến 03 năm:\n\na) Có tổ chức;\n\nb) Số tiền trốn thuế từ 300.000.000 đồng đến dưới 1.000.000.000 đồng;\n\nc) Lợi dụng chức vụ, quyền hạn;\n\nd) Phạm tội 02 lần trở lên;\n\nđ) Tái phạm nguy hiểm.\n\n3. Phạm tội trốn thuế với số tiền 1.000.000.000 đồng trở lên, thì bị phạt tiền từ 1.500.000.000 đồng đến 4.500.000.000đồng hoặc phạt\ntù từ 02 năm đến 07 năm:\n\n4. Người phạm tội còn có thể bị phạt tiền từ 20.000.000 đồng đến 100.000.000 đồng, cấm đảm nhiệm chức vụ",
  "embedding": [
    -0.0002982254,
    -0.014821907,
    0.025503987,
    -0.15295742,
    -0.0012573267,
    -0.009027814,
    0.07428411,
    -0.07641221,
    0.0036763817,
    0.050409447,
    -0.14737116,
    -0.045022685,
    -0.0063967793,
    0.010391129,
    -0.025903007,
    -0.10786823,
    0.002106282,
    -0.022910362,
    0.070027895,
    0.008021952,
    -0.014747091,
    0.0432271,
    0.24366783,
    -0.080867924,
    -0.10527461,
    0.09130893,
    -0.017373968,
    0.07947136,
    0.008391876,
    -0.10840026,
    0.002329691,
    0.06829882,
    -0.037607577,
    0.017506974,
    -0.007011934,
    -0.036211006,
    0.008051047,
    0.0167505,
    0.0038883607,
    -0.07322005,
    -0.061748248,
    -0.09795926,
    0.014223378,
    0.015262491,
    -0.02648491,
    0.018537775,
    -0.009601403,
    0.057525292,
    -0.018022375,
    -0.014273255,
    -0.0052495985,
    0.018504523,
    0.07740976,
    -0.006870615,
    0.05506467,
    -0.12861724,
    0.0077434694,
    -0.004684321,
    -0.01153831,
    0.06018542,
    0.027266324,
    0.011072787,
    0.027881479,
    -0.01374123,
    -0.021081524,
    -0.024705948,
    0.016201848,
    -0.027981233,
    0.034481924,
    -0.014622397,
    -0.04455716,
    0.004343492,
    -0.015486939,
    0.0023089088,
    0.07222251,
    -0.026734298,
    -0.039236903,
    -0.0060767327,
    0.033883393,
    0.020050723,
    0.07235551,
    -0.000122030826,
    -0.025903007,
    0.0015742561,
    0.020466369,
    0.05150675,
    -0.03624426,
    -0.018936794,
    -0.1214349,
    0.019718207,
    0.024124045,
    0.09736072,
    0.010174993,
    0,
    0.032520078,
    0.020516247,
    0.010723646,
    -0.011654691,
    0.059254374,
    -0.009584778,
    0.0043476485,
    -0.0076977485,
    -0.0012095275,
    0.035579227,
    -0.0058938484,
    -0.02502184,
    -0.011263984,
    0.047416802,
    -0.009426832,
    -0.012294784,
    -0.0010702863,
    0.0063884663,
    -0.04349311,
    -0.056095473,
    0.022660974,
    0.0014152718,
    0.013300645,
    -0.053302336,
    -0.025088342,
    0.00728626,
    -0.006845676,
    0.017972497,
    -0.007701905,
    0.015927523,
    0.021264408,
    -0.07169048,
    0.016417984,
    -0.009318764,
    -0.093038015,
    -0.040068194,
    -0.015486939,
    -0.03996844,
    -0.024888832,
    -0.0023213783,
    -0.056494493,
    -0.018338265,
    0.01217009,
    0.0027120847,
    -0.020549497,
    0.023542143,
    0.011463494,
    -0.028164117,
    0.036975794,
    -0.010158368,
    -0.02307662,
    -0.03960267,
    0.025121594,
    0.012377913,
    -0.018188633,
    0.0100669265,
    -0.001049504,
    0.016783752,
    -0.0350472,
    0.012976442,
    -0.011205794,
    -0.056494493,
    -0.02236171,
    0.10441007,
    -0.0045679403,
    0.0069121793,
    0.036211006,
    0.0070368727,
    0.006193113,
    0.040068194,
    -0.004276989,
    0.0432271,
    0.038172852,
    0.046452504,
    -0.050608955,
    -0.052870065,
    0.037275057,
    -0.016974948,
    0.024838956,
    -0.010731959,
    -0.019302562,
    -0.0046178177,
    0.025903007,
    -0.00791804,
    -0.0061806436,
    0.005640305,
    0.019834587,
    0.1051416,
    0.08226449,
    0.021264408,
    -0.0002779627,
    -0.015570068,
    -0.051007975,
    0.022345085,
    0.025038466,
    0.015046355,
    -0.03089075,
    -0.019502072,
    -0.01835489,
    0.019535324,
    -0.0073361374,
    -0.018138755,
    0.008620481,
    -0.02276073,
    0.037940092,
    0.011771072,
    -0.036177754,
    0.006459126,
    0.027881479,
    -0.025387608,
    -0.009368642,
    0.013674726,
    0.038372364,
    0.029876575,
    0.0262854,
    -0.010216558,
    0.0157197,
    -0.024290305,
    -0.0033916647,
    -0.11212444,
    -0.03508045,
    0.06121622,
    -0.01663412,
    -0.03180517,
    0.024074169,
    -0.004937865,
    0.010000423,
    -0.04405839,
    -0.009194071,
    0.0129431905,
    -0.045654465,
    0.0057026516,
    -0.0072737904,
    -0.025271226,
    -0.0048879874,
    0.010989659,
    0.03167216,
    -0.0100586135,
    -0.010008736,
    -0.0034145252,
    0.010898217,
    0.025786627,
    0.087052725,
    -0.016426297,
    -0.01835489,
    0.031106886,
    0.05543044,
    -0.014198439,
    -0.037607577,
    -0.007011934,
    -0.0109979715,
    -0.014414575,
    -0.0072156,
    0.047150787,
    0.0013279864,
    -0.044424158,
    -0.012136839,
    -0.049910672,
    0.013591597,
    -0.037142053,
    0.042728323,
    0.03920365,
    0.014838533,
    0.008994562,
    -0.03897089,
    0.053734608,
    -0.010391129,
    -0.0866537,
    -0.011529997,
    -0.04309409,
    0.02347564,
    0.080402404,
    0.004004741,
    0.05805732,
    0.03564573,
    0.009800913,
    0.0762792,
    -0.045687716,
    0.027864853,
    0.009435145,
    0.009859104,
    0.055097923,
    -0.011638065,
    0.007348607,
    -0.0032420324,
    0.0057649985,
    -0.04641925,
    -0.07149097,
    -0.042362556,
    -0.033650633,
    0.033966523,
    0.018687407,
    0.071158454,
    0.00028445717,
    -0.026867304,
    -0.043991886,
    0.025321104,
    0.03029222,
    0.019285936,
    0.0304086,
    -0.021114774,
    -0.0494784,
    -0.00097312924,
    -0.019651704,
    -0.01915293,
    0.010640517,
    -0.03326824,
    -0.01385761,
    0.0049170824,
    0.0032503454,
    -0.015270804,
    -0.0056735566,
    0.00896131,
    0.0090860035,
    0.0022569534,
    -0.010499197,
    -0.019452194,
    0.015669823,
    -0.01875391,
    -0.039303407,
    0.01740722,
    0.07893933,
    -0.008853242,
    0.04242906,
    -0.0381396,
    -0.033201735,
    0.03950292,
    0.016858568,
    0.0157197,
    -0.00027640403,
    -0.070360415,
    0.031954803,
    -0.0042562066,
    0.04186378,
    -0.019335814,
    0.05310283,
    -0.04987742,
    -0.0033688042,
    0.015885958,
    0.0046635387,
    -0.007938823,
    0.0035018106,
    -0.07714374,
    0.01887029,
    -0.0022611097,
    0.02700031,
    -0.0659712,
    -0.0070160907,
    0.072954044,
    -0.09942233,
    0.09742723,
    -0.020599375,
    0.0015202222,
    0.032935724,
    0.071823485,
    -0.0008286926,
    -0.0100419875,
    0.021680051,
    0.0032129372,
    -0.038505368,
    0.074084595,
    0.022577846,
    -0.06164849,
    -0.019768083,
    0.049345396,
    -0.10041987,
    0.0028575605,
    -0.05134049,
    -0.0021946065,
    -0.0028741863,
    -0.0027661186,
    -0.02620227,
    -0.019934343,
    0.027914729,
    0.07993688,
    -0.012336349,
    -0.0138991745,
    -0.04738355,
    0.011704568,
    -0.036610026,
    0.066869,
    -0.019103052,
    0.006230521,
    0.054499395,
    -0.0063344324,
    -0.0023961945,
    0.0044848113,
    0.042495564,
    -0.02172993,
    -0.0051955646,
    -0.00036368953,
    -0.012535858,
    0.0007533569,
    0.014240003,
    0.07740976,
    -0.020167103,
    0.029178292,
    0.04738355,
    0.020349987,
    0.07388508,
    -0.040533718,
    -0.055297434,
    -0.0031609815,
    0.10434356,
