{
  "chunk_index": 716,
  "token_start": 322200,
  "token_end": 322671,
  "text": "ành Bộ luật Hình sự số 100/2015/QH13 được quy định tại Nghị quyết số 41/2017/QH14 về việc thi hành Bộ luật Hình sự\nsố 100/2015/QH13 đã được sửa đổi, bổ sung một số điều theo Luật số 12/2017/QH14 và về hiệu lực thi hành của Bộ luật Tố tụng hình\nsự số 101/2015/QH13, Luật Tổ chức cơ quan điều tra hình sự số 99/2015/QH13, Luật Thi hành tạm giữ, tạm giam số 94/2015/QH13\nngày 20 tháng 6 năm 2017.\n\n408 Điều 3 của Luật số 12/2017/QH14 sửa đổi, bổ sung một số điều của Bộ luật Hình sự số 100/2015/QH13, có hiệu lực kể từ ngày 01\ntháng 01 năm 2018 quy định như sau:\n\n“Điều 3. Hiệu lực thi hành\n\nLuật này có hiệu lực thi hành từ ngày 01 tháng 01 năm 2018”.\n\n409 Cụm từ “ngày 01 tháng 7 năm 2016” được thay thế bằng cụm từ “ngày 01 tháng 01 năm 2018” theo quy định tạiđiểm x khoản 2\nĐiều 2 của Luật số 12/2017/QH14 sửa đổi, bổ sung một số điều của Bộ luật Hình sự số 100/2015/QH13, có hiệu lực kể từ ngày 01\ntháng 01 năm 2018.\n",
  "embedding": [
    -0.00016388562,
    -0.08350635,
    -0.039771326,
    0.009749685,
    0.0012008657,
    -0.0065459777,
    -0.00062825007,
    -0.02183392,
    0.027997805,
    0.0851187,
    -0.05791028,
    -0.037991025,
    -0.004152644,
    0.00055686996,
    -0.08243145,
    -0.17144667,
    0.04759795,
    -0.003218404,
    0.0319615,
    0.0046984917,
    0.0029307841,
    0.088746496,
    0.11239431,
    0.007990375,
    -0.08988857,
    0.0757805,
    -0.008649592,
    0.06375505,
    0.008641195,
    0.0057062116,
    -0.0528045,
    -0.016518202,
    0.066677436,
    -0.058750045,
    0.004522141,
    0.03003004,
    0.05901877,
    -0.009489358,
    0.001907319,
    0.006386422,
    -0.0134110665,
    -0.022488939,
    -0.053140406,
    -0.013402669,
    0.01810536,
    0.035135817,
    -0.010295534,
    0.040543914,
    -0.020775815,
    0.011446013,
    0.011513195,
    0.058850814,
    -0.044272475,
    -0.007482317,
    -0.013495043,
    -0.22976004,
    -0.015418108,
    0.004263913,
    -0.009741288,
    0.048941575,
    -0.0032855852,
    -0.007553697,
    0.027493946,
    -0.032280613,
    -0.019029101,
    -0.011429218,
    0.025965571,
    -0.093180455,
    0.004862246,
    -0.0004791916,
    -0.08713414,
    0.093382,
    -0.063553505,
    -0.010177966,
    0.04605278,
    -0.022069056,
    -0.030197993,
    0.020120798,
    0.026284682,
    -0.008918317,
    0.03715126,
    -0.081155,
    -0.0057817902,
    0.0047320826,
    0.0070288433,
    0.0186764,
    0.0326837,
    0.003774749,
    -0.018525243,
    -0.006487194,
    0.037050486,
    -0.012310972,
    0.08532025,
    0.024655536,
    0.0049336264,
    0.0037558542,
    -0.029710928,
    -0.036580216,
    -0.0010203159,
    0.001343626,
    0.02618391,
    -0.0513601,
    -0.020456705,
    0.013621008,
    -0.037016895,
    -0.015527277,
    -0.02356384,
    0.003354866,
    0.014561546,
    0.0012050645,
    0.025192985,
    0.018961921,
    0.0040035853,
    -0.06953264,
    -0.010832984,
    0.002687252,
    0.09358355,
    -0.012697265,
    -0.015636446,
    0.071279354,
    -0.022673687,
    0.027141243,
    0.041282907,
    0.01325151,
    0.03936824,
    -0.009438972,
    -0.024252448,
    0.04356707,
    -0.09882369,
    0.008666387,
    0.015476891,
    0.012982786,
    0.005760796,
    -0.015594458,
    -0.044238884,
    -0.020171184,
    0.007620878,
    0.02122929,
    -0.040073644,
    0.016526598,
    -0.008347276,
    -0.031054555,
    0.006764317,
    0.0077132527,
    -0.045145832,
    -0.020792611,
    0.014309616,
    0.040711865,
    0.023412682,
    0.0037684508,
    0.004593521,
    -0.020120798,
    -0.031020964,
    0.03624431,
    -0.021548402,
    -0.06419173,
    0.0032477959,
    -0.055122253,
    -0.047396403,
    0.02564646,
    -0.015174575,
    -0.020137593,
    -0.02520978,
    0.0057775914,
    0.01375537,
    0.051225737,
    -0.07846776,
    -0.029509384,
    -0.0240677,
    -0.029727723,
    0.032582927,
    -0.02532735,
    -0.019852074,
    0.041753177,
    -0.032952424,
    -0.026822133,
    0.010261943,
    -0.012159814,
    0.0015220762,
    -0.06912956,
    -0.011471206,
    -0.028434483,
    0.022791255,
    -0.006407416,
    -0.043701433,
    0.054618392,
    0.0111353,
    0.029509384,
    0.03883079,
    0.008380867,
    -0.07887084,
    -0.05508866,
    0.0077846325,
    0.03394335,
    -0.032196637,
    -0.004066568,
    -0.03832693,
    0.066509485,
    0.026368659,
    -0.0019734506,
    0.006911276,
    0.016627371,
    0.07443687,
    -0.014569944,
    0.01857563,
    -0.026654178,
    -0.036781758,
    0.00065816677,
    0.017618295,
    -0.0319615,
    0.022186624,
    -0.067013346,
    -0.058447726,
    -0.0653674,
    -0.011882692,
    0.037084077,
    -0.033708215,
    -0.011479604,
    0.0132179195,
    0.008884726,
    -0.012369756,
    -0.022472143,
    -0.030685056,
    0.03469914,
    -0.02930784,
    0.04769872,
    -0.026351864,
    0.0155188795,
    0.027561126,
    0.03923388,
    0.11199122,
    -0.009674107,
    -0.036613807,
    0.0045347377,
    -0.005542457,
    -0.0014108073,
    -0.031625595,
    0.0087083755,
    -0.01961694,
    0.09647234,
    0.040476732,
    0.008326282,
    0.04830335,
    0.001099044,
    -0.014057687,
    -0.020372728,
    0.0052527376,
    0.0013467751,
    0.012546107,
    0.008649592,
    -0.08196118,
    -0.018609218,
    -0.013881335,
    -0.02302639,
    -0.026956495,
    -0.0186764,
    0.009741288,
    -0.022102647,
    -0.007562095,
    0.013453054,
    0.020204775,
    -0.019096283,
    -0.0251426,
    -0.004664901,
    0.05696974,
    -0.051595233,
    -0.009254224,
    -0.0006471448,
    0.0040413747,
    -0.0014202546,
    0.0037033688,
    -0.0765195,
    0.023160752,
    0.027040472,
    0.13664676,
    0.029005524,
    0.0019283132,
    -0.013167534,
    0.020053618,
    -0.038226157,
    -0.007377346,
    -0.023882952,
    0.042592943,
    0.016501406,
    0.05290527,
    0.00012701463,
    0.07013727,
    -0.002410129,
    -0.018323699,
    -0.0075369016,
    0.023227934,
    -0.043096803,
    0.0047866674,
    0.0061428896,
    -0.099629864,
    0.089351125,
    0.03876361,
    -0.027930623,
    0.02883757,
    0.009329802,
    0.034934275,
    0.012840025,
    -0.015896775,
    0.034934275,
    -0.042189855,
    -0.020658249,
    -0.0022862635,
    -0.022001874,
    0.03261652,
    0.06926391,
    -0.0061932756,
    0.013772165,
    0.042592943,
    -0.048068218,
    -0.029458998,
    0.013537031,
    0.054786347,
    0.066778205,
    -0.0015850588,
    0.022421757,
    0.08330481,
    0.10869934,
    -0.01630826,
    -0.009665709,
    -0.09620362,
    0.047295634,
    -0.015082201,
    -0.012546107,
    -0.013268306,
    0.11461129,
    -0.0025654857,
    0.009019089,
    0.029005524,
    -0.017097639,
    -0.011017732,
    -0.053106815,
    0.0019482576,
    0.08747005,
    -0.0124705285,
    0.027779466,
    -0.051528055,
    -0.034279257,
    0.07752722,
    -0.023647817,
    -0.023362296,
    0.07107781,
    0.12267305,
    -0.03899874,
    0.019902458,
    0.006776913,
    0.105743356,
    -0.036781758,
    -0.039502602,
    0.085185885,
    -0.010673428,
    -0.004209328,
    0.008347276,
    0.0096489135,
    -0.0034577374,
    -0.05179678,
    0.024084495,
    -0.041316498,
    -0.034245666,
    0.03397694,
    0.015821194,
    -0.033926554,
    -0.0387972,
    0.07625077,
    0.04816899,
    -0.06271374,
    -0.021850716,
    -0.045649692,
    0.0050050067,
    -0.045448147,
    -0.04924389,
    0.04349989,
    -0.010186364,
    0.047329225,
    0.009741288,
    0.018323699,
    0.016383838,
    0.114409745,
    -0.0064284103,
    0.064057365,
    -0.00023421604,
    -0.019129874,
    -0.030080425,
    -0.093180455,
    0.005689416,
    -0.0046565034,
    0.023076775,
    0.013041569,
    0.014032493,
    -0.094792806,
    0.07013727,
    -0.009287815,
    0.005886761,
    0.06412455,
    0.007247182,
    -0.054752756,
