{
  "chunk_index": 232,
  "token_start": 104400,
  "token_end": 104900,
  "text": "n có thể bị cấm đảm nhiệm chức vụ hoặc làm công việc nhất định từ 01 năm đến 05 năm.\n\nĐiều 205. Tội lập quỹ trái phép\n\n1. Người nào lợi dụng chức vụ, quyền hạn lập quỹ trái quy định của pháp luật và đã sử dụng quỹ đó gây thiệt hại cho tài sản của Nhà\nnước từ 50.000.000 đồng đến dưới 200.000.000 đồng hoặc đã bị xử lý kỷ luật về hành vi này mà còn vi phạm, thì bị phạt tiền từ\n50.000.000 đồng đến 100.000.000 đồng hoặc phạt cải tạo không giam giữ đến 03 năm.\n\n2. Phạm tội thuộc một trong các trường hợp sau đây, thì bị phạt tiền từ 100.000. 000 đồng đến 500.000.000 đồng hoặc phạt tù từ 01\nnăm đến 05 năm:\n\na) Dùng thủ đoạn xảo quyệt để trốn tránh việc kiểm soát;\n\nb) Để thực hiện hành vi vi phạm pháp luật khác;\n\nc) Gây thiệt hại cho tài sản của Nhà nước từ 200.000.000 đồng đến dưới 1.000.000.000 đồng.\n\n3. Phạm tội gây thiệt hại cho tài sản của Nhà nước từ 1.000.000.000 đồng trở lên, thì bị phạt tù từ 05 năm đến 10 năm.\n\n4. Người phạm tội",
  "embedding": [
    -0.0007209936,
    0.0030083,
    -0.104704656,
    -0.028090024,
    -0.0030798812,
    0.065463014,
    0.04303922,
    -0.0013948942,
    0.0069320872,
    0.04370229,
    -0.10325796,
    -0.09162411,
    0.0066156224,
    0.024458213,
    -0.0134723615,
    -0.13574836,
    0.101750985,
    0.013977198,
    0.11109424,
    -0.0005900751,
    0.0016642661,
    0.062268227,
    0.15178257,
    -0.021866215,
    -0.029114766,
    0.086560674,
    -0.029792907,
    -0.0027671838,
    0.0064197155,
    0.04617373,
    -0.07571045,
    -0.002812393,
    -0.03571532,
    -0.02029896,
    -0.001657673,
    -0.020208541,
    -0.051357724,
    -0.0028764396,
    -0.012432548,
    -0.026206303,
    0.0064611575,
    0.05476349,
    0.013969663,
    0.03206844,
    0.12073888,
    -0.06709055,
    -0.008205482,
    0.042677548,
    -0.06805501,
    -0.025799422,
    0.027426954,
    0.0144745,
    0.09771229,
    -0.010111806,
    0.031827323,
    -0.13140826,
    0.052503027,
    -0.005006926,
    0.0070187384,
    0.12290892,
    0.0052367398,
    -0.02037431,
    0.051538564,
    -0.004106508,
    -0.01135506,
    -0.042647406,
    -0.0590433,
    -0.014263523,
    0.00985562,
    -0.058199394,
    -0.086199,
    -0.14949197,
    -0.032912344,
    0.045239404,
    0.017541194,
    -0.040778756,
    -0.008288366,
    0.008868551,
    0.09035825,
    0.026824163,
    -0.0058583673,
    -0.015732825,
    0.013849105,
    -0.08427007,
    0.066728875,
    0.068416685,
    0.0043287873,
    0.019500263,
    -0.011302317,
    0.046234008,
    0.031164253,
    0.077579096,
    0.033635695,
    -0.0025279515,
    0.0029272998,
    -0.0023452307,
    -0.028014675,
    0.0012084059,
    0.020208541,
    -0.004411671,
    -0.0044945544,
    -0.06600553,
    0.03496183,
    -0.008032179,
    -0.019259147,
    -0.0034942995,
    -0.025603514,
    0.030561464,
    0.034750856,
    0.012816827,
    0.0006880285,
    0.005613484,
    -0.07595157,
    0.004664089,
    -0.012492827,
    0.034931693,
    0.016064359,
    -0.04743959,
    -0.0002632498,
    -0.09373388,
    -0.0066532968,
    0.07426375,
    -0.005779251,
    0.01357785,
    0.0046904613,
    -0.04047736,
    -0.006479995,
    -0.0050521353,
    -0.07950803,
    0.006491297,
    0.020193473,
    -0.07040589,
    -0.024171887,
    0.0020777425,
    -0.021851145,
    0.033515137,
    0.036468808,
    0.037162017,
    -0.07691603,
    0.05307568,
    -0.029205186,
    0.0003355375,
    0.027396815,
    0.026794024,
    -0.045450382,
    -0.032912344,
    0.032821927,
    -0.042798106,
    -0.003543276,
    0.0068077617,
    0.054522373,
    -0.01720966,
    -0.019289287,
    0.013118221,
    -0.06817557,
    -0.011144084,
    -0.03502211,
    0.026161095,
    0.022288168,
    0.006276553,
    0.019002961,
    0.018535798,
    -0.040959593,
    -0.015838312,
    0.00087027834,
    0.03502211,
    0.018746775,
    0.04677652,
    -0.027366675,
    -0.01654659,
    -0.027924256,
    -0.0038051133,
    -0.027351605,
    0.0036694854,
    0.014029942,
    -0.0001541118,
    -0.009343248,
    -0.06624664,
    0.0064084134,
    0.018837193,
    0.037222296,
    0.01779738,
    0.115253486,
    0.0047319033,
    0.013299059,
    -0.017706962,
    -0.03200816,
    0.014903988,
    0.033695973,
    0.04979047,
    0.013788826,
    -0.04614359,
    0.010066597,
    0.044516057,
    -0.017752172,
    -0.021278495,
    0.0090267835,
    -0.06281074,
    -0.026070677,
    -0.017300079,
    0.04252685,
    0.044787314,
    0.09053909,
    -0.0025562071,
    -0.015747894,
    -0.030983416,
    0.020449657,
    0.015431429,
    0.03261095,
    -0.01965096,
    0.010262503,
    -0.044003684,
    -0.05024256,
    0.022333378,
    -0.007700645,
    0.04117057,
    -0.022981377,
    -0.04056778,
    0.045842197,
    0.003592253,
    0.0070074364,
    -0.0040575317,
    -0.014738221,
    0.013283989,
    0.015032081,
    -0.0247144,
    -0.036107134,
    0.021805936,
    0.052623585,
    -0.012507897,
    0.011400269,
    0.035413925,
    -0.031495787,
    -0.024669189,
    -0.01167906,
    -0.0022453936,
    0.094336666,
    0.011083805,
    0.037855227,
    0.015597196,
    0.1180866,
    -0.03710174,
    0.008725388,
    0.026824163,
    -0.03264109,
    -0.0009889527,
    0.0073653427,
    -0.02157989,
    0.0075838543,
    -0.02457877,
    -0.022514215,
    -0.009606969,
    0.0022793005,
    -0.027562583,
    0.049519215,
    -0.0008679237,
    -0.0058545996,
    0.0025769281,
    -0.01909338,
    0.08903211,
    0.060610555,
    -0.083787836,
    0.0020118123,
    -0.024774678,
    -0.0008029354,
    0.024774678,
    0.06214767,
    -0.03179718,
    0.021399053,
    0.019997565,
    0.025136352,
    -0.080351934,
    -0.0012884641,
    -0.01416557,
    0.0049391123,
    0.021459332,
    -0.0048976704,
    -0.021625098,
    -0.017511055,
    -0.031164253,
    -0.03312332,
    0.028798303,
    0.10530745,
    0.004200694,
    0.010051527,
    -0.068115294,
    0.09843564,
    0.02512128,
    0.016380824,
    0.0064686923,
    0.0042308336,
    0.008235621,
    0.0073540406,
    -0.0066570644,
    0.041050013,
    -0.021067517,
    -0.0221224,
    -0.0029725092,
    -0.008115063,
    -0.009448737,
    0.0048034843,
    -0.0060844137,
    0.027351605,
    -0.01651645,
    -0.01971124,
    -0.030892998,
    -0.005176461,
    -0.016968545,
    -0.058259673,
    0.04234601,
    0.018731706,
    0.04234601,
    0.013027803,
    -0.030606672,
    -0.07118952,
    0.003699625,
    -0.007143064,
    0.081436954,
    -0.02646249,
    0.005119949,
    -0.005538135,
    0.06823585,
    0.0058357627,
    0.025573375,
    0.049006842,
    0.032128718,
    0.07486654,
    0.015318406,
    -0.037403133,
    0.065342456,
    -0.014723151,
    0.043400895,
    0.09102132,
    0.040115688,
    -0.033575416,
    -0.009712457,
    -0.04177336,
    0.028511977,
    -0.0121688275,
    -0.031616345,
    -0.07980942,
    0.04129113,
    -0.0045774383,
    -0.06540274,
    0.010669387,
    -0.0395129,
    0.083486445,
    0.04059792,
    -0.09590392,
    -0.040959593,
    0.044455778,
    -0.011784549,
    0.04988089,
    -0.021730587,
    -0.048554752,
    0.07486654,
    -0.05280442,
    0.0072786915,
    0.078362726,
    -0.08463175,
    0.0072786915,
    0.024955515,
    -0.011490689,
    -0.025362398,
    -0.03137523,
    0.009735062,
    0.007553715,
    0.016787708,
    0.07323901,
    -0.048223216,
    0.0012131153,
    -0.071852595,
    0.019470124,
    -0.05470321,
    0.06757278,
    0.0010850223,
    0.0041592526,
    -0.010006318,
    -0.035474204,
    -0.028587326,
    -0.004087671,
    0.08903211,
    -0.009591899,
    0.062388785,
    0.0007483075,
    0.010398131,
    -0.02763793,
    -0.009200086,
    0.117423534,
    0.003215509,
    -0.013879244,
    0.009185016,
    0.0038484386,
    0.0021568588,
    0.069682546,
    -0.06986339,
    -0.013412082,
    0.034208342,
