{
  "chunk_index": 519,
  "token_start": 233550,
  "token_end": 234050,
  "text": "ại về tài sản 50.000.000 đồng trở lên;\n\nđ) Tái phạm nguy hiểm.\n\nĐiều 331. Tội lợi dụng các quyền tự do dân chủ xâm phạm lợi ích của Nhà nước, quyền, lợi ích hợp pháp của tổ chức, cá\nnhân\n\n1. Người nào lợi dụng các quyền tự do ngôn luận, tự do báo chí, tự do tín ngưỡng, tôn giáo, tự do hội họp, lập hội và các quyền tự do\ndân chủ khác xâm phạm lợi ích của Nhà nước, quyền, lợi ích hợp pháp của tổ chức, cá nhân, thì bị phạt cảnh cáo, phạt cải tạo không\ngiam giữ đến 03 năm hoặc phạt tù từ 06 tháng đến 03 năm.\n\n2. Phạm tội gây ảnh hưởng xấu đến an ninh, trật tự, an toàn xã hội, thì bị phạt tù từ 02 năm đến 07 năm.\n\nĐiều 332. Tội trốn tránh nghĩa vụ quân sự\n\n1. Người nào không chấp hành đúng quy định của pháp luật về đăng ký nghĩa vụ quân sự, không chấp hành lệnh gọi nhập ngũ, lệnh gọi\ntập trung huấn luyện, đã bị xử phạt vi phạm hành chính về hành vi này hoặc đã bị kết án về tội này, chưa được xóa án tích mà còn",
  "embedding": [
    -0.0004483484,
    0.046849076,
    -0.072558194,
    -0.062384207,
    -0.00066300354,
    -0.0002900938,
    0.014133922,
    -0.04486911,
    0.020881042,
    0.028069846,
    -0.05601785,
    -0.069999464,
    0.008909854,
    0.011445736,
    -0.014545145,
    -0.09351539,
    0.10972066,
    0.026303107,
    0.06378541,
    0.009442922,
    -0.015398055,
    0.005688599,
    0.23503737,
    -0.047976136,
    0.064333715,
    0.045935247,
    -0.032075472,
    -0.080478065,
    0.085839204,
    -0.051722843,
    -0.07737104,
    -0.010052143,
    0.03250193,
    0.074142165,
    -0.0050146487,
    0.005779982,
    0.058881186,
    0.0032612348,
    0.023302695,
    0.006419664,
    -0.06823272,
    -0.0148954475,
    0.030963646,
    0.0035315766,
    0.016753571,
    -0.10825853,
    0.00034887408,
    0.007889409,
    -0.06713613,
    -0.018048165,
    0.0077104503,
    0.013486625,
    0.057144906,
    0.003948512,
    0.033111148,
    -0.106613636,
    0.076518126,
    -0.005467756,
    0.022358403,
    0.012214877,
    0.01248141,
    -0.014171998,
    0.050595786,
    -0.039812576,
    -0.012382412,
    -0.03579172,
    0.009252541,
    -0.10241001,
    0.024901899,
    -0.0051250695,
    -0.15133044,
    -0.029547207,
    -0.020576432,
    -0.0041312785,
    0.097414404,
    -0.006240705,
    -0.030049814,
    0.016951568,
    0.031770863,
    0.04489957,
    0.018657386,
    0.0034401936,
    -0.0067851963,
    -0.08833701,
    0.0012222491,
    0.02461252,
    -0.019038148,
    -0.016022507,
    -0.0698167,
    0.011590425,
    0.012923095,
    0.08218388,
    0.04864628,
    0.035669874,
    0.015915893,
    0.004005627,
    -0.029516745,
    -0.02666864,
    0.017941551,
    0.0103795985,
    0.040147647,
    -0.057906434,
    0.07907686,
    0.035091117,
    0.01012068,
    0.013182014,
    -0.023287464,
    0.009343924,
    -0.016052967,
    0.01842893,
    -0.0037429002,
    0.015032522,
    -0.05080901,
    -0.11910266,
    0.033568066,
    0.06070885,
    -0.025313122,
    0.009686611,
    -0.029714743,
    -0.018885843,
    0.011620887,
    0.035030194,
    0.0025606311,
    0.0013031613,
    -0.011072587,
    -0.032441005,
    -0.011780807,
    0.022175636,
    -0.09339354,
    0.00939723,
    -0.0387769,
    -0.00014564184,
    0.038655058,
    0.03749754,
    -0.0014383321,
    0.050626244,
    -0.016829723,
    0.0071012294,
    -0.0017115296,
    0.014316688,
    -0.005422065,
    0.04258453,
    0.010813668,
    -0.031466253,
    -0.07487323,
    -0.07298465,
    0.0018029127,
    -0.00380763,
    0.00119274,
    0.003434482,
    0.04489957,
    -0.017804477,
    -0.020317513,
    -0.010646133,
    -0.030735187,
    0.030582882,
    -0.015222904,
    0.022404093,
    0.009343924,
    -0.010204447,
    0.028785681,
    0.044473115,
    -0.043010987,
    -0.053916037,
    -0.0071316906,
    -0.0084834,
    -0.05577416,
    -0.010417676,
    -0.036279097,
    -0.0290446,
    0.005532486,
    0.028283074,
    -0.027704315,
    -0.02144457,
    0.004515849,
    -0.018596465,
    0.00023488316,
    -0.008087406,
    -0.03164902,
    -0.03661417,
    -0.009579997,
    0.015809279,
    0.10033866,
    -0.011544733,
    0.008673781,
    -0.040025804,
    -0.040635027,
    0.011537118,
    0.07158344,
    0.037619382,
    -0.006808042,
    -0.009442922,
    -0.03902059,
    0.04639216,
    -0.03545665,
    0.0026615332,
    0.011994034,
    0.0062102443,
    0.043833435,
    0.009618073,
    0.022937162,
    0.0009247781,
    0.08864162,
    0.019114302,
    -0.046757694,
    -0.033293914,
    0.012778406,
    0.026958019,
    0.005917057,
    -0.022038562,
    -0.017774016,
    -0.0077904104,
    -0.03749754,
    -0.07127883,
    0.020622123,
    0.03372037,
    -0.011042126,
    -0.043924816,
    0.0028366842,
    -0.034085903,
    0.031801324,
    0.02698848,
    -0.032837,
    0.015207673,
    -0.020012902,
    -0.015626512,
    0.0053421045,
    0.0072649578,
    -0.031557634,
    0.013052555,
    -0.029867047,
    -0.025160817,
    -0.009717071,
    -0.010684209,
    0.022663012,
    0.018824922,
    0.058241505,
    -0.025023744,
    0.00043478372,
    0.0645774,
    0.04630078,
    -0.041883927,
    -0.008818471,
    0.034238208,
    -0.029973662,
    -0.03108549,
    0.012260568,
    -0.019495064,
    -0.018230932,
    -0.059459947,
    -0.03286746,
    -0.014057769,
    -0.022206098,
    -0.050534863,
    0.023850992,
    0.013098246,
    0.010272985,
    -0.06628322,
    -0.006179783,
    0.09497752,
    0.05013887,
    -0.049164116,
    0.032684695,
    -0.020576432,
    0.024018528,
    -0.04779337,
    0.131348,
    -0.016357578,
    0.05833289,
    0.0038913977,
    0.0580892,
    -0.049438264,
    -0.03545665,
    0.011948342,
    -0.037619382,
    0.034451436,
    0.0029261636,
    0.023805302,
    0.013882618,
    -0.018124318,
    -0.012747944,
    0.021155192,
    -0.0019476026,
    -0.012054956,
    0.008262557,
    -0.0020694467,
    0.09101758,
    0.025693886,
    0.026013726,
    0.007219266,
    0.00041883928,
    -0.037375696,
    -0.00040694044,
    0.032045014,
    0.036796935,
    0.023348385,
    0.03685786,
    0.0064234715,
    0.025313122,
    -0.0040360875,
    -0.0005254529,
    -0.032227777,
    -0.015519899,
    0.015748357,
    -0.013897849,
    0.0045196568,
    0.013836927,
    0.0019990057,
    -0.08370693,
    -0.008117867,
    0.017256178,
    0.03816768,
    -0.0029794704,
    -0.025495889,
    -0.035913564,
    0.006172168,
    0.0049232654,
    0.0220081,
    -0.03170994,
    -0.021596877,
    0.013578008,
    0.08114821,
    0.014925909,
    0.06317619,
    -0.043163292,
    0.03911197,
    0.059155338,
    0.008628089,
    -0.055104017,
    0.041274708,
    0.053794194,
    0.058607038,
    0.10502966,
    0.016768802,
    0.0098313,
    -0.04724507,
    -0.042127617,
    0.041457474,
    -0.008437708,
    -0.032410543,
    -0.006903233,
    -0.041183323,
    0.06067839,
    0.059673175,
    0.08145282,
    -0.01085936,
    0.06823272,
    0.030887494,
    -0.052667137,
    -0.0849863,
    0.005966556,
    -0.0045539252,
    0.041731622,
    -0.01318963,
    -0.061531298,
    0.08328048,
    0.035304345,
    0.034299128,
    0.08906808,
    -0.0626279,
    0.019144762,
    -0.08041714,
    0.017834937,
    0.025739577,
    -0.06524754,
    0.010052143,
    0.012313874,
    0.0105547495,
    -0.018687848,
    -0.10094788,
    0.02375961,
    -0.07249727,
    0.0147736035,
    -0.069390245,
    0.117701456,
    -0.017576018,
    -0.017865399,
    0.008719472,
    -0.04377251,
    0.028983679,
    -0.031770863,
    0.0387769,
    0.019251376,
    0.039051052,
    0.04422943,
    -0.017408483,
    -0.00806456,
    -0.0030384886,
    0.026638178,
    0.0019485545,
    -0.014293842,
    -0.048524436,
    -0.054982174,
    -0.013844542,
    0.037467077,
    -0.056535687,
    0.0015163886,
    0.091687724,
    -0.015626512,
    0.007558145,
    -0.0034211553,
