{
  "chunk_index": 298,
  "token_start": 134100,
  "token_end": 134600,
  "text": " từ 01 năm đến 03 năm.\n\nĐiều 233. Tội vi phạm quy định về quản lý rừng195\n\n1. Người nào lợi dụng hoặc lạm dụng chức vụ, quyền hạn thực hiện một trong các hành vi sau đây, thì bị phạt cải tạo không giam giữ\nđến 03 năm hoặc phạt tù từ 06 tháng đến 03 năm:\n\na) Giao rừng, thu hồi rừng, cho thuê rừng trái pháp luật từ 20.000 mét vuông (m2) đến dưới 25.000 mét vuông (m2) đối với rừng sản\nxuất; từ 15.000 mét vuông (m2) đến dưới 20.000 mét vuông (m2) đối với rừng phòng hộ hoặc từ 10.000 mét vuông (m2) đến dưới 15.000\nmét vuông (m2) đối với rừng đặc dụng;\n\nb) Cho phép chuyển mục đích sử dụng rừng trái pháp luật từ 10.000 mét vuông (m2) đến dưới 12.500 mét vuông (m2) đối với rừng sản\nxuất; từ 7.500 mét vuông (m2) đến dưới 10.000 mét vuông (m2) đối với rừng phòng hộ hoặc từ 5.000 mét vuông (m2) đến dưới 7.500 mét\nvuông (m2) đối với rừng đặc dụng;\n\nc) Cho phép khai thác, vận chuyển lâm sản trái pháp luật thuộc một trong các trường hợp quy đ",
  "embedding": [
    -0.0002838639,
    -0.08895594,
    -0.107859075,
    -0.039997466,
    -0.0010669807,
    0.09412323,
    0.050855324,
    0.016221376,
    0.012697479,
    -0.020211313,
    -0.06279243,
    -0.073650286,
    0.006046224,
    0.06583393,
    0.08823644,
    -0.06459117,
    0.11505404,
    0.044085518,
    0.0014308171,
    0.0006300705,
    -0.0104327,
    0.030823886,
    0.033260364,
    0.03362011,
    -0.08529305,
    -0.006393708,
    -0.016515717,
    0.1177358,
    -0.020554708,
    -0.062399976,
    -0.15410309,
    -0.007055972,
    0.038329545,
    -0.005273583,
    -0.0068597454,
    -0.035647783,
    -0.024937097,
    0.017104395,
    -0.04889306,
    -0.093796186,
    -0.028599989,
    -0.015788043,
    0.035353445,
    0.047127023,
    0.0894138,
    -0.063283,
    -0.0008753534,
    -0.026686782,
    -0.0767245,
    -0.003626099,
    0.022991186,
    0.017644018,
    0.036465395,
    -0.007497481,
    0.07522009,
    -0.12872447,
    0.0663245,
    -0.0033971684,
    0.036759734,
    0.073650286,
    0.0045704385,
    -0.010882385,
    0.08954462,
    0.027847787,
    -0.0034748414,
    -0.021176092,
    0.051313188,
    -0.05402765,
    0.01811823,
    -0.023367286,
    -0.04604778,
    -0.04114212,
    -0.06171318,
    0.024560995,
    0.03272074,
    -0.03561508,
    -0.018755967,
    0.03492829,
    0.042515706,
    0.0049424507,
    -0.034732062,
    0.0059808153,
    -0.028322,
    -0.07809808,
    0.026261624,
    0.084900595,
    0.039997466,
    0.010449052,
    -0.037675455,
    0.0178893,
    0.041109417,
    0.1140075,
    0.040945895,
    -0.04166539,
    -0.0048279855,
    0.014757856,
    -0.024822632,
    0.019344646,
    -0.009377983,
    0.014299994,
    -0.007914462,
    -0.010277354,
    0.020832695,
    0.003031288,
    -0.034241494,
    -0.04127294,
    -0.00995031,
    0.0581157,
    0.009165405,
    0.018886784,
    -0.006974211,
    -0.013547793,
    0.037610047,
    0.021470431,
    0.022893073,
    0.04850061,
    -0.04016099,
    -0.03672703,
    0.006810689,
    -0.01326163,
    -0.01445534,
    0.04052074,
    -0.022026407,
    0.023203764,
    0.036923256,
    -0.050168533,
    -0.0075710663,
    0.00034186308,
    -0.010939619,
    -0.012231441,
    0.018445276,
    -0.010547166,
    0.026883008,
    0.012133328,
    -0.0016025151,
    0.024201248,
    0.016098736,
    0.043758474,
    -0.033587407,
    0.0707723,
    -0.014635214,
    0.0009499603,
    0.0053308154,
    -0.0072889905,
    -0.02838741,
    -0.07064148,
    0.0045459103,
    0.092945874,
    0.03492829,
    -0.0071009407,
    -0.03836225,
    -0.009402512,
    0.023645272,
    -0.053210042,
    -0.035909418,
    0.0060952804,
    -0.038394954,
    0.035418853,
    0.0058377334,
    0.024838984,
    -0.0050569163,
    0.023187412,
    -0.0126729505,
    0.03711948,
    0.013727668,
    0.04150187,
    -0.029205019,
    0.05984903,
    -0.028845271,
    -0.091441475,
    0.059358466,
    0.008617607,
    -0.011307542,
    0.05549935,
    0.0007925704,
    -0.021601249,
    0.018412571,
    -0.012125152,
    -0.012206913,
    0.0108088,
    0.013367919,
    0.04447797,
    0.05484526,
    0.01602515,
    0.0051018847,
    -0.044150926,
    -0.012811945,
    0.010072952,
    0.03345659,
    -0.0011712259,
    -0.017823892,
    0.020685526,
    0.00657767,
    0.019786155,
    -0.0005447325,
    0.0316415,
    0.045426395,
    -0.051084254,
    -0.038067907,
    0.017055338,
    0.034110676,
    0.05713457,
    0.01625408,
    -0.005408488,
    -0.0022157223,
    -0.00775094,
    0.028959736,
    -0.00030788116,
    0.038950928,
    0.012525781,
    0.03509181,
    -0.040128287,
    -0.034012564,
    0.020047791,
    0.015322006,
    0.019655338,
    -0.006307859,
    -0.036301874,
    0.008805657,
    -0.02913961,
    -0.013572321,
    -0.019197477,
    0.034764767,
    0.034110676,
    -0.02325282,
    0.00079512544,
    0.019328294,
    0.005146853,
    0.031477973,
    -0.023122003,
    0.010040248,
    0.014488044,
    -0.05595721,
    0.038166024,
    0.020522004,
    0.019279238,
    0.10648549,
    -0.03859118,
    0.051215075,
    0.10380373,
    0.07554714,
    -0.03829684,
    -0.05379872,
    0.04774841,
    -0.027504392,
    -0.020522004,
    -0.029172314,
    -0.013686786,
    0.017709427,
    -0.0072031417,
    0.0010598266,
    -0.028076718,
    0.0006494887,
    -0.043169793,
    -0.09634713,
    -0.006843393,
    0.023432694,
    -0.06612828,
    -0.054158468,
    -0.0037466965,
    0.018461628,
    0.00043128914,
    -0.00021564457,
    -0.020603765,
    0.060666643,
    0.024610052,
    0.13879743,
    0.005150941,
    0.020522004,
    -0.012934586,
    0.027651561,
    -0.031118225,
    -0.019786155,
    0.028877975,
    0.0372503,
    0.029662881,
    0.013923894,
    0.032589924,
    0.04686539,
    -0.018150937,
    -0.023432694,
    0.040586147,
    0.076986134,
    0.0038448097,
    -0.010661631,
    -0.050201237,
    0.08143393,
    0.024577348,
    -0.031772316,
    -0.0019612412,
    0.011054084,
    0.086339585,
    -0.0018682382,
    0.024871688,
    -0.018298106,
    0.04509935,
    0.018903136,
    0.007979871,
    0.021339614,
    0.01803647,
    -0.00706006,
    0.0038202815,
    -0.0031314453,
    0.012223265,
    -0.0065245256,
    -0.03347294,
    -0.032311935,
    0.013466032,
    0.005118237,
    0.08006035,
    -0.01929559,
    -0.01344968,
    -0.00033981903,
    0.01393207,
    0.038394954,
    -0.0045132055,
    0.02958112,
    0.052654065,
    -0.080256574,
    -0.03888552,
    0.0018753923,
    0.049677968,
    0.053144634,
    -0.023776092,
    -0.0043333317,
    -0.02413584,
    0.040095583,
    0.019622633,
    -0.042581115,
    0.061353434,
    -0.060928278,
    -0.0087729525,
    0.0037650927,
    0.0038938662,
    0.0058745258,
    -0.03339118,
    -0.022549676,
    0.014422636,
    0.028403763,
    0.012043391,
    0.018183641,
    -0.017971061,
    0.06658614,
    -0.15397227,
    0.02429936,
    -0.023530807,
    0.030447787,
    0.008323267,
    -0.040815078,
    -0.016703766,
    0.057036456,
    -0.04977608,
    0.034045268,
    0.04016099,
    0.04192703,
    -0.005044652,
    0.050397463,
    0.03770816,
    0.06985658,
    -0.048075452,
    -0.0051877336,
    0.03085659,
    -0.022255337,
    0.010383643,
    -0.11119492,
    0.011422008,
    -0.02294213,
    0.009541506,
    -0.0175132,
    -0.0029147787,
    -0.0001973761,
    -0.12643516,
    0.043496836,
    -0.040880486,
    0.07894839,
    0.015837101,
    -0.051084254,
    0.018265402,
    -0.07816349,
    0.030840239,
    -0.047552183,
    0.025476718,
    -0.034830175,
    0.092945874,
    -0.06517985,
    -0.025803763,
    -0.0130817555,
    -0.0020348262,
    0.05648048,
    0.048304383,
    0.014250938,
    -0.07855594,
    -0.042646524,
    0.008846537,
    0.028714454,
    0.019279238,
    -0.0045132055,
    0.0707723,
    -0.053373564,
    -0.03324401,
    -0.021928294,
