{
  "chunk_index": 648,
  "token_start": 291600,
  "token_end": 292100,
  "text": " 1 của Luật số 12/2017/QH14 sửa đổi, bổ sung một số\nđiều của Bộ luật Hình sự số 100/2015/QH13, có hiệu lực kể từ ngày 01 tháng 01 năm 2018.\n\n134 Điểm này được sửa đổi, bổ sung theo quy định tại điểm b khoản 42 Điều 1 của Luật số 12/2017/QH14 sửa đổi, bổ sung một số điều\ncủa Bộ luật Hình sự số 100/2015/QH13, có hiệu lực kể từ ngày 01 tháng 01 năm 2018.\n\n135 Điểm này được sửa đổi, bổ sung theo quy định tại điểm b khoản 42 Điều 1 của Luật số 12/2017/QH14 sửa đổi, bổ sung một số điều\ncủa Bộ luật Hình sự số 100/2015/QH13, có hiệu lực kể từ ngày 01 tháng 01 năm 2018.\n\n136 Khoản này được sửa đổi, bổ sung theo quy định tại điểm a khoản 43 Điều 1 của Luật số 12/2017/QH14 sửa đổi, bổ sung một số\nđiều của Bộ luật Hình sự số 100/2015/QH13, có hiệu lực kể từ ngày 01 tháng 01 năm 2018.\n\n137 Khoản này được sửa đổi, bổ sung theo quy định tại điểm a khoản 43 Điều 1 của Luật số 12/2017/QH14 sửa đổi, bổ sung một số\nđiều của Bộ luật Hình sự số 100/2015/QH13, có hiệu lực kể từ ngày 01 tháng 01 năm 2018.\n\n138 Khoản",
  "embedding": [
    2.4811376e-05,
    -0.05380674,
    -0.06254779,
    -0.04897706,
    0.0016261914,
    0.00031301528,
    -0.02607008,
    0.008256376,
    0.025015712,
    0.06979231,
    -0.06006492,
    -0.01851945,
    0.0015326588,
    0.0133411465,
    -0.105164625,
    -0.17414065,
    0.046698265,
    -0.0055906973,
    0.03453903,
    0.010934808,
    -0.00268481,
    0.06860189,
    0.06455448,
    0.0026082834,
    -0.04404534,
    0.054793082,
    -0.0040410324,
    0.017261012,
    -0.0013934228,
    0.024182422,
    -0.049453225,
    -0.0047106408,
    0.063534126,
    -0.05067765,
    0.003184359,
    0.00036589307,
    0.050575614,
    -0.00815434,
    0.00758039,
    0.0059265643,
    -0.010475649,
    -0.017039934,
    -0.059316657,
    -0.019335734,
    0.029828388,
    0.022787936,
    -0.01340917,
    0.058534387,
    -0.039351705,
    0.022328777,
    0.009693376,
    0.040542122,
    -0.07530223,
    -0.012422827,
    -0.038773503,
    -0.19876523,
    0.0312909,
    0.015007727,
    0.0246926,
    0.030423597,
    0.0047276467,
    0.010917802,
    0.012873484,
    -0.036936864,
    -0.0129755195,
    -0.017031431,
    0.051119804,
    -0.070472546,
    0.01386833,
    -0.021988658,
    -0.08448543,
    0.09006337,
    -0.04571192,
    -0.015092757,
    0.072037086,
    -0.025746968,
    -0.027124448,
    0.015968561,
    0.041188344,
    -0.027209477,
    0.04129038,
    -0.10720534,
    0.0051357886,
    -0.014999224,
    0.0007264718,
    -0.0037880694,
    0.03741303,
    0.0043832767,
    -0.013630248,
    -0.02681834,
    0.023995357,
    -0.044113364,
    0.09067558,
    0.03499819,
    -0.0028208576,
    -0.018451426,
    -0.013944857,
    -0.035678428,
    0.0010570243,
    -0.014021384,
    0.016130118,
    -0.022719912,
    0.008885595,
    0.0060115936,
    -0.004119685,
    -0.024641583,
    -0.015781496,
    -0.010917802,
    0.02064519,
    0.020203037,
    0.013332644,
    0.027770672,
    0.023791287,
    -0.07230918,
    -0.019165674,
    -0.0041983374,
    0.14611489,
    0.024454517,
    0.0036371418,
    0.052752372,
    -0.013069051,
    0.03499819,
    0.035474356,
    0.02406338,
    0.035984535,
    -0.07421385,
    -0.02294099,
    0.041562475,
    -0.101627395,
    0.014276472,
    0.004200463,
    0.020713214,
    0.024046374,
    -0.012167738,
    -0.009412779,
    -0.026886364,
    0.008052304,
    0.018757533,
    -0.018043283,
    0.023910327,
    -0.022124706,
    0.0006324078,
    0.0067471,
    0.012830969,
    -0.045473836,
    -0.057003852,
    0.01926771,
    0.05363668,
    0.011997678,
    -0.0076271566,
    0.017975261,
    -0.015211798,
    -0.026410198,
    -0.0018791545,
    -0.019199686,
    -0.06455448,
    0.025644932,
    -0.059248634,
    -0.038671467,
    0.02374027,
    -0.012159235,
    -0.020083996,
    -0.023434162,
    0.018910587,
    0.009701879,
    0.0597248,
    -0.04955526,
    -0.028348874,
    -0.040678166,
    -0.03537232,
    0.043739233,
    -0.026512234,
    -0.017550113,
    0.038637456,
    -0.030967785,
    -0.0013402794,
    0.0129755195,
    -0.011649057,
    -0.005191058,
    -0.08360112,
    -0.034930166,
    -0.045847967,
    0.040678166,
    -0.008600745,
    -0.04646018,
    0.032974485,
    0.013570727,
    0.0050847707,
    0.023638234,
    0.019828906,
    -0.08802266,
    -0.042412773,
    0.0036286388,
    0.04717443,
    -0.06438442,
    0.0029356475,
    -0.033977833,
    0.04550785,
    0.021733569,
    -0.0067258426,
    0.0072657806,
    0.0151352715,
    0.057275947,
    -0.0068788957,
    -0.008583739,
    -0.014267969,
    -0.04254882,
    -0.008596494,
    0.015517904,
    -0.021223392,
    0.015772993,
    -0.07475804,
    -0.068329796,
    -0.058976542,
    0.012898993,
    0.041698523,
    -0.024879666,
    -0.022872966,
    0.020424113,
    0.029046116,
    -0.02015202,
    -0.021869617,
    -0.040099967,
    0.051800042,
    -0.017158976,
    0.036392674,
    -0.0039113625,
    0.023706257,
    0.033552688,
    0.020305073,
    0.11149083,
    -0.024250446,
    -0.053024467,
    -0.009183198,
    0.01243133,
    -0.032940473,
    -0.02765163,
    0.034181904,
    -0.03312754,
    0.100743085,
    -0.027532589,
    -0.009378767,
    0.06421436,
    0.0010277955,
    -0.00959134,
    -0.011036844,
    0.0018876574,
    -0.022294765,
    0.009378767,
    0.0012212378,
    -0.09530119,
    -0.0009895321,
    0.002725199,
    -0.0036137586,
    -0.025678944,
    -0.013766294,
    0.019471781,
    -0.033399634,
    0.003896482,
    0.029998448,
    0.009480802,
    -0.06730945,
    -0.03195413,
    0.0050677652,
    0.08305693,
    -0.041766547,
    0.038195305,
    0.016342692,
    -0.0019663097,
    0.002725199,
    -0.0014391262,
    -0.0755063,
    0.018077295,
    0.036052555,
    0.15264517,
    0.027396541,
    0.0018270739,
    0.03394382,
    0.04095026,
    -0.010110022,
    -0.004145194,
    -0.029726353,
    0.0442154,
    0.004060164,
    0.05873846,
    0.012091211,
    0.04717443,
    -0.0012637527,
    -0.009353258,
    -0.017320532,
    0.009293737,
    -0.07863539,
    0.021427464,
    -0.0016219399,
    -0.088362776,
    0.10489253,
    0.05050759,
    -0.009455293,
    0.024896672,
    0.012125223,
    0.04091625,
    0.013689768,
    -0.018791545,
    0.060575098,
    -0.045235757,
    -0.016342692,
    0.010526666,
    0.0063177003,
    0.004151571,
    0.081764475,
    -0.0144125195,
    -0.020713214,
    0.04050811,
    -0.027600612,
    -0.026954388,
    -0.005331357,
    0.024845654,
    0.04918113,
    0.02828085,
    0.028093785,
    0.051970102,
    0.11257921,
    -0.039521765,
    0.0027166961,
    -0.05526925,
    0.04350115,
    -0.0016102483,
    -0.0122867795,
    -0.038807515,
    0.13285027,
    -0.008702781,
    -0.004510821,
    0.011308939,
    -0.028723003,
    -0.0010559615,
    -0.041358404,
    -0.047072396,
    0.0694862,
    -0.011589536,
    0.026767323,
    -0.053398598,
    -0.02945426,
    0.07741096,
    -0.047548562,
    -0.024335476,
    0.054044824,
    0.07217313,
    -0.034419987,
    -0.004126062,
    -0.010807264,
    0.12012984,
    -0.0390456,
    -0.07795515,
    0.06645915,
    -0.022090694,
    0.026563251,
    0.012847975,
    0.007372068,
    0.03924967,
    -0.001122391,
    0.03652872,
    -0.050235495,
    -0.028348874,
    0.05394279,
    0.016682811,
    -0.01647874,
    -0.04367121,
    0.08652613,
    0.021784587,
    -0.039113622,
    -0.05458901,
    -0.061833534,
    -0.019692859,
    -0.04605204,
    -0.012167738,
    0.02127441,
    0.014803655,
    0.053126503,
    0.020951297,
    -0.014616591,
    0.030100483,
    0.0778191,
    -0.014072401,
    0.08598194,
    0.0016591403,
    -0.022073688,
    -0.039929908,
    -0.04663024,
    -0.026580257,
    -0.003554238,
    0.0061348868,
    0.00077748956,
    0.017499095,
    -0.10006285,
    0.059588753,
