{
  "chunk_index": 688,
  "token_start": 309600,
  "token_end": 310100,
  "text": "ay thế bằng cụm từ “hệ thống thông tin tài chính” theo quy định tại điểm q\nkhoản 2 Điều 2 của Luật số 12/2017/QH14 sửa đổi, bổ sung một số điều của Bộ luật Hình sự số 100/2015/QH13, có hiệu lực kể từ ngày\n01 tháng 01 năm 2018.\n\n296 Điều này được bãi bỏ theo quy định tại khoản 141 Điều 1 của Luật số 12/2017/QH14 sửa đổi, bổ sung một số điều của Bộ luật\nHình sự số 100/2015/QH13, có hiệu lực kể từ ngày 01 tháng 01 năm 2018.\n\n297 Điều này được sửa đổi, bổ sung theo quy định tại khoản 97 Điều 1 của Luật số 12/2017/QH14 sửa đổi, bổ sung một số điều của Bộ\nluật Hình sự số 100/2015/QH13, có hiệu lực kể từ ngày 01 tháng 01 năm 2018.\n\n298 Điều này được sửa đổi, bổ sung theo quy định tại khoản 98 Điều 1 của Luật số 12/2017/QH14 sửa đổi, bổ sung một số điều của Bộ\nluật Hình sự số 100/2015/QH13, có hiệu lực kể từ ngày 01 tháng 01 năm 2018.\n\n299 Điều này được sửa đổi, bổ sung theo quy định tại khoản 99 Điều 1 của Luật số 12/2017/QH14 sửa đổi, bổ sung một số điều của Bộ\nluật Hình sự' số 100/2015/Q",
  "embedding": [
    -0.0002554517,
    -0.018144455,
    -0.086753175,
    0.0005940852,
    -0.0005113956,
    -0.038178958,
    0.031406287,
    -0.101621546,
    0.020932274,
    0.057173934,
    -0.03902948,
    -0.047219682,
    0.012616066,
    0.013214581,
    -0.08574515,
    -0.15057378,
    0.061111532,
    0.021782795,
    0.09324233,
    -0.004102978,
    -0.0037958452,
    0.10622066,
    0.11907298,
    0.009599865,
    -0.11844297,
    0.01457699,
    -0.029232733,
    -0.015451137,
    -0.0024885624,
    0.012017551,
    0.0012935011,
    -0.015474763,
    0.058433965,
    -0.0061269035,
    0.0030378574,
    -0.04548714,
    -0.028460963,
    -0.010237756,
    0.019624991,
    0.097526446,
    0.021231532,
    -0.00017226994,
    0.0027051303,
    -0.009481737,
    0.07024676,
    -0.019672243,
    -0.0066072904,
    0.015427511,
    -0.06974275,
    -0.026885923,
    0.018585466,
    0.025295135,
    -0.03792695,
    -0.02754744,
    -0.018994976,
    -0.2115593,
    0.034178358,
    0.010198381,
    0.052921325,
    0.041014027,
    -0.008725719,
    -0.0023409023,
    -0.042683568,
    -0.030807773,
    -0.022050552,
    -0.05471687,
    0.030902274,
    0.010710268,
    0.018679967,
    0.043093078,
    -0.05874897,
    0.04356559,
    -0.04347109,
    -0.006945924,
    0.06949074,
    -0.03821046,
    -0.043219082,
    0.01918398,
    0.07780695,
    -0.038556967,
    0.0106866425,
    -0.07723994,
    0.035973903,
    -0.06076502,
    0.048322212,
    0.07257782,
    0.032445814,
    -0.0058237086,
    0.012868073,
    -0.0010995744,
    0.028854722,
    -0.02630316,
    0.065332636,
    0.00875722,
    0.0014825059,
    -0.0036442475,
    -0.041045528,
    -0.021814296,
    -0.01836496,
    -0.010663017,
    0.009017101,
    -0.036635417,
    -0.03632041,
    0.007016801,
    -0.01836496,
    -0.03477687,
    -0.0035261195,
    0.02433436,
    0.017341185,
    0.0048117456,
    -0.002482656,
    0.02989425,
    0.061300535,
    -0.036162905,
    -0.06577365,
    -0.018868973,
    0.12644416,
    0.019782495,
    0.005536264,
    -0.04429011,
    -0.005485075,
    0.034146857,
    0.058433965,
    0.066151656,
    0.0046818047,
    -0.09708543,
    0.0060560266,
    0.029390236,
    -0.056102905,
    0.021326033,
    0.071128786,
    0.0033607404,
    0.020255007,
    0.0040163505,
    -0.029185481,
    0.04028951,
    -0.022176556,
    0.020633018,
    -0.030933775,
    0.015033752,
    -0.038430963,
    0.018128704,
    0.011403286,
    0.0041266032,
    -0.054464865,
    -0.053834848,
    0.03880897,
    0.03310733,
    0.0049101855,
    -0.013175205,
    0.0638206,
    -0.018506713,
    -0.028508214,
    0.013868222,
    -0.023420837,
    -0.0559139,
    0.021121278,
    -0.034272857,
    -0.017325435,
    0.045739144,
    -0.021798545,
    0.0069813626,
    -0.0019441893,
    -0.007406623,
    0.026051152,
    0.04028951,
    -0.08196505,
    0.014781745,
    -0.035249382,
    -0.08858022,
    0.04192755,
    -0.021011027,
    -0.022649067,
    -0.0033016764,
    0.0060087754,
    0.012395561,
    0.0035871523,
    -0.012198681,
    0.0089856,
    -0.054937378,
    -0.0071270536,
    -0.02792545,
    0.020869274,
    0.0032209556,
    -0.009087978,
    0.022302559,
    -0.011442661,
    0.025610141,
    0.009828246,
    0.024633618,
    -0.045770645,
    -0.05704793,
    0.024365861,
    0.05109428,
    -0.043723095,
    -0.013057077,
    -0.009836121,
    -0.009292733,
    0.032918327,
    0.012009676,
    0.02356259,
    0.034115355,
    0.1036376,
    -0.0071388665,
    0.006670292,
    -0.029279983,
    -0.0062529068,
    -0.0003351881,
    0.018065702,
    -0.04233706,
    -0.010710268,
    -0.058622967,
    -0.03915548,
    -0.0017089178,
    0.036131404,
    0.03559589,
    -0.05068477,
    -0.037800945,
    0.053267833,
    0.067537695,
    0.00978887,
    0.0053315083,
    -0.037422936,
    0.060922526,
    -0.003561558,
    0.018821722,
    0.0075483765,
    0.043723095,
    0.0042289807,
    -0.002462968,
    0.033201832,
    -0.0012570784,
    -0.05351984,
    -0.0046857423,
    -0.02272782,
    -0.026098404,
    -0.025956651,
    0.054842874,
    0.038903475,
    0.07742894,
    0.015285758,
    -0.015293634,
    0.023452338,
    0.037013426,
    -0.041423537,
    -0.02156229,
    -0.025767645,
    0.024901373,
    -0.006189905,
    -0.00045110114,
    -0.031296033,
    -0.01216718,
    -0.0111276535,
    0.007922448,
    0.0039769746,
    -0.022570316,
    0.007906698,
    -0.030477013,
    0.005717393,
    0.04671567,
    0.013584715,
    -0.07434186,
    -0.018868973,
    0.01638041,
    0.045329634,
    -0.006217468,
    -0.0059339614,
    0.016301658,
    0.0040478515,
    0.034839872,
    0.050495766,
    -0.064167105,
    0.04671567,
    0.0239406,
    0.10899273,
    -0.006658479,
    0.010978025,
    -0.02589365,
    0.03351684,
    -0.014191106,
    -0.0058906474,
    0.008631216,
    0.058118954,
    -0.020900773,
    0.024523364,
    -0.03276082,
    0.07257782,
    0.04356559,
    -0.022271058,
    -0.036918923,
    0.021845797,
    -0.08574515,
    0.050243758,
    -0.013694968,
    -0.030272258,
    0.08448511,
    0.022822322,
    -0.020286508,
    -0.034083854,
    -0.011545039,
    0.007540501,
    0.023720095,
    -0.020396762,
    0.093620345,
    0.004260482,
    -0.007918511,
    0.0059812125,
    0.0061505293,
    -0.037359934,
    0.08354009,
    -0.021483539,
    -0.0014972719,
    0.012238056,
    -0.04350259,
    0.010733894,
    -0.024822623,
    0.021373285,
    0.037422936,
    -0.00488656,
    -0.008276832,
    0.025342384,
    0.14074552,
    -0.06278107,
    0.017829446,
    -0.04073052,
    0.05553589,
    0.014624242,
    -0.000502536,
    -0.018490963,
    0.07824796,
    -0.017041927,
    0.018034201,
    0.015766146,
    -0.029594991,
    -0.016073277,
    -0.037737947,
    -0.056575418,
    0.048353713,
    0.0038371899,
    -0.009127353,
    -0.03269782,
    -0.024649367,
    0.057803947,
    -0.096077405,
    -0.06076502,
    0.014309233,
    0.04271507,
    -0.0360369,
    0.00997,
    -0.08215406,
    0.04759769,
    -0.035753395,
    -0.019420236,
    0.05345684,
    -0.02116853,
    0.046936177,
    -0.064450614,
    -0.014915624,
    0.0558509,
    -0.013387836,
    0.0063907225,
    -0.032918327,
    -0.058559965,
    0.034430362,
    0.010143254,
    -0.06274957,
    0.013269708,
    0.028807472,
    0.022696318,
    -0.03461937,
    -0.01877447,
    -0.075727895,
    0.06583665,
    -0.010978025,
    -0.08820221,
    0.02351534,
    0.039816998,
    0.014899873,
    -0.021404786,
    -0.014143854,
    0.0014076915,
    0.09853447,
    -0.034587868,
    0.078499965,
    0.00023945521,
    0.019672243,
    -0.05229131,
    -0.05896948,
    0.041738547,
    0.022523064,
    0.03717093,
    0.008544589,
    0.050117757,
    -0.07856297,
    0.0037545003,
    0.016915923,
