{
  "chunk_index": 236,
  "token_start": 106200,
  "token_end": 106700,
  "text": "ả có trị giá tương ứng từ 5.000.000 đồng đến dưới 50.000.000 đồng, thì bị phạt tù từ 05 năm đến 12\nnăm.\n\n3. Phạm tội trong trường hợp tiền giả có trị giá tương ứng từ 50.000.000 đồng trở lên, thì bị phạt tù từ 10 năm đến 20 năm hoặc tù chung\nthân.\n\n4. Người chuẩn bị phạm tội này, thì bị phạt cải tạo không giam giữ đến 03 năm hoặc phạt tù từ 01 năm đến 03 năm.\n\n5. Người phạm tội còn có thể bị phạt tiền từ 10.000.000 đồng đến 100.000.000 đồng hoặc tịch thu một phần hoặc toàn bộ tài sản.\n\nĐiều 208. Tội làm, tàng trữ, vận chuyển, lưu hành công cụ chuyển nhượng giả hoặc các giấy tờ có giá giả khác\n\n1. Người nào làm, tàng trữ, vận chuyển, lưu hành công cụ chuyển nhượng giả hoặc các giấy tờ có giá giả khác, thì bị phạt tù từ 02 năm\nđến 07 năm.\n\n2. Phạm tội trong trường hợp công cụ chuyển nhượng giả hoặc các giấy tờ có giá giả khác có trị giá tương ứng từ 10.000.000 đồng đến\ndưới 100.000.000 đồng, thì bị phạt tù từ 05 năm đến 10 năm.\n\n3. Phạm tội trong trường hợp công cụ ch",
  "embedding": [
    0.00022297785,
    -0.015534958,
    -0.06777052,
    -0.081594355,
    0.00082605856,
    -0.007843342,
    0.071411915,
    -0.10094772,
    0.051013328,
    0.10371249,
    -0.1498369,
    -0.08995609,
    0.009524961,
    -0.08435912,
    -0.024394015,
    -0.058026396,
    0.021578671,
    -0.020499738,
    0.112883426,
    -0.00425673,
    -0.012930345,
    0.10276842,
    0.1302138,
    -0.063117616,
    -0.074783586,
    0.13695714,
    -0.026433874,
    0.0035718603,
    0.07404182,
    0.027647674,
    0.007034141,
    -0.019420804,
    -0.05263173,
    0.029788682,
    0.0022843047,
    -0.08220125,
    0.0011200258,
    0.0065831807,
    0.018729612,
    -0.03506534,
    -0.07242342,
    -0.004909991,
    0.056407996,
    0.016790904,
    0.10310559,
    -0.027563382,
    -0.0050153555,
    0.042617876,
    -0.061971247,
    -0.05209226,
    0.027192498,
    0.020516597,
    -0.056003395,
    0.0034791394,
    0.028709749,
    -0.05536278,
    0.08429169,
    0.0014740509,
    0.04207841,
    0.03267146,
    0.0130652115,
    -0.040223993,
    0.03469446,
    -0.003917456,
    -0.02464689,
    -0.048990328,
    0.074648716,
    -0.003302127,
    0.014590891,
    -0.03417185,
    -0.060723733,
    -0.0027247288,
    -0.028709749,
    0.038571876,
    0.037560377,
    -0.032772608,
    -0.032536592,
    -0.003489676,
    0.058464713,
    -0.0023032704,
    0.042010978,
    0.020499738,
    0.020904338,
    -0.054789595,
    0.045787245,
    0.104926296,
    0.061870098,
    0.021932697,
    0.011050641,
    0.069928385,
    -0.00087716035,
    0.030092131,
    0.014649895,
    0.038673025,
    0.022775615,
    0.005150222,
    -0.005790839,
    -0.0076410417,
    -0.017920412,
    -0.021022346,
    -0.005112291,
    -0.03762781,
    -0.030665316,
    0.025068348,
    -0.010072856,
    0.010460598,
    -0.014253724,
    0.027967982,
    0.0029312435,
    -0.014877482,
    0.00821001,
    -0.03358181,
    -0.005108076,
    -0.040291425,
    -0.03712206,
    0.025928123,
    0.0153663745,
    -0.025810115,
    0.003352702,
    -0.052598014,
    -0.024781756,
    0.08112232,
    -0.03560481,
    0.004829914,
    0.06385938,
    -0.10438683,
    -0.031997126,
    -0.026417015,
    -0.07444642,
    0.0634885,
    -0.047843963,
    -0.045180343,
    -0.047473077,
    0.006064787,
    -0.05910533,
    -0.012357161,
    0.028220857,
    0.016993204,
    -0.041943543,
    0.00068223587,
    -0.027799398,
    0.008749478,
    0.017043779,
    -0.0043325927,
    -0.011252941,
    0.05657658,
    0.07195138,
    -0.024056848,
    0.007139506,
    0.011202365,
    0.020634605,
    -0.019285938,
    -2.449727e-05,
    0.03373353,
    -0.0063218763,
    -7.836493e-05,
    -0.032300573,
    0.10951176,
    0.023483664,
    0.038605593,
    0.036110558,
    0.0062839454,
    -0.08516832,
    0.034154993,
    0.025978697,
    0.0009435401,
    -0.010435311,
    0.053407215,
    -0.03356495,
    -0.009710402,
    0.007291231,
    -0.03203084,
    -0.005799268,
    0.034964193,
    -0.0057655512,
    -0.031508233,
    -0.04096576,
    0.0033674529,
    0.004825699,
    -0.07282802,
    0.03398641,
    0.028642315,
    0.071074754,
    0.001687941,
    -0.02442773,
    -0.04086461,
    -0.003980675,
    0.007746406,
    0.03863931,
    0.024967197,
    -0.004935278,
    0.01702692,
    0.014456024,
    -0.01561925,
    -0.013124215,
    0.029721249,
    0.035773393,
    0.022253005,
    0.10094772,
    -0.017583245,
    0.034728177,
    -0.010005423,
    0.005921491,
    0.017102784,
    0.018476738,
    0.0011569035,
    0.0067475494,
    -0.004745622,
    -0.00013789593,
    -0.0014382269,
    0.040628593,
    -0.055834815,
    -0.014987062,
    0.050945897,
    -0.0017585353,
    0.041134343,
    0.0025266432,
    -0.027849974,
    -0.0029881403,
    -0.030412441,
    -0.048417144,
    -0.048113696,
    0.010115002,
    -0.018527312,
    -0.047102194,
    -0.008454456,
    -0.020938056,
    -0.017262938,
    0.020836905,
    0.023365656,
    0.07606482,
    0.027799398,
    -0.039279927,
    -0.02108978,
    0.0038963833,
    0.044944327,
    0.08152692,
    0.012357161,
    0.006347164,
    0.00014658851,
    0.06480345,
    -0.024124281,
    -0.013377091,
    0.018240722,
    -0.0003471764,
    -0.053002615,
    -0.00015593962,
    0.0035760747,
    0.020668322,
    -0.03742551,
    -0.05121563,
    -0.024579456,
    0.0013634181,
    -0.006852914,
    0.07127705,
    -0.012289728,
    -0.013503528,
    -0.066792734,
    -0.039381076,
    0.048720594,
    0.009398523,
    -0.046562728,
    0.011185507,
    -0.023534238,
    -0.0063598077,
    0.060588866,
    -0.011404665,
    0.01795413,
    0.062004965,
    -0.019387089,
    0.12347046,
    -0.021275222,
    0.03162624,
    0.007767479,
    -0.0062923743,
    0.06487088,
    0.03466074,
    -0.009524961,
    -0.021662964,
    -0.0040776106,
    -0.010224582,
    -0.05202483,
    -0.06315133,
    0.024731182,
    0.017077496,
    0.041404076,
    0.09332775,
    -0.006907704,
    0.014203149,
    -0.065073185,
    -0.0005149695,
    -0.06399425,
    -0.00039748798,
    0.012289728,
    -0.001214854,
    0.06959122,
    -0.010738761,
    0.038369577,
    -0.042752743,
    0.009449098,
    -0.06294903,
    -0.0132675115,
    0.027934264,
    0.014059854,
    -0.015029208,
    0.02828829,
    0.023685964,
    -0.016571745,
    -0.054587297,
    0.03678489,
    0.035638526,
    0.038470726,
    0.016470596,
    0.00049705757,
    0.005032214,
    -0.011497386,
    0.0663207,
    0.060083114,
    -0.05819498,
    -0.02139323,
    0.04636043,
    0.054823313,
    -0.04015656,
    0.04056116,
    -0.019724255,
    0.025574097,
    0.04096576,
    0.047776528,
    0.0060690013,
    0.058835596,
    -0.012711186,
    0.022489022,
    0.07424412,
    0.0155181,
    -0.04797883,
    -0.03823471,
    -0.045753527,
    0.021005489,
    -0.0065452494,
    0.004246194,
    -0.026939623,
    0.018308155,
    -0.047776528,
    -0.059037898,
    0.07282802,
    -0.022387872,
    -0.008993923,
    0.054924462,
    0.0065157474,
    0.00096830074,
    -0.04349451,
    -0.020499738,
    -0.025186356,
    -0.031575665,
    0.019926555,
    0.020954913,
    -0.00035744943,
    0.03718949,
    0.14282383,
    -0.08301045,
    -0.008892773,
    -0.01308207,
    0.0044126697,
    -0.023989415,
    0.022741897,
    -0.0026636173,
    -0.05047386,
    0.043629378,
    0.0094743855,
    -0.014380162,
    0.0019776938,
    -0.03506534,
    0.029063774,
    -0.10850026,
    0.110792994,
    0.0059383493,
    -0.011994707,
    0.0308339,
    -0.014447595,
    0.043022476,
    -0.026821615,
    0.08274072,
    -0.06861343,
    0.045382645,
    -0.0071015744,
    -0.011455241,
    0.0033295217,
    0.032941192,
    0.09696916,
    0.022556456,
    0.0076199686,
    0.03678489,
    -0.0033210926,
    0.015130358,
    -0.020634605,
    0.009794694,
