{
  "chunk_index": 554,
  "token_start": 249300,
  "token_end": 249800,
  "text": " nghiêm trọng;\n\nc) Phạm tội trong hoàn cảnh chiến tranh, thiên tai, dịch bệnh hoặc trong trường hợp khó khăn đặc biệt khác của xã hội.\n\n3. Người phạm tội còn có thể bị cấm đảm nhiệm chức vụ nhất định từ 01 năm đến 05 năm.\n\nĐiều 364. Tội đưa hối lộ\n\n1. Người nào trực tiếp hay qua trung gian đã đưa hoặc sẽ đưa cho người có chức vụ, quyền hạn hoặc người khác hoặc tổ chức khác bất\nkỳ lợi ích nào sau đây để người có chức vụ, quyền hạn làm hoặc không làm một việc vì lợi ích hoặc theo yêu cầu của người đưa hối lộ,\nthì bị phạt tiền từ 20.000.000 đồng đến 200.000.000 đồng, phạt cải tạo không giam giữ đến 03 năm hoặc phạt tù từ 06 tháng đến 03\nnăm:\n\na) Tiền, tài sản, lợi ích vật chất khác trị giá từ 2.000.000 đồng đến dưới 100.000.000 đồng;\n\nb) Lợi ích phi vật chất.\n\n2. Phạm tội thuộc một trong các trường hợp sau đây, thì bị phạt tù từ 02 năm đến 07 năm:\n\na) Có tổ chức;\n\nb) Dùng thủ đoạn xảo quyệt;\n\nc) Dùng tài sản của Nhà nước để đưa hối lộ;\n\nd) Lợi dụng chức vụ",
  "embedding": [
    -0.00091621117,
    0.028500637,
    -0.055231463,
    -0.13657598,
    -0.0036606705,
    0.004887851,
    0.066818714,
    0.01901712,
    0.014066659,
    0.06985745,
    -0.02953581,
    -0.021104163,
    -0.00097412657,
    0.07166065,
    -0.03562997,
    -0.062377494,
    0.011954573,
    -0.0098090945,
    0.032374185,
    0.009066108,
    -0.0054638744,
    0.0137160355,
    0.1843275,
    -0.04290957,
    -0.022907365,
    0.1378449,
    -0.03381007,
    -0.04765133,
    -0.008565218,
    0.032958556,
    -0.06721943,
    -0.03522926,
    0.0040718177,
    -0.034795154,
    -0.010360073,
    -0.004633232,
    0.059639294,
    0.001715548,
    -0.011662387,
    -0.06658497,
    0.004428702,
    0.02602958,
    0.03285838,
    0.027064752,
    0.04404492,
    -0.038201205,
    -0.010067888,
    0.09597051,
    -0.046983477,
    -0.04942114,
    0.020586576,
    0.039603695,
    0.052459873,
    0.01028494,
    0.0842163,
    -0.12722604,
    0.047217224,
    -0.0092330715,
    0.019351048,
    0.035095688,
    0.015594373,
    0.028150015,
    0.04481295,
    -0.024794051,
    -0.018516231,
    -0.03930316,
    -0.06341267,
    -0.07620206,
    0.02771591,
    0.015944997,
    -0.16095263,
    -0.11400255,
    -0.034528013,
    0.06711925,
    0.024660481,
    -0.011528816,
    -0.00775962,
    -0.003024123,
    0.0441451,
    0.013056531,
    0.04828579,
    0.023107722,
    -0.024042716,
    -0.03244097,
    0.011620646,
    0.10291618,
    -0.061275534,
    0.00087394856,
    -0.013958133,
    0.04788508,
    0.049254175,
    0.032641325,
    0.061041787,
    -0.020586576,
    0.006202687,
    -0.023308078,
    -0.0004998464,
    0.0044328757,
    -0.0075926566,
    0.012405374,
    0.03317561,
    -0.06835478,
    -0.012038055,
    0.008707137,
    0.06932317,
    -0.0067828842,
    -0.03826799,
    0.027582338,
    0.027131537,
    -0.012889568,
    -0.005810323,
    0.06030715,
    -0.055531997,
    -0.093098745,
    0.003080473,
    0.027432071,
    -0.06628443,
    -0.075467415,
    0.0047083655,
    -0.011370202,
    -0.018132215,
    0.062243924,
    -0.021137554,
    -0.0006010679,
    -0.032190528,
    -0.018800069,
    -0.004533054,
    -0.00955865,
    -0.05215934,
    0.019267567,
    -0.041941185,
    -0.04745097,
    -0.05606628,
    -0.004192866,
    0.026647344,
    0.0105771255,
    0.024743963,
    0.050088994,
    -0.0044245278,
    0.050289348,
    -0.019267567,
    -0.008974277,
    0.02193898,
    0.02112086,
    -0.03573015,
    0.0068872366,
    0.0008869926,
    0.030203663,
    -0.0055724005,
    -0.010109629,
    0.04087262,
    0.016145352,
    -0.036097467,
    -0.0055223117,
    -0.051090773,
    0.017664718,
    -0.034928724,
    0.024743963,
    -0.0013148361,
    -0.0045706206,
    0.0029343802,
    0.019851938,
    -0.11052971,
    -0.081812024,
    -0.00052645616,
    0.019267567,
    -9.978667e-05,
    0.020052293,
    -0.012213366,
    0.009082804,
    0.034528013,
    0.0038171986,
    0.022423172,
    -0.04027155,
    -0.0023875753,
    0.020402916,
    0.022740403,
    -0.0514247,
    -0.019718368,
    -0.068855666,
    0.0023040937,
    -0.010635563,
    0.087889485,
    -0.018148912,
    0.0025086238,
    -0.03930316,
    -0.04922078,
    -0.027548946,
    0.023992628,
    0.060040005,
    0.027482161,
    0.07894025,
    -0.018182304,
    0.072729215,
    0.009925969,
    -0.011370202,
    0.029953217,
    -0.030337233,
    0.032407578,
    -0.013181753,
    0.016629545,
    0.056867704,
    0.039069414,
    -0.0005859369,
    -0.041473687,
    -0.023291381,
    0.047384188,
    0.01856632,
    0.030704552,
    -0.049154,
    0.023875752,
    -0.037099246,
    -0.027281804,
    0.00049828115,
    0.044178493,
    0.064381056,
    -0.033342574,
    -0.029769558,
    0.042876177,
    0.011679083,
    -0.0015558894,
    -0.0037629355,
    -0.011002882,
    0.014567548,
    -0.027048057,
    0.004779325,
    0.0039152894,
    0.01606187,
    -0.02165514,
    -0.007513349,
    0.009433427,
    0.019484619,
    -0.030253751,
    0.0024105327,
    0.025595475,
    -0.0074340412,
    0.08067667,
    0.0005640229,
    0.01301479,
    -0.024977712,
    0.12522249,
    -0.02698127,
    0.029585898,
    0.042776,
    -0.01574464,
    -0.01874998,
    0.0107273925,
    -0.055632174,
    -0.025578778,
    -0.0077888384,
    -0.055398427,
    -0.04404492,
    -0.008051805,
    -0.034010425,
    0.026163151,
    0.008331469,
    0.028517334,
    0.027565643,
    0.003289177,
    0.06561658,
    0.026730826,
    -0.13851276,
    0.008757225,
    -0.03876888,
    0.03391025,
    0.034828547,
    0.06648479,
    0.07339707,
    -0.0002092259,
    0.0009026454,
    0.041874398,
    -0.024410035,
    -0.0077011827,
    -0.00048993295,
    0.02220612,
    0.022239514,
    -0.00051367306,
    -0.011762565,
    0.017865075,
    0.029869735,
    -0.04013798,
    0.016212137,
    0.0031138656,
    -0.011804306,
    -0.011712477,
    0.022673618,
    0.059505723,
    0.02726511,
    0.017481059,
    0.005146644,
    0.040839225,
    0.017414274,
    0.016320663,
    0.015010001,
    -0.0414069,
    0.0596059,
    0.0013398805,
    0.036932286,
    0.008431647,
    0.009667176,
    -0.01201301,
    0.017781593,
    0.02980295,
    -0.030086787,
    -0.011896136,
    0.08214595,
    -0.013440547,
    0.026163151,
    -0.05656717,
    0.049454533,
    -0.012547293,
    -0.00026701085,
    0.030570982,
    0.0044579203,
    0.002124608,
    0.0068162773,
    -0.009900924,
    0.014083355,
    -0.090360545,
    -0.0096170865,
    -0.038401563,
    0.061642855,
    -0.018365964,
    0.06364641,
    -0.022723706,
    0.04568116,
    0.030337233,
    -0.010276591,
    -0.0038652006,
    0.06925638,
    0.018733284,
    0.024126198,
    0.07252886,
    0.044645987,
    0.015677854,
    0.0054179593,
    -0.08020917,
    0.066818714,
    0.030003307,
    0.005008899,
    -0.025345031,
    -0.03990423,
    0.083748795,
    -0.08241309,
    0.055999495,
    -0.04855293,
    0.055031106,
    -0.017965252,
    -0.05720163,
    -0.012522249,
    0.0029990785,
    -0.013473939,
    0.051758625,
    -0.03175642,
    -0.039804053,
    0.022105942,
    0.018866854,
    -0.017430969,
    0.07747097,
    -0.15547623,
    -0.024944318,
    -0.058136623,
    0.023007544,
    -0.013415501,
    -0.07900704,
    0.055632174,
    -0.011395246,
    0.03559658,
    0.018783372,
    -0.0029656857,
    -0.00896593,
    -0.06057429,
    0.10218155,
    -0.0012438766,
    0.083748795,
    -0.052526657,
    0.012614078,
    0.044746168,
    0.0023980106,
    -0.014408934,
    0.015661158,
    0.07833918,
    -0.0236587,
    0.08882448,
    0.008565218,
    0.011336809,
    -0.018466143,
    0.007120985,
    0.012447115,
    0.025244853,
    -0.029819647,
    0.035563186,
    -0.045714553,
    -0.030954998,
    0.044245277,
    -0.03836817,
    -0.0025065367,
    0.06892245,
