{
  "chunk_index": 214,
  "token_start": 96300,
  "token_end": 96800,
  "text": ";\n\nc) Thu lợi bất chính từ 500.000.000 đồng đến dưới 2.000.000.000 đồng.\n\n4. Phạm tội thuộc một trong các trường hợp sau đây, thì bị phạt tù từ 15 năm đến 20 năm:\n\na) Gây thiệt hại về tài sản 3.000.000.000 đồng trở lên;\n\nb) Thu lợi bất chính 2.000.000.000 đồng trở lên.\n\n5. Người phạm tội còn có thể bị phạt tiền từ 20.000.000 đồng đến 100.000.000 đồng, cấm đảm nhiệm chức vụ, cấm hành nghề hoặc\nlàm công việc nhất định từ 01 năm đến 05 năm hoặc tịch thu một phần hoặc toàn bộ tài sản.\n\n6.148 Pháp nhân thương mại phạm tội quy định tại Điều này, thì bị phạt như sau:\n\na) Phạm tội thuộc trường hợp quy định tại khoản 1 Điều này, thì bị phạt tiền từ 1.000.000.000 đồng đến 3.000.000.000 đồng;\n\nb) Phạm tội thuộc một trong các trường hợp quy định tại các điểm a, b, c, e, g, h và i khoản 2 Điều này, thì bị phạt tiền từ 3.000.000.000\nđồng đến 6.000.000.000 đồng;\n\nc) Phạm tội thuộc trường hợp quy định tại khoản 3 Điều này, thì bị phạt ti",
  "embedding": [
    -0.0002267207,
    0.028605236,
    -0.038826883,
    -0.09234834,
    -0.0013132509,
    0.042362187,
    0.058655336,
    0.008046663,
    0.01451781,
    0.051215824,
    -0.15038884,
    -0.06160655,
    0.0007036988,
    -0.058962755,
    -0.11454391,
    -0.10095604,
    0.0151172755,
    -0.06689414,
    0.15014291,
    0.005779457,
    0.008945861,
    0.07839157,
    0.10163236,
    -0.04190106,
    -0.0745181,
    0.058163468,
    -0.017983947,
    0.072550625,
    -0.0002673095,
    0.031694785,
    -0.019428812,
    0.028436156,
    0.034123387,
    -0.018460445,
    -0.01124381,
    -0.011151585,
    0.0037447345,
    0.013103688,
    -0.01021396,
    -0.06089949,
    0.0038638588,
    0.042638864,
    0.016923355,
    0.020919789,
    0.04463708,
    -0.048633512,
    -0.011105472,
    0.055242997,
    -0.046850488,
    -0.035230093,
    0.024993075,
    0.00936856,
    0.0752559,
    -0.019275103,
    0.06369699,
    -0.15678313,
    0.04426818,
    -0.00021903525,
    0.038703915,
    0.075071454,
    0.010798054,
    0.0024401296,
    0.056195993,
    -0.03400042,
    -0.023671178,
    -0.031341255,
    0.016216295,
    -0.038888365,
    0.013395735,
    -0.046758264,
    -0.092655756,
    -0.10452209,
    -0.033600777,
    0.054658905,
    0.09714406,
    -0.028236335,
    -0.03418487,
    -0.034123387,
    0.09167202,
    0.03572196,
    0.010882594,
    -0.01443327,
    -0.011735679,
    -0.06904606,
    0.020458661,
    0.11153121,
    -0.052445494,
    0.0060753464,
    -0.0043614917,
    0.04171661,
    0.037843145,
    0.080420524,
    0.024132306,
    -0.03704386,
    -0.0030184595,
    -0.009360875,
    -0.030680306,
    0.025208268,
    -0.00042005774,
    -0.018983055,
    0.0026841427,
    -0.0539211,
    0.029404523,
    -0.01443327,
    -0.006501889,
    0.03206369,
    -0.002246072,
    -0.011866331,
    0.033416327,
    -0.0043883906,
    -0.00019489815,
    0.014271876,
    -0.021842042,
    -0.07808415,
    -0.005156935,
    -0.0019252046,
    0.03230962,
    -0.04552859,
    -0.023455987,
    -0.0056103766,
    -0.0023286906,
    0.057948276,
    -0.034953415,
    0.0048495173,
    -0.004453717,
    -0.06338957,
    -0.011689566,
    -0.027329452,
    -0.09566845,
    -0.010782683,
    -0.083002836,
    -0.055519674,
    0.0046804375,
    0.006428877,
    -0.08453992,
    0.0001540692,
    0.03587567,
    -0.0056295902,
    -0.029389152,
    0.025853846,
    -0.01331888,
    0.0070052855,
    0.03642902,
    -0.015309412,
    -0.042792574,
    -0.033385586,
    0.04519043,
    0.030249922,
    0.007862213,
    -0.0051031373,
    0.05321404,
    -0.01615481,
    0.010997876,
    0.018767864,
    -0.021027384,
    -0.010175533,
    -0.011043988,
    0.047772743,
    -0.037320532,
    0.027682982,
    0.0329552,
    0.009921913,
    -0.044237435,
    -0.060530584,
    -0.010513692,
    0.014125853,
    -0.0033527764,
    0.059177946,
    -0.0037716334,
    -0.025131414,
    -0.003068415,
    -0.0006287657,
    0.004934057,
    -0.0013372679,
    0.012427369,
    0.017953206,
    0.002117341,
    -0.09314763,
    -0.00708214,
    -0.05853237,
    0.010167847,
    0.0576716,
    0.14473236,
    0.01664668,
    -0.0047957194,
    -0.02078145,
    -0.051553983,
    0.027344823,
    0.039042074,
    0.04137845,
    -0.008008236,
    -0.0042462097,
    -0.021580737,
    0.04549785,
    -0.00034392378,
    0.024485836,
    0.018337479,
    0.011105472,
    0.033693,
    -0.031448852,
    0.0300501,
    0.024455095,
    0.06025391,
    0.011635767,
    -0.020812193,
    -0.034553774,
    0.01990531,
    0.031187546,
    -7.1270515e-05,
    -0.013357308,
    0.0133803645,
    -0.062467318,
    -0.007489469,
    0.029788794,
    -0.026053667,
    0.03775092,
    -0.012696359,
    -0.05739492,
    0.037013117,
    0.006774722,
    0.028466897,
    -0.033047426,
    -0.009483842,
    0.00798518,
    0.011628082,
    -0.013841491,
    -0.001544775,
    0.0030761005,
    0.033754487,
    0.006943802,
    0.06695562,
    0.06425034,
    -0.051062115,
    -0.0022076447,
    -0.019428812,
    0.001598573,
    -0.0048879446,
    0.027145,
    0.00034752634,
    0.04017952,
    0.09892708,
    -0.023379132,
    -0.034369323,
    -0.007862213,
    -0.0044614025,
    -0.0066017993,
    -0.001879092,
    -0.013096003,
    0.028958766,
    -0.011013246,
    -0.059700556,
    -0.019613262,
    0.0078122574,
    -0.009591439,
    0.023871,
    0.023763403,
    0.0061829425,
    0.007485626,
    0.020904418,
    0.060038716,
    0.050570246,
    -0.12677914,
    -0.0031298986,
    -0.05684157,
    0.01630852,
    0.062221386,
    0.105874725,
    0.015478492,
    0.013495646,
    0.021534624,
    0.12044633,
    -0.0052261045,
    -0.0018291365,
    0.013111373,
    0.04051768,
    0.039779875,
    0.025577169,
    -0.015709056,
    -0.017153919,
    -0.047496065,
    -0.054812614,
    -0.034553774,
    0.008861321,
    -0.03692089,
    -0.03661347,
    0.004891787,
    0.086199984,
    0.022380024,
    0.0005370207,
    -0.020181986,
    -0.008684556,
    0.07740783,
    -0.0118202185,
    -0.019936051,
    0.0031664043,
    0.06028465,
    -0.0016975233,
    -0.0053068018,
    -0.006509574,
    -0.019720858,
    -0.013211285,
    0.0061406726,
    0.008453992,
    -0.0069899145,
    -0.0053490717,
    0.018153027,
    -0.014156595,
    -0.013872233,
    -0.10083307,
    0.005548893,
    0.016708164,
    0.011059359,
    0.0021231049,
    -0.02076608,
    0.0034200242,
    0.022979489,
    0.008384823,
    0.032709263,
    -0.045036722,
    -0.079744205,
    0.021411657,
    0.112699404,
    -0.04426818,
    0.046666037,
    -0.026883695,
    0.01803006,
    0.06345105,
    0.03347781,
    0.014325675,
    0.045036722,
    0.015908876,
    -0.0011163113,
    0.07089057,
    0.02488548,
    0.008722983,
    -0.022733554,
    -0.043407407,
    0.015201815,
    -0.039072815,
    0.011574284,
    -0.069722384,
    -0.013295825,
    -0.042700347,
    -0.07623964,
    0.05081618,
    -0.0584094,
    0.04669678,
    0.029604344,
    0.038765397,
    -0.013695467,
    0.05733344,
    0.017768756,
    0.11177715,
    0.013088318,
    0.042300705,
    0.054720387,
    0.013088318,
    0.013288138,
    0.08767559,
    -0.12044633,
    0.014156595,
    -0.025300493,
    0.00065902714,
    -0.0014554317,
    -0.057794567,
    -0.0061176163,
    -0.024147676,
    0.033385586,
    -0.02454732,
    -0.05081618,
    -0.03384671,
    -0.01527867,
    0.03793537,
    -0.033785228,
    0.06351254,
    -0.0013209363,
    -0.017830238,
    0.08214206,
    -0.01818377,
    -0.04239293,
    -0.006205999,
    0.08146574,
    -0.047188647,
    0.055857833,
    0.010890279,
    -0.021642221,
    -0.027882803,
    0.059116464,
    0.071136504,
    0.04116326,
    -0.003239416,
    0.04205477,
    -0.0019348115,
    -0.042823315,
    0.019536408,
    -0.029742682,
    -0.029343039,
    0.070829086,
    -0.016631309,
