{
  "chunk_index": 474,
  "token_start": 213300,
  "token_end": 213800,
  "text": "ch hoặc gây tổn hại cho sức khỏe của 02 người trở lên màtổng tỷ lệ tổn thương cơ thể của những người này từ 61%\nđến 121%;\n\ng) Gây thiệt hại về tài sản từ 100.000.000 đồng đến dưới 500.000.000 đồng;\n\nh) Tái phạm nguy hiểm.\n\n3. Phạm tội thuộc một trong các trường hợp sau đây, thì bị phạt tù từ 03 năm đến 07 năm:\n\na) Vật phạm pháp có số lượng rất lớn hoặc đặc biệt lớn;\n\nb) Làm chết 02 người trở lên;\n\nc) Gây thương tích hoặc gây tổn hại cho sức khỏe của 02 người trở lên mà tổng tỷ lệ tổn thương cơ thể của những người này 122% trở\nlên;\n\nd) Gây thiệt hại về tài sản 500.000.000 đồng trở lên.\n\n4. Người phạm tội còn có thể bị phạt tiền từ 10.000.000 đồng đến 50.000.000 đồng, phạt quản chế hoặc cấm cư trú từ 01 năm đến 05\nnăm.\n\nĐiều 307. Tội vi phạm quy định về quản lý vũ khí, vật liệu nổ, công cụ hỗ trợ319\n\n1. Người nào vi phạm quy định về quản lý việc sản xuất, sửa chữa, trang bị, sử dụng, bảo quản, lưu giữ, vận chuyển, mua bán hoặc ti",
  "embedding": [
    -0.00025144187,
    -0.033146683,
    -0.119054936,
    -0.23364066,
    0.0003021182,
    0.05986887,
    0.0036137798,
    0.0032122487,
    0.02430136,
    0.05977576,
    -0.121972345,
    -0.025961798,
    0.0030609472,
    -0.06896248,
    -0.06443119,
    -0.17268552,
    0.10061942,
    -0.0006779474,
    0.06691409,
    0.0049037226,
    -0.023013357,
    0.13457304,
    0.038453877,
    -0.07659739,
    -0.0009640626,
    0.07430071,
    -0.030074097,
    -0.082121834,
    0.096770935,
    0.041898895,
    -0.054220274,
    -0.010389375,
    0.007918116,
    -0.0034430805,
    -0.0023005598,
    -0.008263393,
    0.0673486,
    0.0046903486,
    0.020639086,
    -0.05598934,
    -0.016495751,
    0.07752848,
    0.057727367,
    0.0014247565,
    -0.00903154,
    -0.07330755,
    -0.010808364,
    0.016697487,
    -0.036902066,
    -0.015634496,
    0.017690646,
    0.044536974,
    0.03808144,
    -0.009970386,
    0.0136016235,
    -0.11551681,
    0.06117239,
    0.0024072467,
    -0.026070423,
    0.025434181,
    0.010195398,
    -0.04326449,
    0.022237452,
    -0.060055085,
    -0.021275328,
    -0.029530963,
    0.012569669,
    -0.006994788,
    0.044847336,
    -0.06741067,
    -0.04621293,
    -0.052823644,
    -0.030663785,
    0.04590257,
    0.13209015,
    -0.023944443,
    -0.025480736,
    0.031206919,
    0.022951284,
    0.009706577,
    0.03932289,
    -0.03752279,
    -0.00022598247,
    -0.039788432,
    0.0020231735,
    0.032898393,
    -0.028755058,
    0.022004679,
    -0.047733705,
    -0.018125152,
    0.01616987,
    0.0074176565,
    0.06449326,
    -0.07876992,
    0.013027453,
    0.0070646196,
    0.0035982616,
    -0.005179169,
    0.0002147076,
    0.0002873275,
    0.0051675304,
    -0.031517282,
    0.032960463,
    -0.0024111264,
    0.011809281,
    -0.0041549737,
    -0.0056796283,
    0.04161957,
    0.042829983,
    0.020220097,
    -0.0023354755,
    0.036746882,
    -0.08944638,
    -0.10310232,
    0.020452868,
    0.007429295,
    -0.01961489,
    -0.09416389,
    -0.026892884,
    0.027886042,
    -0.02217538,
    0.020002844,
    -0.00015202898,
    -0.018683804,
    0.031750053,
    -0.06263109,
    -0.01814067,
    -0.016650932,
    -0.07082465,
    0.037398644,
    -0.0024693192,
    -0.036902066,
    0.0020289929,
    0.005353748,
    -0.04251962,
    -0.0254497,
    0.019801108,
    -0.011879113,
    -0.00055477244,
    0.068093464,
    -0.025372108,
    -0.012142921,
    0.031036219,
    0.06710031,
    -0.026954956,
    -0.016371606,
    0.016868185,
    -0.01461806,
    0.004872686,
    -0.012181716,
    0.050961472,
    0.0022346077,
    -0.037646934,
    0.0044342997,
    -0.048819974,
    -0.015541387,
    0.013500756,
    0.03373637,
    0.03466746,
    0.0019077576,
    -0.024099624,
    0.021337401,
    -0.011149762,
    0.009978144,
    -0.01724062,
    0.0122049935,
    -0.04236444,
    0.038640093,
    -0.02864643,
    0.03308461,
    0.025899725,
    0.0047136256,
    -0.02012699,
    -0.005555483,
    -0.013035212,
    -0.015572423,
    -0.02914301,
    -0.03742968,
    0.00467871,
    -0.06480362,
    -0.03767797,
    -0.006125774,
    0.071321234,
    -0.019723518,
    -0.04580946,
    -0.012026535,
    -0.0024906567,
    0.034791604,
    0.06331389,
    0.029561998,
    0.0074021383,
    0.0067464984,
    -0.04186786,
    0.04580946,
    -0.06498984,
    0.005656351,
    -0.012049812,
    -0.028196406,
    0.1121649,
    0.0062654368,
    0.036467556,
    0.0372745,
    0.038795274,
    0.0034469601,
    -0.017442355,
    -0.045095626,
    0.00845737,
    0.02634975,
    0.02996547,
    0.005435218,
    -0.009954867,
    -0.05254432,
    -0.029375782,
    -0.031237954,
    0.0007337156,
    0.03364326,
    -0.008154767,
    -0.01986318,
    -0.008465129,
    -0.017690646,
    -0.0430162,
    -0.021632245,
    -0.020251133,
    0.021073593,
    0.008550478,
    0.019009685,
    -0.005695146,
    0.0050550243,
    -0.010389375,
    0.0068706432,
    0.088018715,
    -0.023897888,
    -0.04376107,
    -0.035629578,
    0.028413659,
    0.019739036,
    0.00878325,
    0.018187225,
    -0.01025747,
    0.0126705365,
    0.12923482,
    -0.033612225,
    0.017054403,
    -0.007910357,
    -0.015479314,
    -0.03643652,
    -0.016619895,
    -0.044288684,
    0.02240815,
    -0.034108806,
    -0.034170877,
    -0.02856884,
    0.02535659,
    -0.0313621,
    -0.05434442,
    0.006385702,
    0.021694317,
    -0.07802506,
    -0.017209584,
    0.0137878405,
    0.01798549,
    -0.15816057,
    0.003316996,
    -0.03482264,
    0.05173738,
    0.05443753,
    0.061203424,
    0.0038523707,
    -0.015494833,
    -0.0057533393,
    0.08088039,
    -0.020670122,
    0.025511771,
    -0.00012372056,
    0.079328574,
    -0.0012938224,
    -0.0012336897,
    -0.016076762,
    0.030881038,
    0.012577428,
    -0.030555157,
    -0.015906062,
    0.073928274,
    -0.018916575,
    -0.026892884,
    0.0045196493,
    0.06548642,
    0.022920247,
    0.004542927,
    -0.0029911157,
    0.012848995,
    0.038267657,
    0.0015576303,
    0.0003292749,
    -0.01846655,
    0.05589623,
    -0.023509936,
    0.030229278,
    0.020592531,
    -0.008007345,
    0.006676667,
    -0.0068590045,
    -0.01370249,
    0.043140344,
    0.0055283266,
    -0.0007759055,
    -0.042985164,
    0.018575177,
    -0.05046489,
    -0.011304943,
    0.028755058,
    0.03240181,
    0.01329902,
    -0.020142507,
    -0.033146683,
    0.028987829,
    0.031377617,
    0.019723518,
    -0.026179051,
    0.032991502,
    0.0045506856,
    0.082370125,
    -0.042705838,
    0.031517282,
    -0.035350252,
    0.045592207,
    0.043078274,
    0.030462049,
    -0.090811975,
    0.077031896,
    -0.07473522,
    -0.04850961,
    0.08119075,
    0.0045002517,
    0.008604792,
    -0.021197738,
    -0.029329227,
    0.060799953,
    -0.048075102,
    -0.021120148,
    -0.012911067,
    -0.047733705,
    0.060303375,
    0.025806617,
    0.015518109,
    -0.03652963,
    0.07032807,
    0.004833891,
    0.017907899,
    0.016573342,
    0.03538129,
    -0.024658276,
    0.048168212,
    0.050837327,
    -0.014416324,
    0.028134333,
    -0.0077125006,
    0.04137128,
    0.058161873,
    -0.05210981,
    0.024580685,
    0.02265644,
    0.017364765,
    0.010195398,
    -0.06741067,
    -0.019739036,
    -0.0132757425,
    0.021802943,
    -0.050868362,
    -0.046771582,
    -0.008961708,
    -0.03938496,
    0.055927265,
    -0.05220292,
    0.0752318,
    -0.01009453,
    -0.011033376,
    0.08088039,
    -0.030477567,
    0.037740044,
    -0.02749809,
    0.039943613,
    -0.024999674,
    0.07219025,
    -0.013772322,
    -0.029251637,
    -0.057261825,
    -0.01798549,
    0.0057766163,
    0.088018715,
    -0.006230521,
    -0.028025705,
    -0.050837327,
    -0.028211923,
    0.025604881,
    -0.033953626,
    0.00976865,
    0.0921155,
    0.013679214,
