{
  "chunk_index": 373,
  "token_start": 167850,
  "token_end": 168350,
  "text": " Người phạm tội còn có thể bị phạt tiền từ 5.000.000 đồng đến 500.000.000 đồng, cấm đảm nhiệm chức vụ, cấm hành nghề hoặc làm\ncông việc nhất định từ 01 năm đến 05 năm hoặc tịch thu một phần hoặc toàn bộ tài sản.\n\nĐiều 253. Tội tàng trữ, vận chuyển, mua bán hoặc chiếm đoạt tiền chất dùng vào việc sản xuất trái phép chất ma túy\n\n1.257 Người nào tàng trữ, vận chuyển, mua bán hoặc chiếm đoạt tiền chất dùng vào việc sản xuất trái phép chất ma túy thuộc một\ntrong các trường hợp sau đây, thì bị phạt tù từ 01 năm đến 06 năm:\n\na) Đã bị xử phạt vi phạm hành chính về một trong các hành vi quy định tại Điều này hoặc đã bị kết án về tội này, chưa được xóa án tích\nmà còn vi phạm;\n\nb) Tiền chất ở thể rắn có khối lượng từ 50 gam đến dưới 200 gam;\n\nc) Tiền chất ở thể lỏng có thể tích từ 75 mililít đến dưới 300 mililít.\n\n2.258 Phạm tội thuộc một trong các trường hợp sau đây, thì bị phạt tù từ 06 năm đến 13 năm:\n\na) Có tổ chức;\n\nb) Phạm tội 02 lần trở lên;\n\nc) Lợi dụng chức v",
  "embedding": [
    -0.0003537781,
    -0.035733342,
    -0.08537544,
    -0.20010671,
    -0.0016224219,
    0.07351774,
    0.0035533041,
    0.0018277284,
    0.01704945,
    0.077043004,
    -0.053808324,
    -0.028778959,
    0.0067580882,
    -0.11588499,
    -0.004779134,
    -0.069351524,
    0.031823505,
    -0.075120136,
    0.11409031,
    -0.0005618387,
    -0.0070545305,
    0.07319727,
    0.15793175,
    -0.043681204,
    -0.09998926,
    0.085054964,
    -0.026102966,
    -0.044866975,
    0.02305842,
    0.057269488,
    0.031727362,
    0.011056504,
    -0.08986214,
    -0.005528252,
    -0.0076514217,
    -0.03900222,
    -0.061307516,
    0.0009869733,
    0.038777884,
    -0.14152326,
    -0.054192897,
    0.042207003,
    0.040220037,
    0.004799164,
    0.06034608,
    -0.0043985657,
    -0.018026909,
    0.05502614,
    -0.018459555,
    -0.041469906,
    0.018091006,
    0.024276238,
    0.002205292,
    0.007775607,
    0.020446522,
    -0.056724675,
    0.02775343,
    -0.0063054124,
    -0.0013840661,
    -0.013051483,
    0.02869884,
    0.002389567,
    0.062172808,
    -0.033586137,
    -0.015294831,
    -0.039675225,
    -0.0027080425,
    0.0041822433,
    0.023234684,
    -0.049257528,
    -0.0046990146,
    0.023122516,
    -0.03762416,
    0.00068902853,
    0.104988724,
    -0.027256688,
    -0.022673847,
    0.01434942,
    0.041277617,
    0.019885683,
    0.052334122,
    -0.036246106,
    -0.030573638,
    -0.101271175,
    0.029692324,
    0.117295094,
    -0.0054040668,
    0.025462009,
    0.009253814,
    0.016144099,
    0.003180748,
    0.028506553,
    0.035252623,
    -0.0005332961,
    0.024324311,
    -0.016280303,
    -0.0033149484,
    -0.005155696,
    -0.029772442,
    -0.0041001206,
    0.011232767,
    -0.023106493,
    0.070825726,
    0.0038938124,
    0.013556236,
    0.010375488,
    -0.032031815,
    0.03294518,
    -0.0043344703,
    -0.012234263,
    -0.002786159,
    -0.001588371,
    -0.054962043,
    -0.0697361,
    -0.024340333,
    0.0103274165,
    -0.025413936,
    -0.0050956067,
    -0.03845741,
    -0.05220593,
    -0.037143447,
    0.055538904,
    -0.009902783,
    0.018443532,
    0.04259158,
    -0.052878935,
    -0.0466937,
    0.01881208,
    -0.077619866,
    0.026231157,
    -0.07005658,
    -0.08088875,
    0.036278155,
    -0.04361711,
    -0.03691911,
    -0.03320156,
    0.010199225,
    -0.0064816754,
    -0.044674687,
    0.024452502,
    -0.030429423,
    0.015703442,
    0.03544491,
    0.04659756,
    -0.018828105,
    0.059384648,
    0.018828105,
    -0.009918806,
    -0.015423023,
    0.0038257109,
    -0.0017566222,
    0.005372019,
    0.025125505,
    0.021119526,
    -0.040284134,
    -0.016712949,
    -0.029131485,
    0.07749168,
    0.02403588,
    0.02137591,
    0.0080119595,
    0.0091897175,
    -0.06941562,
    -0.0064976993,
    -0.02534984,
    0.017241737,
    0.0030525567,
    0.04608479,
    -0.021792531,
    -0.049161386,
    0.0060570417,
    -0.011320899,
    -0.024212142,
    0.022593727,
    -0.005628402,
    -0.012146131,
    -0.050956063,
    -0.020702904,
    0.014077013,
    0.015607297,
    0.006333454,
    0.022577703,
    0.035380814,
    -0.024099976,
    -0.003787654,
    0.0037035285,
    -0.024083951,
    0.06582626,
    0.030878093,
    0.017257761,
    -0.022385417,
    0.06999248,
    0.0055402704,
    0.03560515,
    0.016536685,
    -0.007979912,
    0.0039118393,
    -0.036214057,
    0.083837144,
    -0.046821892,
    -0.0020590737,
    0.054096755,
    0.042014718,
    -0.014509659,
    -0.00026664804,
    -0.04996258,
    0.043072294,
    0.028538601,
    0.0127310045,
    -0.0020811066,
    -0.011256804,
    -0.05608372,
    -0.061179325,
    0.03348999,
    0.007571302,
    0.018555699,
    -0.018876178,
    -0.03294518,
    -0.0036514506,
    -0.04214291,
    -0.024308287,
    -0.02187265,
    0.021247717,
    -0.007811661,
    0.0068782675,
    -0.015374951,
    -0.025942726,
    0.013452081,
    -0.009478148,
    0.00517172,
    0.028714864,
    0.011929808,
    -0.027320784,
    0.024115998,
    0.030717853,
    0.0061692093,
    0.080952846,
    0.031935673,
    -0.0091496585,
    0.06659541,
    0.10454005,
    -0.02906739,
    -0.015831633,
    -0.0022613758,
    -0.0061892387,
    -0.03131074,
    -0.009622363,
    0.0026319288,
    0.026856089,
    0.015703442,
    -0.025317794,
    -0.029916657,
    -0.026070917,
    -0.0081681935,
    3.1985244e-05,
    0.0143013485,
    0.027384879,
    -0.0393227,
    -0.0075873258,
    0.063294485,
    0.008532737,
    -0.069031045,
    0.016176147,
    -0.043649156,
    -0.021536147,
    0.05906417,
    0.026487539,
    -0.003961914,
    0.024997314,
    -0.002786159,
    0.09928421,
    -0.0586155,
    -0.011713485,
    -0.022145057,
    0.11037276,
    0.040348228,
    -0.014421527,
    -0.029820515,
    -0.036085866,
    -0.0028742906,
    -0.044226017,
    0.010367476,
    -0.005956892,
    0.023779497,
    -0.0251896,
    -0.040700756,
    0.16395675,
    -0.016793068,
    -0.039547034,
    -0.010551751,
    0.04643732,
    0.0010756056,
    -0.015270796,
    0.0188922,
    -0.10030974,
    0.016857164,
    -0.026359348,
    -0.018074982,
    0.036662728,
    -0.003817699,
    -0.01631235,
    0.006045024,
    0.032816987,
    0.001412108,
    0.01386069,
    -0.06371111,
    -0.0233789,
    0.012298359,
    -0.06246124,
    0.03393866,
    0.038970172,
    0.043873493,
    0.037303686,
    -0.0023134535,
    -0.015951812,
    0.018299317,
    0.09595123,
    0.057365634,
    -0.07742758,
    -0.0012458598,
    0.036822967,
    0.024388406,
    -0.059416693,
    -0.0020230198,
    -0.069351524,
    -0.007158686,
    0.051821355,
    0.08582412,
    -0.09710495,
    0.06697998,
    0.00017588756,
    0.026888138,
    0.049866438,
    0.017017404,
    -0.024821052,
    -0.057782255,
    -0.031807482,
    0.03249651,
    -0.008949359,
    0.017786551,
    -0.040668707,
    0.009710495,
    -0.044129875,
    -0.040187992,
    0.07601748,
    -0.028410409,
    0.036470443,
    0.079542734,
    0.014004906,
    -0.02983654,
    0.008556773,
    0.036117915,
    0.0023254713,
    -0.0032929154,
    0.024452502,
    0.032849036,
    0.02329878,
    0.016937284,
    0.079158165,
    -0.118577,
    0.02342697,
    -0.001300942,
    0.003387056,
    -0.05483385,
    -0.08486268,
    0.013404009,
    -0.015406999,
    -0.008548761,
    0.07447918,
    -0.011881736,
    -0.014069001,
    -0.0682619,
    0.03884198,
    -0.070569344,
    0.08326029,
    -0.017930767,
    -0.0130354585,
    0.03531672,
    -0.0086689405,
    0.026215132,
    -0.043809395,
    0.04778333,
    -0.022305297,
    0.032063864,
    -0.012562753,
    -0.023651306,
    -0.011184696,
    0.056340102,
    0.08390124,
    0.04980234,
    0.0013269809,
    0.057013106,
    0.0044626617,
    -0.027945716,
    -0.031086404,
    -0.01757824,
