{
  "chunk_index": 652,
  "token_start": 293400,
  "token_end": 293900,
  "text": "ổi, bổ sung một số điều của Bộ luật Bình sự số 100/2015/QH13, có hiệu lực kể từ ngày 01 tháng 01 năm 2018.\n\n150 Từ “cấm” được bổ sung theo quy định tại điểm i khoản 1 Điều 2 của Luật số 12/2017/QH14 sửa đổi, bổ sung một số điều của Bộ\nluật Hình sự số 100/2015/QH13, có hiệu lực kể từ ngày 01 tháng 01 năm 2018.\n\n151 Điều này được sửa đổi, bổ sung theo quy định tại khoản 46 Điều 1 của Luật số 12/2017/QH14 sửa đổi, bổ sung một số điều của Bộ\nluật Hình sự số 100/2015/QH13, có hiệu lực kể từ ngày 01 tháng 01 năm 2018.\n\n152 Khoản này được sửa đổi, bổ sung theo quy định tại điểm a khoản 47 Điều 1 của Luật số 12/2017/QH14 sửa đổi, bổ sung một số\nđiều của Bộ luật Hình sự số 100/2015/QH13, có hiệu lực kể từ ngày 01 tháng 01 năm 2018.\n\n153 Khoản này được sửa đổi, bổ sung theo quy định tại điểm b khoản 47 Điều 1của Luật số 12/2017/QH14 sửa đổi, bổ sung một số\nđiều của Bộ luật Hình sự số 100/2015/QH13, có hiệu lực kể từ ngày 01 tháng 01 năm 2018.\n\n154 Cụm từ “lãi suất gấp 05 lần mức lãi suất cao",
  "embedding": [
    -0.00075875537,
    -0.015069871,
    -0.017831277,
    7.300784e-05,
    -0.002639332,
    -0.0040452923,
    0.014362682,
    -0.010111126,
    -0.002039484,
    0.032547552,
    -0.07496209,
    -0.12911259,
    0.005640678,
    -0.016189588,
    -0.121501885,
    -0.13780092,
    0.09712069,
    -0.022983657,
    0.11240945,
    -0.00072350114,
    0.013226127,
    0.07051689,
    0.09678393,
    -0.073413,
    -0.08277485,
    0.044115152,
    -0.026536442,
    0.021805009,
    -0.043172233,
    -0.04583261,
    -0.021182008,
    -0.0706516,
    0.104192585,
    -0.0856036,
    -0.0064488947,
    0.02515574,
    0.076982625,
    -0.015549749,
    0.021434577,
    0.005459671,
    -0.007467584,
    -0.047920506,
    -0.014876236,
    -0.018555304,
    0.016787332,
    0.06890046,
    0.006478361,
    0.041286394,
    -0.059168186,
    0.023606658,
    0.025997631,
    0.05576694,
    -0.024970524,
    -0.016686304,
    0.014825722,
    -0.18898797,
    -0.013503951,
    0.007922206,
    0.023067847,
    0.058090564,
    0.0019310903,
    0.017831277,
    0.009976423,
    -0.04546218,
    -0.01023741,
    -0.048728723,
    0.013158776,
    -0.05664251,
    0.016593697,
    -0.028018173,
    -0.13059433,
    0.010877248,
    0.008301058,
    0.007311834,
    0.07678057,
    -0.010801477,
    -0.034315526,
    -0.005055563,
    0.063209265,
    -0.0026351227,
    0.042465046,
    -0.0757703,
    -0.0074507464,
    -0.019414036,
    0.008225287,
    -0.0054891375,
    0.03273277,
    -0.00037095876,
    -0.0143542625,
    -0.036336068,
    0.051288076,
    0.03522477,
    0.048156235,
    0.08068695,
    -0.020811576,
    0.00026690614,
    -0.009185044,
    -0.026199685,
    0.00033254744,
    -0.0075644017,
    0.009858558,
    -0.047044937,
    0.006082671,
    0.009866977,
    0.009361842,
    -0.0207779,
    -0.038760718,
    -0.009235558,
    0.007648591,
    0.0031528864,
    0.0018405869,
    0.025458822,
    0.008145307,
    -0.03399561,
    -0.027058417,
    0.025526173,
    0.12561032,
    0.0077454085,
    -0.0014617353,
    -0.03212661,
    -0.01944771,
    0.049570616,
    0.027748767,
    0.030324958,
    -0.0042936504,
    -0.093079604,
    -0.025526173,
    0.0367065,
    -0.13086373,
    0.015246668,
    0.014514222,
    -0.009176625,
    0.06149181,
    -0.013613397,
    -0.011449735,
    -8.8464454e-05,
    -0.009269234,
    -0.0141101135,
    -0.03977099,
    -0.0037064306,
    -0.015280344,
    -0.02889374,
    0.014808885,
    0.028321255,
    -0.06671154,
    -0.018791035,
    0.020424306,
    0.016517926,
    0.0027508829,
    0.0037443158,
    0.022444846,
    -0.015583425,
    -0.029163146,
    -0.0063647055,
    -0.0007119251,
    -0.06021213,
    0.0046598734,
    -0.0353258,
    -0.01085199,
    0.029095795,
    -0.040511854,
    0.006524665,
    -0.06859738,
    0.07172922,
    0.0130914245,
    0.021737657,
    -0.07294154,
    -0.00036859093,
    -0.059740674,
    -0.11429529,
    0.0379525,
    0.022377495,
    -0.022141766,
    0.0083557805,
    -0.054554615,
    -0.0024877915,
    0.03365885,
    -0.016080141,
    -0.008435761,
    -0.04071391,
    -0.019952847,
    -0.021771332,
    0.052635103,
    -0.017864954,
    -0.0069414014,
    0.023185711,
    -0.013192452,
    0.020912603,
    -0.002397288,
    0.039905693,
    -0.06775549,
    -0.0029697749,
    0.017359817,
    0.050277803,
    -0.044115152,
    -0.0033086364,
    -0.053375967,
    0.044249855,
    0.004194728,
    0.0036011941,
    0.019700278,
    0.032294985,
    0.033743042,
    -0.020592684,
    0.0033107412,
    -0.060885645,
    -0.01608856,
    -0.0029424133,
    0.047684778,
    -0.04219564,
    0.011096139,
    -0.073547706,
    -0.029988201,
    0.05334229,
    -2.74766e-05,
    0.07482738,
    -0.04970532,
    -0.026974227,
    0.020205414,
    0.06458997,
    0.0154739795,
    -0.018723683,
    -0.023926577,
    0.05492505,
    -0.012434748,
    0.029971363,
    0.015945438,
    0.026435416,
    0.027092092,
    -0.0069077257,
    0.099006526,
    0.016778912,
    -0.038626015,
    0.007976929,
    -0.0016101189,
    -0.010279505,
    0.05778748,
    0.042465046,
    0.007366557,
    0.018757358,
    0.017014641,
    -0.029550418,
    -0.027260471,
    0.013293479,
    -0.020811576,
    -0.017679736,
    0.0041589476,
    -0.0135292085,
    0.0037548393,
    0.0032665418,
    -0.09739009,
    -0.0068782596,
    -0.010515234,
    -0.0014648925,
    0,
    -0.011592856,
    -0.017864954,
    -0.0012575765,
    0.0007961143,
    0.035258446,
    0.021838684,
    -0.056339428,
    -0.008338942,
    0.0043399544,
    0.07866641,
    0.017427169,
    0.061996944,
    0.037683096,
    0.009605991,
    -0.007374976,
    -0.06492673,
    -0.06314192,
    0.03539315,
    0.04054553,
    0.098804474,
    0.0045672655,
    -0.003062383,
    0.03492169,
    0.016307453,
    -0.0024625347,
    -0.022747928,
    -0.030998472,
    0.011416059,
    0.025475658,
    0.02773193,
    -0.038626015,
    0.0034012445,
    0.009984842,
    0.00097501645,
    -0.016391642,
    0.02897793,
    -0.11624848,
    0.035965636,
    0.007854855,
    -0.0585957,
    0.049267534,
    0.023168875,
    -0.032766446,
    0.047617424,
    0.027277308,
    0.043138556,
    0.0130409105,
    0.009900653,
    -0.010692031,
    -0.03929953,
    -0.058326293,
    -0.027277308,
    0.007850645,
    -0.05054721,
    0.049267534,
    -0.0061752796,
    0.029550418,
    0.023993928,
    -0.04374472,
    -0.0062215836,
    0.052365698,
    0.006187908,
    0.040579207,
    -0.0064236377,
    0.016905196,
    0.04906548,
    0.05765278,
    -0.04583261,
    0.0029424133,
    -0.046741858,
    0.006124766,
    -0.0207779,
    0.005556489,
    -0.003820086,
    0.14305432,
    0.050277803,
    0.041623153,
    0.048526667,
    -0.008402085,
    0.020912603,
    -0.016122237,
    -0.009715436,
    0.097457446,
    -0.028455958,
    0.01242633,
    -0.046438776,
    0.017359817,
    0.02460009,
    -0.051826887,
    -0.08459333,
    0.04593364,
    0.058090564,
    -0.0068950974,
    -0.033642013,
    0.016854683,
    0.14776893,
    0.010254247,
    -0.04189256,
    0.052534074,
    -0.03008923,
    0.022714252,
    0.0106162615,
    0.011862261,
    0.031133175,
    -0.10506815,
    0.0052071037,
    -0.06132343,
    -0.024633767,
    0.049806345,
    -0.010447883,
    -0.009521801,
    0.003428606,
    0.019178305,
    0.05381375,
    -0.062198997,
    -0.035258446,
    -0.010666775,
    0.015095128,
    -0.049637966,
    -0.019346684,
    0.038558666,
    -0.02242801,
    0.02655328,
    0.004228404,
    -0.014733114,
    0.015448722,
    0.047785804,
    -0.0573497,
    0.10547226,
    0.0132345455,
    -0.003569623,
    -0.054891374,
    -0.060717266,
    0.02131671,
    -0.024650605,
    0.031436257,
    0.033473637,
    0.038626015,
    -0.054083157,
    0.0075433543,
    0.0019542424,
