{
  "chunk_index": 101,
  "token_start": 45450,
  "token_end": 45950,
  "text": "uyển mộ, đào tạo, huấn luyện phần tử khủng bố; chế tạo, cung cấp vũ khí cho phần tử khủng bố;\n\nc) Xâm phạm tự do thân thể, sức khỏe của cán bộ, công chức hoặc người khác; chiếm giữ, làm hư hại tài sản của cơ quan, tổ chức, cá\nnhân;\n\nd) Tấn công, xâm hại, cản trở, gây rối loạn hoạt động của mạng máy tính, mạng viễn thông, phương tiện điện tử của cơ quan, tổ chức,\ncá nhân.\n\n3.40 Phạm tội trong trường hợp đe dọa thực hiện một trong các hành vi quy định tại khoản 1 Điều này hoặc có hành vi khác uy hiếp tinh\nthần của cán bộ, công chức hoặc người khác, thì bị phạt tù từ 05 năm đến 10 năm.\n\n4. Khủng bố cá nhân, tổ chức nước ngoài hoặc các tổ chức quốc tế nhằm gây khó khăn cho quan hệ quốc tế của nước Cộng hòa xã hội\nchủ nghĩa Việt Nam, thì cũng bị xử phạt theo Điều này.\n\n5. Người chuẩn bị phạm tội này, thì bị phạt tù từ 01 năm đến 05 năm.\n\nĐiều 114. Tội phá hoại cơ sở vật chất - kỹ thuật của nước Cộng hòa xã hội chủ nghĩa Việt Nam\n\n1. Người nà",
  "embedding": [
    -0.0004111803,
    0.00063360657,
    -0.11813158,
    -0.20615357,
    -0.0012501399,
    0.049656544,
    0.0005458691,
    -0.034935623,
    0.038122628,
    -0.06580403,
    -0.010494346,
    -0.13245791,
    0.0040103123,
    0.04510368,
    0.043373596,
    -0.0579731,
    0.07612385,
    -0.015472141,
    -0.024661334,
    0.0004733079,
    -0.031445097,
    0.08049459,
    0.117524534,
    -0.052206147,
    0.054543283,
    0.11060418,
    -0.039215315,
    -0.16147482,
    0.054695044,
    0.057123236,
    -0.03262884,
    -0.04759258,
    -0.023720408,
    0.03171827,
    -0.0036233189,
    -0.023067832,
    0.04810857,
    0.009910062,
    -0.012679719,
    -0.011139334,
    -0.0075008394,
    -0.0057214294,
    -0.011731206,
    -0.0102818785,
    0.09609573,
    -0.026937764,
    -0.01719464,
    0.023568647,
    -0.061949268,
    -0.03262884,
    0.03687818,
    0.038486857,
    0.042827252,
    -0.0024149136,
    0.12505193,
    -0.02998818,
    0.037849456,
    -0.020245058,
    0.019577304,
    0.09597432,
    0.026877059,
    0.018894376,
    -0.0025002798,
    -0.072967194,
    -0.02247596,
    -0.017452637,
    0.018697085,
    0.012907363,
    0.021762678,
    0.0031566506,
    -0.064164996,
    -0.033418003,
    -0.004283484,
    0.023811465,
    0.026725298,
    -0.034844566,
    -0.019804947,
    0.05794275,
    0.017710632,
    -0.029699834,
    0.0434343,
    -0.009705183,
    -0.0021341539,
    0.0092119565,
    0.024570277,
    0.1322151,
    -0.045376852,
    0.02179303,
    -0.10113423,
    0.039852716,
    -0.0040216944,
    -0.05162945,
    0.05903544,
    0.009310602,
    0.033205535,
    0.004503539,
    0.011495976,
    -0.009538244,
    -0.0035113944,
    0.005850427,
    0.018135564,
    -0.060735174,
    0.06471134,
    0.016769707,
    -0.08346913,
    -0.029214194,
    -0.018348033,
    0.0006895688,
    0.049383372,
    0.024600629,
    -0.020320939,
    0.038061924,
    -0.09591362,
    -0.10131635,
    0.007087288,
    0.026300363,
    -0.05175086,
    -0.05615196,
    0.018697085,
    -0.07266367,
    -0.028546441,
    0.018606028,
    -0.006889997,
    -0.0025420145,
    0.047683638,
    -0.045255445,
    0.011632562,
    0.020867283,
    -0.034116108,
    0.050718877,
    0.0017215508,
    -0.04091505,
    0.020427173,
    0.01687594,
    -0.05077958,
    0.007318725,
    -0.015138265,
    0.02844021,
    -0.020108473,
    0.017543694,
    -0.027620694,
    -0.0128542455,
    0.005190262,
    -0.007853686,
    -0.05278284,
    -0.06829292,
    0.035694435,
    -0.005323054,
    0.021292215,
    -0.007823334,
    0.059217554,
    -0.0061046286,
    -0.0021701974,
    0.022491137,
    -0.053238127,
    0.033084128,
    -0.021519858,
    0.012565898,
    0.03551232,
    -0.017482989,
    -0.008149622,
    0.019607658,
    -0.030777344,
    -0.08383336,
    0.008013036,
    -0.0015659947,
    -0.08395477,
    -0.021337744,
    -0.006889997,
    0.037606638,
    0.011192451,
    -0.004799475,
    -0.03387329,
    0.0025723667,
    0.01643583,
    -0.0035967606,
    -0.035421263,
    -0.046499893,
    -0.01807486,
    -0.038608264,
    -0.016769707,
    -0.072238736,
    0.064893454,
    -0.007815746,
    -0.032294966,
    -0.03302342,
    -0.028925847,
    0.01451604,
    0.04067223,
    0.045407206,
    -0.015009267,
    0.054755747,
    -0.019941533,
    0.04674271,
    0.0035208797,
    0.0060363356,
    -0.004655301,
    -0.07733794,
    0.122866556,
    0.018727437,
    0.045498263,
    0.025177324,
    0.07144957,
    -0.014500864,
    0.03372153,
    -0.030291706,
    0.027681397,
    0.02387217,
    0.020776225,
    -0.029715009,
    0.004590802,
    -0.007884039,
    -0.0440717,
    0.08674719,
    0.017574046,
    0.046530247,
    -0.018606028,
    -0.01183744,
    0.011010337,
    0.00855938,
    -0.019182723,
    -0.0105246985,
    -0.046499893,
    0.03739417,
    -0.008771847,
    0.03220391,
    0.029259723,
    0.033053774,
    -0.022369726,
    0.05250967,
    0.07843063,
    -0.021489507,
    0.010585403,
    -0.023401707,
    0.031384394,
    0.00074126275,
    0.048776325,
    0.008172386,
    0.012626602,
    0.060886934,
    0.09846322,
    0.022369726,
    0.009120899,
    0.011055865,
    -0.0070114066,
    -0.031323686,
    0.032416373,
    -0.02095834,
    0.0033122068,
    0.01199679,
    -0.08626155,
    -0.023781113,
    0.023735585,
    -0.020943163,
    -0.02291607,
    -0.016784882,
    -0.012368607,
    -0.06031024,
    -0.021990322,
    0.0868686,
    0.0315058,
    -0.09652066,
    0.024266751,
    -0.030109592,
    0.02171715,
    -0.07290649,
    0.1032589,
    0.0073642535,
    -0.0122851385,
    0.0073832236,
    0.09730983,
    -0.06325442,
    -0.01435669,
    0.021307392,
    0.0006900431,
    -0.013628232,
    0.008832552,
    0.01491821,
    -0.02531391,
    -0.018939905,
    -0.012930127,
    -0.047501523,
    0.093728244,
    -0.005687283,
    0.004234161,
    -0.0396706,
    0.12565897,
    0.030337235,
    -0.022384902,
    0.02159574,
    0.017224994,
    -0.0075881025,
    0.0035796873,
    0.013779994,
    0.008377265,
    0.06367936,
    -0.015843958,
    0.005706253,
    0.016860764,
    0.0023181653,
    -0.005850427,
    0.008733906,
    0.0072086975,
    0.03375188,
    -0.030974634,
    -0.026118249,
    -0.020062944,
    0.024327457,
    -0.02631554,
    0.08158728,
    0.025541553,
    0.0063284775,
    0.077641465,
    0.014159399,
    -0.056850065,
    -0.027362699,
    0.05135628,
    0.04410205,
    -0.039154608,
    0.0050612646,
    -0.01736158,
    -0.01807486,
    -0.0321432,
    0.05184192,
    -0.032052144,
    0.073634945,
    0.05703218,
    -0.020973515,
    -0.072967194,
    0.09494234,
    -0.07114605,
    0.032810956,
    0.08692931,
    0.02587543,
    -0.020669991,
    -0.038304742,
    -0.013772407,
    0.07187451,
    0.027817983,
    -0.041036457,
    -0.022809837,
    -0.03366082,
    0.039002847,
    0.03111122,
    0.08407617,
    -0.014007637,
    0.019091666,
    0.008938785,
    -0.015965369,
    0.025784373,
    0.0058580153,
    -0.041248925,
    -0.062404554,
    -0.025162147,
    -0.08783987,
    0.050900992,
    -0.03220391,
    0.051538393,
    0.09658137,
    -0.011875381,
    0.015335555,
    -0.03466245,
    0.026968116,
    -0.008741494,
    -0.060583413,
    0.022582194,
    -0.04130963,
    0.0075008394,
    -0.025040738,
    -0.0009437703,
    -0.007102464,
    -0.050718877,
    0.0642864,
    -0.032962717,
    0.07478834,
    -0.045255445,
    0.03842615,
    0.02003259,
    -0.034965977,
    0.03350906,
    -0.005710047,
    0.05147769,
    0.012209257,
    0.029699834,
    -0.045376852,
    0.013264003,
    -0.026209306,
    -0.034328576,
    0.034844566,
    0.028683027,
    -0.016162658,
    0.053572003,
    -0.004571832,
    -0.084683225,
    0.015145853,
    -0.027559988,
    0.021732327,
    0.10920797,
    0.037090644,
    -0.036635358,
