{
  "chunk_index": 90,
  "token_start": 40500,
  "token_end": 41000,
  "text": " thì mức hình phạt cao nhất được áp dụng không\nquá một phần hai mức phạt tù mà điều luật quy định.\n\nMục 5. QUYẾT ĐỊNH HÌNH PHẠT, TỔNG HỢP HÌNH PHẠT, MIỄN GIẢM HÌNH PHẠT, XÓA ÁN TÍCH\n\nĐiều 102. Quyết định hình phạt trong trường hợp chuẩn bị phạm tội, phạm tội chưa đạt\n\n1. Tòa án quyết định hình phạt đối với người dưới 18 tuổi trong trường hợp chuẩn bị phạm tội hoặc phạm tội chưa đạt theo nguyên tắc\nquy định tại khoản 1 Điều 57 của Bộ luật này.\n\n2. Mức hình phạt cao nhất đối với người từ đủ 14 tuổi đến dưới 16 tuổi chuẩn bị phạm tội không quá một phần ba mức hình phạt được\nquy định trong khung hình phạt đối với hành vi chuẩn bị phạm tội trong điều luật được áp dụng.\n\fMức hình phạt cao nhất đối với người từ đủ 16 tuổi đến dưới 18 tuổi chuẩn bị phạm tội không quá một phần hai mức hình phạt được\nquy định trong khung hình phạt đối với hành vi chuẩn bị phạm tội trong điều luật được áp dụng.\n\n3. Mức hình phạt cao nhất áp dụng đối với người từ đủ 14 tu",
  "embedding": [
    -0.00043517703,
    -0.015085452,
    0.027686821,
    -0.0413904,
    -0.00127083,
    -0.009508605,
    0.057479355,
    -0.036159024,
    0.0065762373,
    0.040863972,
    -0.013119573,
    -0.05511043,
    0.010215993,
    -0.08778187,
    -0.08146473,
    -0.14174074,
    0.095875695,
    0.06376359,
    0.04119299,
    0.005844173,
    0.0005269421,
    -0.0077689257,
    0.11824889,
    -0.063961,
    0,
    -0.007119116,
    -0.034678444,
    -0.06902787,
    0.0413575,
    0.1202888,
    -0.115221925,
    0.06001279,
    -0.08890053,
    -0.0489249,
    0.0025951255,
    -0.022981873,
    -0.051655747,
    0.013316983,
    0.039416295,
    -0.09706016,
    -0.11995978,
    -0.019724598,
    0.017898552,
    -0.0235412,
    0.014147752,
    0.10831256,
    -0.008579131,
    0.0016296648,
    -0.031486973,
    -0.023656357,
    0.034119114,
    0.007797715,
    0.034184918,
    -0.00738233,
    0.09317775,
    -0.07560822,
    0.044055443,
    -0.00070635945,
    -0.026617516,
    -0.04853008,
    0.017076008,
    0.02107357,
    0.09758659,
    0.0018466107,
    -0.013761156,
    -0.009599085,
    0.016088955,
    -0.025794972,
    0.009755368,
    -0.0329511,
    -0.10285087,
    0.070014924,
    -0.008213099,
    0.061526272,
    0.077055894,
    -0.02087616,
    -0.011745924,
    0.0009407844,
    -0.04102848,
    0.005260167,
    0.060473416,
    0.036389336,
    -0.018211119,
    0.04853008,
    0.026617516,
    0.072844476,
    0.06915948,
    0.0036274178,
    -0.031865343,
    -0.0010029892,
    0.05191896,
    0.033625588,
    0.019247523,
    -0.020645848,
    0.019066563,
    -0.0112688495,
    0.019083014,
    -0.036126122,
    -0.054419495,
    -0.0033271895,
    0.009105559,
    -0.051984765,
    -0.024314392,
    0.046786286,
    0.016195886,
    0.015776388,
    -0.013711804,
    0.0470824,
    -0.0069669452,
    0.0016831302,
    -0.002042993,
    0.033888802,
    -0.030302512,
    -0.11153693,
    -0.013465041,
    0.046786286,
    0.028163897,
    -0.01862239,
    -0.035468087,
    0.030697333,
    -0.036027417,
    0.037902817,
    -0.028163897,
    -0.044121247,
    0.019099465,
    -0.0126671735,
    0.00450754,
    -0.0007202399,
    -0.12779039,
    -0.005901751,
    -0.03971241,
    -0.050076462,
    -0.031503424,
    -0.021106472,
    0.039580803,
    -0.02181386,
    0.01278233,
    0.026551712,
    -0.035204872,
    0.034645543,
    -0.04586504,
    -0.002455293,
    0.025482405,
    0.08238598,
    -0.00921249,
    -0.0046597105,
    0.0011597867,
    -0.008200761,
    -0.002037852,
    -0.023804415,
    -0.010109062,
    -0.038659554,
    -0.01858949,
    0.039185982,
    0.016755216,
    0.014131301,
    0.027884232,
    0.057709668,
    0.006654379,
    0.035073265,
    0.07251546,
    0.032309517,
    -0.015833966,
    0.026864279,
    -0.007250723,
    0.031667933,
    -0.054024674,
    0.058236096,
    -0.034678444,
    -0.03721188,
    0.025498856,
    -0.025465954,
    -0.014838689,
    0.012066716,
    -0.026025284,
    -0.010322924,
    -0.03102635,
    -0.13081735,
    -0.0169115,
    -0.08850571,
    0.03308271,
    0.02291607,
    0.0507674,
    0.011326428,
    -0.0056673265,
    0.027308453,
    0.007353541,
    0.006461081,
    0.047904946,
    0.046424367,
    -0.028130995,
    -0.036882862,
    0.00013102865,
    0.019313326,
    -0.025120486,
    -0.0054781414,
    0.011803502,
    0.022109976,
    0.057512257,
    -0.019724598,
    0.060210202,
    0.045338612,
    0.065178365,
    -0.03421782,
    0.0057536936,
    -0.018178217,
    0.05734775,
    -0.00036114812,
    -0.024248589,
    -0.0051244474,
    0.0338559,
    -0.04760883,
    -0.01919817,
    0.013720029,
    -0.0039194208,
    0.03517197,
    -0.024610508,
    -0.02989124,
    0.0039852243,
    -0.009722467,
    0.022406092,
    -0.011540289,
    0.016895048,
    -0.01840853,
    0.006971058,
    -0.031108605,
    0.005145011,
    0.022833815,
    0.008324143,
    -0.019823303,
    0.09936328,
    0.0065268846,
    -0.041489106,
    -0.003960548,
    -0.013275856,
    0.031388268,
    0.0140079195,
    0.008801218,
    0.022833815,
    0.09265132,
    0.12055201,
    0.009673114,
    0.038133126,
    0.013259405,
    0.021929016,
    -0.056755517,
    -0.0051203347,
    0.009936328,
    0.0023483625,
    0.01995491,
    -0.058268998,
    -0.019724598,
    -0.025301445,
    -0.023426045,
    0.026025284,
    -0.03553389,
    0.011589641,
    -0.008480426,
    -0.012642497,
    0.058400605,
    0.037442192,
    0.04306839,
    0.00530952,
    -0.005905864,
    0.045568924,
    0.0038289411,
    0.12693495,
    -0.04155491,
    -0.022817364,
    -0.013884538,
    0.05280731,
    -0.006387052,
    -0.024018276,
    0.028575169,
    0.100547746,
    0.05001066,
    0.046720482,
    -0.05889413,
    -0.047345616,
    -0.04191683,
    -0.046161156,
    0.00090634037,
    -0.03272079,
    0.02521919,
    0.034678444,
    -0.067251176,
    0.007308301,
    0.034744248,
    -0.066691846,
    0.021731606,
    0.017092459,
    0.05149124,
    0.0073494283,
    0.016977303,
    -0.06435582,
    0.029874789,
    -0.0154638225,
    0.0025601673,
    0.010281797,
    -0.008126732,
    -0.048036553,
    -0.027966486,
    0.039054375,
    -0.06290814,
    -0.09804721,
    -0.003514318,
    -0.04290388,
    0.032293066,
    0.10120578,
    0.07541081,
    0.029924141,
    -0.011490936,
    0.052741505,
    -0.036224827,
    -0.09370418,
    0.026913632,
    0.03457974,
    0.004519878,
    -0.09330936,
    0.041489106,
    0.04270647,
    -0.0062348815,
    -0.0658364,
    -0.018178217,
    -0.001596763,
    0.0034608527,
    0.0129468385,
    0.052708603,
    -0.058400605,
    0.12680334,
    -0.034481034,
    0.004803655,
    0.12055201,
    0.0031051026,
    -0.051260926,
    -0.05093191,
    -0.036422238,
    0.041818123,
    -0.0111948205,
    0.054847214,
    -0.059914086,
    -0.02388667,
    -0.003469078,
    0.024232138,
    0.060308907,
    -0.042377453,
    0.0164591,
    0.03214501,
    0.06126306,
    0.028756129,
    -0.04007433,
    -0.02767037,
    0.0011608149,
    0.008488651,
    0.03737639,
    0.012584919,
    -0.032605633,
    0.0030434118,
    0.042048436,
    -0.009985681,
    -0.009952779,
    -0.034152016,
    -0.033921704,
    -0.015603655,
    -0.04175232,
    0.0020481339,
    -0.050833203,
    0.053728558,
    0.012050265,
    -0.009154912,
    0.011877531,
    -0.0022640517,
    -0.017947905,
    -0.07824036,
    0.043923836,
    -0.0075386134,
    0.007102665,
    -0.039284687,
    -0.0055233813,
    0.021517744,
    0.010364051,
    0.015381568,
    -0.013925665,
    0.00017003521,
    -0.028377758,
    -0.010495658,
    -0.041489106,
    -0.034283623,
    -0.013662452,
    0.01901721,
    -0.015694134,
    -0.0057249046,
    -0.00011862623,
    -0.021172276,
    0.050504185,
    0.017076008,
    -0.008106168,
    0.07422635,
    0.104430154,
