{
  "chunk_index": 242,
  "token_start": 108900,
  "token_end": 109400,
  "text": "hiều tài khoản giao dịch của mình hoặc của người khác hoặc thông đồng với nhau liên tục mua, bán chứng\nkhoán nhằm tạo ra cung, cầu giả tạo;\n\nb) Thông đồng với người khác đặt lệnh mua và bán cùng loại chứng khoán trong cùng ngày giao dịch hoặc thông đồng với nhau giao\ndịch mua bán chứng khoán mà không dẫn đến chuyển nhượng thực sự quyền sở hữu hoặc quyền sở hữu chỉ luân chuyển giữa các\nthành viên trong nhóm nhằm tạo giá chứng khoán, cung cầu giả tạo;\n\nc) Liên tục mua hoặc bán chứng khoán với khối lượng chi phối vào thời điểm mở cửa hoặc đóng cửa thị trường nhằm tạo ra mức giá\nđóng cửa hoặc giá mở cửa mới cho loại chứng khoán đó trên thị trường;\n\nd) Giao dịch chứng khoán bằng hình thức cấu kết, lôi kéo người khác liên tục đặt lệnh mua, bán chứng khoán gây ảnh hưởng lớn đến\ncung cầu và giá chứng khoán, thao túng giá chứng khoán;\n\nđ) Đưa ra ý kiến một cách trực tiếp hoặc gián tiếp thông qua phương tiện thông tin đại chúng về một loại chứng khoán, về tổ chức phát\nhành chứng khoán nhằm tạo ảnh hưởng đến giá của loại chứng khoán đó sau",
  "embedding": [
    -0.00061743316,
    -0.0047694054,
    -0.10995142,
    -0.117495894,
    -0.0024813276,
    0.03450669,
    0.09393487,
    0.06480826,
    0.014107237,
    0.16375217,
    -0.03133739,
    -0.08033009,
    -0.0019885406,
    -0.06647794,
    -0.020994661,
    -0.07828937,
    -0.011749589,
    0.073527694,
    0.07179617,
    -0.0038997815,
    -0.007679748,
    0.10426214,
    0.084411524,
    -0.04573064,
    -0.006497059,
    0.01109254,
    -0.036361888,
    -0.05237843,
    -0.056212507,
    0.09331647,
    0.09807815,
    -0.046843756,
    0.035650726,
    -0.016650405,
    -0.007702938,
    0.0033934668,
    0.0209019,
    -0.017840823,
    -0.029868692,
    0.07767097,
    -0.0012860775,
    0.04610168,
    0.13716099,
    0.028430915,
    0.08942056,
    0.083978646,
    0.012244308,
    0.09616111,
    0.012437559,
    -0.026776696,
    0.001966317,
    0.011649099,
    0.038928244,
    0.0014232849,
    0.0064081643,
    -0.06858049,
    0.036609247,
    0.00515204,
    0.021783119,
    0.04437016,
    0.004259226,
    0.033888288,
    -0.070559375,
    0.027395094,
    -0.0154599855,
    -0.026668476,
    -0.06926074,
    0.07111593,
    -0.014254107,
    0.013736198,
    -0.009353291,
    0.016418505,
    0.0048969504,
    -0.056274347,
    -0.040288724,
    -0.010149481,
    -0.029435813,
    0.009778441,
    0.10055175,
    -0.015421336,
    -0.02093282,
    -0.018227324,
    0.023097219,
    -0.081628725,
    0.012020139,
    0.0916468,
    -0.016279364,
    -0.0022416979,
    -0.039082844,
    0.058624264,
    0.056552626,
    0.0030282247,
    -0.007985082,
    0.049657475,
    -0.017748063,
    -0.0058825244,
    -0.006110559,
    0.017237885,
    -0.028183553,
    -0.0052795853,
    0.00023552321,
    0.015289926,
    0.092265196,
    0.07099225,
    0.0039732163,
    -0.04239128,
    -0.04174196,
    -0.016341206,
    -0.036732927,
    -0.027395094,
    -0.0066207387,
    -0.015514095,
    0.024287637,
    -0.050399553,
    -0.014648336,
    -0.02226238,
    -0.039732162,
    0.040907122,
    0.0050786054,
    0.060139343,
    0.008309742,
    0.101108305,
    0.027379634,
    0.021118341,
    0.02062362,
    0.027163194,
    -0.012414369,
    0.036856607,
    -0.022741638,
    0.014362327,
    0.076124966,
    -0.015877405,
    0.047833197,
    -0.057449307,
    -0.037846044,
    -0.04607076,
    -0.0030031023,
    0.00061695004,
    0.018258244,
    0.06555034,
    -0.024906037,
    -0.018258244,
    0.02057724,
    0.021087421,
    0.027580615,
    -0.013148718,
    0.04245312,
    -0.027657915,
    0.0028465698,
    0.01037365,
    0.046472717,
    0.011308979,
    -0.042205762,
    -0.011865539,
    -0.038309846,
    0.06536482,
    -0.011594989,
    0.06542666,
    0.09146128,
    0.026823075,
    0.008889492,
    -0.0071463785,
    -0.04158736,
    -0.0068217185,
    -0.013071418,
    0.015730536,
    -0.020221662,
    0.0619327,
    -0.012043329,
    0.019015782,
    -0.027874354,
    -0.047523998,
    -0.016356666,
    0.008850842,
    -0.0060873693,
    0.018582903,
    -0.020144362,
    0.00034760812,
    -0.0077647776,
    -0.054913867,
    0.02195318,
    -0.034197487,
    -0.005511485,
    -0.037382245,
    0.015699616,
    0.016078385,
    -0.05104887,
    0.027194114,
    0.006647794,
    0.019077621,
    -0.044895798,
    0.081505045,
    0.017856283,
    0.0014909224,
    0.03456853,
    0.009028631,
    -0.026405655,
    0.0013054025,
    0.006369514,
    0.0021315455,
    0.041927483,
    0.029528573,
    -0.058253225,
    0.017315185,
    -0.012994118,
    0.012653998,
    0.014996186,
    0.027673375,
    0.0217522,
    0.003955824,
    0.035310607,
    -0.024256717,
    -0.0125225885,
    0.026962215,
    -0.020994661,
    0.039392043,
    -0.047864117,
    -0.03172389,
    0.024086658,
    0.0645609,
    -0.007648828,
    -0.03243505,
    -0.020221662,
    0.058253225,
    -0.039175604,
    0.045174077,
    0.002179858,
    -0.0023808377,
    -0.0026629826,
    -0.0065936837,
    -0.011656829,
    0.018660203,
    -0.030054212,
    -0.004058246,
    -0.056150667,
    0.013357428,
    0.003754844,
    -0.007985082,
    0.042113002,
    0.0056931395,
    0.070312016,
    -0.037598684,
    0.046194438,
    0.038928244,
    -0.026946755,
    -0.03364093,
    -0.005364615,
    -0.006879694,
    0.015359496,
    0.024148498,
    -0.04440108,
    -0.036269125,
    0.0011623977,
    -0.016464885,
    0.018691123,
    0.004421556,
    0.018088182,
    -0.018783882,
    0.04189656,
    0.035465207,
    0.011880999,
    -0.0207473,
    0.02212324,
    -0.017562544,
    0.037073046,
    0.13567683,
    -0.008023732,
    0.04282416,
    -0.0092682615,
    -0.067962095,
    0.11359997,
    -0.004348121,
    -0.03178573,
    -0.03280609,
    -0.06304582,
    -0.00075270806,
    -0.0069647236,
    0.023174519,
    0.017578004,
    0.05262579,
    -0.0077763726,
    0.007803428,
    0.014524656,
    0.046410877,
    0.048791714,
    0.032527808,
    0.09362567,
    0.038619045,
    0.0060448544,
    -0.018783882,
    -0.035403367,
    -0.060170263,
    0.014370057,
    0.0010020003,
    0.017315185,
    0.059242666,
    -0.0447412,
    -0.016171144,
    -0.027225034,
    -0.006431354,
    -0.06258202,
    0.008657592,
    -0.047647677,
    0.049842995,
    0.013473378,
    0.12578245,
    0.007822753,
    0.04464844,
    -0.08861664,
    0.06635426,
    -0.037289485,
    -0.0050360905,
    0.0001524258,
    0.022695258,
    0.05410995,
    -0.018737502,
    0.05083243,
    -0.013674357,
    0.018057263,
    -0.003750979,
    -0.012970928,
    0.016387586,
    -0.035774406,
    -0.0020310555,
    0.08243264,
    0.0073512234,
    0.06289122,
    -0.008796732,
    0.019124003,
    0.07006466,
    -0.028755574,
    0.035217848,
    0.02145846,
    0.028523674,
    -0.027487855,
    -0.025725417,
    -0.05296591,
    0.05441915,
    -0.017083284,
    -0.0027228899,
    0.013682087,
    -0.051821873,
    0.021025581,
    -0.11056982,
    -0.02204594,
    -0.021118341,
    -0.03160021,
    0.033919208,
    -0.058995306,
    0.028755574,
    -0.027333254,
    -0.050739672,
    0.06728186,
    0.045576036,
    -0.0134888375,
    0.03348633,
    -0.020113442,
    0.016851384,
    0.025261616,
    -0.019587802,
    0.0033180995,
    -0.046441797,
    0.05686183,
    -0.022788018,
    0.07835121,
    -0.03133739,
    -0.05339879,
    0.036300045,
    0.017206963,
    -0.021071961,
    0.014246377,
    0.07000282,
    -0.0095851915,
    0.0060371244,
    -0.016387586,
    -0.037444085,
    -0.007289383,
    0.035248768,
    0.00998715,
    0.006156939,
    0.050121274,
    0.037969723,
    -0.017485244,
    0.05305867,
    0.020113442,
    0.045390517,
    0.038031563,
    0.027704295,
    0.12256677,
    0.024488617,
    -0.028678274,
    0.024859658,
    0.00995623,
    0.005550135,
