{
  "chunk_index": 372,
  "token_start": 167400,
  "token_end": 167900,
  "text": " trong các điểm từ điểm a đến điểm g khoản này.\n\n4.256 Phạm tội thuộc một trong các trường hợp sau đây, thì bị phạt tù từ 15 năm đến 20 năm hoặc tù chung thân:\n\na) Nhựa thuốc phiện, nhựa cần sa hoặc cao côca có khối lượng 05 kilôgam trở lên;\n\nb) Heroine, Cocaine, Methamphetamine, Amphetamine, MDMA hoặc XLR-11 có khối lượng 100 gam trở lên;\n\nc) Lá cây côca; lá khát (lá cây Catha edulis); lá, rễ, thân, cành, hoa, quả của cây cần sa hoặc bộ phận của cây khác có chứa chất ma túy\ndo Chính phủ quy định có khối lượng 75 kilôgam trở lên;\n\nd) Quả thuốc phiện khô có khối lượng 600 kilôgam trở lên;\n\nđ) Quả thuốc phiện tươi có khối lượng 150 kilôgam trở lên;\n\ne) Các chất ma túy khác ở thể rắn có khối lượng 300 gam trở lên;\n\ng) Các chất ma túy khác ở thể lỏng có thể tích 750 mililít trở lên;\n\nh) Có 02 chất ma túy trở lên mà ổ\n                                t ng khối lượng hoặc thể tích của các chất đó tương đương với khối lượng hoặc thể tích chất ma túy\nquy định tại một trong các điểm từ điểm a đến điểm g khoản này.\n\n5. Người phạm tội còn có thể bị phạt tiền từ 5.000.000 đồng đến 500.000.000 đồng, cấm đảm n",
  "embedding": [
    -0.0001329753,
    -0.10325693,
    -0.053182725,
    -0.119948335,
    0.00069424324,
    0.06257586,
    0.0031423084,
    0.047911756,
    0.029378895,
    0.07568571,
    -0.021354182,
    -0.093998946,
    -0.0023377254,
    -0.157183,
    -0.02625348,
    -0.009173513,
    0.055514116,
    -0.09710747,
    0.08237579,
    0.0058918283,
    -0.015508813,
    0.14407316,
    0.108190015,
    -0.08494369,
    -0.08920101,
    0.016995497,
    -0.030781107,
    -0.015415895,
    0.07000928,
    0.080686375,
    -0.005562393,
    -0.016530907,
    -0.0033682676,
    -0.004265768,
    -0.01206241,
    -0.07528025,
    -0.0863628,
    0.009224196,
    -0.025949385,
    -0.17975356,
    -0.032521203,
    0.05662913,
    -0.004493839,
    -0.013751823,
    0.016978603,
    -0.04963496,
    -0.032335367,
    0.0475063,
    -0.027284022,
    -0.036694054,
    0.015078012,
    0.04588446,
    0.0065211346,
    -0.0013082393,
    0.071090505,
    -0.10271632,
    0.015821354,
    0.0031401967,
    -0.04514112,
    0.0064451112,
    0.021320393,
    0.020509476,
    0.07413145,
    -0.03235226,
    -0.0134984115,
    -0.023938984,
    0.022435406,
    0.03720088,
    0.034666758,
    -0.016269049,
    -0.08365974,
    0.06092024,
    -0.052439384,
    -0.004595204,
    0.14772229,
    -0.046222344,
    -0.022401618,
    0.012594575,
    0.010601068,
    0.013253446,
    0.090349816,
    -0.012586128,
    -0.021776535,
    -0.025695974,
    0.02032364,
    0.11319068,
    0.0408838,
    0.027588116,
    -0.009654996,
    -0.043147612,
    0.013363258,
    0.0077924184,
    0.033990994,
    0.02449649,
    0.04081622,
    -0.009165066,
    0.011310621,
    -0.0076783826,
    -0.036288593,
    -0.012957799,
    -0.01799225,
    -0.015407448,
    0.061055392,
    0.046458863,
    0.024935737,
    -0.0032795733,
    -0.014376906,
    0.034413345,
    0.019766133,
    -0.0053469925,
    -0.00081197417,
    0.01157248,
    -0.098121114,
    -0.073658414,
    -0.044972178,
    -0.028804494,
    -0.037031937,
    -0.033754475,
    -0.032977346,
    -0.035714194,
    -0.044972178,
    0.03696436,
    0.02801047,
    -0.011564033,
    0.07230689,
    -0.042607,
    -0.0061705816,
    0.009317113,
    -0.03385584,
    -0.004945757,
    -0.095080175,
    -0.034970853,
    -0.007087088,
    -0.020678418,
    -0.019968864,
    -0.028399035,
    0.012797304,
    0.008307689,
    -0.04321519,
    0.05017557,
    -0.034768123,
    0.026439317,
    0.023888301,
    0.08014576,
    -0.025983173,
    0.012476316,
    0.02314496,
    -0.06352194,
    -0.017620578,
    -0.019597193,
    -0.0049415333,
    0.058724,
    0.03774149,
    0.027402282,
    -0.031946804,
    0.003807515,
    -0.028483506,
    0.07913211,
    -0.0032795733,
    -0.001862578,
    -0.0026164786,
    0.03561283,
    -0.065718174,
    -0.042167753,
    -0.023161855,
    0.00846396,
    -0.096566856,
    0.006157911,
    0.0077079474,
    -0.018414604,
    0.012628363,
    -0.011986386,
    -0.019850604,
    0.025155362,
    0.003699815,
    0.0009846111,
    -0.028855177,
    -0.07899696,
    0.018347027,
    0.009975985,
    0.0016693514,
    0.026016962,
    -0.0031697615,
    -0.033112496,
    -0.022283358,
    0.0060903346,
    0.0027811965,
    0.006390205,
    0.044668082,
    0.037437394,
    -0.026895458,
    0.05608852,
    -0.036085866,
    0.038451042,
    -0.0149597535,
    0.030814895,
    0.008252784,
    -0.024580961,
    0.08021334,
    -0.01799225,
    0.086700685,
    0.057406258,
    -0.0044135917,
    0.013878529,
    0.005186498,
    -0.047945544,
    0.015990295,
    0.008590666,
    0.017603684,
    -0.022401618,
    -0.0074376413,
    -0.07602359,
    -0.016311284,
    0.024513384,
    0.00040255548,
    0.011758315,
    -0.020104017,
    -0.019445146,
    0.00042736874,
    -0.009899961,
    -0.012070857,
    -0.040208034,
    0.0030578377,
    0.014968201,
    0.0054736985,
    -0.02236783,
    -0.015753778,
    0.023313902,
    -0.011048762,
    0.042505633,
    0.044634294,
    -0.008083842,
    -0.028838282,
    0.0034569616,
    0.011150126,
    0.013777164,
    0.04628992,
    0.04243806,
    -0.0018499075,
    0.026878564,
    0.10406785,
    -0.045242485,
    -0.013067611,
    0.008936996,
    0.026388634,
    -0.03699815,
    0.014858388,
    -0.038856503,
    0.04723599,
    0.009502949,
    -0.0641977,
    -0.010491256,
    -0.03149066,
    -0.043485496,
    -0.04612098,
    0.008928549,
    0.0010674979,
    -0.06385982,
    -0.006799888,
    0.019039687,
    0.0015500366,
    -0.041660927,
    0.004388251,
    -0.040241823,
    -0.009055254,
    0.0754154,
    0.051256794,
    0.0071969,
    0.021050088,
    -0.04558037,
    0.0806188,
    -0.029868824,
    -0.013143634,
    0.024716115,
    0.07548298,
    0.024564067,
    0.00018134795,
    0.0036195677,
    -0.015694648,
    -0.004096827,
    -0.029209953,
    0.016556248,
    0.03353485,
    0.029835036,
    -0.052979995,
    -0.026675833,
    0.032453626,
    -0.021573806,
    -0.025172256,
    0.03750497,
    0.034565393,
    0.025459455,
    -0.058284752,
    0.0011688627,
    -0.09974295,
    0.064028755,
    0.026777199,
    -0.018026039,
    0.032048166,
    0.015525707,
    0.0064155464,
    0.008827183,
    0.02355042,
    0.025003314,
    -0.019445146,
    -0.04632371,
    -0.036221016,
    0.01946204,
    -0.004595204,
    0.046425074,
    0.062744804,
    0.009798597,
    0.0273516,
    0.039971516,
    -0.037809066,
    0.011403538,
    0.09879688,
    0.027858423,
    -0.09089043,
    0.04666159,
    0.01445293,
    0.04436399,
    -0.058588848,
    0.0077459593,
    -0.00052873354,
    0.03480191,
    0.052642114,
    0.06855638,
    -0.07561813,
    0.0808891,
    -0.032859087,
    0.022756396,
    0.0797403,
    -0.00022213144,
    -0.03143998,
    -0.029818142,
    0.0014412806,
    0.03336591,
    -0.055041082,
    0.070887774,
    0.008130301,
    -0.008442842,
    -0.046256132,
    0.00052107836,
    0.022114418,
    -0.032943558,
    0.046154767,
    0.07250961,
    -0.004263656,
    0.043113824,
    0.012822646,
    0.029125482,
    0.008037383,
    0.010829139,
    -0.0025995844,
    0.02866934,
    0.05662913,
    0.041390624,
    0.029243741,
    -0.09805354,
    0.010812244,
    0.02461475,
    0.017198225,
    -0.033433486,
    -0.11265007,
    -0.0071631116,
    -0.0104743615,
    0.010330762,
    0.044499144,
    -0.0070279585,
    0.009046807,
    -0.06734001,
    0.07054989,
    0.032605674,
    0.10724395,
    -0.023364583,
    -0.0045529683,
    0.08338943,
    -0.07007686,
    0.020425005,
    -0.050040416,
    0.03966742,
    -0.008024712,
    0.09420168,
    -0.015973402,
    -0.027148869,
    -0.012577681,
    0.036694054,
    0.05602094,
    -0.01050815,
