{
  "chunk_index": 303,
  "token_start": 136350,
  "token_end": 136850,
  "text": " đến dưới 200.000.000 đồng;\n\nc) Săn bắt, giết, nuôi, nhốt, tàng trữ, vận chuyển, buôn bán trái phép động vật, bộ phận cơ thể hoặc sản phẩm của động vật thu lợi bất\nchính hoặc trị giá dưới mức quy định tại điểm a, điểm b khoản này nhưng đã bị xử phạt vi phạm hành chính về một trong các hành vi\nquy định tại Điều này hoặc đã bị kết án về tội này, chưa được xóa án tích mà còn vi phạm.\n\n2.198 Phạm tội thuộc một trong các trường hợp sau đây, thì bị phạt tiền từ 300.000.000 đồng đến 1.500.000.000 đồng hoặc phạt tù từ\n03 năm đến 07 năm:\n\na) Có tổ chức;\n\nb) Lợi dụng chức vụ, quyền hạn;\n\nc) Lợi dụng danh nghĩa cơ quan, tổ chức;\n\nd) Sử dụng công cụ hoặc phương tiện săn bắt bị cấm;\n\nđ) Săn bắt trong khu vực bị cấm hoặc vào thời gian bị cấm;\n\ne) Vận chuyển, buôn bán qua biên giới;\n\ng) Động vật, bộ phận cơ thể hoặc sản phẩm của động vật thuộc Danh mục thực vật rừng, động vật rừng nguy cấp, quý, hiếm Nhóm IIB\nhoặc Phụ lục II Công ước về buôn bán quốc tế",
  "embedding": [
    -0.00034959096,
    0.02013478,
    -0.13288292,
    -0.17660227,
    -0.0013703759,
    0.057485297,
    0.07423664,
    -0.034199275,
    0.023551391,
    0.097257294,
    -0.060736053,
    -0.034232445,
    -0.00086037215,
    -0.008748844,
    -0.03881004,
    -0.028676307,
    0.15935336,
    -0.035890993,
    -0.090357736,
    0.005162233,
    -0.018625502,
    0.005556138,
    0.06680634,
    -0.027697764,
    -0.027664592,
    0.07868155,
    -0.03381781,
    0.08213133,
    0.05250965,
    -0.013235219,
    -0.05101696,
    -0.010987885,
    -0.00078936556,
    -0.024529936,
    0.0005390283,
    -0.023136755,
    0.034895863,
    0.015756212,
    -0.05250965,
    -0.12618239,
    -0.05277502,
    -0.06713805,
    0.08922992,
    0.023684075,
    0.029837292,
    -0.024811888,
    -0.007741276,
    0.0426247,
    -0.05250965,
    -0.0003379293,
    0.01786257,
    0.03079925,
    0.0031823404,
    0.0037524665,
    0.07775276,
    -0.117756955,
    0.049424753,
    -0.0044739353,
    -0.03983834,
    0.06591073,
    0.01045715,
    -0.04123152,
    0.04537789,
    -0.002543799,
    -0.018691843,
    -0.029654851,
    0.07616056,
    -0.050817933,
    0.034630496,
    -0.052575994,
    -0.031280227,
    0.023120169,
    -0.018907456,
    -0.032756336,
    0.10939787,
    -0.012522043,
    -0.016884025,
    0.007969326,
    0.058845308,
    -0.015739627,
    0.030600224,
    -0.008748844,
    -0.0005913763,
    -0.061664842,
    0.031097788,
    0.09175091,
    0.019487947,
    0.018857699,
    -0.03572514,
    0.014313275,
    0.020781616,
    0.010407393,
    0.038179792,
    -0.015640114,
    0.0012522043,
    -0.008143474,
    0.014429374,
    -0.010382515,
    -0.0101586105,
    0.016660122,
    -0.0055685774,
    -0.06226192,
    0.046737902,
    -0.02487823,
    -0.021776745,
    -0.009843486,
    -0.011352766,
    0.029455826,
    0.005891994,
    -0.002319895,
    -0.009122018,
    -0.016328413,
    -0.03904224,
    -0.072777115,
    -0.0032507554,
    0.026619706,
    -0.002844411,
    -0.075364456,
    -0.011916673,
    -0.049590606,
    -0.0068166354,
    0.041132007,
    -0.018575747,
    0.06564536,
    0.019189408,
    -0.087770395,
    -0.0057924814,
    0.02109674,
    -0.1367971,
    0.015524016,
    -0.014520594,
    -0.050486222,
    -0.0009106469,
    0.02693483,
    -0.043089096,
    -0.02910753,
    0.021179667,
    0.025757262,
    -0.022390408,
    0.02112991,
    -0.011734232,
    -0.014363032,
    0.014570351,
    0.014213762,
    -0.020383563,
    -0.024944574,
    0.036819782,
    -0.01852599,
    0.021411864,
    0.006244436,
    0.022025527,
    -0.034464642,
    0.0054607717,
    0.0069741975,
    -0.0072976146,
    -0.024944574,
    -0.017895741,
    0.046074484,
    -0.00028972773,
    0.006144923,
    0.00557687,
    0.030517297,
    -0.07463469,
    -0.025989458,
    -0.02278846,
    0.023551391,
    -0.05071842,
    0.007417859,
    0.0011495816,
    -0.048131082,
    -0.00016818721,
    0.0040385663,
    -0.013425952,
    0.0101586105,
    -0.031927064,
    -0.011460572,
    -0.035924166,
    -0.05204526,
    -0.0048554013,
    -0.06737025,
    -0.0007375359,
    0.009636168,
    0.064252175,
    0.0021955038,
    0.01889087,
    -0.019272337,
    -0.022805044,
    0.04969012,
    0.011543499,
    -0.005087598,
    -0.07516543,
    -0.02330261,
    -0.010324466,
    0.021859672,
    -0.00066601095,
    0.029654851,
    -0.022854801,
    -0.0035285624,
    0.02161089,
    -0.0011775696,
    0.0063024852,
    0.036156364,
    0.06567853,
    -5.046912e-05,
    0.028128985,
    -0.016975246,
    0.032640237,
    -0.000923086,
    0.056656025,
    0.010017634,
    0.04298958,
    0.03781491,
    -0.015731335,
    0.051580865,
    -0.011228375,
    0.038312476,
    -0.020184537,
    -0.038013935,
    0.061233617,
    0.016436217,
    0.030235343,
    0.027531909,
    0.0048554013,
    0.045411065,
    -0.012190333,
    -0.00327978,
    0.029240213,
    0.056423828,
    0.017895741,
    -0.01490206,
    0.066176094,
    0.014877182,
    -0.040899813,
    0.000716804,
    -0.0040385663,
    0.023120169,
    0.097124614,
    0.031031447,
    -0.009810315,
    0.010631298,
    0.06438486,
    -0.037914425,
    -0.09221531,
    0.010191781,
    -0.00075567624,
    -0.027565079,
    -0.019670388,
    0.0028796552,
    0.013492294,
    0.0063854125,
    -0.008657624,
    -0.025823604,
    0.0028381916,
    -0.054997474,
    -0.025574822,
    0.023286024,
    0.0034103908,
    -0.009768852,
    -0.015731335,
    0.04909304,
    0.012198626,
    -0.06574487,
    0.014951817,
    -0.021826502,
    -0.021229424,
    0.058679454,
    0.07868155,
    0.017580617,
    0.06660732,
    0.0093956785,
    0.010797152,
    -0.027548494,
    -0.0036840513,
    0.016145973,
    0.056058947,
    0.044714473,
    0.023684075,
    -0.0052949167,
    -0.014976695,
    0.0029978268,
    -0.048230596,
    -0.043818858,
    0.057684325,
    0.008831772,
    -0.025259698,
    -0.021776745,
    0.055561382,
    0.013044486,
    -0.021992356,
    -0.02436408,
    -0.009287873,
    0.02962168,
    0.039606143,
    0.017547445,
    0.00097595225,
    0.09321044,
    0.0028858748,
    -0.008500062,
    0.030849006,
    0.03552611,
    -0.02146162,
    0.0012128138,
    0.036289047,
    0.0074012736,
    0.02506067,
    0.0007774447,
    0.004959061,
    -0.023551391,
    -0.110260315,
    0.007770301,
    -0.03378464,
    0.05244331,
    0.016643537,
    -0.013193755,
    -0.028974846,
    0.013085949,
    0.0031512426,
    0.044847157,
    -0.075364456,
    -0.019189408,
    0.032806095,
    0.08053912,
    7.742053e-05,
    0.013044486,
    -0.05516333,
    0.021362107,
    0.02532604,
    0.014868889,
    -0.10568272,
    0.116562806,
    0.00074168225,
    -0.00015250874,
    0.07868155,
    -0.01826062,
    0.0064724865,
    -0.05778384,
    -0.060039464,
    -0.0030413638,
    0.020018684,
    0.005220282,
    -0.002788435,
    -0.07198101,
    -0.0844533,
    -0.06465023,
    0.08995968,
    -0.021876257,
    0.012629849,
    -0.010034219,
    -0.032623652,
    -0.023335781,
    0.017497689,
    0.0040800297,
    0.07018978,
    0.051514525,
    0.06435169,
    0.030069489,
    0.041364204,
    0.051215984,
    0.04653888,
    -0.16691634,
    -0.014553765,
    0.06557902,
    -0.04829694,
    0.014951817,
    -0.03877687,
    0.054665767,
    -0.010001048,
    0.029008018,
    -0.02759825,
    0.020831373,
    -0.029190458,
    -0.022390408,
    0.023236267,
    -0.11072471,
    0.092414334,
    0.01952112,
    -0.025574822,
    -0.025093842,
    -0.024944574,
    -0.02620507,
    -0.038179792,
    0.027067516,
    -0.030567054,
    0.035857823,
    0.048230596,
    -0.016038166,
    -0.00019047395,
    0.009379093,
    0.05678871,
    0.020632345,
    0.029389484,
    -0.06972539,
    -0.06551267,
    0.071649306,
    -0.005767603,
    -0.009528362,
    0.0037213687,
