{
  "chunk_index": 458,
  "token_start": 206100,
  "token_end": 206600,
  "text": "ồng, cấm hành nghề hoặc làm công việc nhất định từ 01\nnăm đến 05 năm.\n\nĐiều 297. Tội cưỡng bức lao động299\n\n1. Người nào dùng vũ lực, đe dọa dùng vũ lực hoặc thủ đoạn khác ép buộc người khác phải lao động thuộc một trong các trường hợp\nsau đây, thì bị phạt tiền từ 50.000.000 đồng đến 200.000.000 đồng, phạt cải tạo không giam giữ đến 03 năm hoặc phạt tù từ 06 tháng\nđến 03 năm:\n\na) Đã bị xử phạt vi phạm hành chính về hành vi này hoặc đã bị kết án về tội này, chưa được xóa án tích mà còn vi phạm;\n\nb) Gây thương tích hoặc gây tổn hại cho sức khỏe của 01 người mà tỷ lệ tổn thương cơ thể từ 31% đến 60%;\n\nc) Gây thương tích hoặc gây tổn hại cho sức khỏe của 02 người trở lên mà ổ\n                                                                         t ng tỷ lệ tổn thương cơ thể của những người này từ 31%\nđến 60%.\n\n2. Phạm tội thuộc một trong các trường hợp sau đây, thì bị phạt tù từ 02 năm đến 07 năm:\n\na) Có tổ chức;\n\nb) Đối với người dưới 16 tuổi, phụ nữ mà biết là có thai, người già yếu, người khuyết tật nặng hoặc khuyết tật",
  "embedding": [
    -0.00017376279,
    -0.00060520787,
    -0.06710403,
    -0.19815277,
    0.0006777736,
    0.16681227,
    -0.020630382,
    0.048811547,
    0.033236083,
    0.06005874,
    -0.040692084,
    -0.010962852,
    0.0055169687,
    -0.016286312,
    0.06830457,
    -0.08605997,
    0.13926297,
    0.022067875,
    0.09528519,
    0.012945328,
    -0.028449707,
    0.050833512,
    0.08890336,
    -0.084733054,
    0.10571096,
    0.108112045,
    -0.02484808,
    -0.07089522,
    -0.041008018,
    -0.044325307,
    -0.013521904,
    -0.04113439,
    -0.0014503269,
    -0.03431025,
    -0.00029495245,
    0.0028670859,
    0.08043637,
    0.010615326,
    0.072222136,
    -0.07651881,
    0.008553868,
    0.017423669,
    0.018576821,
    -0.025606316,
    -0.015117362,
    -0.017960753,
    -0.035194863,
    0.024579536,
    -0.01377465,
    -0.033836354,
    0.0036174252,
    0.030550657,
    0.040281374,
    0.017486855,
    -0.016223125,
    -0.07013698,
    -0.012400344,
    -0.016791804,
    -0.026143402,
    0.073738605,
    0.009793903,
    0.01443021,
    0.052823886,
    -0.03292015,
    -0.02516401,
    -0.042650867,
    0.021562383,
    -0.051149447,
    0.011886954,
    -0.073612235,
    -0.114873,
    0.03857534,
    -0.02838652,
    0.060153518,
    0.017012956,
    -0.0011521657,
    -0.010307292,
    -0.0033054422,
    -0.035542388,
    0.017360482,
    0.020567195,
    -0.010733801,
    -0.028639266,
    -0.042461306,
    0.041987408,
    0.016791804,
    -0.014485498,
    0.04309317,
    0.026901638,
    0.027896825,
    0.0007222016,
    -0.03535283,
    0.014975193,
    -0.014840921,
    0.010441564,
    -0.0057539176,
    -0.0012607675,
    -0.009043563,
    0.025716892,
    -0.01998272,
    0.0060777483,
    -0.052444767,
    0.0550986,
    0.06653535,
    0.046378866,
    0.0027565097,
    -0.016317906,
    -0.024547942,
    0.03254103,
    -0.002507713,
    0.014667159,
    0.016088855,
    0.0001483401,
    -0.0025787978,
    -0.037722323,
    0.03151425,
    -0.073738605,
    -0.0686205,
    -0.018102923,
    -0.05961643,
    -0.013048005,
    0.018640008,
    -0.0016329753,
    0.03201974,
    0.05345575,
    -0.049759343,
    0.0033449337,
    -0.016207328,
    -0.078793526,
    0.006354189,
    -0.057626057,
    -0.034910522,
    -0.016238922,
    -0.020377636,
    0.0035996542,
    -0.0695683,
    0.0126451915,
    0.025100823,
    -0.039301984,
    0.041987408,
    -0.009999258,
    -0.0053432058,
    0.0012824879,
    0.0340891,
    -0.06988423,
    -0.0075547323,
    -0.028702453,
    0.026933232,
    0.0086565465,
    0.0013989878,
    0.022541773,
    0.014453905,
    -0.029192148,
    -0.010789089,
    -0.051054668,
    -0.02969764,
    -0.015022582,
    -0.0035226457,
    0.0012242378,
    -0.00079970376,
    0.025922248,
    0.018703194,
    -0.10305713,
    -0.06056423,
    -0.0058013075,
    0.06874688,
    -0.03320449,
    -0.020740958,
    -0.021088483,
    -0.025811672,
    0.018197702,
    0.003862273,
    -0.019919533,
    0.012131802,
    0.016507465,
    -0.00021522891,
    -0.062175483,
    -0.03889127,
    -0.0074954946,
    -0.03671134,
    0.002979637,
    0.048906326,
    0.040060222,
    -0.049759343,
    0.026364554,
    0.005193138,
    -0.016302109,
    0.043946188,
    0.02946069,
    0.036774524,
    -0.015441193,
    0.02838652,
    0.0031731455,
    0.041165985,
    -0.008838207,
    0.003082315,
    0.0008283351,
    0.000260891,
    0.12732074,
    -0.01876638,
    0.019319262,
    -0.0039017643,
    0.09225224,
    0.0103783775,
    0.008083919,
    -0.00947797,
    0.0116658015,
    0.02857608,
    0.02876564,
    -0.024547942,
    0.005971121,
    -0.0845435,
    -0.030708624,
    0.04189263,
    0.0007291126,
    0.049506597,
    -0.028797233,
    -0.013845734,
    0.006121189,
    -0.028639266,
    -0.03506849,
    -0.02358435,
    0.02129384,
    0.03626903,
    -0.010220411,
    -0.004411205,
    -0.028844623,
    -0.028797233,
    0.0051181037,
    0.049506597,
    0.11803232,
    0.0116658015,
    -0.007317783,
    -0.033962727,
    -0.0007518202,
    0.025290383,
    0.10905984,
    -0.022762924,
    0.0010376403,
    0.098886825,
    0.12662569,
    -0.019698381,
    -0.006587189,
    0.019951127,
    -0.0037872388,
    -0.05263433,
    0.012447734,
    -0.040881645,
    0.010986547,
    0.0059948163,
    -0.06242823,
    -0.050959885,
    0.015141058,
    -0.030313708,
    0.023142044,
    0.026870046,
    0.03206713,
    0.0093989875,
    -0.042240154,
    0.029950386,
    -0.001405899,
    -0.03810144,
    0.027470317,
    -0.0030665183,
    0.045178324,
    0.028465504,
    0.08675502,
    0.0031830184,
    -0.0098886825,
    -0.011073428,
    0.017802788,
    -0.0078232745,
    0.052223615,
    -0.03250944,
    0.07127433,
    0.036995675,
    -0.0052168327,
    0.040439337,
    -0.008230037,
    0.009841292,
    -0.047737375,
    -0.00044551396,
    0.07272763,
    -0.020030111,
    0.01862421,
    -0.04631568,
    0.070958406,
    0.03263581,
    -0.038733304,
    0.033457235,
    -0.00310601,
    -0.02735974,
    -0.024026655,
    0.0030132048,
    -0.019808957,
    0.05108626,
    -0.012408243,
    0.046884358,
    0.05626755,
    -0.022494383,
    0.016839193,
    -0.06027989,
    -0.00593163,
    -0.09737035,
    -0.00018129086,
    -0.101540655,
    -0.019382449,
    0.023505365,
    -0.028844623,
    0.028497096,
    -0.0048811547,
    0.00081994315,
    0.04953819,
    -0.016349498,
    -0.019824754,
    0.04416734,
    0.024895469,
    0.050549176,
    -0.009612242,
    -0.029223742,
    0.026190791,
    0.027280757,
    -0.048179682,
    0.024358382,
    -0.028813029,
    0.01769221,
    0.06918918,
    -0.0018472169,
    -0.03740639,
    0.0817001,
    -0.046347275,
    0.04473602,
    0.021641364,
    0.06283894,
    0.002456374,
    -0.048811547,
    -0.0019212635,
    0.017076142,
    0.007298037,
    0.01176848,
    0.0043203747,
    -0.03475256,
    0.09067258,
    0.03217771,
    -0.00406368,
    -0.01321387,
    0.09604343,
    0.01919289,
    0.057973582,
    0.00091817835,
    0.09913957,
    -0.049664564,
    -0.041387137,
    -0.017360482,
    -0.049285445,
    -0.040060222,
    0.02315784,
    -0.0057934094,
    0.041639883,
    0.024042452,
    -0.0038089592,
    -0.025085028,
    -0.012431937,
    0.0015322719,
    -0.078919895,
    0.016333701,
    -0.040660493,
    -0.0028572131,
    -0.023457976,
    -0.023979265,
    -0.026459333,
    -0.094526954,
    0.025085028,
    -0.1311751,
    0.055035412,
    -0.032698996,
    -0.07538146,
    -0.018087126,
    -0.027675673,
    -0.0059948163,
    0.0035838576,
    0.10387855,
    -0.026064418,
    0.020740958,
    -0.008530173,
    -0.047516223,
    -0.045778595,
    -0.029097369,
    -0.021736145,
    0.044325307,
    -0.001786005,
    0.04618931,
