{
  "chunk_index": 150,
  "token_start": 67500,
  "token_end": 68000,
  "text": "ạc hoặc cố ý lấy các thông tin, nội dung của thư tín, điện báo, telex, fax hoặc văn bản khác của người khác\nđược truyền đưa bằng mạng bưu chính, viễn thông;\n\nc) Nghe, ghi âm cuộc đàm thoại trái pháp luật;\n\nd) Khám xét, thu giữ thư tín, điện tín trái pháp luật;\n\nđ) Hành vi khác xâm phạm bí mật hoặc an toàn thư tín, điện thoại, điện tín, telex, fax hoặc hình thức trao đổi thông tin riêng tư khác của\nngười khác.\n\n2. Phạm tội thuộc một trong các trường hợp sau đây, thì bị phạt tù từ 01 năm đến 03 năm:\n\na) Có tổ chức;\n\nb) Lợi dụng chức vụ, quyền hạn;\n\nc) Phạm tội 02 lần trở lên;\n\nd) Tiết lộ các thông tin đã chiếm đoạt, làm ảnh hưởng đến danh dự, uy tín, nhân phẩm của người khác;\n\nđ) Làm nạn nhân tự sát.\n\n3. Người phạm tội còn có thể bị phạt tiền từ 5.000.000 đồng đến 20.000.000 đồng, cấm đảm nhiệm chức vụ nhất định từ 01 năm đến 05\nnăm.\n\nĐiều 160. Tội xâm phạm quyền của công dân về bầu cử, ứng cử hoặc biểu quyết khi Nhà nước trưng cầu ý dân\n\n1. Người nào lừa gạt",
  "embedding": [
    -0.00014125524,
    -0.027903784,
    -0.09497724,
    -0.032661855,
    -0.00070411776,
    0.024649877,
    0.11057143,
    -0.07563798,
    0.034749266,
    -0.028763307,
    0.007774074,
    0.023207108,
    0.0027761809,
    -0.025586143,
    -0.09675768,
    -0.019477393,
    0.11732482,
    0.01820346,
    0.07723424,
    -0.0055945707,
    -0.011503788,
    -0.07281384,
    0.17251845,
    -0.1318753,
    0.024266163,
    0.12254335,
    -0.043559372,
    -0.11928944,
    0.023299199,
    -0.002739728,
    -0.017267194,
    -0.03815666,
    -0.03164885,
    0.0698669,
    -0.0031330362,
    -0.053014122,
    0.08220719,
    0.0045278417,
    -0.0009588089,
    0.0044280756,
    -0.06200841,
    -0.0065730447,
    0.082145795,
    0.005057369,
    0.026123345,
    -0.01104333,
    -0.008679642,
    0.04859372,
    -0.05743452,
    -0.034196716,
    0.01298493,
    0.013721663,
    -0.003510996,
    -0.0058132885,
    0.05267645,
    -0.081838824,
    -0.0069836206,
    -0.023575474,
    0.041993815,
    0.08496994,
    0.02451174,
    0.009945903,
    0.032017212,
    0.0021468876,
    -0.017927183,
    -0.051509958,
    0.053075515,
    -0.06428,
    -0.0043666814,
    -0.040520348,
    -0.15360895,
    -0.10787007,
    -0.007628262,
    -0.004190172,
    0.011780063,
    -0.024603833,
    -0.034104627,
    -0.0076896567,
    0.10473896,
    0.049852304,
    0.026046602,
    0.032569762,
    -0.004289938,
    -0.06612184,
    0.012731677,
    0.10123947,
    0.029208416,
    -0.01763556,
    -0.079874195,
    0.04681328,
    0.0010849553,
    0.066858575,
    0.018786706,
    0.037880383,
    0.018019276,
    0.01042171,
    -0.004159475,
    -0.040121283,
    -0.01435863,
    0.015563496,
    0.020582495,
    -0.04423471,
    0.04527842,
    0.034810662,
    -0.04316031,
    0.008180812,
    -0.03306092,
    0.03164885,
    -0.00034774208,
    0.028886097,
    -0.029361904,
    0.004128778,
    -0.041963115,
    -0.049944397,
    0.027642857,
    0.044265408,
    0.00643107,
    0.030190729,
    -0.0024289186,
    -0.053996433,
    0.007716517,
    0.0631749,
    0.0070143174,
    0.037542716,
    0.035639487,
    -0.066306025,
    -0.015517451,
    0.013936544,
    -0.041441265,
    0.00682246,
    0.06710415,
    -0.035977155,
    -0.056605697,
    0.02983771,
    -0.064586975,
    0.04791838,
    0.00920917,
    0.040305465,
    -0.009477771,
    0.023775006,
    -0.036652494,
    -0.024757318,
    -0.00041753033,
    -0.07256826,
    -0.050374158,
    -0.080488145,
    0.034687873,
    -0.043006822,
    0.0013161439,
    -0.009592885,
    -0.0052377153,
    -0.005632942,
    0.010966586,
    -0.0025421146,
    0.0061624693,
    0.0698669,
    -0.014719323,
    0.013744686,
    0.023759658,
    0.0014657929,
    0.0073673357,
    0.029960498,
    -0.080488145,
    -0.007194664,
    0.017681606,
    0.019016936,
    -0.03281534,
    0.01619279,
    -0.044572383,
    -0.045309115,
    -0.009562188,
    -0.032876737,
    -0.03680598,
    0.0029315858,
    -0.0012326858,
    -0.0069912947,
    -0.021472715,
    -0.059276357,
    0.0035819833,
    0.019109027,
    0.029760966,
    -0.13494503,
    0.07526962,
    -0.013261205,
    -0.011634251,
    0.021779686,
    -0.031679545,
    0.025662886,
    0.022347584,
    0.039138973,
    -0.010306596,
    0.116833664,
    -0.01435863,
    0.042300787,
    -0.009201495,
    0.032446973,
    -0.0041556377,
    -0.057588007,
    0.11057143,
    -0.009048009,
    0.036990166,
    0.010544499,
    0.027028913,
    -0.012831443,
    -0.006108749,
    -0.045984454,
    0.026046602,
    -0.008272904,
    0.018571826,
    -0.013176787,
    0.017221147,
    -0.053750854,
    -0.041748237,
    0.012524471,
    0.026138693,
    0.030543746,
    -0.024772666,
    -0.044541683,
    0.01567861,
    -0.027934482,
    0.00035157925,
    -0.0034169857,
    0.011281233,
    -0.003873607,
    -0.04478726,
    0.022332236,
    0.014504442,
    0.009661954,
    0.0042247064,
    -0.015041644,
    0.04712025,
    -0.0024596157,
    -0.0018610198,
    0.029699573,
    0.011143096,
    -0.022669906,
    0.0052914354,
    0.008203835,
    0.05623733,
    0.041871026,
    0.021104347,
    -0.015363965,
    -0.02217875,
    0.023237806,
    -0.029592132,
    -0.036867376,
    0.008902198,
    -0.029361904,
    0.011941223,
    -0.012708655,
    -0.06477116,
    -0.028640518,
    0.0021123532,
    -0.041748237,
    0.07447149,
    0.004984463,
    -0.009032661,
    -0.015502103,
    -0.010383339,
    0.07526962,
    0.014189796,
    -0.060719125,
    0.016822083,
    -0.017482074,
    0.0051379493,
    -0.005579222,
    0.07391894,
    0.02349873,
    0.03094281,
    -0.014995598,
    0.022961529,
    -0.009331958,
    -0.02242433,
    0.050404854,
    0.051632743,
    0.025801023,
    -0.013169113,
    0.0014283806,
    0.029883755,
    0.0023003737,
    -0.012854466,
    0.011442393,
    -0.03763481,
    0.035301816,
    0.015256524,
    -0.06179353,
    0.18713033,
    0.039384548,
    -0.021503411,
    -0.025877766,
    0.023913143,
    0.03318371,
    0.026414968,
    0.0004561417,
    0.053873643,
    0.12684096,
    0.026292179,
    -0.009585211,
    0.0071678036,
    0.03349068,
    -0.009562188,
    -0.014849787,
    0.059920996,
    0.053935036,
    -0.0024001398,
    0.036099944,
    0.0021008418,
    0.031894423,
    -0.059061475,
    0.020551797,
    -0.032907434,
    0.056421515,
    0.002277351,
    -0.014596534,
    0.014189796,
    0.03263116,
    0.018172761,
    -0.014680952,
    -0.020536449,
    -0.022148054,
    -0.039200366,
    0.022823391,
    0.00826523,
    0.03708226,
    0.007152455,
    0.053443883,
    0.035854366,
    0.02461918,
    -0.026537757,
    0.087425716,
    0.04156405,
    0.04405053,
    0.12033315,
    0.007889189,
    0.012071687,
    -0.014013287,
    -0.059521932,
    0.07336639,
    -0.013775383,
    -0.022992227,
    -0.021764338,
    -0.014067006,
    0.0007319371,
    0.05012858,
    -0.007896863,
    -0.014780717,
    -0.006776414,
    0.001812096,
    -0.11284303,
    -0.018725311,
    0.004761908,
    -0.035885066,
    -0.041287776,
    -0.0012681794,
    -0.051663443,
    0.04515563,
    -0.019216467,
    0.03935385,
    0.13690966,
    -0.032661855,
    -0.015793726,
    -0.05479456,
    0.021012256,
    0.009216844,
    0.0012480343,
    0.022501072,
    0.015732331,
    -0.020996908,
    -0.043712858,
    -0.04957603,
    -0.047304437,
    0.042730547,
    0.041993815,
    -0.08846942,
    0.11339558,
    -0.005279924,
    0.015325593,
    0.005736545,
    -0.015709309,
    0.05513223,
    -0.0025248474,
    0.056083843,
    0.039507337,
    0.033859048,
    -0.015003272,
    -0.019753668,
    0.010429385,
    0.054395497,
    0.018049972,
    0.012585865,
    -0.011097049,
    0.10529151,
    -0.003198268,
    0.016914176,
    -0.03238558,
    0.021702943,
    0.004309124,
