{
  "chunk_index": 709,
  "token_start": 319050,
  "token_end": 319550,
  "text": " sửa đổi, bổ sung một số điều của\nBộ luật Hình sự số 100/2015/QH13, có hiệu lực kể từ ngày 01 tháng 01 năm 2018.\n\n381 Cụm từ “hoặc người phạm tội” được bổ sung theo quy định tại điểm u khoản 1 Điều 2 của Luật số 12/2017/QH14 sửa đổi, bổ sung\nmột số điều của Bộ luật Hình sự số 100/2015/QH13, có hiệu lực kể từ ngày 01 tháng 01 năm 2018.\n\n382 Từ “hỏi cung” được thay thế bằng cụm từ “người bị hỏi cung” theo quy định tại điểm u khoản 2 Điều 2 của Luật số 12/2017/QH14\nsửa đổi, bổ sung một số điều của Bộ luật Hình sự số 100/2015/QH13, có hiệu lực kể từ ngày 01 tháng 01 năm 2018.\n\n383 Từ “hỏi cung” được thay thế bằng cụm từ “người bị hỏi cung” theo quy định tại điểm u khoản 2 Điều 2 của Luật số 12/2017/QH14\nsửa đổi, bổ sung một số điều của Bộ luật Hình sự số 100/2015/QH13, có hiệu lực kể từ ngày 01 tháng 01 năm 2018.\n\n384 Cụm từ “Dẫn đến” được bổ sung theo quy định tại điểm t khoản 1 Điều 2 của Luật số 12/2017/QH14 sửa đổi, bổ sung một số điều\ncủa Bộ luật Hình sự số ",
  "embedding": [
    -0.00011221797,
    -0.07038149,
    -0.044335816,
    -0.016238155,
    0.0012168518,
    -0.005731826,
    0.07490556,
    -0.0328964,
    0.024963133,
    0.09422977,
    -0.04653322,
    -0.034285937,
    -0.0017086416,
    0.005788377,
    -0.086409606,
    -0.15666184,
    0.07846018,
    0.052899223,
    0.03438288,
    0.004923958,
    -0.0033041819,
    0.030440481,
    0.08169165,
    -0.03512612,
    -0.018435556,
    0.07561648,
    -0.0337689,
    0.0062771374,
    0.02817845,
    0.026174936,
    0.0074000745,
    -0.063692346,
    0.035223063,
    -0.051671263,
    -0.00020954087,
    0.016658247,
    0.07723222,
    -0.020455228,
    0.004217073,
    -0.044497393,
    -0.01614929,
    -0.036935743,
    -0.027241323,
    -0.008466461,
    0.043431006,
    0.05962069,
    0.007016337,
    0.062238183,
    -0.037161946,
    0.01909801,
    0.0028033033,
    0.053125426,
    -0.07419463,
    -0.01166562,
    0.008619956,
    -0.21715502,
    0.04536989,
    -0.0042817025,
    0.02442994,
    0.0038010208,
    0.011811036,
    0.024349153,
    0.011544439,
    -0.047858123,
    -0.023234295,
    -0.04087814,
    0.06395086,
    -0.03039201,
    -0.0008467471,
    0.004301899,
    -0.10489363,
    0.065405026,
    -0.03535232,
    -0.037549723,
    0.058780506,
    -0.021311568,
    -0.030375851,
    -0.004394804,
    0.08918867,
    -0.019744303,
    0.056130696,
    -0.053448573,
    -0.011980688,
    0.021408513,
    0.021263096,
    0.05997615,
    0.01879102,
    -0.004370568,
    -0.023735173,
    -0.024672301,
    0.05199441,
    -0.004073676,
    0.03813139,
    -0.006042856,
    0.0010512387,
    0.00052208494,
    -0.025270123,
    -0.039520923,
    0.0044796304,
    0.007432389,
    0.018144725,
    -0.022394111,
    0.023088878,
    -0.007989818,
    -0.011964531,
    -0.03548158,
    -0.02633651,
    0.021925548,
    0.00064377015,
    -0.0014390156,
    0.015729198,
    0.040748883,
    -0.014485081,
    -0.056324586,
    -0.020471385,
    -0.01921111,
    0.09946476,
    0.03197543,
    -0.0053319316,
    0.011108191,
    -0.01412154,
    0.045143686,
    0.02885706,
    0.030230436,
    0.039520923,
    -0.055549033,
    -0.013119783,
    0.022975778,
    -0.10011105,
    0.012190734,
    0.02640114,
    0.01197261,
    0.023896748,
    -0.018273983,
    0.020536015,
    -0.012909737,
    -0.02473693,
    0.04475591,
    -0.015704961,
    0.029939603,
    -0.012885501,
    -0.046856366,
    0.012966288,
    0.019728146,
    -0.043883413,
    -0.058651246,
    -0.014905172,
    0.07070464,
    0.024058321,
    0.0054854266,
    0.0071617533,
    -0.0028941885,
    -0.03677417,
    0.00822814,
    -0.023557443,
    -0.038260646,
    0.019421156,
    -0.049764693,
    -0.0038010208,
    0.0410074,
    -0.03690343,
    -0.012748163,
    -0.0390362,
    0.03087673,
    0.011996846,
    0.044594336,
    -0.033251863,
    -0.01736917,
    -0.042687766,
    -0.02842081,
    0.025609428,
    -0.011148584,
    -0.0070405733,
    0.0028315787,
    -0.0205037,
    -0.013895337,
    0.019081851,
    -0.034092046,
    -0.014678969,
    -0.04229999,
    -0.0051340037,
    -0.059814576,
    0.025334753,
    -0.028436968,
    -0.018613288,
    0.039811756,
    -0.00020853103,
    0.0030840377,
    0.0337689,
    0.02633651,
    -0.07076927,
    -0.04885988,
    0.025997205,
    0.029664928,
    -0.047599606,
    0.029988075,
    -0.064791046,
    0.012045318,
    0.03328418,
    0.02333124,
    0.015438365,
    -0.0026356706,
    0.048892196,
    -0.012626983,
    0.027774516,
    -0.0150909815,
    -0.009920624,
    -0.0049764696,
    0.013426773,
    -0.037485093,
    0.0027063591,
    -0.020859161,
    -0.05322237,
    0.026174936,
    0.009670185,
    0.036515653,
    -0.0440773,
    -0.00902389,
    0.025076235,
    0.046500906,
    -0.0022559725,
    -0.0046815975,
    -0.049990896,
    0.035998616,
    -0.037969816,
    0.042817026,
    -0.041168973,
    -0.001995435,
    0.015187926,
    0.008232179,
    0.10424734,
    -0.0014693106,
    -0.06395086,
    0.01774079,
    -0.023993691,
    -0.0011471731,
    0.011390944,
    0.002008563,
    0.011011247,
    0.11420028,
    -0.0020509758,
    0.0009936781,
    0.020843005,
    0.027354425,
    -0.025205495,
    -0.017175281,
    0.010930459,
    0.007961543,
    0.0030779785,
    0.0044675125,
    -0.0964918,
    -0.026126465,
    0.022022493,
    -0.0032334933,
    -0.0205037,
    -0.012885501,
    0.0052471054,
    -0.05286691,
    0.003603093,
    -0.001786399,
    0.0067295437,
    -0.041427493,
    -0.03236321,
    -0.02118231,
    0.090222746,
    -0.008733057,
    0.015309107,
    0.04795507,
    3.0405516e-05,
    0.011285922,
    -0.011197056,
    -0.04346332,
    0.052705333,
    0.0045321416,
    0.14076298,
    0.00062761275,
    -0.021521615,
    0.012958209,
    0.033316493,
    -0.020051293,
    -0.013475245,
    -0.023622071,
    -0.031765386,
    0.030359695,
    0.042073786,
    -0.03965018,
    0.032427836,
    0.032427836,
    -0.03228242,
    -0.0056631574,
    0.042752396,
    -0.061915033,
    0.03861611,
    -0.01756306,
    -0.08434146,
    0.09384199,
    0.011827193,
    -0.020762218,
    0.01804778,
    0.002793205,
    0.023912905,
    -0.0061680754,
    0.0036495456,
    -0.0010073109,
    -0.06207661,
    -0.038325276,
    -0.011415181,
    0.033445753,
    -0.013273278,
    0.07555185,
    -0.05622764,
    0.014210405,
    0.0359663,
    -0.05929754,
    0.034964543,
    0.026013363,
    0.041459806,
    0.053545516,
    0.042009156,
    0.021877076,
    0.0013400518,
    0.12919432,
    -0.118465826,
    0.01559186,
    -0.033478066,
    0.04462665,
    -0.019485787,
    0.015826141,
    -0.034027416,
    0.14851853,
    0.012715848,
    0.016690562,
    -0.006151918,
    -0.023395868,
    -0.029584141,
    -0.018031623,
    -0.035384636,
    0.10857751,
    0.004548299,
    0.028598541,
    -0.063918546,
    -0.027273636,
    0.110839546,
    -0.005630843,
    -0.030860573,
    0.019938191,
    0.07813703,
    -0.022749575,
    0.042332303,
    0.06071939,
    0.09403588,
    -0.03284793,
    -0.028210765,
    0.021069208,
    -0.04352795,
    0.0460485,
    -0.0040534795,
    0.017950837,
    0.04359258,
    -0.041168973,
    0.032928716,
    -0.061624203,
    -0.037743613,
    0.023040406,
    0.043140173,
    -0.043237116,
    -0.011762564,
    0.06420938,
    0.01602003,
    -0.053545516,
    -0.038034443,
    -0.05703551,
    0.01197261,
    0.011746407,
    -0.0041403254,
    0.03173307,
    -0.009783287,
    0.03984407,
    0.01811241,
    0.0006351865,
    0.034964543,
    0.12492877,
    -3.177826e-05,
    0.061236426,
    -0.01787005,
    -0.013854943,
    -0.044174243,
    -0.033865843,
    0.012223049,
    -0.0013743861,
    0.014040753,
    0.046630163,
    -0.022394111,
    -0.0870559,
    0.024510728,
    0.014105382,
    0.004033283,
    0.05703551,
