{
  "chunk_index": 317,
  "token_start": 142650,
  "token_end": 143150,
  "text": " loại có mức độ nguy hiểm trung bình theo\nQuy chuẩn204 kỹ thuật quốc gia về an toàn bức xạ - phân nhóm và phân loại nguồn phóng xạ vượt quychuẩn cho phép;\n\nb) Có tổ chức;\n\nc) Phạm tội 02 lần trở lên;\n\nd) Tái phạm nguy hiểm.\n\n3. Phạm tội thuộc trường hợp chất thải nguy hại có thành phần nguy hại đặc biệt vượt ngưỡng chất thải nguy hại theo quy định của\npháp luật hoặc có chứa chất phải loại trừ theo205 Phụ lục A Công ước Stockholm về các chất ô nhiễm hữu cơ khó phân hủy 10.000\nkilôgam trở lên; chất thải có chứa chất phóng xạ, gây nhiễm xạ môi trường thuộc nguồn phóng xạ loại có mức độ nguy hiểm trên trung\nbình theo Quy chuẩn206 kỹ thuật quốc gia về an toàn bức xạ - phân nhóm và phân loại nguồn phóng xạ vượt quy chuẩn cho phép, thì bị\nphạt tù từ 05 năm đến 10 năm.\n\n4. Người phạm tội còn có thể bị phạt tiền từ 10.000.000 đồng đến 150.000.000 đồng, cấm đảm nhiệm chức vụ, cấm hành nghề hoặc\nlàm công việc nhất định từ 01 năm đến 05 năm.\n\nĐiều 237. Tội vi phạm quy",
  "embedding": [
    -0.0004495806,
    -0.013483275,
    -0.08174495,
    -0.17316933,
    -0.0011218797,
    0.061292134,
    -0.010615904,
    0.009762322,
    0.0056725885,
    0.005332813,
    -0.08472834,
    0.042662505,
    -0.0046574064,
    -0.02515994,
    -0.033347692,
    -0.12052904,
    0.09845194,
    -0.04919282,
    0.03303278,
    -0.0042430465,
    -0.020999765,
    0.09898232,
    0.036894616,
    -0.068949506,
    -0.050187286,
    0.032518975,
    -0.018712498,
    -0.059038013,
    0.09288294,
    0.02734776,
    -0.0745185,
    0.010085523,
    -0.027878141,
    0.031441636,
    -0.0018956971,
    -0.012057876,
    -0.012629693,
    0.0042140414,
    -0.062949575,
    -0.05201047,
    -0.014883812,
    0.021729039,
    0.025773192,
    0.0006935351,
    0.13418634,
    -0.014311994,
    -0.035303473,
    -0.0040959488,
    -0.05694964,
    -0.013839625,
    0.04365697,
    0.03382835,
    0.07140252,
    -0.021596443,
    0.06106009,
    -0.1355786,
    0.034076966,
    0.006124241,
    -0.04697185,
    0.04392216,
    0.019955577,
    -0.02994994,
    -0.037657037,
    -0.086186886,
    -0.013193223,
    -0.02960188,
    -0.0008680842,
    0.046342023,
    0.010309277,
    -0.006704345,
    -0.06391089,
    -0.013118638,
    -0.052441403,
    0.008527529,
    0.069281,
    -0.00967945,
    -0.019193156,
    0.005821758,
    0.037955377,
    -0.025408557,
    0.018497031,
    -0.047767423,
    0.0304306,
    -0.060894348,
    0.0011840337,
    0.061789364,
    0.039911155,
    0.023535648,
    -0.026320148,
    -0.026187552,
    0.024016306,
    0.010309277,
    0.050452475,
    -0.08764543,
    0.01781748,
    -0.022275994,
    0.020419661,
    0.0028590842,
    0.026900252,
    -0.022706928,
    -0.037226103,
    -0.055126455,
    0.057844657,
    0.027430633,
    -0.042728804,
    -0.004881161,
    -0.03291676,
    -0.008423939,
    0.003996502,
    0.015845127,
    0.026353296,
    0.013276095,
    -0.09109291,
    -0.0829383,
    -0.019557793,
    -0.0008126636,
    0.018331287,
    -0.09202107,
    -0.020237343,
    0.059071165,
    -0.02462956,
    0.04236417,
    -0.010168395,
    0.010955678,
    0.04365697,
    -0.09778896,
    0.0025690321,
    0.032253783,
    -0.008817581,
    0.07213179,
    -0.04060728,
    -0.03503828,
    -0.016002584,
    -0.012886596,
    -0.021662742,
    0.014461164,
    0.031474788,
    0.046872403,
    -0.018148968,
    0.05804355,
    -0.08234162,
    -0.024927897,
    0.0023390623,
    0.07133622,
    -0.037126657,
    -0.02527596,
    0.059601545,
    -0.024314646,
    0.011684952,
    -0.0033998238,
    0.033513438,
    -0.0036650144,
    -0.024364369,
    -0.012124174,
    -0.019160006,
    -0.0056601577,
    -0.024944473,
    0.078430064,
    -0.021016339,
    0.010599329,
    -0.0017278813,
    0.062452342,
    -0.03140849,
    -0.0856565,
    -0.001668835,
    0.023104714,
    0.0006106631,
    0.0442205,
    -0.03725925,
    -0.031043852,
    0.06722577,
    -0.044353094,
    0.02305499,
    0.0304306,
    -0.004008933,
    0.030264854,
    -0.0014471523,
    -0.014452877,
    -0.022508036,
    0.04955746,
    0.000549027,
    0.029850496,
    0.15142372,
    0.00344126,
    -0.015994297,
    0.018430734,
    0.013632445,
    0.057015937,
    0.0011653876,
    0.03540292,
    0.01340869,
    0.015347895,
    -0.005109059,
    0.07226439,
    -0.006691914,
    0.020270491,
    0.00688252,
    0.006551032,
    0.09918121,
    0.01423741,
    0.045811642,
    0.057712063,
    -0.0025338114,
    -0.03536977,
    -0.015082705,
    0.011196008,
    0.021397552,
    0.015248449,
    0.021049488,
    -0.026601912,
    0.06159047,
    0.08631948,
    -0.020171046,
    -0.03984486,
    0.0055607115,
    0.08399906,
    -0.025143366,
    -0.020751148,
    0.008407365,
    0.017535716,
    -0.01175125,
    -0.025657171,
    0.028938903,
    -0.014991545,
    -0.015695957,
    -0.015513639,
    -0.005295521,
    0.03145821,
    0.0073838956,
    0.041866936,
    -0.02229257,
    0.047005,
    0.013624157,
    0.0024903037,
    0.014759503,
    0.0027119862,
    0.027596377,
    -0.0021163437,
    0.06517054,
    0.048297804,
    0.124440596,
    -0.008067589,
    -0.004528955,
    0.024961047,
    -0.0009292023,
    0.044551987,
    0.024298072,
    0.03732555,
    0.05283919,
    -0.016657272,
    -0.025491428,
    -0.018579902,
    0.0013901779,
    0.0069902535,
    -0.04252991,
    -0.002343206,
    0.0013238803,
    -0.024414092,
    -0.018613052,
    0.02184506,
    0.021861633,
    -0.10700433,
    -0.053170677,
    -0.019574367,
    0.053800505,
    -0.016060594,
    0.09798785,
    0.009588291,
    0.022905821,
    0.012588257,
    -0.009314813,
    0.017386546,
    0.0051795,
    -0.011030263,
    0.083932765,
    -0.008776145,
    0.04498292,
    0.015497064,
    0.023618521,
    0.009778896,
    -0.022856098,
    -0.04229787,
    -0.060728602,
    -0.08499353,
    0.0137899015,
    0.00036411887,
    0.060363967,
    0.016160041,
    0.011196008,
    -0.014212549,
    0.013690455,
    0.11860641,
    -0.042430464,
    0.0024322933,
    -0.026900252,
    -0.0099860765,
    -0.008241621,
    0.005150495,
    0.03187257,
    -0.033215098,
    0.026635062,
    0.01992243,
    0.021563295,
    0.049822647,
    0.034739945,
    0.013806475,
    -0.008200184,
    0.029800773,
    -0.033944372,
    0.057844657,
    0.043623824,
    0.022607483,
    0.007914276,
    0.012538534,
    -0.022209696,
    0.029999664,
    -0.0054322598,
    0.022922397,
    -0.04780057,
    0.07007656,
    0.04833095,
    0.016392082,
    -0.07862896,
    0.019458346,
    -0.01127888,
    0.06255179,
    0.03367918,
    0.02711572,
    -0.024679283,
    0.034474753,
    -0.034242712,
    0.01672357,
    0.20061654,
    0.006062087,
    -0.041270256,
    -0.014386579,
    -0.0066131856,
    0.051314343,
    -0.013707029,
    0.032634996,
    -0.079490826,
    -0.022209696,
    0.034375306,
    -0.025706895,
    0.042993996,
    -0.006393575,
    0.02734776,
    0.024463816,
    0.013226371,
    -0.011809261,
    -0.0014357574,
    -0.0024405804,
    -0.0073797517,
    0.022922397,
    -0.005917061,
    0.07001027,
    0.014966683,
    0.057480022,
    0.028657138,
    -0.04561275,
    0.028027311,
    0.019077135,
    0.010557893,
    0.03066264,
    -0.088441,
    0.02779527,
    0.025541151,
    0.027977588,
    -0.0139390705,
    -0.045977388,
    0.0015942501,
    -0.03359631,
    0.108860664,
    -0.046938702,
    0.034375306,
    -0.009240229,
    -1.8710944e-05,
    0.06165677,
    -0.046043683,
    0.013872773,
    -0.029170945,
    0.024679283,
    0.015878275,
    0.08267311,
    -0.020701427,
    -0.027065996,
    0.00973746,
    -0.03845261,
    0.07809857,
    0.0035966448,
    -0.0014854807,
    0.045181815,
    -0.0016077169,
    0.011312028,
    0.02015447,
    -0.052408256,
    -0.0047775707,
    0.061689917,
    -0.022872673,
