{
  "chunk_index": 374,
  "token_start": 168300,
  "token_end": 168800,
  "text": "ù từ 06 năm đến 13 năm:\n\na) Có tổ chức;\n\nb) Phạm tội 02 lần trở lên;\n\nc) Lợi dụng chức vụ, quyền hạn;\n\nd) Lợi dụng danh nghĩa Cơ quan, tổ chức;\n\nđ) Tiền chất ở thể rắn có khối lượng từ 200 gam đến dưới 500 gam;\n\ne) Tiền chất ở thể lỏng có thể tích từ 300 mililít đến dưới 750 mililít;\n\ng) Sử dụng người dưới 16 tuổi vào việc phạm tội;\n\nh) Vận chuyển, mua bán qua biên giới;\n\ni) Tái phạm nguy hiểm.\n\n3.259 Phạm tội thuộc một trong các trường hợp sau đây, thì bị phạt tù từ 13 năm đến 20 năm:\n\na) Tiền chất ở thể rắn có khối lượng từ 500 gam đến dưới 1.200 gam;\n\nb) Tiền chất ở thể lỏng có thể tích từ 750 mililít đến dưới 1.800 mililít.\n\n4.260 Phạm tội thuộc một trong các trường hợp sau đây, thì bị phạt tù 20 năm hoặc tù chung thân:\n\fa) Tiền chất ở thể rắn có khối lượng 1.200 gam trở lên;\n\nb) Tiền chất ở thể lỏng có thể tích 1.800 mililít trở lên.\n\n5.261 Trường hợp phạm tội có cả tiền chất ở thể rắn và tiền chất ở thể lỏng thì được quy đổi để làm căn cứ truy cứu trách nhiệm hình\ns",
  "embedding": [
    -0.0006995246,
    -0.06624134,
    -0.035828255,
    -0.14306115,
    -0.002111364,
    0.060826175,
    0.024667343,
    0.031924296,
    0.011656776,
    0.05471837,
    -0.07933849,
    -0.029200971,
    -0.001316405,
    -0.061707713,
    -0.06768958,
    -0.08569816,
    0.032994736,
    -0.028697236,
    0.10723289,
    0.005399425,
    -0.014057395,
    0.073230684,
    0.12284872,
    -0.046217818,
    -0.07959036,
    0.030460313,
    -0.033152156,
    -0.06123546,
    0.070019364,
    0.07851992,
    -0.019708687,
    -0.024352508,
    -0.10528091,
    0.0026662613,
    -0.008107008,
    -0.03222339,
    -0.017992835,
    0.007414371,
    -0.033687375,
    -0.12700455,
    -0.04961804,
    0.012884634,
    0.051727436,
    0.0096103465,
    0.05563139,
    0.02972045,
    -0.007705593,
    0.037843198,
    -0.031908553,
    -0.018118769,
    0.024494184,
    0.03274287,
    0.024777535,
    0.00097451353,
    0.052797876,
    -0.12870465,
    0.094576515,
    -0.0022687817,
    -0.068948925,
    -0.04240831,
    0.02071616,
    0.0080676535,
    0.06611541,
    -0.04105452,
    -0.020291133,
    -0.05282936,
    0.035481934,
    -0.0044037583,
    0.023423744,
    -0.03203449,
    -0.1077996,
    0.019425336,
    -0.008894096,
    -0.008516294,
    0.105910584,
    -0.033970725,
    -0.010932655,
    0.018150253,
    -0.005588326,
    0.0058165817,
    0.073419586,
    0.0016420627,
    -0.019740172,
    -0.032018747,
    0.01241238,
    0.10093619,
    0.025816493,
    0.021314347,
    -0.049303204,
    0.0028236788,
    0.035356,
    0.05767782,
    0.03910254,
    0.022652397,
    0.01374256,
    -0.008626486,
    -0.007650497,
    -0.017961353,
    -0.023313552,
    0.001189487,
    0.0034828652,
    -0.019236434,
    0.054749854,
    0.025501657,
    0.019267919,
    -0.016497368,
    -0.008862613,
    0.0430065,
    -0.016355691,
    -0.010381693,
    0.00290042,
    0.026210036,
    -0.07870882,
    -0.10710696,
    -0.024037672,
    0.016985362,
    -0.032270614,
    -0.041023035,
    -0.031892814,
    -0.039071057,
    -0.025202563,
    0.031105725,
    0.002709551,
    -0.013451337,
    0.053238645,
    -0.041684188,
    -0.02098377,
    -0.021566216,
    -0.074490026,
    -0.0148680955,
    -0.050121777,
    -0.06343931,
    -0.03472633,
    -0.0215977,
    -0.06750068,
    -0.040393364,
    0.023722837,
    0.027075833,
    -0.009138093,
    0.03453743,
    -0.031987265,
    0.008508423,
    0.034474462,
    0.040393364,
    -0.026792482,
    0.0326799,
    0.021613441,
    -0.020385584,
    -0.031373333,
    -0.005293168,
    0.022085695,
    0.038535837,
    -0.007174309,
    -0.010901171,
    -0.036206055,
    0.010633561,
    -0.02918523,
    0.06419491,
    0.0015367897,
    0.020936545,
    0.015316736,
    0.024289541,
    -0.06926376,
    -0.064793095,
    -0.026005393,
    -0.0049389782,
    0.024887728,
    0.017158521,
    -0.025926685,
    -0.029751932,
    0.0405193,
    -0.028287949,
    -0.0016794493,
    0.0078197215,
    -0.019834623,
    -0.009956665,
    -0.04096007,
    -0.045147378,
    -0.005277426,
    -0.029515807,
    -0.02526553,
    0.022982975,
    0.028461108,
    -0.010861817,
    -0.013404111,
    0.018181738,
    -0.032963254,
    0.022117177,
    0.05837046,
    0.027705504,
    -0.021093963,
    0.06983046,
    -0.051475566,
    0.035639353,
    -0.02865001,
    0.0048366566,
    -0.005749679,
    -0.017520582,
    0.11579641,
    -0.013451337,
    0.02633597,
    0.06167623,
    0.046753038,
    -0.006060579,
    0.0257063,
    -0.040771168,
    0.034663364,
    0.012152641,
    0.0041204067,
    -0.022479238,
    0.0043880166,
    -0.035828255,
    -0.029578773,
    -0.083053544,
    0.012955471,
    0.035104133,
    -0.0054505854,
    -0.029578773,
    0.0073474683,
    -0.03541897,
    -0.013183727,
    -0.02133009,
    -0.0009705781,
    0.01928366,
    -0.016827945,
    0.024777535,
    -0.02133009,
    0.008280167,
    -0.028099047,
    0.048767984,
    0.0052420073,
    0.0032152552,
    -0.0024360379,
    0.021802342,
    0.038504355,
    0.01731594,
    0.033529956,
    0.020212425,
    -0.0048956885,
    0.06394304,
    0.12209312,
    -0.019141985,
    -0.015316736,
    0.03721353,
    0.024242315,
    -0.032428034,
    0.028964845,
    -0.025753524,
    0.034852263,
    0.0020011717,
    -0.03812655,
    -0.022636656,
    0.010877559,
    -0.037245013,
    0.01071227,
    0.017929869,
    0.001055682,
    -0.047791995,
    -0.011452133,
    0.03929144,
    0.00705231,
    -0.05150705,
    0.0053954893,
    -0.07178244,
    0.026131328,
    0.044391774,
    0.01999204,
    0.019126242,
    0.017599292,
    0.009264028,
    0.05364793,
    -0.006532832,
    0.022274595,
    0.010114083,
    0.019535528,
    0.03856732,
    0.00954738,
    -0.011436392,
    0.008634358,
    -0.0033608666,
    -0.014742161,
    0.0027843243,
    0.015064867,
    0.023549678,
    -0.0059149675,
    -0.001280986,
    0.11932257,
    -0.013270306,
    -0.0010438757,
    0.016103825,
    0.034317043,
    -0.0033136413,
    -0.007068052,
    0.02482476,
    -0.06107804,
    0.03589122,
    -0.01855954,
    0.02784718,
    0.015025513,
    -0.010790979,
    -0.023360778,
    0.0011934225,
    0.01410462,
    0.0027823567,
    -0.029090779,
    -0.009689055,
    -0.041274905,
    0.044234354,
    -0.022809815,
    0.043163914,
    0.013073535,
    0.048327215,
    0.01731594,
    0.029578773,
    -0.037906166,
    0.025013663,
    0.08613893,
    0.03375034,
    -0.09652849,
    0.069704525,
    -0.00964183,
    0.024887728,
    -0.1190707,
    0.039921112,
    -0.06882299,
    0.047256775,
    0.039669245,
    0.06806739,
    -0.09161706,
    0.08481662,
    -0.032900285,
    0.0031168691,
    0.11321476,
    0.013616625,
    -0.040110014,
    -0.0051554274,
    -0.027390668,
    0.06838222,
    -0.01580473,
    0.017064072,
    -0.012727216,
    -0.01731594,
    -0.012538315,
    -0.0003630444,
    0.039606277,
    -0.05229414,
    0.08890948,
    0.044328805,
    0.033341054,
    -0.020952288,
    0.020747645,
    -0.007284501,
    0.012247092,
    -0.037307978,
    0.017473357,
    0.04391952,
    0.04464364,
    0.024258057,
    0.04454919,
    -0.09980278,
    0.008602873,
    0.0042463406,
    -0.005828388,
    -0.040550783,
    -0.09438761,
    0.027910147,
    -0.031357594,
    0.034317043,
    0.09640256,
    -0.047130838,
    0.01972443,
    -0.029263938,
    0.061298426,
    0.004096794,
    0.09199487,
    0.0012160513,
    0.017552067,
    0.075245626,
    -0.01241238,
    0.010877559,
    0.017678,
    0.019472562,
    -0.016292725,
    0.055379525,
    -0.019236434,
    -0.024069156,
    -0.02052726,
    0.01401017,
    0.038221,
    0.02918523,
    -0.009791377,
    0.039134026,
    -0.008288039,
    -0.04284908,
    -0.042534243,
    -0.038409904,
    -0.0011147136,
    0.08758717,
