{
  "chunk_index": 476,
  "token_start": 214200,
  "token_end": 214700,
  "text": "ến 200%;\n\nc) Gây thiệt hại về tài sản từ 500.000.000 đồng đến dưới 1.500.000.000 đồng.\n\n3. Phạm tội thuộc một trong các trường hợp sau đây, thì bị phạt tù từ 07 năm đến 15 năm:\n\na) Làm chết 03 người trở lên;\n\nb) Gây thương tích hoặc gây tổn hại cho sức khỏe của 03 người trở lên mà tổng tỷ lệ tổn thương cơ thể của những người này 201% trở\nlên;\n\nc) Gây thiệt hại về tài sản 1.500.000.000 đồng trở lên.\n\n4. Vi phạm quy định về quản lý vũ khí, vật liệu nổ, công cụ hỗ trợ trong trường hợp có khả năng thực tế dẫn đến hậu quả quy định tại\nmột trong các điểm a, b và c khoản 3 Điều này nếu không được ngăn chặn kịp thời, thì bị phạt tiền từ 10.000.000 đồng đến 50.000.000\nđồng, phạt cải tạo không giam giữ đến 03 năm hoặc phạt tù từ 03 tháng đến 02 năm.\n\n5. Người phạm tội còn có thể bị cấm đảm nhiệm chức vụ, cấm hành nghề hoặc làm công việc nhất định từ 01 năm đến 05 năm.\n\nĐiều 308. Tội thiếu trách nhiệm trong việc giữ vũ khí, vật liệu nổ, công cụ hỗ trợ gây",
  "embedding": [
    -0.00016355567,
    -0.03292621,
    -0.14528765,
    -0.19670832,
    -0.00019967767,
    0.07755547,
    -0.025528423,
    -0.004972282,
    0.02762042,
    0.04763082,
    -0.15887047,
    -0.035715535,
    0.010391766,
    -0.06597369,
    -0.038474545,
    -0.13328141,
    0.06524604,
    0.035291072,
    0.03744371,
    0.0038258524,
    -0.012840008,
    0.15656625,
    0.05293661,
    -0.070218325,
    0.009944564,
    0.07919268,
    -0.03365386,
    -0.066640705,
    0.07707037,
    0.053876493,
    -0.054331273,
    -0.027211115,
    0.017948724,
    -0.02011652,
    -0.0006480642,
    -0.002687003,
    0.035958085,
    0.006253251,
    0.043083005,
    -0.047054764,
    -0.031319313,
    0.096959494,
    0.040930368,
    0.0074356836,
    0.03704956,
    -0.09623185,
    -0.009702014,
    -0.03935379,
    -0.0387171,
    -0.03492725,
    0.024421787,
    0.0210564,
    0.07834376,
    0.0014003492,
    0.03996017,
    -0.099081814,
    0.059818976,
    0.0010365237,
    -0.005923534,
    0.055786576,
    -0.006215352,
    -0.0396873,
    0.031167718,
    -0.042446308,
    -0.022193355,
    -0.017691014,
    0.012324588,
    -0.004646355,
    0.030743254,
    -0.051572263,
    -0.07670654,
    -0.08058735,
    -0.024861408,
    0.08707557,
    0.118243285,
    -0.026271233,
    -0.00980055,
    0.021981124,
    0.06024344,
    0.012407966,
    0.0043545365,
    -0.035260756,
    0.001680798,
    -0.043689378,
    0.02913636,
    0.045538824,
    -0.04311332,
    0.021844689,
    -0.08919788,
    -0.008853087,
    0.002630155,
    0.027787173,
    0.043750018,
    -0.08580218,
    0.022132717,
    0.009080478,
    -0.003060303,
    -0.010596418,
    -0.0049609123,
    0.007200713,
    0.010588838,
    -0.05472542,
    -0.0007503901,
    -0.0049305935,
    0.0058287876,
    -0.008421045,
    -0.012749052,
    0.031440586,
    0.05496797,
    0.0074167345,
    -0.0077047627,
    0.014090658,
    -0.14722805,
    -0.09471591,
    0.009391245,
    0.005313368,
    -0.010960244,
    -0.072098084,
    -0.015962845,
    0.051481307,
    0,
    0.023678977,
    0.006613286,
    -0.0045516086,
    0.040566545,
    -0.035836812,
    -0.0045023407,
    -0.023785092,
    -0.08161819,
    0.034290552,
    -0.025391988,
    -0.035503305,
    0.0028746005,
    -0.00728409,
    -0.04165802,
    0.0066094967,
    0.030455226,
    0.00803448,
    -0.04123356,
    0.048267517,
    -0.02107156,
    0.0018778702,
    0.03814104,
    0.06391201,
    -0.02810552,
    -0.027559781,
    0.027999405,
    -0.033714496,
    0.0120896185,
    0.010823809,
    0.038989965,
    0.0013984543,
    -0.037292115,
    0.030500704,
    -0.061850335,
    -0.014719773,
    0.0064958013,
    0.009421565,
    0.012021401,
    0.005843947,
    -0.014704614,
    0.005097347,
    -0.039505385,
    0.031743776,
    -0.0059841713,
    -0.0048282677,
    -0.032713976,
    0.043173958,
    -0.0068596266,
    0.0021412647,
    0.015735453,
    0.0035056104,
    -0.013931485,
    -0.019934606,
    0.0041309353,
    -0.0072727203,
    -0.0066208662,
    -0.060940772,
    -0.0024956155,
    -0.05042015,
    -0.024770454,
    0.0026509995,
    0.08258839,
    -0.017205914,
    -0.02408828,
    -0.029773053,
    0.0045857173,
    0.019949764,
    0.06573114,
    0.027711375,
    -0.013393327,
    -0.03771658,
    -0.012658096,
    0.030576501,
    -0.055786576,
    -0.002611206,
    -0.0015405735,
    -0.044295754,
    0.094048895,
    -0.004411384,
    0.033077803,
    0.03944475,
    0.0411426,
    0.033290032,
    -0.0072878795,
    -0.032077283,
    0.0018882923,
    0.013931485,
    0.027408188,
    0.02936375,
    0.0033710706,
    -0.046448387,
    -0.025619378,
    0.008367986,
    0.0010791594,
    0.01884313,
    -0.005669614,
    -0.02433083,
    -0.0023724455,
    0.0025638328,
    -0.032835253,
    -0.02913636,
    -0.032046963,
    -0.0042976886,
    -0.0055748676,
    0.012339748,
    -0.026149958,
    0.017099798,
    0.008170914,
    0.0021696885,
    0.08804577,
    -0.005192093,
    -0.057908893,
    -0.03986921,
    0.015197295,
    0.017296871,
    0.01734235,
    0.015841568,
    -0.010141636,
    0.033957046,
    0.16190235,
    -0.0321076,
    0.010376606,
    -0.0025827822,
    -0.01103604,
    -0.020495502,
    -0.018054841,
    -0.010831389,
    0.0086332755,
    -0.04365906,
    -0.03292621,
    -0.012430704,
    0.016857248,
    -0.021602139,
    -0.038019765,
    -0.009444304,
    0.035988405,
    -0.047600504,
    -0.013181095,
    0.04787337,
    0.023709295,
    -0.19015945,
    0.004358326,
    -0.018479304,
    0.047236677,
    0.022117559,
    0.08701493,
    -0.0127263125,
    0.021192836,
    -0.00088208733,
    0.085984096,
    -0.043204278,
    0.026574422,
    -0.007606227,
    0.098050974,
    0.015197295,
    -0.004161254,
    -0.037474025,
    0.019388868,
    -0.008064799,
    -0.00978539,
    0.012468603,
    0.10811681,
    -0.028075201,
    -0.032713976,
    -0.029272793,
    0.03911124,
    0.03944475,
    -0.0070908074,
    0.0007304934,
    0.009103217,
    0.07300765,
    -0.012627777,
    0.011490822,
    -0.027165636,
    0.023785092,
    -0.027211115,
    0.017933566,
    0.039747935,
    0.008140596,
    0.0034032844,
    -0.005442223,
    -0.01857026,
    0.0046994127,
    0.025968045,
    -0.011975923,
    -0.021784052,
    -0.0069164746,
    -0.031288993,
    -0.022026602,
    0.029166678,
    0.04690317,
    0.017448464,
    -0.005499071,
    -0.06482158,
    -0.021374749,
    0.029591141,
    0.024209555,
    -0.03692829,
    0.0138784265,
    0.013165935,
    0.06397265,
    -0.026680537,
    0.030349111,
    -0.010596418,
    0.045720737,
    0.02208724,
    0.012840008,
    -0.030758414,
    0.043507464,
    -0.048873894,
    -0.026043842,
    0.113756105,
    0.004972282,
    -0.0033843352,
    -0.012051719,
    -0.019949764,
    0.04335587,
    -0.03986921,
    -0.016508583,
    -0.026165117,
    -0.03795913,
    0.07670654,
    0.013673775,
    0.047721777,
    -0.032441106,
    0.057848256,
    0.008140596,
    -0.008989521,
    -0.011498402,
    0.0108086495,
    0.0040323995,
    0.03589745,
    0.03832295,
    -0.046357434,
    0.023178717,
    -0.015962845,
    0.036625102,
    0.07700973,
    -0.05193609,
    0.016917886,
    0.027256593,
    0.021147357,
    0.005419484,
    -0.06175938,
    -0.025452625,
    -0.027832652,
    0.023921527,
    -0.029166678,
    -0.034715015,
    -0.0061850334,
    -0.029015083,
    0.05624136,
    -0.075251244,
    0.07846503,
    0.010247751,
    -0.0059007946,
    0.0688843,
    -0.032198556,
    0.010854128,
    -0.032592703,
    0.06330564,
    -0.035776176,
    0.057545066,
    -0.029909488,
    -0.0321076,
    -0.046236157,
    -0.030409748,
    0.03441183,
    0.0818001,
    -0.011672735,
    -0.007375046,
    -0.05721156,
    -0.055816896,
    0.06175938,
    -0.06288117,
    -0.0005509493,
    0.0774342,
