{
  "chunk_index": 700,
  "token_start": 315000,
  "token_end": 315500,
  "text": "2018.\n\n346 Cụm từ “Phạm tội trong những trường hợp sau đây” được thay thế bằng cụm từ “Phạm tội thuộc một trong các trường hợp sau đây”\ntheo quy định tại điểm s khoản 2 Điều 2 của Luật số 12/2017/QH14 sửa đổi, bổ sung một số điều của Bộ luật Hình sự số\n100/2015/QH13, có hiệu lực kể từ ngày 01 tháng 01 năm 2018.\n\n347 Dấu “,” được bổ sung theo quy định tại điểm o khoản 1 Điều 2 của Luật số 12/2017/QH14 sửa đổi, bổ sung một số điều của Bộ luật\nHình sự số 100/2015/QH13, có hiệu lực kể từ ngày 01 tháng 01 năm 2018.\n\n348 Điều này được sửa đổi, bổ sung theo quy định tại khoản 126 Điều 1của Luật số 12/2017/QH14 sửa đổi, bổ sung một số điều của\nBộ luật Hình sự số 100/2015/QH13, có hiệu lực kể từ ngày 01 tháng 01 năm 2018.\n\n349 Từ “Để” được bổ sung theo quy định tại điểm p khoản 1 Điều 2 của Luật số 12/2017/QH14 sửa đổi, bổ sung một số điều của Bộ\nluật Hình sự số 100/2015/QH13, có hiệu lực kể từ ngày 01 tháng 01 năm 2018.\n\n350 Tên Điều này được sửa đổi, bổ sung theo quy định tại khoản 127 Điều 1",
  "embedding": [
    -9.830309e-05,
    -0.032756735,
    -0.0032234443,
    -0.04073062,
    0.0011203313,
    -0.007335977,
    -0.009512849,
    -0.061654106,
    0.020891588,
    0.04682267,
    -0.046376135,
    0.0111156,
    -0.002862626,
    -0.031560652,
    -0.101619236,
    -0.20783143,
    0.05623186,
    0.014687902,
    0.042931415,
    0.0053106095,
    -0.012949594,
    -0.0021888323,
    0.075847626,
    -0.0038055382,
    -0.012463188,
    0.059070565,
    -0.026919847,
    0.009217815,
    0.020955378,
    0.031544704,
    -0.03006156,
    -0.023188068,
    0.057986118,
    -0.037477277,
    -0.0017263468,
    -0.016872749,
    0.076166585,
    -0.012463188,
    0.0153896045,
    -0.021609237,
    -0.00062545185,
    -0.029902082,
    -0.05042687,
    -0.014464634,
    0.038466036,
    0.069851264,
    0.005019563,
    0.068065114,
    -0.044143446,
    0.014265287,
    0.010382002,
    0.041942652,
    -0.06736341,
    -0.025101801,
    0.009656379,
    -0.21408296,
    0.06423765,
    0.010190629,
    -0.00459296,
    -0.0014851367,
    0.0026254028,
    0.021194596,
    -0.0144965295,
    -0.07438043,
    -0.017016279,
    -0.03888068,
    0.050490662,
    -0.03285242,
    0.0062555154,
    -0.00027559753,
    -0.13549231,
    0.054062963,
    -0.02489448,
    -0.017048173,
    0.07827169,
    -0.02918443,
    -0.03336275,
    0.011059783,
    0.077314824,
    -0.017303338,
    0.06634275,
    -0.093772925,
    -0.0015319833,
    -0.013196785,
    0.022326887,
    0.041910756,
    0.024575524,
    0.004028807,
    -0.03226235,
    -0.02288506,
    0.022901008,
    -0.047811434,
    0.036329035,
    0.021625185,
    -0.0046647247,
    -0.005135184,
    -0.015333788,
    -0.035085108,
    0.015094571,
    -0.016840853,
    0.014305156,
    0.0014133718,
    0.027063377,
    0.044589985,
    0.0073917946,
    -0.030396463,
    -0.017494712,
    0.010302264,
    0.009265658,
    0.03457478,
    0.023204016,
    0.037923813,
    0.022247149,
    -0.041145265,
    -0.0022267082,
    -0.014592215,
    0.14697471,
    0.045578744,
    -0.002651318,
    0.052276812,
    -0.012806064,
    0.04168749,
    0.016123202,
    0.008292844,
    0.021832507,
    -0.046758883,
    -4.877777e-05,
    -0.0033829222,
    -0.0803768,
    0.017080069,
    0.008914807,
    0.01359548,
    0.029391753,
    -0.018052883,
    0.013507767,
    0.008954677,
    -0.0043178606,
    0.01599562,
    -0.035946287,
    0.009664353,
    -0.038976368,
    -0.010700958,
    0.012287762,
    0.023076434,
    -0.031608492,
    -0.06261097,
    0.0024420032,
    0.06851165,
    0.0153896045,
    0.008396504,
    0.0070369565,
    0.001899779,
    -0.04707784,
    -0.021274334,
    -0.02188035,
    -0.055849113,
    0.013547637,
    -0.05696546,
    -0.02302859,
    0.0200942,
    -0.01677706,
    -0.0024679184,
    -0.05396728,
    0.005880743,
    0.030444305,
    0.03715832,
    -0.041368533,
    0.0039550485,
    -0.036679886,
    -0.06369542,
    0.024368202,
    -0.036105767,
    -0.013220707,
    0.015230127,
    -0.027924556,
    -9.749325e-05,
    0.01822831,
    -0.02237473,
    -0.013579532,
    -0.059261937,
    -0.02719096,
    -0.007969902,
    0.021051066,
    -0.011952858,
    -0.06844786,
    0.026218144,
    -0.0058129644,
    0.018611055,
    0.028961163,
    0.033904973,
    -0.074635595,
    -0.074635595,
    -0.004509234,
    0.04398397,
    -0.058305074,
    -0.009807883,
    -0.03830656,
    0.040921994,
    0.020492893,
    0.0015967712,
    -0.00521891,
    0.019679556,
    0.0667255,
    -0.012662535,
    -0.028291356,
    -0.019185176,
    0.0042460957,
    -0.01090828,
    0.017111965,
    -0.030954635,
    0.020764004,
    -0.04334606,
    -0.052723352,
    -0.04577012,
    0.007894149,
    0.054605186,
    -0.050777722,
    -0.022151463,
    0.02676037,
    0.043665014,
    0.007961928,
    -0.01570856,
    -0.055976696,
    0.057061147,
    -0.025372913,
    0.016474053,
    -0.006052181,
    0.022119567,
    0.028211618,
    0.010206577,
    0.08579904,
    -0.018036935,
    -0.04962948,
    0.00512721,
    0.0064429017,
    -0.027493967,
    -0.0068256482,
    0.014010122,
    -0.024001405,
    0.09236953,
    0.0035483802,
    -0.01000723,
    0.026090562,
    0.014097835,
    -0.021912245,
    0.010238472,
    0.01513444,
    0.005298649,
    0.015214179,
    0.0011502334,
    -0.09364534,
    0.0061079985,
    0.018196413,
    0.0018210368,
    -0.027781026,
    -0.010796645,
    0.003931127,
    -0.051894065,
    0.021768715,
    0.016107254,
    0.011059783,
    -0.054222442,
    -0.018339943,
    -0.01029429,
    0.09013683,
    -0.025835399,
    0.050745826,
    0.032389935,
    -0.0141696,
    -0.0069014006,
    -0.0010366054,
    -0.064173855,
    0.030157246,
    0.028211618,
    0.13064419,
    -0.0029702734,
    -0.0016346471,
    0.03951859,
    0.0408901,
    -0.009520823,
    -0.0098637,
    -0.014392869,
    -0.011211287,
    0.00388129,
    0.03162444,
    -0.023427283,
    0.03814708,
    0.019169228,
    -0.007347938,
    -0.0022446497,
    0.02567592,
    -0.0588154,
    0.035978183,
    0.013117046,
    -0.049119152,
    0.062132537,
    0.04203834,
    -0.015652742,
    0.005131197,
    0.028371096,
    0.028562468,
    0.026297884,
    -0.023714345,
    0.06621517,
    -0.025851347,
    0.0021808585,
    -0.004210213,
    0.035308376,
    0.014209469,
    0.065385886,
    -0.04969327,
    -0.005497996,
    0.04755627,
    -0.053903487,
    0.034032557,
    0.0007819394,
    -0.003315144,
    0.04828987,
    0.0066781314,
    0.044813253,
    0.024511732,
    0.08873343,
    -0.062802345,
    0.0032593268,
    -0.05438192,
    0.029646916,
    -0.023267806,
    0.0092257885,
    0.0028387043,
    0.09460221,
    0.004943811,
    0.00382946,
    0.0010615239,
    -0.04462188,
    -0.008914807,
    -0.045993388,
    -0.045706328,
    0.08171641,
    -0.015238101,
    0.029742604,
    -0.059899848,
    -0.053106096,
    0.065385886,
    -0.03907205,
    -0.01878648,
    0.030444305,
    0.09696248,
    -0.033458434,
    0.032326143,
    0.033235166,
    0.07144604,
    -0.029933978,
    -0.04497273,
    0.030029664,
    -0.0011123575,
    0.038466036,
    -0.019567922,
    0.0083486615,
    0.047460582,
    -0.0015190258,
    0.031082217,
    -0.05910246,
    -0.017654188,
    0.032884315,
    -0.006403032,
    -0.036392827,
    -0.003247366,
    0.07980268,
    0.020476945,
    -0.053456947,
    -0.06583242,
    -0.06946851,
    0.007646959,
    -0.01025442,
    0.025548339,
    0.024033299,
    0.03349033,
    0.03250157,
    -0.005633552,
    -0.015118493,
    0.028881423,
    0.12713568,
    0.00201241,
    0.100088246,
    -0.023044538,
    0.0021669043,
    -0.04940621,
    -0.06851165,
    -0.028945215,
    -0.005278714,
    0.036679886,
    0.014161626,
    0.0050514583,
    -0.080313005,
    0.042261608,
    -0.025436703,
