{
  "chunk_index": 136,
  "token_start": 61200,
  "token_end": 61700,
  "text": "ộc một trong các trường hợp sau đây, thì bị phạt tù từ 12 năm đến 20 năm hoặc tù chung thân:\n\na) Đối với phụ nữ mà biết là có thai;\n\nb) Đối với 06 người trở lên;\n\nc) Gây rối loạn tâm thần và hành vi của nạn nhân mà tỷ lệ tổn thương cơ thể 61% trở lên66;\n\nd) Làm nạn nhân tự sát.\n\n4. Người phạm tội còn có thể bị cấm đảm nhiệm chức vụ, cấm hành nghề hoặc làm công việc nhất định từ 01 năm đến 05 năm.\n\nĐiều 150. Tội mua bán người\n\n1.67 Người nào dùng vũ lực, đe dọa dùng vũ lực, lừa gạt hoặc thủ đoạn khác thực hiện một trong các hành vi sau đây, thì bị phạt tù từ\n05 năm đến 10 năm:\n\na) Chuyển giao hoặc tiếp nhận người để giao, nhận tiền, tài sản hoặc lợi ích vật chất khác;\n\n                                                                                             ể của nạn nhân hoặc vì mục đích vô\nb) Chuyển giao hoặc tiếp nhận người để bóc lột tình dục, cưỡng bức lao động, lấy bộ phận cơ th\nnhân đạo khác;\n\nc) Tuyển mộ, vận chuyển, chứa chấp người khác để thực hiện hành vi quy định tại điểm a hoặc điểm b khoản này.\n\n2.68 Phạm tội thuộc một trong các trường h",
  "embedding": [
    -0.0001856722,
    -0.012086417,
    -0.087178655,
    -0.202645,
    0.00031047227,
    0.13993645,
    -0.033325654,
    0.05469788,
    0.033888903,
    0.14269012,
    -0.024876896,
    -0.11346368,
    -0.00045372953,
    -0.08223457,
    -0.02550273,
    -0.017820619,
    0.18011498,
    -0.0045294724,
    0.05213196,
    0.007564767,
    -0.024063312,
    0.00556601,
    0.07804148,
    -0.07779115,
    0.078104064,
    0.06230176,
    -0.03130734,
    -0.041117284,
    0.045873623,
    -0.020652518,
    -0.028428502,
    -0.077540815,
    -0.026159855,
    0.041649245,
    -0.0011802835,
    -0.01977635,
    0.009387508,
    0.015090419,
    0.03291886,
    -0.040866952,
    -0.05513596,
    0.0066573075,
    0.05911001,
    -0.017726744,
    0.018555975,
    -0.04956604,
    -0.028538024,
    0.05785834,
    0.0036689509,
    -0.025440145,
    0.0077916314,
    0.02550273,
    -0.06489897,
    0.014738387,
    0.046123955,
    -0.09143433,
    -0.0065125837,
    -0.015935294,
    0.039646573,
    0.033951487,
    0.026770042,
    -0.003283672,
    0.09143433,
    -0.018446453,
    -0.032293025,
    -0.05319588,
    0.018931475,
    -0.068466224,
    0.013502365,
    -0.03198011,
    -0.09706683,
    0.03792553,
    0.0019958233,
    -0.005738114,
    0.00658299,
    -0.016537659,
    -0.006219224,
    -0.0040288055,
    0.05088029,
    0.00019227278,
    0.009958581,
    0.008816434,
    -0.029993087,
    -0.028303336,
    0.042400245,
    0.112274595,
    -0.01595094,
    0.026159855,
    -0.05601213,
    0.011523166,
    0.03326307,
    -0.02116883,
    0.013768345,
    -0.086239904,
    -0.0029511978,
    0.0010658733,
    -0.039990783,
    -0.01386222,
    -0.012829594,
    -0.011006853,
    0.023077624,
    -0.008730383,
    0.0659003,
    0.04731304,
    0.067777805,
    -0.0027908278,
    -0.03995949,
    0.015536325,
    0.027051669,
    -0.008597393,
    -0.027708793,
    0.020855913,
    -0.021747727,
    -0.06421056,
    -0.032480776,
    0.036392238,
    -0.0633031,
    -0.087741904,
    -0.0036533051,
    -0.033544693,
    -0.04158666,
    0.046092663,
    -0.017257368,
    0.011092905,
    0.016709764,
    -0.09118399,
    0.009395331,
    -0.027458461,
    -0.09700425,
    0.0012761144,
    -0.04496616,
    -0.025471438,
    0.028976107,
    0.00992729,
    0.0006625038,
    -0.05028575,
    0.006363948,
    0.039333656,
    -0.013697938,
    0.03567253,
    -0.00060138723,
    0.007353548,
    0.016068283,
    0.04083566,
    -0.039302368,
    0.024923833,
    -0.0026128564,
    0.04014724,
    -0.0067159794,
    0.013173803,
    0.0044199517,
    0.024423165,
    -0.018149182,
    -0.016162159,
    -0.020057974,
    0.0108738635,
    -0.009364039,
    0.029820982,
    0.049597334,
    0.04302608,
    -0.0016457475,
    0.005507338,
    -0.100884415,
    0.0034772893,
    -0.005034051,
    0.045623288,
    -0.008425288,
    0.01932262,
    -0.014472408,
    0.020730747,
    0.035453487,
    -0.023234082,
    -0.034264404,
    -0.0026030778,
    -0.007400485,
    -0.014832262,
    -0.01830564,
    -0.07991898,
    0.0022432231,
    -0.056794424,
    0.02448575,
    -0.021074954,
    0.024642209,
    -0.032981444,
    0.002440752,
    -0.038582657,
    -0.029711463,
    0.023781687,
    0.019228745,
    0.0399282,
    -0.008409643,
    0.03115088,
    0.004142238,
    0.024157187,
    -0.016615888,
    0.01811789,
    -0.015215586,
    -0.017679807,
    0.13768345,
    -0.040804368,
    0.063709885,
    0.016568951,
    0.051318377,
    0.0203396,
    0.0051161917,
    -0.026347606,
    0.019619891,
    0.009700425,
    0.034170527,
    -0.007126683,
    -0.014433294,
    -0.07653948,
    -0.038582657,
    0.030556338,
    0.012641843,
    0.0027008643,
    -0.027693149,
    0.004599879,
    0.016741056,
    -0.05895355,
    -0.039521407,
    -0.023812978,
    0.0107486965,
    0.04624912,
    -0.010584415,
    0.00014973564,
    -0.026535355,
    0.008417466,
    0.00588675,
    0.009802123,
    0.11847035,
    0.007431777,
    -0.05522984,
    -0.01576319,
    -0.008871195,
    0.04549812,
    0.10632917,
    0.03198011,
    0.03454603,
    0.06596289,
    0.14193912,
    -0.013932626,
    -0.01533293,
    0.0116326865,
    -0.006195755,
    -0.039615285,
    0.004811098,
    -0.037393574,
    -0.013713584,
    -0.0075804126,
    -0.07434906,
    -0.041899577,
    0.008284476,
    -0.0258,
    0.033513404,
    -0.007111037,
    0.00915282,
    -0.034702487,
    -0.040710494,
    0.0772279,
    -0.010021165,
    -0.056544088,
    0.047062706,
    -0.022060644,
    0.0036689509,
    0.074411646,
    0.055605337,
    -0.012368041,
    -0.015074773,
    0.019087933,
    0.06155076,
    -0.020824622,
    0.010779988,
    0.023140207,
    0.026347606,
    0.057827048,
    -0.01011504,
    0,
    -0.034420863,
    -0.002352744,
    -0.015395513,
    0.03379503,
    0.018806307,
    0.015911825,
    -0.029695816,
    -0.021716435,
    0.043338995,
    0.056606673,
    -0.03489024,
    -0.0049949363,
    0.030149546,
    -0.049159247,
    -0.0037158886,
    0.0040718317,
    -0.020762037,
    0.08548891,
    0.00357312,
    0.039615285,
    0.046687204,
    0.012485385,
    -0.02497077,
    -0.021419164,
    0.03532832,
    -0.0035340055,
    -0.01841516,
    0.025831291,
    -0.036360946,
    0.041899577,
    -0.0858644,
    0.08999491,
    -0.044778414,
    0.027411522,
    0.01969812,
    0.028318983,
    0.014222074,
    0.02459527,
    0.06345955,
    0.015434627,
    -0.050254457,
    0.033200487,
    -0.019838933,
    0.0042048213,
    -0.034483444,
    0.012884354,
    -0.07804148,
    0.03711195,
    0.045529414,
    0.015614554,
    -0.07147022,
    0.095314495,
    -0.057889633,
    0.007236204,
    0.11590443,
    0.0021043664,
    -0.003080276,
    -0.054791752,
    -0.047782414,
    0.026238084,
    -0.020402184,
    0.006270073,
    0.0042478475,
    0.009129351,
    0.045529414,
    0.00647738,
    0.048658583,
    -0.020558642,
    0.032856278,
    0.029367253,
    0.0065204063,
    -0.024344936,
    0.018258702,
    -0.08179648,
    0.007822923,
    -0.0001776048,
    -0.026723105,
    -0.021387871,
    0.010099394,
    0.01943214,
    0.0580148,
    -0.044997454,
    0.04211862,
    -0.026566647,
    0.022044998,
    -0.0008732338,
    0.0061840205,
    0.008378351,
    -0.030556338,
    0.005855458,
    -0.010592238,
    -0.009410976,
    -0.018853245,
    -0.015113887,
    -0.02523675,
    -0.08429982,
    0.10514009,
    0.00647738,
    -0.07328515,
    0.023906853,
    -0.009536143,
    0.0376752,
    -0.032480776,
    0.065712556,
    -0.00028235864,
    0.02681698,
    0.036267072,
    -0.06311534,
    -0.061769802,
    0.017523348,
    -0.023515707,
    0.0787299,
    -0.017883202,
    0.007607793,
    -0.058984842,
