{
  "chunk_index": 532,
  "token_start": 239400,
  "token_end": 239900,
  "text": "ịch sử - văn hóa, danh lam thắng cảnh cấp quốc gia hoặc cấp quốc gia đặc biệt, thì bị\nphạt tù từ 03 năm đến 07 năm.\n\nĐiều 346. Tội vi phạm quy chế về khu vực biên giới\n\n1. Người nào vi phạm quy định về cư trú, đi lại hoặc các quy định khác về khu vực biên giới, đã bị xử phạt vi phạm hành chính về hành\nvi này hoặc đã bị kết án về tội này, chưa được xóa án tích mà còn vi phạm, thì bị phạt tiền từ 10.000.000 đồng đến 100.000.000 đồng\nhoặc phạt tù từ 06 tháng đến 03 năm.\n\n2. Tái phạm nguy hiểm353 hoặc phạm tội gây ảnh hưởng xấu đến an ninh, trật tự, an toàn xã hội khu vực biên giới, thì bị phạt tù từ 02\nnăm đến 07 năm.\n\n3. Người phạm tội còn có thể bị phạt tiền từ 5.000.000 đồng đến 50.000.000 đồng, cấm cư trú từ354 01 năm đến 05 năm.\n\nĐiều 347. Tội vi phạm quy định về xuất cảnh, nhập cảnh; tội ở lại Việt Nam trái phép\n\nNgười nào xuất cảnh, nhập cảnh trái phép hoặc ở lại Việt Nam trái phép, đã bị xử phạt vi ph",
  "embedding": [
    7.5658616e-05,
    -0.05511291,
    -0.052166525,
    -0.17070425,
    0.00097017485,
    0.015941495,
    0.04000881,
    -0.091927215,
    0.04441288,
    0.056384508,
    -0.01939962,
    -0.061812058,
    0.0012318604,
    -0.026626017,
    0.06717758,
    -0.014359751,
    0.06196713,
    0.009040751,
    -0.0062533147,
    -0.0012706287,
    -0.025354419,
    -0.010932639,
    0.13770474,
    -0.008304154,
    -0.0748692,
    0.03582184,
    -0.035170533,
    -0.06432424,
    0.021710206,
    -0.08851561,
    -0.17715529,
    0.017321642,
    0.031789944,
    0.05049174,
    -0.0017310013,
    -0.028533414,
    0.038768224,
    0.019244548,
    0.07778457,
    0.0010835719,
    0.013801488,
    -0.0276495,
    0.05929988,
    0.0039621126,
    0.06255641,
    -0.035790827,
    -0.016360192,
    -0.044443894,
    -0.05505088,
    -0.004020265,
    0.02174122,
    0.023819197,
    -0.032751396,
    0.024672098,
    0.088949814,
    -0.13807692,
    0.02695167,
    -0.009544738,
    0.023012819,
    0.123251945,
    0.019508172,
    0.056694653,
    0.0674257,
    -0.08076197,
    -0.016437728,
    -0.027851094,
    0.016794395,
    0.019523678,
    0.0054004136,
    -0.016515264,
    -0.13696039,
    -0.08311908,
    -0.025214855,
    0.022578614,
    0.05781118,
    -0.01733715,
    -0.012754747,
    0.031789944,
    0.048785936,
    -0.028797038,
    0.037000395,
    -0.055019867,
    0.01831411,
    -0.015313449,
    -0.036256045,
    0.10662813,
    0.034891404,
    0.022656152,
    -0.06804599,
    0.01791092,
    0.015801929,
    -0.03793083,
    0.00969981,
    0.020407595,
    0.008831402,
    -0.012367064,
    0.041063305,
    -0.013359531,
    0.027882108,
    0.0037547026,
    0.016158596,
    -0.03709344,
    0.028921096,
    0.013002863,
    0.022625137,
    0.009474955,
    0.030177187,
    0.00042426976,
    0.015972508,
    0.021880787,
    0.0012900127,
    0.0046172957,
    -0.03473633,
    -0.077846594,
    0.0055128415,
    0.011770033,
    0.041187365,
    -0.062742494,
    -0.0068697296,
    0.0051251594,
    0.0015284372,
    0.039109387,
    -0.0019054583,
    0.052011453,
    0.054926824,
    -0.12852442,
    0.02443949,
    0.006776686,
    -0.05936191,
    0.004202476,
    -0.058400456,
    -0.03873721,
    -0.020330058,
    0.011839816,
    0.025618043,
    0.019601215,
    0.013204457,
    -0.03256531,
    0.014669897,
    0.008110313,
    -0.022221947,
    -4.3705117e-05,
    0.018965416,
    0.0008824617,
    -0.04686303,
    0.0100409705,
    0.008676329,
    0.05672567,
    0.00080395606,
    0.0045785275,
    -0.025137318,
    -0.05672567,
    -0.02975849,
    -0.003483325,
    -0.01012626,
    -0.036907353,
    -0.045932595,
    0.026750077,
    0.030937044,
    -0.01135909,
    -0.0050321156,
    0.04435085,
    -0.00073126564,
    -0.018562226,
    0.003869069,
    0.0187173,
    0.028859068,
    0.024020793,
    -0.038489096,
    -0.0378688,
    0.052972905,
    -0.022966297,
    -0.006447156,
    -0.016112074,
    -0.023834705,
    -0.01342156,
    -0.020454116,
    -0.051205073,
    -0.019275561,
    -0.04962333,
    -0.015693378,
    -0.051360145,
    0.085538216,
    -0.02031455,
    0.008009516,
    -0.009932419,
    0.0011223401,
    0.00065760606,
    -0.0075908187,
    0.038365036,
    0.043296356,
    0.05796625,
    -0.009350896,
    -0.007695493,
    -0.025013259,
    0.01665483,
    -0.007427992,
    -0.026377901,
    0.04326534,
    0.034705315,
    -0.0027544824,
    0.019492663,
    0.07412485,
    -0.0020934842,
    0.02969646,
    -0.017833384,
    0.019104982,
    0.0054934574,
    0.051422175,
    -0.008009516,
    0.018236574,
    0.022175426,
    -0.03696938,
    0.018624255,
    0.033743862,
    0.068232074,
    -0.025354419,
    -0.03315459,
    0.017058019,
    -0.02586616,
    -0.031945016,
    -0.010513943,
    0.016918454,
    0.009552491,
    -0.040970262,
    0.014320983,
    0.026827613,
    0.04915811,
    0.007707123,
    0.0118785845,
    0.039109387,
    0.0015235912,
    -0.03696938,
    0.00967655,
    -0.015770914,
    0.06209119,
    0.10644204,
    -0.0056291465,
    0.019073967,
    -0.015600334,
    0.0887017,
    -0.0040357723,
    -0.030347766,
    0.011289307,
    -0.04258302,
    -0.004760738,
    0.01087061,
    0.029773997,
    -0.0038264238,
    -0.0028804792,
    -0.038365036,
    0.0073737167,
    0.028083703,
    -0.028936604,
    -0.025788624,
    0.029448343,
    0.018965416,
    0.041745625,
    -0.0189344,
    0.01750773,
    0.040225912,
    -0.004997224,
    0.010591479,
    0.025044274,
    0.044102732,
    -0.006768932,
    0.094408385,
    0.010064231,
    -0.026393408,
    -0.030022115,
    0.104891315,
    -0.027820079,
    -0.032193135,
    0.010490682,
    0.08522807,
    0.024067314,
    0.017709326,
    0.0140496055,
    0.03458126,
    -0.00812582,
    -0.023850212,
    -0.03907837,
    -0.0026711307,
    0.010731045,
    0.055578128,
    -0.034798358,
    0.027602976,
    0.007970748,
    -0.0031983787,
    -0.027835585,
    0.019539185,
    0.16524568,
    -0.01399533,
    0.0139488075,
    -0.032782413,
    0.028424863,
    0.01582519,
    -0.01654628,
    -0.015150622,
    -0.008381691,
    -0.015073086,
    0.01837614,
    0.04906507,
    0.111156255,
    -0.014127142,
    0.005528349,
    0.015530551,
    -0.005481827,
    -0.04177664,
    0.023726154,
    0.041652583,
    0.040101852,
    0.012940833,
    -0.019151503,
    0.012840036,
    -0.008071545,
    0.030208202,
    0.048661876,
    -0.012925327,
    -0.05294189,
    0.04624274,
    0.07077527,
    0.042489976,
    0.03982272,
    0.00281845,
    0.027602976,
    0.0010632186,
    0.00827314,
    -0.00456302,
    0.055826247,
    -0.03315459,
    0.032720383,
    0.10085942,
    -0.017600775,
    -0.031789944,
    -0.037341554,
    -0.042769108,
    0.043079253,
    -0.028998632,
    0.015305695,
    -0.011715758,
    -0.011397858,
    -0.062122203,
    -0.088329524,
    0.09608317,
    -0.0070907087,
    -0.012809021,
    -0.02174122,
    0.011002422,
    0.023353979,
    0.049189124,
    0.015073086,
    0.0011814617,
    0.0086143,
    -0.011731265,
    0.010785321,
    0.034302127,
    -0.017352657,
    0.05449262,
    -0.03926446,
    -0.025835145,
    -0.030440811,
    -0.0044854837,
    -0.03427111,
    -0.050677825,
    0.0075404197,
    0.021927308,
    0.042955194,
    0.05979611,
    -0.012615181,
    -0.028719502,
    -0.070837304,
    0.05377928,
    -0.102906376,
    0.18596342,
    -0.021508612,
    -0.029618924,
    0.042552005,
    -0.05294189,
    0.028378341,
    -0.04124939,
    0.036411118,
    0.028921096,
    -0.018903388,
    -0.058400456,
    -0.015104101,
    -0.005291863,
    0.0772263,
    0.07493123,
    -0.022594122,
    -0.0031654257,
    -0.031200668,
    -0.014569099,
    0.0763579,
    -0.012770253,
    -0.007962993,
    0.0044079474,
    0.0572219,
    0.05179435,
    -0.008056037,
    0.045715492,
    -0.028316312,
