{
  "chunk_index": 660,
  "token_start": 297000,
  "token_end": 297500,
  "text": "ệu lực kể từ ngày 01 tháng 01 năm 2018.\n\n180 Khoản này được sửa đổi, bổ sung theo quy định tại điểm a khoản 52 Điều 1 của Luật số 12/2017/QH14 sửa đổi, bổ sung một số\nđiều của Bộ luật Hình sự số 100/2015/QH13, có hiệu lực kể từ ngày 01 tháng 01 năm 2018.\n\n181 Điểm này được sửa đổi, bổ sung theo quy định tại điểm b khoản 52 Điều 1 của Luật số 12/2017/QH14 sửa đổi, bổ sung một số điều\ncủa Bộ luật Hình sự số 100/2015/QH13, có hiệu lực kể từ ngày 01 tháng 01 năm 2018.\n\n182 Khoản này được sửa đổi, bổ sung theo quy định tại điểm a khoản 53 Điều 1 của Luật số 12/2017/QH14 sửa đổi, bổ sung một số\nđiều của Bộ luật Hình sự số 100/2015/QH13, có hiệu lực kể từ ngày 01 tháng 01 năm 2018.\n\n183 Điểm này được sửa đổi, bổ sung theo quy định tại điểm b khoản 53 Điều 1 của Luật số 12/2017/QH14 sửa đổi, bổ sung một số điều\ncủa Bộ luật Hình sự số 100/2015/QH13, có hiệu lực kể từ ngày 01 tháng 01 năm 2018.\n\n184 Tên Điều này được sửa đổi, bổ sung theo quy định tại điểm a khoản 54 Điều 1 của Luật số 12/2017/QH14 sửa đổi",
  "embedding": [
    0.00017229578,
    -0.03070665,
    -0.052777052,
    -0.011192375,
    0.002276941,
    0.018662231,
    -0.011746617,
    -0.011275098,
    0.023063077,
    0.084708,
    -0.082325585,
    -0.006175246,
    -0.00054907164,
    -0.007610484,
    -0.11852502,
    -0.1821222,
    0.04195693,
    0.017338669,
    0.031864766,
    0.011010385,
    -0.0045290655,
    0.042486355,
    0.05396826,
    -0.009554466,
    -0.035835452,
    0.032129478,
    -0.013856045,
    0.0299456,
    -0.00020163647,
    0.0313188,
    -0.03662959,
    -0.026520884,
    0.05886544,
    -0.040798813,
    0.0029139055,
    0.008942319,
    0.085171245,
    -0.012755834,
    0.0077676573,
    0.015866205,
    -0.0010960752,
    -0.0142034795,
    -0.07100913,
    -0.021375533,
    0.032344557,
    0.05393517,
    -0.00952965,
    0.042453267,
    -0.047383536,
    0.018265162,
    0.008015825,
    0.039243627,
    -0.045729082,
    -0.024419727,
    -0.036497235,
    -0.2126965,
    0.02943272,
    0.012954367,
    0.01781846,
    0.058170572,
    -0.008073731,
    0.0026595334,
    0.006460639,
    -0.05178438,
    -0.013698871,
    -0.02519732,
    0.0432474,
    -0.057277165,
    0.011994785,
    -0.009463471,
    -0.112238094,
    0.07861961,
    -0.028026436,
    -0.0032075709,
    0.06492074,
    -0.030971361,
    -0.031997122,
    0.019721081,
    0.05284323,
    -0.014981072,
    0.050493907,
    -0.10092164,
    -0.0060759787,
    0.0038445354,
    0.011184103,
    0.010960751,
    0.018976577,
    0.008206087,
    0.0017671627,
    -0.0046655578,
    0.017355213,
    -0.026537428,
    0.05956031,
    0.02662015,
    -0.008818235,
    -0.011142742,
    -0.009446927,
    -0.045927618,
    0.002835319,
    -0.02044904,
    0.0061007957,
    -0.030756284,
    -0.0317655,
    0.013649238,
    -0.007813155,
    -0.023741402,
    -0.012201591,
    0.0033192465,
    0.0077800658,
    0.0015831048,
    0.013210808,
    0.031997122,
    0.008292946,
    -0.08073731,
    -0.021292811,
    -0.004109248,
    0.14572422,
    0.0141869355,
    -0.013541698,
    0.06975174,
    -0.0051660296,
    0.035107493,
    0.039905407,
    0.019191656,
    0.042552534,
    -0.047383536,
    -0.011730072,
    0.024982242,
    -0.11773088,
    0.024419727,
    0.022914175,
    0.03052466,
    0.043975364,
    -0.018926943,
    0.0026057635,
    -0.027976802,
    0.010241064,
    0.023857214,
    -0.035868544,
    0.008392213,
    -0.015096884,
    -0.013111541,
    0.008168862,
    0.045596726,
    -0.04407463,
    -0.05956031,
    0.015254057,
    0.058633815,
    0.013616149,
    0.0074698557,
    0.00083653285,
    -0.016188823,
    -0.024783706,
    0.0043139863,
    -0.008495617,
    -0.047151912,
    0.021673335,
    -0.074648924,
    -0.02589219,
    0.009016769,
    -0.016221913,
    -0.013128085,
    -0.054696217,
    0.017851548,
    0.014517826,
    0.03085555,
    -0.04516657,
    -0.05042773,
    -0.038879648,
    -0.05529182,
    0.017653015,
    -0.037820797,
    -0.00735818,
    0.026851773,
    -0.028241513,
    -0.013707144,
    0.028787484,
    -0.00036734028,
    -0.006700535,
    -0.06329937,
    -0.013227352,
    -0.02150789,
    0.057707325,
    -0.012573844,
    -0.035041317,
    0.028291147,
    0.0072216876,
    0.026272714,
    0.02081302,
    0.018066628,
    -0.08126674,
    -0.058402196,
    0.008975408,
    0.042883422,
    -0.042221643,
    0.018265162,
    -0.038648024,
    0.06131403,
    0.012226408,
    -0.0021983546,
    -0.00037328596,
    0.010886301,
    0.09092874,
    -0.0012956436,
    -0.011622533,
    -0.016445264,
    -0.031087173,
    -0.012441487,
    0.0128551,
    -0.03484278,
    0.0077676573,
    -0.085171245,
    -0.055523444,
    -0.065119274,
    0.008230904,
    0.04966668,
    -0.030739738,
    -0.021044644,
    0.027745178,
    0.026818685,
    -0.0018509193,
    -0.008487345,
    -0.045662906,
    0.069089964,
    -0.024105381,
    0.034478802,
    -0.0021218362,
    0.022732185,
    0.04824385,
    0.02991251,
    0.11058364,
    -0.017222857,
    -0.054497685,
    0.0037328599,
    0.005116396,
    -0.01781846,
    -0.02647125,
    0.027017219,
    -0.027993346,
    0.081729986,
    -0.014029762,
    -0.0050005843,
    0.034677338,
    0.011912062,
    -0.020498674,
    0.013210808,
    0.008462528,
    0.0074988087,
    0.020018883,
    -0.0006995234,
    -0.09417147,
    0.014567459,
    -0.008251585,
    -0.0073002744,
    -0.020085061,
    -0.01084494,
    0.004640741,
    -0.04020321,
    0.011382638,
    0.0023245066,
    0.0167927,
    -0.060552984,
    -0.031533875,
    0.0019098592,
    0.08000935,
    -0.031219529,
    0.04407463,
    0.016883694,
    -0.005517601,
    -0.00094303826,
    -0.025296587,
    -0.078487255,
    0.02610727,
    0.03878038,
    0.15009199,
    0.020465584,
    -0.010547139,
    0.03596781,
    0.051618937,
    -0.025164232,
    -0.011845884,
    -0.045232747,
    0.04556364,
    0.006038754,
    0.033866655,
    -0.0128302835,
    0.013161174,
    0.001466259,
    0.0052777054,
    -0.010373421,
    0.006948703,
    -0.11475287,
    -0.0038776244,
    0.010803578,
    -0.080207884,
    0.086296275,
    0.033105604,
    -0.019952703,
    0.016660342,
    0.019555636,
    0.044703323,
    0.0337343,
    -0.013665782,
    0.031533875,
    -0.031633142,
    -0.020498674,
    0.005951895,
    0.013310075,
    -0.012350492,
    0.063696444,
    -0.03530603,
    -0.010952479,
    0.046721756,
    -0.04804532,
    -0.026702873,
    0.03242728,
    0.026769051,
    0.055358,
    0.035339117,
    0.009190487,
    0.03070665,
    0.12381927,
    -0.015204424,
    -0.008884413,
    -0.039276715,
    0.03762226,
    -0.0300945,
    -0.009149126,
    -0.0362987,
    0.11806177,
    0.01048096,
    0.02519732,
    -0.0007889673,
    -0.02187187,
    -0.004433934,
    -0.05568889,
    -0.011192375,
    0.074516565,
    -0.015742121,
    0.027778268,
    -0.0420562,
    -0.034181,
    0.07345772,
    -0.046225417,
    -0.04579526,
    0.07233269,
    0.10621589,
    -0.022616373,
    0.018860765,
    0.011357821,
    0.1440036,
    -0.037489906,
    -0.08550213,
    0.069553204,
    -0.027017219,
    0.022881087,
    0.004392573,
    0.026388526,
    0.054232974,
    -0.022037314,
    0.03103754,
    -0.04619233,
    -0.004231264,
    0.08993607,
    -0.006357236,
    -0.03107063,
    -0.0296478,
    0.08556832,
    -0.0023865486,
    -0.055953603,
    -0.04510039,
    -0.049567413,
    -0.004831003,
    -0.025495121,
    -0.008354988,
    0.017917726,
    0.045695994,
    0.050262284,
    0.0035053724,
    -0.0069942004,
    0.023559412,
    0.101384886,
    -0.016627254,
    0.078884326,
    -0.015915839,
    -0.014584004,
    -0.03457807,
    -0.047151912,
    -0.010158342,
    -0.0032510003,
    0.0058402196,
    0.0024175695,
    0.015386414,
    -0.103237875,
    0.06379571,
    -0.03904509,
