{
  "chunk_index": 712,
  "token_start": 320400,
  "token_end": 320900,
  "text": "ổ sung theo quy định tại khoản 135 Điều 1 của Luật số 12/2017/QH14 sửa đổi, bổ sung một số điều của\nBộ luật Hình sự số 100/2015/QH13, có hiệu lực kể từ ngày 01 tháng 01 năm 2018.\n\n393 Cụm từ “người đang chấp hành hình phạt tù” được thay thế bằng cụm từ \"người đang chấp hành án phạt tù” theo quy định tại điểm\nu khoản 2 Điều 2 của Luật số 12/2017/QH14 sửa đổi, bổ sung một số điều của Bộ luật Hình sự số 100/2015/QH13, có hiệu lực kể từ\nngày 01 tháng 01 năm 2018.\n\n394 Cụm từ “người tiến hành tố tụng” được thay thế bằng cụm từ “người có thẩm quyền tiến hành tố tụng” theo quy định tại điểm u\nkhoản 2 Điều 2 của Luật sổ 12/2017/QH14 sửa đổi, bổ sung một số điều của Bộ luật Hình sự số 100/2015/QH13, có hiệu lực kể từ ngày\n01 tháng 01 năm 2018.\n\n395 Cụm từ “hoặc người phạm tội” được bổ sung theo quy định tại điểm u khoản 1 Điều 2 của Luật số 12/2017/QH14 sửa đổi, bổ sung\nmột số điều của Bộ luật Hình sự số 100/2015/QH13, có hiệu lực kể từ ngày 01 tháng 01 năm 2018.\n\n396 Cụm từ “, th",
  "embedding": [
    -0.00028494973,
    -0.06770005,
    -0.043384343,
    -0.060789272,
    0.00024695642,
    0.037657354,
    0.02810704,
    -0.057269894,
    0.02164418,
    0.0770424,
    -0.06216503,
    -0.014525437,
    -0.0029254837,
    0.021452215,
    -0.091439866,
    -0.18044816,
    0.07889808,
    0.054070458,
    0.08523296,
    0.008774452,
    -0.009646297,
    -0.028187025,
    0.1467901,
    -0.006226901,
    -0.059797447,
    0.06360477,
    -0.026443334,
    -0.01258178,
    0.041560665,
    0.010806093,
    -0.014541434,
    -0.035737693,
    0.032490265,
    -0.021724166,
    9.110892e-05,
    -0.007622655,
    0.04335235,
    -0.006538846,
    0.036057636,
    -0.018348763,
    -0.0026275362,
    0.005207081,
    -0.02068435,
    -0.008630477,
    0.047959536,
    0.050231136,
    -0.0056190086,
    0.024331706,
    -0.053590544,
    -0.00028819914,
    0.0031374462,
    0.031642415,
    -0.058613658,
    -0.010398165,
    -0.022060107,
    -0.23394272,
    0.06865989,
    -0.0006668823,
    0.029274834,
    -0.021612186,
    0.00787861,
    -0.01138999,
    -0.0074306885,
    -0.029722754,
    -0.024667647,
    -0.040472858,
    0.047895547,
    -0.043800272,
    -0.0008983415,
    -0.0070107626,
    -0.090288065,
    0.11146833,
    -0.05093501,
    0.0042352527,
    0.04907934,
    -0.03308216,
    -0.038329236,
    -0.010102217,
    0.053174615,
    -0.008558489,
    0.0368255,
    -0.06680421,
    -0.029610774,
    -0.01631712,
    0.03666553,
    0.050871022,
    0.073011115,
    0.01609316,
    -0.0020756337,
    -0.02046039,
    0.045847908,
    -0.026619302,
    0.048151504,
    0.021804152,
    0.0028155032,
    -0.024635652,
    -2.702648e-05,
    -0.0351298,
    0.0042072576,
    -0.010470152,
    0.016189143,
    -0.027819091,
    -0.009206375,
    0.031594425,
    0.00092883606,
    -0.019836498,
    -0.027787097,
    -0.004783156,
    0.011853908,
    0.02641134,
    0.035385754,
    0.03698547,
    -0.021628182,
    -0.04232853,
    -0.0004396724,
    0.0052390755,
    0.1105085,
    0.004263248,
    -0.024603657,
    0.034809858,
    -0.017836852,
    0.030602599,
    0.049911194,
    0.0002108378,
    0.048887372,
    -0.050231136,
    -0.007078751,
    0.014445451,
    -0.03900112,
    0.018828677,
    -0.0014977357,
    0.013789566,
    0.032826208,
    -0.0093183555,
    -0.018556725,
    -0.0041792626,
    -0.015253308,
    0.026683291,
    -0.038009293,
    0.036089633,
    -0.04319238,
    -0.012709757,
    -0.00087884493,
    0.053814504,
    -0.057045933,
    -0.023595836,
    0.015309298,
    0.06501253,
    0.020044463,
    -0.0029794741,
    0.0067788037,
    0.0012157854,
    -0.03564171,
    0.010798095,
    -0.029146856,
    -0.051478915,
    0.008998412,
    -0.037081458,
    -0.03564171,
    0.047735576,
    -0.014069517,
    0.002079633,
    -0.061109215,
    -0.00063838734,
    0.015517262,
    0.05621408,
    -0.051478915,
    0.011118038,
    -0.044568136,
    -0.05234276,
    0.016685056,
    -0.045144033,
    -0.026651297,
    0.030522613,
    -0.0345539,
    -0.012021879,
    0.0011168029,
    -0.05848568,
    -0.017084984,
    -0.0589336,
    0.0077666296,
    -0.038969122,
    0.0051430925,
    -0.013037699,
    -0.03500182,
    0.027611127,
    0.0050071166,
    0.0053790505,
    0.037977297,
    0.047959536,
    -0.056662,
    -0.024011763,
    0.018252779,
    0.05458237,
    -0.05202282,
    -0.0004109275,
    -0.036793508,
    0.048087515,
    0.0742269,
    0.0131896725,
    0.029882727,
    0.0025015585,
    0.063956715,
    -0.017004998,
    0.015541257,
    0.018572722,
    -0.003933306,
    -0.023643827,
    0.0076066577,
    -0.02357984,
    0.021084279,
    -0.021084279,
    -0.055542197,
    -0.020844322,
    -0.002165618,
    0.04482409,
    -0.058229722,
    -0.021324236,
    0.03314615,
    0.039800975,
    -0.007178733,
    -0.012989707,
    -0.04447215,
    0.03490584,
    -0.050295126,
    0.0050791036,
    -0.024155738,
    0.021868141,
    0.00011185526,
    0.032538258,
    0.06597236,
    -0.004267247,
    -0.03252226,
    -0.002771511,
    -0.005259072,
    -0.015549256,
    -0.00186967,
    -4.9928687e-05,
    -0.018508734,
    0.09470329,
    0.023739811,
    -0.011829913,
    0.03037864,
    0.021932129,
    -0.03858519,
    -0.010326178,
    0.01552526,
    0.007410692,
    0.030586602,
    0.0041952594,
    -0.07192331,
    -0.025195554,
    0.0058829617,
    -0.000804858,
    -0.03145045,
    -0.0056630005,
    0.013861554,
    -0.05106299,
    -0.015837206,
    0.02418773,
    0.023051932,
    -0.0063548787,
    -0.027771099,
    -0.01598118,
    0.077106394,
    -0.031530436,
    0.015733223,
    -0.010838088,
    -0.01326166,
    0.020908311,
    0.016589072,
    -0.027067224,
    0.05061507,
    0.015341293,
    0.1161395,
    0.00810257,
    -0.004359231,
    0.020860318,
    0.02068435,
    -0.033530083,
    -0.028299006,
    -0.03135447,
    -0.03532177,
    0.03321014,
    0.055958126,
    -0.029850733,
    0.015037347,
    0.020956302,
    -0.014205493,
    -0.027899077,
    0.023899782,
    -0.029898724,
    0.05003917,
    0.003093454,
    -0.053462565,
    0.071027465,
    0.010414162,
    0.0060149385,
    -0.00027445157,
    0.042168558,
    0.045304004,
    0.022460036,
    -0.016909016,
    0.02532353,
    -0.06456461,
    -0.013797565,
    -0.0061229193,
    0.03874516,
    0.029002883,
    0.108140916,
    -0.042360526,
    -0.011038052,
    0.04731965,
    -0.044856083,
    0.042808447,
    -0.002101629,
    0.029514791,
    0.07333106,
    0.019452566,
    0.033594072,
    -0.0062189023,
    0.105005465,
    -0.0708355,
    -0.003077457,
    -0.015605246,
    0.0521188,
    0.00022371052,
    0.019452566,
    -0.057365876,
    0.11102041,
    -0.032042347,
    0.006094924,
    -0.003417397,
    -0.003337411,
    0.0046671764,
    -0.035897665,
    -0.049815208,
    0.09943845,
    -0.001795683,
    0.04658378,
    -0.03660154,
    -0.043224372,
    0.061429158,
    -0.028874904,
    0.01638111,
    0.022076104,
    0.104877494,
    0.009710287,
    0.04408822,
    0.012005881,
    0.10244592,
    -0.045783922,
    -0.04210457,
    0.00493113,
    -0.015885197,
    0.027563136,
    -0.0010278187,
    0.026955243,
    0.057813797,
    -0.031594425,
    0.03717744,
    -0.06731612,
    -0.05829371,
    0.0328582,
    0.020188438,
    -0.02068435,
    -0.015365289,
    0.084977,
    0.061621126,
    -0.050743043,
    -0.064788565,
    -0.082097515,
    0.054422397,
    0.0038573192,
    -0.013805564,
    0.0407928,
    0.007826619,
    0.03916109,
    0.033978004,
    -0.014813386,
    0.041464683,
    0.11018855,
    -0.011318003,
    0.08452908,
    -0.026731282,
    -0.021100277,
    -0.058165736,
    -0.044632122,
    -0.044920072,
    0.038265247,
    -0.0020466389,
    -0.047799565,
    0.0074946773,
    -0.09655896,
    0.081905544,
    0.025595482,
