{
  "chunk_index": 241,
  "token_start": 108450,
  "token_end": 108950,
  "text": " Pháp nhân thương mại phạm tội quy định tại Điều này, thì bị phạt như sau:\n\na) Phạm tội thuộc trường hợp quy định tại khoản 1 Điều này, thì bị phạt tiền từ 1.000.000.000 đồng đến 5.000.000.000 đồng;\n\nb) Phạm tội thuộc trường hợp quy định tại khoản 2 Điều này, thì bị phạt tiền từ 5.000.000.000 đồng đến 10.000.000.000 đồng;\n\nc) Pháp nhân thương mại còn có thể bị cấm kinh doanh, cấm162 hoạt động trong một số lĩnh vực nhất định hoặc cấm huy động vốn từ\n01 năm đến 03 năm.\n\nĐiều 211. Tội thao túng thị trường chứng khoán\n\n1. Người nào thực hiện một trong các hành vi sau đây thu lợi bất chính từ 500.000.000 đồng đến dưới 1.500.000.000 đồng hoặc gây\nthiệt hại cho nhà đầu tư từ 1.000.000.000 đồng đến dưới 3.000.000.000 đồng, thì bị phạt tiền từ 500.000.000 đồng đến 2.000.000.000\nđồng hoặc phạt tù từ 06 tháng đến 03 năm:\n\na) Sử dụng một hoặc nhiều tài khoản giao dịch của mình hoặc của người khác hoặc thông đồng với nhau liên tục mua, bán chứng\nkho",
  "embedding": [
    -0.00070034596,
    0.068438105,
    -0.10275355,
    -0.10223947,
    -0.002666837,
    0.07756319,
    0.08752366,
    0.032548264,
    0.012177485,
    0.17016348,
    -0.10236799,
    -0.049770247,
    0.0011255739,
    -0.06528931,
    -0.0530797,
    -0.09741988,
    0.05786715,
    -0.09298586,
    0.18545763,
    -0.004940075,
    0.011342091,
    0.11547726,
    0.08784497,
    -0.07929824,
    -0.080776244,
    0.12890783,
    -0.028467683,
    0.037464242,
    -0.060919557,
    0.08064772,
    0.044500835,
    0.020852737,
    0.044083137,
    0.025736583,
    -0.016595438,
    0.002564421,
    0.0026246656,
    0.008884102,
    0.032259088,
    -0.026732631,
    0.019904885,
    -0.0011908391,
    0.10249651,
    0.029785035,
    0.09195768,
    0.016113479,
    0.003530346,
    0.08508174,
    -0.021366827,
    -0.06978759,
    0.032548264,
    0.010587022,
    0.1010185,
    -0.011253731,
    0.08797349,
    -0.12910062,
    -0.032114502,
    -0.013703687,
    0.042283826,
    0.031841394,
    0.014274004,
    -0.0048597483,
    0.022314679,
    -0.050573513,
    -0.033062354,
    -0.057096016,
    -0.034829535,
    0.015760044,
    0.005096711,
    -0.025318887,
    -0.078912675,
    0.0025463474,
    0.011165372,
    0.023905141,
    0.059891377,
    -0.025158234,
    -0.042862177,
    -0.043215614,
    0.10718757,
    -0.0031026078,
    -0.038331766,
    -0.020997325,
    0.00588391,
    -0.05667832,
    0.021270435,
    0.08418208,
    -0.0002177599,
    0.0055545717,
    0.02520643,
    0.055393096,
    0.048806332,
    0.048356503,
    -0.013213696,
    0.052822653,
    0.013526969,
    -0.010562924,
    -0.027471635,
    0.031905655,
    -0.03113452,
    0.0029961753,
    -0.013864339,
    -0.043922484,
    0.060823165,
    0.016225936,
    -0.007233394,
    -0.013735818,
    -0.04196252,
    0.0071410183,
    0.037046544,
    0.0036749337,
    0.0078880545,
    0.019471124,
    0.0005346727,
    -0.06435753,
    0.007249459,
    -0.0022009439,
    -0.018346554,
    -0.00909295,
    -0.007811744,
    -0.034315445,
    -0.0007329786,
    0.05950581,
    -0.021639938,
    0.015061203,
    -0.017366571,
    -0.03846029,
    0.0018555402,
    0.00257647,
    -0.105066955,
    -0.006960284,
    -0.029319143,
    -0.036532454,
    0.067924015,
    0.007843874,
    -0.051119734,
    -0.0073739653,
    0.034411836,
    -0.018025247,
    -0.021061586,
    0.014450722,
    -0.017928855,
    -0.014370396,
    0.032226957,
    0.038267504,
    -0.0013816144,
    -0.033576444,
    0.023953337,
    0.008036658,
    0.0061891503,
    -0.0094865495,
    0.044597227,
    -0.006257428,
    0.015382509,
    0.017141657,
    -0.032724984,
    0.008699351,
    -0.041898258,
    0.07165116,
    0.016442819,
    0.046075232,
    0.005530474,
    0.02016193,
    -0.03624328,
    0.008659188,
    -0.0003431444,
    0.033704966,
    -0.023391053,
    0.066960104,
    -0.044886403,
    -0.0340584,
    -0.017125592,
    -0.032821376,
    -0.0029620368,
    0.0071008555,
    0.004229186,
    0.004498279,
    0.013342218,
    -0.07512127,
    -0.010281782,
    -0.091700636,
    0.046364408,
    -0.0024198333,
    0.08932298,
    -0.010828001,
    0.0012269861,
    0.016394623,
    -0.045657534,
    0.039295685,
    0.029640447,
    0.009269669,
    -0.02629887,
    0.07961954,
    0.0060043996,
    0.020483237,
    0.02584904,
    -0.001252088,
    0.010578989,
    -0.0038657088,
    0.011840114,
    -0.011896342,
    0.019262275,
    0.046268016,
    0.024772666,
    0.010137194,
    -0.016563307,
    -0.012836161,
    0.0059923506,
    0.02833916,
    0.011936505,
    -0.0251743,
    0.02064389,
    -0.034829535,
    -0.012820097,
    0.008627057,
    -0.019406863,
    0.07614944,
    -0.023053681,
    -0.041769736,
    0.02690935,
    0.07113708,
    0.03415479,
    -0.07306491,
    -0.013695654,
    0.023005486,
    0.028162442,
    -0.0035905908,
    -0.0011245698,
    -0.002140699,
    0.0178164,
    -0.009735562,
    0.028564073,
    0.050637774,
    -0.07261508,
    0.017752139,
    -0.035311494,
    0.006273493,
    0.011542906,
    -0.018957034,
    0.049738117,
    0.038845856,
    0.07300065,
    -0.0073619164,
    -0.022571724,
    0.02609002,
    -0.035407886,
    -0.011342091,
    0.022635985,
    0.023696294,
    0.031263042,
    -0.00076259894,
    -0.057995673,
    -0.041030735,
    -0.0046388507,
    -0.073579,
    0.03727146,
    0.04700702,
    -5.9397622e-05,
    -0.0053778538,
    0.02213796,
    0.07614944,
    0.039456338,
    -0.065996185,
    0.023583837,
    -0.03341579,
    0.023953337,
    0.11611987,
    0.07486422,
    -0.0016547242,
    -0.023117943,
    0.0085146,
    0.09844806,
    -0.018973099,
    0.0046870466,
    -0.012249779,
    0.048035197,
    -0.0025925352,
    0.034283314,
    -0.022716312,
    -0.0063538197,
    0.0055023595,
    -0.052822653,
    0.014073188,
    -0.017318375,
    -0.035279363,
    0.024756601,
    -0.028017854,
    0.063714914,
    0.011840114,
    0.022893028,
    -0.048934855,
    0.008121001,
    0.07505701,
    0.016675765,
    -0.011791918,
    -0.004078574,
    0.033929877,
    -0.010297847,
    0.028371291,
    -0.0220737,
    -0.012828128,
    -0.02939947,
    0.010651283,
    0.0027451552,
    -0.022780571,
    -0.00024687822,
    0.05619636,
    -0.0059562037,
    0.012659444,
    -0.08790923,
    0.046364408,
    0.020515367,
    -0.001991091,
    -0.008723449,
    0.0010291822,
    0.048003066,
    0.043890353,
    0.048806332,
    -0.0017209935,
    -0.043890353,
    0.027327048,
    0.016948873,
    0.08386078,
    -0.06467883,
    -0.007498471,
    0.021880915,
    0.004321561,
    0.08341095,
    0.04652506,
    -0.009261636,
    0.032821376,
    -0.042348087,
    0.027037872,
    0.03588984,
    0.024065794,
    -0.020274388,
    -0.030524038,
    -0.048388634,
    0.048517156,
    -0.035793453,
    -0.022925159,
    -0.045721795,
    -0.029624382,
    -0.026186412,
    -0.14780061,
    0.05038073,
    -0.06281526,
    -0.023150073,
    0.014378428,
    -0.020547498,
    -0.015494966,
    0.005116793,
    0.012795999,
    0.10384599,
    0.01812164,
    0.009896215,
    0.0429907,
    -0.0070526595,
    0.011430449,
    0.037624896,
    -0.07897694,
    0.016964938,
    -0.007916168,
    0.032226957,
    -0.022732377,
    -0.0013203655,
    -0.0057794857,
    -0.049802378,
    0.03062043,
    0.0019679973,
    -0.01459531,
    -0.012378301,
    0.021511415,
    0.058156326,
    -0.0623333,
    -0.028323095,
    -0.023326792,
    -0.08643123,
    0.03846029,
    -0.012121256,
    -0.0007560724,
    0.03386562,
    0.058220588,
    -0.041898258,
    0.011237666,
    0.0065626684,
    0.019262275,
    0.014683669,
    0.033704966,
    0.11901162,
    0.023310727,
    0.021704199,
    0.02657198,
    -0.0066670924,
    -0.0014970836,
    0.06564275,
    0.022828767,
    -0.01623397,
    0.043215614,
    0.0050364663,
