{
  "chunk_index": 316,
  "token_start": 142200,
  "token_end": 142700,
  "text": "i 5.000 kilôgam; chất thải có chứa chất phóng xạ, gây\nnhiễm xạ môi trường thuộc nguồn phóng xạ loại có mức độ nguy hiểm dưới trung bình theo Quy chuẩn kỹ thuật quốc gia về an toàn bức\nxạ - phân nhóm và phân loại nguồn phóng xạ vượt quy chuẩn cho phép, thì bị phạt tiền từ 50.000.000 đồng đến 200.000.000 đồng, phạt\ncải tạo không giam giữ đến 02 năm hoặc phạt tù từ 03 tháng đến 02 năm.\n\n2. Phạm tội thuộc một trong các trường hợp sau đây, thì bị phạt tiền từ 200.000.000 đồng đến 1.000.000.000 đồng hoặc phạt tù từ 02\nnăm đến 05 năm:\n\na) Chất thải nguy hại có thành phần nguy hại đặc biệt vượt ngưỡng chất thải nguy hại theo quy định của pháp luật hoặc có chứa chất\nphải loại trừ theo203 Phụ lục A Công ước Stockholm về các chất ô nhiễm hữu cơ khó phân hủy từ 5.000 kilôgam đến dưới 10.000\nkilôgam; chất thải có chứa chất phóng xạ, gây nhiễm xạ môi trường thuộc nguồn phóng xạ loại có mức độ nguy hiểm trung bình theo\nQuy chuẩn204 kỹ thuật quốc gia về an toàn bức xạ - phân nhóm và phân",
  "embedding": [
    -0.00021218722,
    0.03249648,
    -0.07658666,
    -0.14130683,
    -0.00058288214,
    0.016734153,
    -0.010238267,
    0.016614806,
    0.011576658,
    -0.011457311,
    -0.13885169,
    0.066834316,
    -0.007408038,
    -0.014551807,
    0.01742466,
    -0.09602317,
    0.025932396,
    -0.070312425,
    -0.0022803799,
    -0.0071309824,
    -0.020647028,
    0.09568218,
    0.03692937,
    -0.11102679,
    -0.0951366,
    0.02262478,
    -0.013128169,
    -0.049716543,
    0.09854651,
    0.041464552,
    -0.07849622,
    0.023852348,
    -0.08074676,
    0.025233364,
    -0.0031264648,
    -0.022300838,
    -0.0076126326,
    0.0010112526,
    -0.0475683,
    -0.08852137,
    -0.0022185752,
    0.021942796,
    0.019521758,
    -0.0019756188,
    0.124189064,
    -0.0396573,
    -0.03928221,
    -0.027688501,
    -0.040305182,
    -0.030382333,
    0.044635773,
    0.029921995,
    0.114573106,
    -0.02100507,
    0.06584544,
    -0.13366863,
    0.03795234,
    0.010835001,
    -0.031234812,
    -0.0029453132,
    0.0070329476,
    -0.045624647,
    -0.05309236,
    -0.053296953,
    -0.010442861,
    -0.011798302,
    -0.011849451,
    0.05234218,
    0.008315927,
    0.00017848768,
    -0.039827794,
    -0.018873874,
    -0.052376278,
    -0.009428412,
    0.052614972,
    -0.013707854,
    -0.016043644,
    0.019095518,
    0.07160819,
    -0.024346786,
    -0.003823366,
    -0.046477128,
    0.039861895,
    -0.057286553,
    0.007868377,
    0.037099864,
    0.03244533,
    0.015745277,
    0.013989172,
    -0.02414219,
    0.01982865,
    0.011576658,
    0.03808874,
    -0.06959634,
    0.02097097,
    -0.01866928,
    0.033741098,
    0.011022546,
    0.025540255,
    -0.019146666,
    -0.026972419,
    -0.055036012,
    0.03319551,
    0.014816076,
    -0.06819828,
    -0.000994203,
    -0.04282852,
    -0.050910015,
    -0.007211968,
    0.004243212,
    0.026239287,
    -0.013324238,
    -0.11170878,
    -0.07256297,
    -0.0396573,
    0.0013991303,
    0.015966922,
    -0.08231532,
    -0.012736028,
    0.048386678,
    -0.01168748,
    0.04310131,
    -0.005724393,
    0.018038444,
    0.021704102,
    -0.082110725,
    0.000880184,
    0.024432033,
    0.0038702523,
    0.054967813,
    -0.0752227,
    -0.034542426,
    -0.006853927,
    0.001060803,
    -0.035565402,
    0.0039491067,
    0.045761045,
    0.041055363,
    -0.030331185,
    0.0515579,
    -0.077132255,
    -0.022778224,
    0.0085290475,
    0.04112356,
    -0.03802054,
    0.028285235,
    0.06468607,
    -0.055581596,
    0.008763479,
    0.003019905,
    0.058548223,
    -0.004081241,
    0.0030262987,
    -0.00012980317,
    -0.033553552,
    -0.007949362,
    -0.04033928,
    0.10802607,
    -0.047261406,
    0.006184731,
    -0.0074591865,
    0.036179185,
    -0.02062998,
    -0.047397804,
    0.0006271045,
    0.01170453,
    0.0012254379,
    0.03883892,
    -0.01820894,
    -0.061514847,
    0.04876177,
    -0.054831415,
    0.023920545,
    0.0434423,
    -0.015378712,
    0.04050978,
    0.0032628614,
    -0.012710454,
    -0.014773452,
    0.032394182,
    0.0024956306,
    0.06888026,
    0.1467627,
    -0.0026277648,
    -0.0030412169,
    0.035326708,
    -0.0012893737,
    0.052580874,
    0.01109927,
    0.0396232,
    -0.018805675,
    0.029393459,
    -0.01861813,
    0.05749115,
    0.013903924,
    0.01976045,
    0.016998421,
    0.011474361,
    0.06673201,
    0.011201567,
    0.03720216,
    0.03409914,
    -0.04119176,
    -0.0068709766,
    -0.024193339,
    0.00030689227,
    0.013324238,
    0.015873149,
    0.013869825,
    -0.019930948,
    0.067652695,
    0.055786192,
    -0.0008887088,
    0.008537572,
    0.004194194,
    0.08470226,
    -0.021738201,
    -0.015080344,
    0.012812751,
    0.050500825,
    0.005992924,
    -0.016043644,
    0.033536505,
    -0.044942666,
    -0.028182939,
    -0.023477258,
    -0.019112568,
    0.01826009,
    0.010536634,
    0.029904945,
    -0.0152337905,
    0.04473807,
    0.0039512375,
    -0.004526661,
    0.0008551425,
    0.024363834,
    0.029615102,
    -0.0071949186,
    0.07072161,
    0.07038062,
    0.13196367,
    0.005183069,
    -0.0028302285,
    0.0435446,
    0.019112568,
    0.046579424,
    0.014440985,
    0.06298111,
    0.026324535,
    -0.017526958,
    -0.010954348,
    -0.023085117,
    0.017765652,
    -0.02337496,
    -0.04439708,
    0.006836877,
    0.009428412,
    -0.01735646,
    0.0015323301,
    0.03525851,
    0.02930821,
    -0.12528023,
    -0.038122837,
    -0.0018019264,
    0.04869357,
    -0.036486078,
    0.10488895,
    0.037509054,
    0.02895017,
    -0.00091055356,
    -0.017143343,
    0.014816076,
    0.009428412,
    -0.005212906,
    0.046954516,
    -0.005366352,
    0.030638076,
    0.032223687,
    0.026375685,
    0.009368738,
    -0.03641788,
    -0.048216183,
    -0.07665487,
    -0.10413877,
    0.02178935,
    0.014705254,
    0.05865052,
    -0.0116789555,
    0.02567665,
    -0.027211113,
    0.013213417,
    0.098069124,
    -0.055513397,
    -0.0006915732,
    -0.05776394,
    -0.009223817,
    0.005387664,
    -0.009138569,
    -0.0008354289,
    -0.019658154,
    0.005617833,
    0.030791523,
    -0.0055794716,
    0.029563954,
    0.048079785,
    0.04119176,
    0.018328287,
    0.02777375,
    -0.08756659,
    0.024056943,
    0.05309236,
    -0.012957673,
    0.0051319203,
    0.027228162,
    -0.06707301,
    0.021823449,
    -0.023357911,
    0.00258301,
    -0.05302416,
    0.039725497,
    0.059639394,
    -0.017953197,
    -0.06673201,
    0.0045479727,
    -0.010800903,
    0.04316951,
    0.037440855,
    0.049375553,
    0.009846127,
    0.04992114,
    -0.044090185,
    0.010076296,
    0.15617406,
    0.053672045,
    -0.04040748,
    -0.016069219,
    -0.00021911362,
    0.017143343,
    -0.019896848,
    0.031456456,
    -0.096909754,
    -0.0074677113,
    -0.015003622,
    -0.06318571,
    0.092954256,
    -0.006495886,
    0.027518006,
    0.020800475,
    -0.025165165,
    0.00753591,
    -0.018942071,
    0.037713647,
    -0.006819828,
    0.013298664,
    0.0025489107,
    0.046579424,
    0.016947271,
    0.05316056,
    0.040305182,
    -0.06219683,
    0.057218354,
    0.029069517,
    0.025830097,
    0.0513533,
    -0.08163334,
    0.021448359,
    0.044976763,
    0.03278632,
    -0.012838325,
    -0.064481474,
    0.0003276714,
    -0.016120369,
    0.08920335,
    -0.069459945,
    0.050841816,
    -0.0089084,
    0.0027108816,
    0.072631165,
    -0.061855838,
    0.014330164,
    -0.0396573,
    0.024738925,
    -0.003181876,
    0.05902561,
    -0.013315714,
    -0.02255658,
    0.015344612,
    -0.024312686,
    0.07624567,
    -0.024653677,
    0.030228887,
    0.027824897,
    0.0016388899,
    0.010025147,
    0.010536634,
    -0.06833468,
    -0.0021173435,
    0.06420868,
    -0.026307486,
