{
  "chunk_index": 139,
  "token_start": 62550,
  "token_end": 63050,
  "text": " năm:\n\na) Lợi dụng chức vụ, quyền hạn;\n\nb) Lợi dụng hoạt động cho, nhận con nuôi để phạm tội;\n\nc) Đối với từ 02 người đến 05 người;\n\nd) Đối với người mà mình có trách nhiệm chăm sóc, nuôi dưỡng;\n\nđ) Đưa nạn nhân ra khỏi biên giới của nước Cộng hòa xã hội chủ nghĩa Việt Nam;\n\ne) Phạm tội 02 lần trở lên;\n\ng) Vì động cơ đê hèn;\n\nh) Gây thương tích, gây tổn hại cho sức khỏe hoặc gây rối loạn tâm thần và hành vi của nạn nhân mà tỷ lệ tổn thương cơ thể từ 31%\nđến 60%, nếu không thuộc trường hợp quy định tại điểm d khoản 3 Điều này.\n\n3. Phạm tội thuộc một trong các trường hợp sau đây, thì bị phạt tù từ 18 năm đến 20 năm hoặc tù chung thân:\n\na) Có tổ chức;\n\nb) Có tính chất chuyên nghiệp;\n\nc) Gây thương tích, gây tổn hại cho sức khỏe hoặc gây rối loạn tâm thần và hành vi của nạn nhân mà tỷ lệổn\n                                                                                                        t thương cơ thể 61% trở\nlên;\n\nd) Đã lấy bộ phận cơ thể của nạn nhân;\n\nđ) Làm nạn nhân chết hoặc tự sát;\n\ne) Đối với 06 người trở lên;\n\ng) Tái phạm nguy hiểm.\n\n",
  "embedding": [
    -0.0005543438,
    0.03541587,
    -0.027058968,
    -0.16937484,
    -0.001037817,
    0.077914916,
    -0.017863268,
    0.007083174,
    0.027385166,
    0.104694284,
    -0.014290614,
    -0.039951585,
    -0.004663866,
    -0.024822176,
    -0.0731928,
    -0.09580925,
    0.16987191,
    0.016574007,
    0.01711767,
    0.009451998,
    -0.030352022,
    -0.044797968,
    0.04697263,
    -0.06468056,
    0.03597507,
    0.024433844,
    -0.028503561,
    -0.046382364,
    0.067787215,
    -0.012675153,
    -0.044394106,
    -0.056354728,
    -0.003827011,
    0.020892257,
    -7.732508e-06,
    -0.011028626,
    0.03867786,
    0.02072139,
    0.017055538,
    -0.10164976,
    -0.020923324,
    0.029404493,
    0.028798694,
    0.01963406,
    -0.0072229737,
    -0.011455791,
    -0.006609409,
    0.03299268,
    -0.037870128,
    0.017474936,
    0.0045629,
    0.0357576,
    -0.036068268,
    -0.008488935,
    0.009646164,
    -0.13209498,
    0.04920942,
    -0.011890723,
    0.0092889,
    0.08419036,
    0.024993042,
    0.018049667,
    0.043213576,
    -0.0822021,
    -0.026872568,
    -0.05784592,
    -0.0064890264,
    -0.0639971,
    0.024837708,
    -0.06610963,
    -0.09525005,
    -0.053403404,
    -0.018437998,
    0.03451494,
    0.004807549,
    -0.011284925,
    -0.02365718,
    0.03892639,
    0.022352384,
    0.014570213,
    0.025769705,
    0.0027901647,
    -0.025241574,
    0.01617014,
    0.020969924,
    0.09394526,
    -0.012737286,
    0.04333784,
    -0.06710375,
    0.02033306,
    0.041225314,
    -0.03883319,
    0.0076889717,
    -0.13408324,
    -0.00094801525,
    -0.037435196,
    0.014857579,
    -0.03261988,
    0.002720265,
    -0.017940935,
    -0.0065861093,
    -0.025008574,
    0.07064534,
    0.057348855,
    0.07219867,
    0.010352929,
    -0.015440077,
    -0.0011349,
    0.011308225,
    -0.00016953115,
    -0.013863449,
    0.03019669,
    -0.01910593,
    -0.044891167,
    0.010453895,
    0.037621595,
    0.031408284,
    -0.081456505,
    -0.04044865,
    -0.022973716,
    -0.032122817,
    0.042654376,
    -0.01377025,
    0.007067641,
    0.013156685,
    -0.089533806,
    0.0051143314,
    -0.043089308,
    -0.07542959,
    -0.025024109,
    -0.05371407,
    -0.036565334,
    -0.072571464,
    0.044052374,
    0.0020911673,
    -0.038895324,
    0.010228663,
    0.011137359,
    -0.0049434653,
    0.025257107,
    -0.005778379,
    0.017179804,
    0.03721773,
    0.021016523,
    -0.047718227,
    -0.01180529,
    -0.0049123988,
    0.041504916,
    0.005413347,
    0.0020426258,
    0.04234371,
    -0.010391762,
    -0.023688246,
    -0.041691314,
    -0.027369633,
    0.0033513044,
    0.017552603,
    0.03821186,
    0.045450367,
    -0.0057201292,
    0.011945089,
    0.022973716,
    -0.070086144,
    -0.09419379,
    -0.033924676,
    0.009591798,
    0.010982026,
    0.0026057072,
    -0.030336488,
    0.008760768,
    -0.0030076306,
    0.011595591,
    -0.01644974,
    -0.01450808,
    -0.004722116,
    -0.022600917,
    -0.047656093,
    -0.080462374,
    -0.01901273,
    -0.053869404,
    0.002104759,
    -0.004896865,
    0.06834642,
    -0.03333441,
    -0.029606424,
    -0.033241212,
    -0.053217005,
    0.029357892,
    0.055174198,
    0.035912935,
    -0.0056424625,
    0.051135547,
    -0.03460814,
    0.049489018,
    -0.010283029,
    -0.0063259266,
    -0.0181584,
    -0.02104759,
    0.1279942,
    -0.014989612,
    0.025381373,
    0.0150129115,
    0.07064534,
    0.002184367,
    0.0019028264,
    -0.0038833192,
    0.037310928,
    0.018702066,
    0.057597388,
    -0.0179254,
    0.00083345734,
    -0.06971335,
    -0.020472858,
    -0.064059235,
    0.0092656,
    0.0450465,
    -0.024573643,
    0.009405399,
    0.0049473485,
    -0.03929919,
    0.017599203,
    -0.0011766456,
    -0.0116111245,
    0.04386597,
    0.009358799,
    0.008263703,
    -0.025754172,
    -0.0029493808,
    -0.040075853,
    0.033489745,
    0.08916101,
    0.022321317,
    -0.05750419,
    -0.005145398,
    0.03578867,
    0.030802486,
    0.06272337,
    -0.008287003,
    0.04526397,
    0.035167336,
    0.16527405,
    -0.014492547,
    -0.03408001,
    0.027105568,
    -0.016713805,
    -0.0365964,
    0.019789394,
    -0.04641343,
    -0.02114079,
    -0.015346877,
    -0.0651155,
    -0.048308488,
    0.0272143,
    -0.0272143,
    -0.00551043,
    0.0025862905,
    -0.00645796,
    -0.041504916,
    -0.031781085,
    0.04507757,
    0.035198405,
    -0.052502476,
    -0.0024212494,
    -0.053403404,
    0.023579514,
    -0.0017562311,
    0.0371556,
    -0.0023862997,
    0.005269664,
    0.018267132,
    0.05849832,
    0.016294407,
    0.027789032,
    0.023952313,
    0.05713139,
    0.013288718,
    -0.012372254,
    0.027012367,
    -0.011820823,
    0.0030755887,
    -0.013840149,
    0.019711727,
    0.12358275,
    0.002964914,
    -0.0450465,
    0.0091723995,
    0.06172924,
    0.059523515,
    -0.0026037653,
    0.026701702,
    0.024527043,
    0.010345162,
    -0.008481169,
    -0.02095439,
    0.021156322,
    0.084998086,
    -0.018406933,
    0.038367193,
    0.027245367,
    0.005079381,
    -0.0009771402,
    -0.03948559,
    -0.004376501,
    0.036068268,
    0.0056036296,
    0.020612657,
    -0.023983378,
    0.037310928,
    -0.060144845,
    0.11121826,
    -0.026297837,
    0.011719857,
    0.038149726,
    0.031843215,
    -0.02555224,
    0.011719857,
    0.0357576,
    0.03417321,
    -0.072260804,
    0.012605254,
    -0.017459402,
    0.036627464,
    -0.07294427,
    0.011634424,
    -0.06468056,
    0.030895688,
    0.061760306,
    -0.019354463,
    -0.04728329,
    0.12613021,
    -0.025614373,
    -0.0043881508,
    0.080338106,
    0.008007404,
    -0.023501847,
    -0.04678623,
    -0.062164173,
    0.035012007,
    -0.0092889,
    -0.0013591617,
    -0.036099333,
    -0.01621674,
    0.06610963,
    -0.01767687,
    0.011284925,
    -0.026748301,
    0.056478992,
    -0.008628735,
    0.035633337,
    0.024620242,
    0.01873313,
    -0.06275444,
    0.06902988,
    -0.011315992,
    -0.012364488,
    0.0073433565,
    0.0057861456,
    0.025707573,
    0.044114504,
    -0.016387606,
    0.009110266,
    -0.026282303,
    -0.0012873203,
    -0.0017387561,
    -0.02598717,
    0.026530836,
    -0.013288718,
    0.0365032,
    -0.04172238,
    -0.022134919,
    -0.024387244,
    -0.047997825,
    0.034297474,
    -0.040603984,
    0.11774223,
    0.0014009074,
    0.05253354,
    0.036720667,
    -0.03641,
    0.021389322,
    -0.0068346416,
    0.052937407,
    0.005331797,
    0.05281314,
    -0.0019940843,
    -0.034825604,
    -0.057069257,
    -0.014290614,
    -0.06834642,
    0.010236429,
    -0.008341369,
    -0.03190535,
    -0.037963327,
