{
  "chunk_index": 239,
  "token_start": 107550,
  "token_end": 108050,
  "text": ".000.000 đồng, cấm đảm nhiệm chức vụ, cấm hành nghề hoặc\nlàm công việc nhất định từ 01 năm đến 05 năm.\n\n4. Pháp nhân thương mại phạm tội quy định tại Điều này, thì bị phạt như sau:\n\na) Phạm tội thuộc trường hợp quy định tại khoản 1 Điều này, thì bị phạt tiền từ 500.000.000 đồng đến 2.000.000.000 đồng;\n\nb) Phạm tội thuộc trường hợp quy định tại khoản 2 Điều này, thì bị phạt tiền từ 2.000.000.000 đồng đến 5.000.000.000 đồng;\n\nc) Pháp nhân thương mại còn có thể bị cấm kinh doanh, cấm161 hoạt động trong một số lĩnh vực nhất định hoặc cấm huy động vốn từ\n01 năm đến 03 năm.\n\nĐiều 210. Tội sử dụng thông tin nội bộ để mua bán chứng khoán\n\n1. Người nào biết được thông tin liên quan đến công ty đại chúng hoặc quỹ đại chúng chưa được công bố mà nếu được công bố có thể\nảnh hưởng lớn đến giá chứng khoán của công ty đại chúng hoặc quỹ đại chúng đó mà sử dụng thông tin này để mua bán chứng khoán\nhoặc tiết lộ, cung cấp thông tin này hoặc tư vấn cho người khác mua bán chứng khoán trên c",
  "embedding": [
    -0.0005113143,
    0.04608673,
    -0.1185178,
    -0.067860484,
    -0.0022158606,
    0.026979147,
    0.08150876,
    0.04062742,
    0.0019351586,
    0.14816312,
    -0.07662077,
    -0.024741463,
    0.004269053,
    -0.05735449,
    -0.08868204,
    -0.0920465,
    0.054021772,
    -0.069066614,
    0.13787931,
    -0.0054513747,
    0.008300055,
    0.13254696,
    0.12435799,
    -0.06417863,
    -0.09420483,
    0.10893227,
    -0.028804205,
    0.027201327,
    0.02424949,
    0.08576194,
    0.06767005,
    -0.007919173,
    0.034152426,
    -0.011815279,
    -0.012307252,
    -0.011347111,
    -0.039992616,
    0.0024916036,
    0.018107768,
    0.061448973,
    0.002122624,
    -0.008379405,
    0.10163203,
    0.013886325,
    0.051546037,
    -0.03516811,
    -0.006252814,
    0.0997911,
    -0.000522225,
    -0.07833474,
    0.039802175,
    0.019107584,
    0.106329575,
    0.0064075473,
    0.03732644,
    -0.0891264,
    -0.042055726,
    -0.01296586,
    -0.02610629,
    0.04453146,
    0.0067685917,
    -0.022487912,
    0.028391583,
    -0.024424063,
    -0.022027679,
    -0.06830485,
    -0.0025590514,
    0.0078080823,
    -0.0059235096,
    -0.025455618,
    -0.08734895,
    -0.063162945,
    0.0097442325,
    0.04602325,
    0.016457278,
    -0.014211662,
    -0.034438085,
    -0.023265546,
    0.09483963,
    -0.01383078,
    -0.02034545,
    -0.025471488,
    0.021281784,
    -0.076430336,
    0.023297286,
    0.1256276,
    -0.067797005,
    0.023582948,
    -0.034374606,
    0.052815646,
    0.06963794,
    0.0703997,
    0.0553866,
    -0.011370917,
    0.0016018868,
    0.009545857,
    -0.035929874,
    0.039770436,
    -0.028820075,
    0.003908009,
    -0.02031371,
    -0.010323491,
    0.03669164,
    0.028978776,
    -0.047102414,
    -0.020535892,
    -0.04024654,
    0.014997231,
    0.043357074,
    -0.004951467,
    0.0069669676,
    0.0032057574,
    0.004245248,
    -0.05913194,
    -0.011021774,
    0.044690162,
    -0.0011823215,
    -0.058433656,
    -0.0081969,
    -0.054148734,
    -0.009863258,
    0.06109983,
    -0.009323675,
    0.029391399,
    -0.031962354,
    -0.017552314,
    0.0024261393,
    0.009347481,
    -0.050276432,
    -0.03121646,
    0.07497028,
    -0.03859605,
    0.062274218,
    0.021678537,
    -0.05310131,
    0.016980993,
    0.01847278,
    0.04119874,
    -0.045547146,
    0.022043549,
    -0.02959771,
    -0.0040587746,
    0.017012732,
    -0.03504115,
    -0.007744602,
    -0.02412253,
    0.04989555,
    -0.014322752,
    0.03170843,
    -0.00923639,
    0.05014947,
    0.019504335,
    -0.013481638,
    9.590243e-05,
    -0.026630005,
    0.027264807,
    -0.008601586,
    0.054307435,
    0.028343974,
    0.052752167,
    0.047483295,
    0.0053878943,
    -0.07338328,
    -0.07097103,
    0.0030649104,
    0.037167743,
    0.041420925,
    0.004729286,
    -0.055037457,
    -0.022408562,
    -0.015322568,
    -0.0091967145,
    0.01200572,
    -0.0068042995,
    -0.013235652,
    0.035834655,
    0.026312603,
    -0.058211476,
    0.0091967145,
    -0.05494224,
    0.040341757,
    0.007661284,
    0.09026905,
    -0.0050030444,
    -0.013957741,
    0.004558682,
    -0.04272227,
    0.041452665,
    -0.0061813984,
    0.03166082,
    -0.041103523,
    0.07281195,
    0.0131483665,
    0.043642737,
    -0.0074906806,
    -0.01106145,
    0.04989555,
    -0.006832072,
    0.017123822,
    -0.02780439,
    0.01660011,
    0.069891855,
    0.08214357,
    0.00184093,
    -0.037675586,
    -0.015632035,
    -0.005594205,
    0.030407084,
    -0.014378298,
    -0.010839269,
    0.030597527,
    0.000555453,
    0.0049871746,
    0.0733198,
    -0.016298579,
    0.035834655,
    -0.03462853,
    -0.026344342,
    0.026407823,
    0.0365012,
    0.013965676,
    -0.03332718,
    0.02983576,
    0.007054253,
    0.04119874,
    0.008990403,
    0.028105922,
    0.018901272,
    0.036247276,
    -0.004602325,
    0.012299317,
    0.016052593,
    -0.04646761,
    0.00830799,
    -0.02188485,
    -0.0048641814,
    -0.018758442,
    0.024995385,
    0.086079344,
    0.060179368,
    0.066971764,
    -0.008046133,
    -0.015092452,
    0.01198985,
    -0.043230113,
    -0.0046142275,
    0.01296586,
    0.0074748104,
    0.0048126034,
    0.009403026,
    -0.043007933,
    -0.015163867,
    -0.052371282,
    -0.056211844,
    -0.010379036,
    0.03281934,
    0.003374377,
    0.008379405,
    0.0003466622,
    0.057735372,
    0.031089498,
    -0.08081048,
    0.030311864,
    -0.044848863,
    0.012577043,
    0.058814537,
    0.06036981,
    0.020853292,
    -0.000704731,
    0.01560823,
    0.10937663,
    -0.023360766,
    0.007935043,
    -0.0138069745,
    -0.004848311,
    0.0031363256,
    0.022567263,
    -0.029946852,
    4.9501028e-05,
    0.0048760837,
    -0.044785384,
    0.05703709,
    -0.030772097,
    -0.020948514,
    0.025265176,
    -0.05738623,
    0.036056835,
    -0.0048641814,
    -0.036564678,
    -0.05018121,
    -0.008839638,
    0.08918988,
    0.03320022,
    -0.028899426,
    -0.009442701,
    0.05735449,
    -0.009109429,
    0.01200572,
    -0.010140985,
    -0.010601217,
    -0.046943713,
    0.0033723933,
    0.008776157,
    -0.01019653,
    0.036183797,
    0.033073258,
    0.0078794975,
    0.034088943,
    -0.060687207,
    0.074779846,
    0.0075144856,
    0.011323307,
    -0.013537183,
    -0.00023098414,
    -0.01848865,
    0.004479332,
    0.028296363,
    -0.033105,
    -0.040373497,
    -0.027106106,
    0.010188595,
    0.13064255,
    -0.06665436,
    -0.004669773,
    -0.0096331425,
    0.034755487,
    0.071097985,
    0.06284554,
    -0.009379221,
    0.08665067,
    -0.028947037,
    0.01650489,
    0.1036634,
    0.010720243,
    0.000118219745,
    -0.046943713,
    -0.06109983,
    0.045705847,
    -0.03120059,
    -0.016100202,
    -0.0632899,
    -0.04246835,
    -0.01658424,
    -0.13216607,
    0.06252814,
    -0.029089868,
    -0.005312511,
    0.012481823,
    0.0016187488,
    -0.06646392,
    0.009934674,
    0.0076652514,
    0.08855508,
    0.023582948,
    0.0011386786,
    0.039770436,
    -0.027074367,
    0.025090605,
    0.06036981,
    -0.08036611,
    0.031010147,
    -0.035358552,
    0.009323675,
    -0.040944822,
    -0.0055584977,
    -0.06056025,
    5.8520942e-05,
    0.022456171,
    0.028661376,
    -0.01661598,
    0.008736482,
    -0.068939656,
    0.01863148,
    -0.04608673,
    -0.051895183,
    -0.021599187,
    -0.054910496,
    0.061226793,
    0.007212954,
    -0.0009779941,
    0.00923639,
    0.08620631,
    -0.022852924,
    0.052053884,
    0.0029478685,
    0.0041579623,
    0.03875475,
    0.04246835,
    0.1072183,
    0.07623989,
    0.025773019,
    0.07027274,
    -0.030851446,
    -0.015909761,
    0.036564678,
    -0.011727993,
    -0.009006274,
    0.044944085,
    -0.0013301115,
