{
  "chunk_index": 263,
  "token_start": 118350,
  "token_end": 118850,
  "text": " chức;\n\nc) Dùng thủ đoạn tinh vi, xảo quyệt;\n\nd) Gây thiệt hại từ 300.000.000 đồng đến dưới 1.000.000.000 đồng.\n\n3. Phạm tội gây thiệt hại 1.000.000.000 đồng trở lên, thì bị phạt tù từ 10 năm đến 20 năm.\n\n4. Người phạm tội còn có thể bị cấm đảm nhiệm chức vụ hoặc làm công việc nhất định từ 01 năm đến 05 năm hoặc tịch thu một phần\nhoặc toàn bộ tài sản.\n\nĐiều 221. Tội vi phạm quy định174 về kế toán gây hậu quả nghiêm trọng\n\n1. Người nào lợi dụng chức vụ, quyền hạn thực hiện một trong những hành vi sau đây, gây thiệt hại từ 100.000.000 đồng đến dưới\n300.000.000 đồng hoặc dưới 100.000.000 đồng nhưng đã bị xử lý kỷ luật hoặc xử phạt vi phạm hành chính175 về hành vi này mà còn vi\nphạm, thì bị phạt cải tạo không giam giữ đến 03 năm hoặc phạt tù từ 01 năm đến 05 năm:\n\na) Giả mạo, khai man, thỏa thuận hoặc ép buộc người khác giả mạo, khai man, ẩy\n                                                                            t xóa tài liệu kế toán;\n\nb) Dụ dỗ, thỏa thuận hoặc ép buộc người khác cung cấp, xác nhận",
  "embedding": [
    -0.0005647171,
    0.023478128,
    -0.0947275,
    -0.12770346,
    -0.0024136393,
    0.03952726,
    0.07422724,
    0.02023382,
    0.002137403,
    0.06476076,
    -0.08814485,
    -0.023274379,
    0.011629352,
    -0.009231387,
    -0.031518366,
    -0.19284037,
    0.023148995,
    0.03595382,
    0.18268427,
    0.0058969595,
    0.014027319,
    0.10789281,
    0.069211885,
    -0.026816472,
    -0.074164554,
    0.048868358,
    -0.024873022,
    0.062096354,
    0.035985168,
    0.01054008,
    -0.0011127817,
    0.017036531,
    0.02554696,
    -0.018541139,
    -0.010320659,
    -0.0053405687,
    -0.048366822,
    0.010814358,
    -0.016252883,
    -0.06284866,
    -0.043445505,
    0.0714688,
    0.020218147,
    0.03868092,
    0.10074593,
    -0.044166464,
    -0.007628824,
    0.021785446,
    -0.028242713,
    -0.038179383,
    0.022475056,
    0.01860383,
    0.10049516,
    -0.0037282107,
    0.06074848,
    -0.13491303,
    0.014348615,
    -0.005422852,
    0.010900559,
    0.07798876,
    0.016315574,
    0.029151747,
    0.04918182,
    -0.011692044,
    -0.023086302,
    -0.039339185,
    0.006547388,
    0.0145758735,
    0.0055482355,
    -0.0563287,
    -0.0823145,
    -0.118863896,
    -0.049495276,
    0.07002688,
    0.05654812,
    -0.02181679,
    -0.025139464,
    -0.018431427,
    0.10757935,
    0.0057950853,
    -0.004882134,
    -0.0279606,
    -0.0025507777,
    -0.053068716,
    0.022349672,
    0.11021241,
    -0.013525783,
    0.025688017,
    0.019042673,
    0.049056433,
    0.050467003,
    0.049495276,
    0.016472304,
    0.008267498,
    -0.0123268,
    -0.008102932,
    -0.028995017,
    0.00714688,
    -0.0018641053,
    -0.018541139,
    -0.026722435,
    -0.040718406,
    -0.006719791,
    0.020155454,
    0.0017651696,
    0.012961556,
    -0.020578625,
    0.026158206,
    0.024214758,
    -0.0051485747,
    -0.020045744,
    0.0062339287,
    -0.0071743075,
    -0.017961238,
    0.008071586,
    0.01011691,
    0.028101657,
    0.0026428567,
    0.012256272,
    0.014285923,
    -0.005297468,
    0.039088417,
    0.014372124,
    0.013604148,
    0.042630512,
    -0.031157888,
    -0.03485671,
    0.01503039,
    -0.076923,
    0.014442653,
    -0.031048177,
    -0.082690656,
    -0.04908778,
    0.014669911,
    -0.119616196,
    0.006672772,
    0.035922475,
    -0.005983161,
    -0.034825366,
    0.04131398,
    -0.021362275,
    -0.018243352,
    0.053758327,
    -0.051376034,
    -0.0086436495,
    0.0078756735,
    0.057613883,
    0.014944188,
    0.027662814,
    -0.012679443,
    0.051595457,
    0.01677009,
    -0.014050828,
    0.019136712,
    -0.04877432,
    -0.014364288,
    -0.016041297,
    0.04730106,
    -0.00533665,
    -0.009254896,
    -0.0031992474,
    0.0010980883,
    -0.063977115,
    -0.024418507,
    -0.027788198,
    0.021001795,
    -0.011104308,
    0.035076134,
    -0.046360683,
    0.02528052,
    -0.010069891,
    -0.004854706,
    -0.029543571,
    0.0062809475,
    0.007957957,
    0.01295372,
    -0.015422215,
    -0.07961875,
    -0.015829712,
    -0.023415435,
    0.016582016,
    0.0312676,
    0.060717132,
    0.00804024,
    -0.014552364,
    0.004474636,
    -0.024684947,
    0.00095703144,
    0.026361955,
    0.03122058,
    0.038148038,
    -0.024794657,
    0.010775175,
    0.023666203,
    -0.023431107,
    -0.024778984,
    -0.0318475,
    0.018212005,
    0.031236254,
    -0.008612304,
    0.035671707,
    0.02280419,
    0.08839562,
    -0.014983371,
    0.012883191,
    -0.027161278,
    0.03325807,
    0.024402833,
    0.035232864,
    0.0064690234,
    0.024747638,
    -0.101749,
    -0.003365773,
    0.0008483002,
    0.015625963,
    0.04651741,
    -0.021048814,
    -0.045482993,
    0.03306999,
    0.03517017,
    -0.025844747,
    -0.04410377,
    0.0063475575,
    0.015218466,
    -0.014042992,
    0.007197817,
    -0.023086302,
    -0.01724028,
    0.047112983,
    0.020374877,
    0.06620268,
    0.038116693,
    -0.07071649,
    -0.014348615,
    -0.025688017,
    0.041439366,
    -0.014552364,
    0.00982696,
    0.035922475,
    0.051219307,
    0.17791969,
    -0.015955096,
    0.010618445,
    0.003894736,
    -0.01965392,
    -0.024011008,
    -0.018164987,
    -0.03736439,
    0.03968399,
    -0.005399342,
    -0.05256718,
    -0.0013057553,
    -0.01949719,
    -0.015618127,
    0.01945017,
    -0.0055639087,
    0.00285836,
    0.008479083,
    0.03432383,
    0.07648415,
    0.06795805,
    -0.16262287,
    -0.0015349727,
    -0.04908778,
    0.0009300935,
    -0.02333707,
    0.011245364,
    -0.004976172,
    0.048272785,
    -0.016299902,
    0.044542614,
    -0.019700939,
    0.03216096,
    0.0075230314,
    0.068459585,
    0.01750672,
    0.014622892,
    -0.051376034,
    0.0011490255,
    -0.013071267,
    -0.05614062,
    -0.020531606,
    0.122437336,
    0.004368844,
    0.03090712,
    -0.024042355,
    0.08908523,
    0.015328176,
    0.024418507,
    -0.05187757,
    0.003894736,
    0.015038227,
    -0.023117648,
    0.013032084,
    -0.031142216,
    0.040060144,
    0.005187757,
    -0.0014017523,
    -0.010798684,
    0.016237209,
    -0.017099224,
    -0.004145504,
    -0.001460526,
    -0.016644707,
    -0.0117704095,
    0.04736375,
    0.018243352,
    -0.0059165508,
    -0.069149196,
    0.041219942,
    0.026095515,
    0.021738427,
    0.008102932,
    0.022882555,
    -0.025358886,
    0.026048496,
    0.03611055,
    0.0014556282,
    0.0073506287,
    -0.043696273,
    0.001006989,
    0.1203685,
    -0.009317588,
    0.03495075,
    -0.020312184,
    0.0012205335,
    0.04714433,
    0.06720575,
    0.0068099108,
    0.06476076,
    0.024841677,
    0.013337708,
    0.039339185,
    0.04598453,
    -0.046203952,
    0.012679443,
    -0.031032505,
    0.025985803,
    -0.005614846,
    0.027678486,
    -0.050278928,
    -0.00234507,
    0.011370748,
    -0.078803755,
    0.002003203,
    -0.057049654,
    0.036612086,
    0.007021496,
    -0.03253711,
    0.037427083,
    0.019403152,
    -0.019606901,
    0.092470594,
    0.008275335,
    0.032051247,
    0.042787243,
    -0.0008649527,
    0.012076032,
    0.08087259,
    -0.07353763,
    5.396771e-05,
    -0.006962722,
    0.013839243,
    0.029449534,
    0.014027319,
    -0.0087690335,
    -0.021362275,
    0.04040495,
    -0.021174198,
    -0.0042003593,
    0.01161368,
    -0.007182144,
    0.03510748,
    -0.06469807,
    0.028133003,
    -0.0065630614,
    0.017945565,
    0.058742337,
    -0.022475056,
    -0.037991308,
    0.008596631,
    0.10688974,
    -0.054573324,
    0.021424966,
    -0.005168166,
    -0.025374558,
    -0.0006709995,
    -0.03705093,
    0.08087259,
    0.03175346,
    -0.032662496,
    -0.00067344843,
    0.0076053147,
    -0.02590744,
    0.014442653,
    0.02012411,
    -0.018917289,
