{
  "chunk_index": 446,
  "token_start": 200700,
  "token_end": 201200,
  "text": "ến biểu tình.\n\n3. Người phạm tội còn có thể bị phạt tiền từ 20.000.000 đồng đến 200.000.000 đồng, cấm đảm nhiệm chức vụ, cấm hành nghề hoặc\nlàm công việc nhất định từ 01 năm đến 05 năm.\n\nĐiều 289. Tội xâm nhập trái phép vào mạng máy tính, mạng viễn thông hoặc phương tiện điện tử của người khác\n\n1. Người nào cố ý vượt qua cảnh báo, mã truy cập, tường lửa, sử dụng quyền quản trị của người khác hoặc bằng phương thức khác\nxâm nhập trái phép vào mạng máy tính, mạng viễn thông hoặc phương tiện điện tử của người khác chiếm quyền điều khiển; can thiệp\nvào chức năng hoạt động của phương tiện điện tử; lấy cắp, thay đổi, hủy hoại, làm giả dữ liệu hoặc sử dụng trái phép các dịch vụ, thì bị\nphạt tiền từ 50.000.000 đồng đến 300.000.000 đồng hoặc phạt tù từ 01 năm đến 05 năm.\n\n2. Phạm tội thuộc một trong các trường hợp sau đây, thì bị phạt tiền từ 300.000.000 đồng đến 1.000.000.000 đồng hoặc bị phạt tù từ 03\nnăm đến 07 năm:\n\na) Có tổ chức;\n\nb) Lợi dụng chức vụ, qu",
  "embedding": [
    0.00014626866,
    -0.019226272,
    -0.13189128,
    -0.12382916,
    0.00039464247,
    0.044940032,
    0.044121224,
    -0.06563071,
    0.04500302,
    -0.069598794,
    0.040373597,
    -0.041160915,
    0.013754422,
    -0.037066866,
    -0.019352242,
    -0.060560394,
    0.0708585,
    -0.05230932,
    0.07533046,
    0.0046884706,
    -0.010014668,
    0.037854183,
    0.12697843,
    -0.14196894,
    -0.041570317,
    0.09410009,
    -0.034925368,
    -0.10701208,
    0.017683132,
    0.016281707,
    -0.009093507,
    0.0059757335,
    0.05467127,
    0.015699094,
    -0.0072708693,
    -0.074826576,
    0.03448447,
    0.014510246,
    0.0493805,
    -0.022721957,
    -0.08635289,
    0.018423209,
    0.040720016,
    -0.02198188,
    0.058576357,
    -0.056529336,
    -0.017116264,
    0.047711387,
    -0.0420742,
    -0.07199223,
    0.03125647,
    0.031240724,
    0.009495039,
    0.0013492639,
    0.09460397,
    -0.10864969,
    -0.0074952543,
    -0.014053602,
    0.036783434,
    0.12937187,
    0.029618852,
    0.047238998,
    0.06304832,
    -0.030595124,
    -0.01691156,
    -0.038011648,
    0.088683344,
    -0.023257334,
    0.013337144,
    0.004464085,
    -0.15330629,
    -0.07948749,
    0.0027969424,
    0.024406815,
    0.03955479,
    -0.04245211,
    -0.014864538,
    -0.00024492928,
    0.09649353,
    -0.0015441248,
    -0.0053970558,
    -0.01290412,
    0.0026571937,
    0.03250043,
    -0.010801984,
    0.10430371,
    0.005877319,
    0.01213255,
    0.0017133978,
    0.046105262,
    -0.0042436365,
    0.07148835,
    0.0549547,
    0.026816005,
    0.021761432,
    0.011219262,
    0.021493744,
    -0.010951575,
    0.0069401963,
    -0.0008803184,
    0.015132226,
    -0.05800949,
    0.016927307,
    -0.02799698,
    -0.08106212,
    0.013754422,
    -0.03923986,
    0.037255824,
    0.019430974,
    0.01961993,
    -0.037161347,
    0.0041688415,
    0.010502804,
    -0.06134771,
    -0.01367569,
    0.0054797237,
    -0.062701896,
    -0.055553064,
    0.0055308994,
    -0.03212252,
    -0.003550798,
    0.05741113,
    0.0035527663,
    0.012691544,
    0.0110381795,
    -0.12647454,
    0.015203084,
    0.058828298,
    -0.062701896,
    -0.009951683,
    -0.0041885246,
    -0.05822994,
    -0.04453063,
    0.0029111032,
    -0.035744175,
    0.012652178,
    -0.016202977,
    -0.009558024,
    -0.021619715,
    0.010109145,
    -0.035492234,
    0.016990293,
    0.012715164,
    -0.051931407,
    -0.025446074,
    -0.07797584,
    -0.007471635,
    -0.023288826,
    0.016927307,
    0.0053498168,
    -0.0035665443,
    -0.01101456,
    0.027650561,
    0.02752459,
    -0.018202761,
    0.008762835,
    -0.014651963,
    0.05259275,
    -0.010250863,
    -0.0021572476,
    0.020785159,
    0.021178817,
    -6.114006e-05,
    -0.031539906,
    -0.006593777,
    0.004771139,
    -0.04232614,
    0.018533433,
    -0.00629066,
    -0.034925368,
    -0.01807679,
    -0.017793356,
    -0.036657464,
    0.021068593,
    0.025839733,
    0.0042908755,
    0.0065977136,
    -0.039743744,
    -0.020800905,
    -0.046798103,
    0.029697584,
    -0.06852804,
    0.048876617,
    -0.0139355045,
    0.0011632603,
    -0.008817947,
    -0.02439107,
    0.0023914743,
    0.0019141636,
    0.04043658,
    0.010424072,
    0.06531579,
    0.00291504,
    0.029918032,
    -0.0022497573,
    0.020942623,
    0.04276704,
    -0.049600948,
    0.062261,
    -0.024312338,
    0.040468074,
    0.030154228,
    0.016250215,
    0.0019722283,
    -0.011746764,
    -0.040908974,
    0.023650993,
    0.012242774,
    0.04179077,
    -0.005326197,
    0.02675302,
    -0.016801337,
    -0.010054033,
    0.044310182,
    0.015895924,
    0.077220015,
    -0.014486626,
    -0.038358066,
    0.03160289,
    -0.0028244983,
    0.007526747,
    -0.030815573,
    0.020596202,
    0.016675366,
    -0.009762727,
    -0.010620901,
    0.03100453,
    0.017021786,
    0.051049612,
    -0.0014939334,
    0.089502156,
    0.04846721,
    -0.015407787,
    0.005637187,
    -0.0014299639,
    -0.0061528794,
    0.02520988,
    0.036909405,
    0.02610742,
    0.058828298,
    0.051553495,
    -0.018753882,
    -0.0023816328,
    0.011990832,
    -0.019808887,
    -0.044971526,
    -0.0012911992,
    0.0017242235,
    0.041885246,
    0.0028500862,
    -0.040058672,
    -0.0049837143,
    0.009888697,
    -0.049821395,
    -0.018265747,
    0.017683132,
    0.03369715,
    0.042672563,
    0.02056471,
    0.106886104,
    0.012573447,
    -0.04657765,
    0.00091230316,
    -0.0069677522,
    -0.010038287,
    -0.002234011,
    0.11400345,
    0.025068162,
    0.02439107,
    0.032279983,
    0.071047455,
    -0.046231233,
    -0.02717817,
    0.005900938,
    0.03546074,
    0.034830887,
    -0.0006485521,
    0.040688522,
    0.013683563,
    -0.027792277,
    -0.026595555,
    -0.020281276,
    0.04172778,
    -0.019415228,
    0.050010353,
    -0.07174029,
    0.14448835,
    0.027587576,
    -0.03590164,
    -0.023194348,
    -0.0045939926,
    -0.012628559,
    0.0042082076,
    -0.0012173883,
    -0.027445858,
    0.10720103,
    0.018360224,
    0.017887834,
    -0.0036098468,
    0.027540335,
    -0.04805781,
    0.008691976,
    0.007955834,
    0.030941544,
    0.020769414,
    0.016628128,
    -0.014896031,
    0.023493528,
    -0.08118809,
    0.018360224,
    0.0037240076,
    0.006034782,
    0.014092968,
    0.015478645,
    -0.0036393711,
    0.014108714,
    0.027319888,
    0.010439819,
    -0.034358498,
    -0.05328559,
    0.055490077,
    0.012793896,
    -0.051931407,
    0.02988654,
    -0.02615466,
    0.02864258,
    0.04912856,
    0.031681623,
    -0.10203624,
    0.066701464,
    -0.023477782,
    0.047648404,
    0.059017256,
    0.020045081,
    0.008062122,
    -0.049349006,
    -0.031886324,
    0.055553064,
    0.019887619,
    0.009101381,
    -0.069913715,
    -0.0021552793,
    0.011329486,
    0.021588223,
    0.054041415,
    -0.03204379,
    0.057946503,
    0.0138489,
    -0.05917472,
    0.04607377,
    0.022674719,
    -0.010983068,
    -0.0032161884,
    -0.034641933,
    -0.01258132,
    0.009156493,
    -0.011179896,
    -0.022753451,
    0.102099225,
    -0.03753926,
    0.0043381145,
    0.0012606907,
    -0.0004231827,
    -0.032342967,
    -0.03911389,
    -0.008188093,
    -0.019556945,
    0.00081438065,
    -0.059741586,
    -0.012911993,
    -0.029949525,
    -0.029225193,
    0.015470772,
    -0.085723035,
    0.09674547,
    -0.030232958,
    0.037003882,
    0.0056411237,
    -0.006837845,
    0.0092116045,
    0.00016090783,
    0.05917472,
    -0.009589517,
    -0.024737488,
    -0.02520988,
    0.015966782,
    -0.043995254,
    0.06796117,
    0.10424072,
    0.04298749,
    -0.004220017,
    0.07740897,
    -0.04179077,
    -0.057096202,
    -0.03413805,
    0.054198876,
    -0.01054217,
    0.07476359,
