{
  "chunk_index": 218,
  "token_start": 98100,
  "token_end": 98600,
  "text": "iều này, thì bị phạt tiền từ 4.000.000.000 đồng đến 9.000.000.000 đồng;\n\nd) Pháp nhân thương mại còn có thể bị phạt tiền từ 100.000.000 đồng đến 300.000.000 đồng, cấm kinh doanh, cấm\n                                                                                                            150 hoạt động trong\nmột số lĩnh vực nhất định hoặc cấm huy động vốn từ 01 năm đến 03 năm.\n\nĐiều 197. Tội quảng cáo gian dối\n\n1. Người nào quảng cáo gian dối về hàng hóa, dịch vụ, đã bị xử phạt vi phạm hành chính về hành vi này hoặc đã bị kết án về tội này,\nchưa được xóa án tích mà còn vi phạm, thì bị phạt tiền từ 10.000.000 đồng đến 100.000.000 đồng hoặc phạt cải tạo không giam giữ đến\n03 năm.\n\n2. Người phạm tội còn có thể bị phạt tiền từ 5.000.000 đồng đến 50.000.000 đồng, cấm hành nghề hoặc làm công việc nhất định từ 01\nnăm đến 05 năm.\n\nĐiều 198. Tội lừa dối khách hàng\n\n1. Người nào trong việc mua, bán hàng hóa hoặc cung cấp dịch vụ mà cân, đong, đo, đếm, tính gian hàng hóa, dịch vụ hoặc dùng thủ\nđoạn gian dối khác thuộc một trong các trường hợp sau đ",
  "embedding": [
    -0.0002188071,
    0.06894599,
    -0.09749744,
    -0.10543551,
    -0.0007091851,
    0.03728973,
    0.051021315,
    0.043595377,
    0.029943815,
    0.037449773,
    -0.043403327,
    0.065137,
    0.00908237,
    -0.106779866,
    -0.1065238,
    -0.113117516,
    0.029527705,
    -0.10492338,
    0.20498149,
    -0.002636688,
    -4.838763e-05,
    0.06139202,
    0.08014891,
    -0.1138217,
    -0.045387845,
    0.10069828,
    -0.020341309,
    0.06452884,
    0.019285033,
    -0.049676962,
    0.004889276,
    0.025574673,
    0.05579056,
    0.025270594,
    -0.010570758,
    -0.008762287,
    -0.0075819786,
    0.01709246,
    -0.026038796,
    -0.022325827,
    -0.018868923,
    -0.06177612,
    0.08783092,
    0.016052188,
    0.07848448,
    -0.0009747544,
    -0.00981056,
    0.071762726,
    -0.038922157,
    -0.055438466,
    0.034537014,
    0.01950909,
    0.04122676,
    -0.0065657133,
    0.07003427,
    -0.07406733,
    0.01049874,
    -0.016276248,
    0.032024357,
    0.072530925,
    0.016100202,
    0.0044011483,
    0.087318785,
    -0.019173004,
    -0.02544664,
    -0.012083153,
    -0.011386972,
    -0.028599463,
    0.018996958,
    -0.06933009,
    -0.0869987,
    -0.0563347,
    -0.0206934,
    0.07649996,
    0.04622006,
    -0.045707926,
    -0.017956685,
    -0.042507093,
    0.04276316,
    0.027575197,
    -0.02000522,
    0.0033388713,
    -0.0035109161,
    -0.11983927,
    0.00033708796,
    0.0011282944,
    -0.015508047,
    -0.013115423,
    0.0016804385,
    0.08034097,
    0.020709405,
    0.06497695,
    -0.014387755,
    0.06283239,
    0.0027807257,
    0.038986173,
    -0.04020249,
    0.017236497,
    -0.023270072,
    -0.000647669,
    -0.0017974691,
    -0.04349935,
    0.01651631,
    0.010930852,
    -0.06065583,
    0.0072138826,
    -0.02479047,
    0.003712969,
    -0.014243717,
    0.023638168,
    0.0010872837,
    0.0016444292,
    0.018452816,
    -0.027415155,
    0.022405846,
    -0.043083243,
    -0.0125152655,
    0.009890581,
    -0.033512745,
    -0.0052093593,
    0.0040450557,
    0.05963156,
    -0.019092983,
    0.0551824,
    0.013539533,
    -0.047532402,
    0.0022465861,
    -0.007986084,
    -0.13533132,
    0.0022965993,
    -0.011082892,
    -0.037545796,
    0.048236586,
    -0.010018614,
    -0.08648657,
    0.03712969,
    0.012771333,
    0.022021746,
    -0.0053293905,
    0.06638532,
    -0.04839663,
    -0.000724189,
    0.030647997,
    -0.020949466,
    -0.031048102,
    -0.031336177,
    0.013699575,
    0.039946426,
    -0.009858573,
    -0.03344873,
    0.028039318,
    -0.012027139,
    -0.0057495004,
    0.030375926,
    0.00444516,
    0.010666784,
    -0.07714013,
    0.057679053,
    -0.0007176873,
    0.04974098,
    0.06971419,
    0.046732195,
    -0.07688406,
    -0.016756373,
    0.023318086,
    0.022165785,
    -0.004917283,
    0.040874667,
    -0.038153958,
    -0.047340352,
    0.012307212,
    -0.028727496,
    0.004709229,
    0.001356354,
    0.009338437,
    -0.013139429,
    -0.0042010965,
    -0.046764202,
    -0.0027807257,
    -0.03610542,
    -0.0075619733,
    0.016676351,
    0.12617692,
    -0.014491782,
    0.00013491021,
    0.02061338,
    -0.044651654,
    0.007425938,
    0.0031108118,
    0.032904588,
    -0.030295907,
    0.055662524,
    0.0010932853,
    0.014539794,
    -0.008922328,
    -0.012667306,
    0.025510658,
    0.021093505,
    0.053838048,
    -0.013315475,
    0.0021925722,
    -0.0007712013,
    0.04836462,
    -0.033096638,
    0.012107159,
    -0.005457424,
    0.016012179,
    0.038922157,
    0.0019825173,
    -0.03981839,
    0.0386981,
    -0.005997565,
    -0.0199252,
    0.07189076,
    0.0052973824,
    0.053838048,
    -0.04234705,
    -0.055854574,
    0.047276337,
    0.01912499,
    0.012419241,
    -0.0517255,
    0.0043331305,
    0.03245647,
    -0.0071378625,
    0.0060175704,
    -0.018420806,
    0.001207315,
    0.03440898,
    -0.01594016,
    0.044011485,
    0.034537014,
    -0.03882613,
    -0.0065737152,
    -0.010290685,
    0.038954165,
    0.04084266,
    -0.005701488,
    0.03003984,
    -0.00096775254,
    0.050669223,
    -0.030872056,
    -0.017844656,
    -0.00444516,
    -0.015283989,
    0.0072778994,
    -0.015572064,
    -0.016676351,
    0.018180745,
    -0.01931704,
    -0.06965017,
    0.015740108,
    -0.0134195015,
    -0.03119214,
    0.02751118,
    0.0406186,
    -0.036233455,
    0.0140516665,
    0.052621733,
    0.06920206,
    0.035689313,
    -0.08527025,
    0.005285379,
    -0.0022745936,
    0.035625298,
    0.016948422,
    0.082517534,
    0.0019285033,
    0.005713491,
    0.035881363,
    0.040330525,
    0.020565366,
    0.04081065,
    0.016244238,
    0.07182674,
    0.040170483,
    0.035305213,
    -0.0521096,
    -0.087318785,
    -0.04394747,
    -0.07265896,
    -0.04525981,
    -0.094296604,
    0.00018004699,
    -0.018708883,
    0.015916154,
    0.050637215,
    0.01662834,
    0.010362704,
    -0.01720449,
    -0.008274159,
    0.005449422,
    0.01701244,
    0.0072939033,
    0.016220232,
    0.040106464,
    0.058415245,
    -0.005425416,
    0.016108204,
    0.00055614515,
    -0.0069458126,
    -0.014851876,
    0.012123164,
    -0.027927287,
    0.017636603,
    0.05537445,
    0.013131427,
    0.031064106,
    -0.16759573,
    -0.035881363,
    0.015179961,
    0.025478648,
    0.023974257,
    -0.03127216,
    0.046316087,
    0.042155,
    0.05089328,
    -0.050221104,
    -0.023686182,
    -0.035241198,
    0.015468037,
    0.073171094,
    -0.043243285,
    0.009794556,
    -0.031288166,
    0.0068657915,
    0.08219745,
    0.04084266,
    0.035689313,
    0.059087418,
    0.0513414,
    0.035049148,
    0.049676962,
    -0.001613421,
    0.018836915,
    0.022965994,
    -0.03319266,
    0.009898583,
    -0.03357676,
    -0.01934905,
    -0.0073139085,
    0.018420806,
    -0.105563544,
    -0.13200244,
    0.012467253,
    -0.016852397,
    -0.027687225,
    -0.010186658,
    -0.07022633,
    0.029255634,
    0.013851615,
    -0.030519964,
    0.06836984,
    0.032056365,
    0.01356354,
    0.022517877,
    -0.0066617383,
    0.0022285816,
    0.065937206,
    -0.09256816,
    -0.005073324,
    -0.021941725,
    0.03552927,
    0.004549187,
    0.02690302,
    0.04077864,
    0.0048612687,
    0.022309821,
    -0.014011657,
    -0.015147953,
    -0.0032668526,
    0.035081156,
    0.03479308,
    -0.08021293,
    0.03616944,
    -0.030535968,
    -0.05755102,
    0.02663095,
    -0.015307995,
    -0.020069238,
    0.03000783,
    0.07297905,
    -0.02728712,
    0.02311003,
    -0.017412543,
    0.009546491,
    -0.0064976956,
    0.0015394017,
    0.15082335,
    0.007073846,
    0.0020025226,
    0.034440987,
    0.01904497,
    0.009018353,
    -0.0050173094,
