{
  "chunk_index": 472,
  "token_start": 212400,
  "token_end": 212900,
  "text": "n;\n\nc) Làm chết 02 người;\n\nd) Gây thương tích hoặc gây tổn hại cho sức khỏe của 02 người trở lên mà tổng tỷ lệ tổn thương cơ thể của những người này từ 122%\n\fđến 200%;\n\nđ) Gây thiệt hại về tài sản từ 500.000.000 đồng đến dưới 1.500.000.000 đồng.\n\n4.317 Phạm tội thuộc một trong các trường hợp sau đây, thì bị phạt tù từ 15 năm đến 20 năm hoặc tù chung thân:\n\na) Thuốc nổ các loại 100 kilôgam trở lên;\n\nb) Các loại phụ kiện nổ có số lượng đặc biệt lớn;\n\nc) Làm chết 03 người trở lên;\n\nd) Gây thương tích hoặc gây tổn hại cho sức khỏe của 03 người trở lên màtổng tỷ lệ tổn thương cơ thể của những người này 201% trở\nlên;\n\nđ) Gây thiệt hại về tài sản 1.500.000.000 đồng trở lên.\n\n5. Người phạm tội còn có thể bị phạt tiền từ 10.000.000 đồng đến 50.000.000 đồng, phạt quản chế hoặc cấm cư trú từ 01 năm đến 05\nnăm.\n\nĐiều 306. Tội chế tạo, tàng trữ, vận chuyển, sử dụng, mua bán trái phép hoặc chiếm đoạt súng săn, vũ khí thô sơ, vũ khí thể\nthao hoặ",
  "embedding": [
    5.32874e-05,
    -0.04343154,
    -0.106438704,
    -0.15696417,
    0.0010410774,
    0.04034853,
    0.017375609,
    -0.0013703309,
    0.039001584,
    0.065371804,
    -0.15995738,
    -0.046185296,
    -0.002211237,
    -0.07147796,
    -0.052560844,
    -0.13673003,
    0.08722226,
    -0.03825328,
    0.004104445,
    0.0022093663,
    -0.022299446,
    0.15852064,
    0.06471329,
    -0.07938004,
    -0.011957891,
    0.09063453,
    -0.031608343,
    -0.031249158,
    0.074471176,
    0.10937205,
    -0.014801445,
    -0.007108884,
    -0.05223159,
    0.00021139576,
    0.00096344086,
    -0.016851798,
    0.07303443,
    0.0054139765,
    0.0077898405,
    -0.14020216,
    -0.03151855,
    0.07554873,
    0.044359438,
    -0.008672839,
    -0.01885725,
    -0.04157575,
    -0.014202802,
    0.013716405,
    -0.046604346,
    -0.0193212,
    0.014719131,
    0.03430224,
    0.032626037,
    -0.009959921,
    -0.046364892,
    -0.10967138,
    0.07093918,
    0.005387786,
    -0.025621915,
    0.06710786,
    9.862408e-05,
    -0.06543167,
    0.05097444,
    -0.040228803,
    -0.016776966,
    -0.01725588,
    0.01882732,
    0.0029052887,
    0.024828713,
    -0.07183714,
    -0.0528901,
    -0.03546959,
    -0.054266978,
    0.040587988,
    0.099015534,
    -0.022538904,
    -0.019336164,
    0.043192085,
    0.02925867,
    0.013274905,
    0.05474589,
    -0.026040966,
    -0.0007847834,
    -0.05220166,
    0.018034117,
    0.03882199,
    -0.030830108,
    0.03199746,
    -0.074770495,
    0.005114655,
    0.0108504025,
    0.015834104,
    0.049926817,
    -0.08686308,
    0.01543002,
    -0.0042279153,
    -0.0136041595,
    0.006682351,
    0.0022037541,
    -0.0032083516,
    0.03355393,
    -0.036636945,
    0.03977982,
    0.015549748,
    0.006046293,
    0.0015003487,
    0.019306233,
    0.024364766,
    0.048490074,
    0.0025442322,
    -0.0006220274,
    0.0068619438,
    -0.10152983,
    -0.094465844,
    -0.009615701,
    0.006899359,
    -0.04271317,
    -0.080756925,
    -0.019006912,
    0.014599403,
    -0.030381126,
    0.02442463,
    0.012870822,
    0.035080474,
    0.06363574,
    -0.061271098,
    -0.016851798,
    -0.028226012,
    -0.08392973,
    0.009151753,
    -0.041216563,
    -0.041905,
    -0.0046357405,
    0.0028772273,
    -0.066090174,
    -0.041126765,
    0.018872216,
    0.00431397,
    -0.012189865,
    0.057020735,
    -0.023990612,
    -0.012451772,
    0.01649261,
    0.012459255,
    -0.022688566,
    -0.004920096,
    0.03421244,
    0.012863339,
    0.0075541246,
    -0.008687804,
    0.06860448,
    -0.00083763234,
    -0.034601558,
    0.045047875,
    -0.039031517,
    -0.013686473,
    0.013761303,
    -0.0003507673,
    0.028480435,
    -0.018647725,
    -0.015400087,
    -0.0030998476,
    -0.023975648,
    -0.008493246,
    -0.0020690595,
    -0.008261272,
    -0.028779756,
    0.0093687605,
    0.009922505,
    0.0027649817,
    0.00032691512,
    0.019096708,
    -0.008904813,
    0.0102891745,
    -0.010812987,
    -0.013858583,
    -0.032057326,
    -0.034601558,
    0.021611007,
    -0.043670997,
    -0.0276573,
    0.01466675,
    0.051273763,
    -0.033464137,
    -0.021416448,
    -0.011957891,
    -0.004355127,
    0.040228803,
    0.051004373,
    0.04875946,
    -0.043341745,
    -0.036247827,
    -0.02762737,
    0.028555265,
    -0.036816537,
    -0.0051034307,
    -0.017375609,
    -0.01771983,
    0.12715174,
    0.0018548575,
    0.010521148,
    0.003329951,
    0.036128096,
    0.004414991,
    -0.010341556,
    -0.036217894,
    0.007894603,
    0.008074196,
    0.01400076,
    0.026729405,
    -0.013461982,
    -0.035649184,
    -0.045616586,
    0.0007889926,
    -0.010132031,
    0.023137547,
    0.006315682,
    -0.020937534,
    -0.014554505,
    -0.03364373,
    -0.031937595,
    -0.012519119,
    -0.017510304,
    -0.005526222,
    -0.009376244,
    0.010633394,
    -0.0024955925,
    0.0020466102,
    0.00591534,
    -0.00026564777,
    0.08285218,
    0.0042503644,
    -0.05253091,
    -0.05309962,
    0.03349407,
    0.032775696,
    0.044898216,
    0.037864164,
    -0.01703139,
    0.04828055,
    0.10949178,
    -0.05309962,
    0.0018155716,
    -0.010655843,
    -0.0043962835,
    -0.021461347,
    0.0009129304,
    -0.031249158,
    -0.003936077,
    -0.056362227,
    -0.03648728,
    -0.028914452,
    0.01299055,
    -0.01459192,
    -0.04983702,
    0.022389244,
    0.031338956,
    -0.0848277,
    -0.021251822,
    0.022778362,
    0.031069566,
    -0.16762,
    -0.016342951,
    -0.046364892,
    0.025187898,
    0.03894172,
    0.067347325,
    -0.0017884456,
    0.005657175,
    -0.000391924,
    0.04648462,
    -0.01885725,
    0.02053345,
    0.008470797,
    0.08506715,
    0.011838163,
    -0.024394697,
    -0.025098102,
    -0.0044748555,
    7.9916485e-05,
    -0.010640877,
    0.008740186,
    0.04142609,
    -0.02590627,
    -0.04397032,
    -0.008006848,
    0.06567112,
    0.023721224,
    0.0031915149,
    0.008238822,
    -0.009952438,
    0.03927097,
    -0.0027687233,
    -0.00931638,
    -0.044598892,
    0.030710379,
    -0.0032887943,
    0.014150421,
    0.015983764,
    0.00574323,
    0.0019072387,
    -0.009600735,
    0.0070752106,
    0.0039996826,
    0.0017051968,
    -0.028031452,
    -0.024978373,
    -0.009548354,
    -0.12248233,
    -0.029962076,
    0.03783423,
    0.030545752,
    0.036966197,
    0.004138119,
    -0.06932285,
    0.0029670238,
    0.048250616,
    0.03487095,
    -0.0562425,
    0.014517089,
    0.018947046,
    0.04133629,
    -0.057080597,
    0.027821928,
    -0.07213647,
    0.021925295,
    0.03837301,
    0.0026789268,
    -0.08770118,
    0.116675496,
    -0.049358103,
    -0.018557929,
    0.10691762,
    0.0030006974,
    -0.00914427,
    -0.016702136,
    -0.033045087,
    0.03086004,
    -0.051992133,
    -0.011478977,
    0.003197127,
    -0.06001395,
    0.025008306,
    0.016717102,
    0.07075959,
    -0.009570803,
    0.047023397,
    0.029094044,
    -0.02366136,
    0.0038313144,
    -0.010334073,
    -0.02617566,
    0.012017756,
    0.05501528,
    -0.043341745,
    0.011725917,
    -0.022523938,
    0.05555406,
    0.100991055,
    -0.12032722,
    0.030351194,
    0.016866762,
    0.022389244,
    0.0077673914,
    -0.06758678,
    -0.004796626,
    -0.0045459443,
    0.013873548,
    -0.058966324,
    -0.0477717,
    -0.006835753,
    0.030680448,
    0.01939603,
    -0.07255552,
    0.104104,
    -0.007232354,
    -0.011531359,
    0.071777284,
    -0.034721285,
    0.014921173,
    -0.029123975,
    0.032775696,
    -0.0016116588,
    0.04899892,
    0.009623184,
    -0.012900754,
    -0.039749887,
    -0.016791932,
    0.030396093,
    0.0812957,
    -0.01878242,
    -0.0011477106,
    -0.04884926,
    -0.03112943,
    0.02716342,
    -0.051064238,
    0.0061286064,
    0.056930937,
    -0.0055149975,
