{
  "chunk_index": 489,
  "token_start": 220050,
  "token_end": 220550,
  "text": "t vi phạm hành chính về một trong các hành vi quy định tại Điều này hoặc đã bị kết án về tội này, chưa được xóa án tích\nmà còn vi phạm, thì bị phạt tiền từ 20.000.000 đồng đến 100.000.000 đồng hoặc phạt tù từ 06 tháng đến 05 năm:\n\na) Làm chết người;\n\nb) Gây thương tích hoặc gây tổn hại cho sức khỏe của người khác mà tỷ lệ tổn thương cơ thể 61% trở lên;\n\nc) Gây thương tích hoặc gây tổn hại cho sức khỏe của 02 người trở lên mà tổng tỷ lệ tổn thương cơ thể của những người này từ 61%\nđến 121%;\n\nd) Gây thiệt hại về tài sản từ 100.000.000 đồng đến dưới 500.000.000 đồng.\n\n2. Phạm tội thuộc một trong các trường hợp sau đây, thì bị phạt tiền từ 100.000.000 đồng đến 300.000.000 đồng hoặc phạt tù từ 02 năm\nđến 07 năm:\n\na) Làm chết 02 người;\n\nb) Gây thương tích hoặc gây tổn hại cho sức khỏe của 02 người trở lên mà tổng tỷ lệ tổn thươngcơ thể của những người này từ 122%\nđến 200%;\n\nc) Gây thiệt hại về tài sản từ 500.000.000 đồng đến dưới 1.500.000.000 đồng.\n\n3. Phạm tộ",
  "embedding": [
    0.00014928218,
    -0.020009743,
    -0.06080431,
    -0.16349463,
    0.0016579219,
    0.039102044,
    -0.00055758376,
    0.05963378,
    0.04789684,
    0.060329773,
    -0.08940322,
    -0.026400207,
    0.006762186,
    -0.03679262,
    -0.07415469,
    -0.184754,
    0.100159444,
    -0.017289052,
    0.094338425,
    0.006161103,
    -0.019234663,
    0.10098198,
    0.030924149,
    -0.097248934,
    -0.008794797,
    0.05251569,
    -0.018902484,
    -0.049510274,
    0.12230462,
    0.049099006,
    -0.06339846,
    0.026194574,
    0.03600172,
    -0.0073751328,
    0.006311374,
    -0.010574319,
    0.037203886,
    0.013215922,
    0.05150334,
    -0.112054564,
    -0.019661749,
    0.10237396,
    0.016482335,
    -0.011341491,
    -0.015525347,
    -0.1040823,
    -0.026479296,
    0.03742534,
    -0.047074307,
    -0.041063473,
    0.0110330405,
    0.024454596,
    0.06529662,
    -0.0052238875,
    -0.00088185235,
    -0.1561551,
    0.035906814,
    -0.0036855892,
    0.010431957,
    0.08820105,
    0.0020286557,
    -0.048403017,
    0.06257593,
    -0.069915466,
    -0.0198832,
    -0.04508124,
    -0.021164456,
    -0.015477893,
    0.021006277,
    -0.06137376,
    -0.0743445,
    -0.061500303,
    -0.042645272,
    0.045998685,
    0.06485371,
    -0.02371115,
    -0.026621658,
    0.02371115,
    0.041190017,
    0.021654813,
    -0.017905952,
    -0.042518727,
    0.017368142,
    0.01338201,
    0.0005442373,
    0.02293607,
    -0.029627075,
    0.030117432,
    -0.054603662,
    -0.001618377,
    0.035748634,
    -0.031034876,
    0.020484284,
    -0.052009515,
    0.0058170618,
    0.014916355,
    0.015533255,
    -0.022018626,
    -0.004757257,
    -0.017368142,
    0.010447775,
    -0.04508124,
    0.054350577,
    0.01611852,
    0.054350577,
    0.0044527613,
    -0.012480386,
    0.015802162,
    0.042613637,
    -0.01730487,
    -0.02214517,
    0.023837695,
    -0.059443966,
    -0.052863687,
    -0.013911912,
    0.023853512,
    0.018538672,
    -0.06846021,
    -0.020073015,
    -0.026115483,
    -0.02121191,
    0.06244938,
    0.014932172,
    -0.017004328,
    0.035115913,
    -0.056723274,
    -0.0023469927,
    -0.0061650574,
    -0.08294948,
    -0.0038655186,
    -0.038469326,
    -0.026463479,
    0.017289052,
    0.013215922,
    0.003930768,
    -0.01855449,
    -0.0069678198,
    -0.015098261,
    0.015382985,
    0.06656206,
    -0.014473451,
    0.011175402,
    0.028662179,
    0.057640716,
    -0.04289836,
    -0.008604981,
    0.034419924,
    0.004432989,
    0.01879176,
    -0.017858498,
    0.029785255,
    -0.01596825,
    -0.014180819,
    0.022682982,
    -0.045302693,
    -0.021512453,
    0.0003173482,
    0.03691916,
    0.008699888,
    -0.0006969797,
    0.0019693384,
    0.019993925,
    -0.027460013,
    -0.00535834,
    -0.010914406,
    0.015517438,
    -0.04327799,
    0.0405573,
    -0.025482764,
    0.02160736,
    0.020689916,
    0.040051125,
    -0.031588506,
    0.018143222,
    -0.0066672782,
    -0.01502708,
    -0.055616014,
    -0.09541405,
    -0.0025506492,
    -0.044891424,
    0.015390893,
    0.017178325,
    0.10066562,
    -0.03967149,
    -0.015240623,
    -0.012061209,
    -0.014291544,
    0.028472362,
    0.04476488,
    0.036033355,
    0.011831848,
    0.00978342,
    -0.012361751,
    0.030022524,
    -0.033059575,
    -0.037868243,
    -0.01072459,
    0.01784268,
    0.10174124,
    -0.03154105,
    0.03302794,
    -0.03388211,
    0.0718769,
    0.011950484,
    -0.025387857,
    -0.027064562,
    0.019424478,
    0.02622621,
    0.05055426,
    0.0033830702,
    -0.008494255,
    -0.07801427,
    -0.010384504,
    -0.015786342,
    -0.00056944723,
    0.042929996,
    -0.023426427,
    -0.021417543,
    -0.008794797,
    -0.0031794137,
    -0.006770095,
    -0.024707684,
    0.003276299,
    0.042613637,
    -0.0038536552,
    0.0027681463,
    -0.019424478,
    0.011547125,
    -0.0022164944,
    0.010194687,
    0.11388945,
    0.014876809,
    -0.07092782,
    -0.022350805,
    -0.011341491,
    0.019914836,
    0.037520245,
    -0.011222856,
    -0.007972262,
    0.00018400759,
    0.14501923,
    -0.007390951,
    -0.0046465313,
    -0.0072841793,
    0.014425997,
    -0.0546353,
    -0.014410179,
    -0.023600426,
    -0.002868986,
    -0.015193169,
    -0.028630542,
    -0.04014603,
    0.013643007,
    -0.025672581,
    -0.051376797,
    -0.0017627161,
    0.005848698,
    -0.014671176,
    0.0068056853,
    -0.0012090867,
    0.054224033,
    -0.13919821,
    0.0067028687,
    -0.015762616,
    0.010732499,
    -0.020927187,
    0.054508757,
    -0.011752758,
    0.008177895,
    -0.0074265413,
    0.078710265,
    -0.0010963837,
    0.04280345,
    -0.0012535749,
    0.117306136,
    0.0123775685,
    0.009126974,
    -7.834843e-05,
    -0.020689916,
    -0.00072466116,
    -0.06089922,
    -0.02214517,
    0.0582418,
    -0.0024676048,
    -0.02144918,
    0.015145715,
    0.023980057,
    0.016292518,
    -0.015881252,
    0.02442296,
    -0.0020721552,
    0.039260224,
    0.0026574205,
    -0.023110067,
    -0.0093326075,
    0.07244635,
    -0.021338454,
    0.025087316,
    -0.014860991,
    0.008264894,
    -0.00481262,
    -0.06504353,
    -0.015501619,
    0.020500101,
    -0.026748203,
    0.003557068,
    0.0054769753,
    -0.046631403,
    -0.1153447,
    0.0076519474,
    0.040494025,
    -0.0022837208,
    0.0043815803,
    -0.013919822,
    -0.018965757,
    0.019044846,
    0.05988687,
    0.045429237,
    -0.02817182,
    -0.051756427,
    0.030069979,
    0.073458694,
    -0.054761846,
    0.009451242,
    -0.025419492,
    0.0005916913,
    0.06820712,
    0.024517868,
    -0.030022524,
    0.09408534,
    0.003029143,
    -0.006228329,
    0.07061146,
    0.026099665,
    -0.011990028,
    -0.060930856,
    -0.0361599,
    0.0015808092,
    -0.050079722,
    0.00016534732,
    -0.032996304,
    -0.070105284,
    0.0040217214,
    0.022603892,
    0.055299655,
    0.0044567157,
    0.0811146,
    -0.008573345,
    -0.021496633,
    0.041696195,
    0.027934551,
    0.0045516235,
    0.055141475,
    0.026384389,
    -0.0069955015,
    0.023932602,
    -0.016308336,
    0.011839758,
    0.07674883,
    -0.022682982,
    0.010969768,
    -0.0028670088,
    0.010898587,
    0.030939966,
    -0.0018487263,
    0.0010420093,
    0.0015086398,
    0.0050063906,
    -0.050459355,
    -0.042139098,
    -0.020769008,
    -0.018443763,
    0.007462132,
    -0.09585696,
    0.076432474,
    -0.023885148,
    0.07719174,
    0.014773993,
    -0.03239522,
    0.012069118,
    -0.04046239,
    0.0799757,
    -0.034166835,
    0.05251569,
    0.015208987,
    -0.022034446,
    -0.01925048,
    -0.009269336,
    0.01220357,
    -0.00044216195,
    -0.010131416,
    -0.04368926,
    -0.051788066,
    0.024391323,
    0.025182223,
    -0.006833367,
