{
  "chunk_index": 543,
  "token_start": 244350,
  "token_end": 244850,
  "text": " công với cách mạng;\ncác loại quỹ dự phòng hoặc các loại tiền, tài sản trợ cấp, quyên góp cho những vùng bị thiên tai, dịch bệnh hoặc các vùng kinh tế đặc\nbiệt khó khăn.\n\n3. Phạm tội thuộc một trong các trường hợp sau đây, thì bị phạt tù từ 13 năm đến 20 năm:\n\na) Chiếm đoạt tài sản trị giá từ 500.000.000 đồng đến dưới 1.000.000.000 đồng;\n\nb) Gây thiệt hại về tài sản từ 3.000.000.000 đồng đến dưới 5.000.000.000 đồng;\n\nc) Dẫn đến doanh nghiệp hoặc tổ chức khác bị phá sản hoặc ngừng hoạt động;\n\nd) Gây ảnh hưởng xấu đến an ninh, trật tự, an toàn xã hội.\n\n4. Phạm tội thuộc một trong các trường hợp sau đây, thì bị phạt tù 20 năm hoặc tù chung thân:\n\na) Chiếm đoạt tài sản trị giá 1.000.000.000 đồng trở lên;\n\nb) Gây thiệt hại về tài sản 5.000.000.000 đồng trở lên.\n\n5. Người phạm tội còn bị cấm đảm nhiệm chức vụ nhất định từ 01 năm đến 05 năm, có thể bị phạt tiền từ 30.000.000 đồng đến\n100.000.000 đồng, tịch thu một phần hoặc toàn bộ t",
  "embedding": [
    -0.00056561094,
    0.01965717,
    -0.06208675,
    -0.122927405,
    -0.0020112775,
    0.04993731,
    0.0029439027,
    -0.010404904,
    0.013356595,
    0.051121105,
    -0.1511515,
    -0.120435216,
    0.0023033312,
    -0.007780314,
    -0.11731997,
    -0.10230451,
    0.048410844,
    -0.010140109,
    0.10298987,
    0.010311447,
    -0.0052180286,
    0.103737526,
    0.1190022,
    -0.056946605,
    -0.03993739,
    0.011689941,
    -0.027320663,
    -0.007083279,
    0.02372256,
    0.022336278,
    -0.05732043,
    0.034672633,
    0.05470363,
    -0.005404943,
    -0.008621429,
    -0.042741105,
    -0.020731928,
    0.0141821345,
    -0.0029010682,
    -0.018161854,
    -0.04214921,
    0.12859714,
    -0.01464942,
    0.0375075,
    0.019470256,
    -0.060061846,
    -0.012842581,
    0.029532485,
    -0.023769287,
    -0.01892509,
    0.021526314,
    0.007289664,
    0.028504454,
    -0.017663416,
    0.012562209,
    -0.12180592,
    0.06959448,
    -0.0015293886,
    0.021448433,
    0.09894005,
    0.02663531,
    0.0063356212,
    0.023940627,
    -0.045700584,
    -0.024002932,
    -0.023037206,
    -0.01591888,
    -0.0075700353,
    0.009446968,
    -0.058753442,
    -0.07607418,
    -0.085108384,
    -0.033706907,
    0.023535645,
    0.06865991,
    -0.012009254,
    -0.023083935,
    -0.023816017,
    0.09594942,
    0.019252189,
    0.025949957,
    -0.0016218723,
    -0.00960273,
    -0.10055998,
    0.03763211,
    0.08523299,
    -0.039065123,
    0.014065313,
    -0.053550992,
    0.0070677027,
    0.044298727,
    0.009127656,
    0.043519914,
    -0.052959096,
    0.00062888925,
    -0.0063589853,
    -0.019999847,
    0.019703899,
    0.012001466,
    -0.01850453,
    0.018831631,
    -0.04616787,
    0.024267728,
    -0.015264681,
    0.041214637,
    0.0016218723,
    -0.016931335,
    -0.005860547,
    0.034703784,
    0.019719474,
    -0.0075972937,
    0.002583703,
    -0.06218021,
    -0.11489008,
    -0.0039991904,
    0.0087616155,
    -0.016323863,
    -0.11264711,
    -0.019283341,
    -0.026136871,
    -0.015693026,
    0.07071597,
    0.006954775,
    0.0058293943,
    0.017710144,
    -0.08541991,
    -0.008356634,
    -0.022819139,
    -0.038753595,
    0.031713154,
    -0.019626018,
    -0.079750165,
    -0.07526422,
    -0.007375333,
    -0.07289664,
    0.01900297,
    0.0022974901,
    -0.013722636,
    -0.045638278,
    0.012009254,
    -0.01325535,
    0.03775672,
    0.035731815,
    0.03866014,
    -0.014298956,
    0.00898747,
    0.052024525,
    -0.064797014,
    0.011230444,
    0.0007165054,
    0.04535791,
    0.01802167,
    -0.0010260824,
    0.021837838,
    -0.056479316,
    -0.024984231,
    -0.015085554,
    0.05853538,
    0.0043068207,
    0.014960945,
    0.037258282,
    -0.00031663504,
    -0.037227128,
    -0.025996685,
    -0.005268651,
    0.010661912,
    -0.053706754,
    0.06454779,
    -0.013784941,
    -0.004824729,
    0.02249204,
    -0.030965494,
    -0.016915757,
    0.0072779814,
    0.017834755,
    0.01912758,
    -0.026868952,
    -0.05071612,
    -0.009968771,
    -0.04149501,
    6.644225e-05,
    0.034111887,
    0.11270942,
    -0.026043413,
    0.00096621143,
    -0.043021478,
    -0.025202299,
    0.026573004,
    0.059781473,
    0.029641517,
    0.028115049,
    -0.059532255,
    -0.011845703,
    0.030607242,
    -0.005743725,
    -0.021682076,
    0.010389328,
    -0.02056059,
    0.08261619,
    -0.022055905,
    0.0336446,
    0.04641709,
    0.069220655,
    0.034984156,
    -0.02839542,
    -0.0150154615,
    0.04174423,
    0.030513784,
    -0.005233605,
    -0.026339361,
    0.002589544,
    -0.08386228,
    -0.01850453,
    0.038192853,
    -0.013551298,
    0.04513984,
    -0.00837221,
    -0.029766127,
    0.008169719,
    -0.015233528,
    -0.008200872,
    -0.023177393,
    -0.001828257,
    0.0004263986,
    -0.02048271,
    -0.005194664,
    -0.024361184,
    0.014540387,
    0.0015381502,
    0.02741412,
    0.07401812,
    0.04408066,
    -0.056323554,
    -0.01124602,
    -0.007534989,
    0.019283341,
    -0.018784903,
    0.015872153,
    -0.003948568,
    -0.010225778,
    0.12161901,
    -0.015576204,
    -0.002737518,
    0.005299804,
    -0.0020307477,
    -0.011775611,
    0.014727301,
    -0.048255082,
    0.006795119,
    -0.014353473,
    -0.05741389,
    -0.02827081,
    0.01965717,
    0.0074454257,
    0.056572776,
    -0.008006169,
    0.020498285,
    0.035856422,
    -0.0021923508,
    0.038971663,
    0.0388159,
    -0.15501438,
    -0.00044586885,
    -0.05323947,
    -0.027180476,
    0.024220997,
    0.03710252,
    -0.018006092,
    0.012071558,
    -0.0036273086,
    0.08884667,
    -0.026199177,
    0.011144774,
    -0.003728554,
    0.022850292,
    0.04682207,
    0.022554344,
    -0.014135405,
    -0.007889347,
    0.0020346418,
    -0.028691368,
    -0.004641709,
    0.104547486,
    -0.020669624,
    -0.0050038556,
    -0.009174384,
    0.054641325,
    0.044766013,
    -0.003823958,
    -0.0135279335,
    -0.0031717047,
    0.05420519,
    -0.02372256,
    0.016059067,
    -0.004252304,
    -0.009820797,
    -0.047413968,
    0.0048325174,
    0.0248752,
    -0.009462545,
    0.0018876413,
    -0.016526353,
    -0.014922004,
    0.015303621,
    0.052273743,
    0.039033968,
    -0.012647878,
    -0.044423334,
    -0.065856196,
    -0.0038336935,
    0.035918728,
    0.037569806,
    -0.010755369,
    -0.025856499,
    -0.033208467,
    -0.0024960868,
    -0.00095501606,
    0.034174193,
    -0.077943325,
    -0.04448564,
    0.04177538,
    0.09414258,
    0.00730524,
    0.052460656,
    -0.023862746,
    0.014018584,
    0.05454787,
    0.0026304314,
    -0.011199291,
    0.060684893,
    -0.0017562171,
    0.0010971489,
    0.094952546,
    0.03205583,
    -0.0014495605,
    -0.023738137,
    -0.06492162,
    0.009135444,
    -0.028878283,
    -0.0023870533,
    -0.0827408,
    0.0016812566,
    -0.009158808,
    0.012492116,
    0.058130395,
    -0.068348385,
    0.049875006,
    0.042086903,
    0.022009177,
    -0.026650885,
    -0.009166596,
    -0.03604334,
    0.06327055,
    0.02088769,
    -0.027507577,
    0.06090296,
    -0.014696149,
    -0.0013444212,
    0.07177515,
    -0.108908825,
    -0.0002177018,
    0.0059968387,
    0.011658789,
    -0.01637059,
    -0.09090273,
    3.115241e-05,
    -0.015194587,
    1.7827453e-05,
    -0.044329878,
    -0.03700906,
    0.0420246,
    -0.062398273,
    0.042086903,
    -0.032118134,
    0.1344538,
    0.022009177,
    -0.016479624,
    0.020295795,
    -0.030544937,
    -0.0024084707,
    -0.03208698,
    0.022055905,
    -0.012936038,
    0.06003069,
    0.0044742646,
    -0.00033853907,
    -0.07034214,
    0.035638355,
    0.060435675,
    0.070965186,
    -0.014906428,
    -0.00085571775,
    -0.004361337,
    -0.031868916,
    0.06323939,
    -0.02528018,
    -0.025467094,
    0.08629217,
