{
  "chunk_index": 713,
  "token_start": 320850,
  "token_end": 321350,
  "text": " của Bộ luật Hình sự số 100/2015/QH13, có hiệu lực kể từ ngày 01 tháng 01 năm 2018.\n\n396 Cụm từ “, thẩm định giá tài sản” được bãi bỏ theo quy định tại điểm i khoản 3 Điều 2 của Luật số 12/2017/QH14 sửa đổi, bổ sung\nmột số điều của Bộ luật Hình sự số 100/2015/QH13, có hiệu lực kể từ ngày 01 tháng 01 năm 2018.\n\n397 Cụm từ “, kinh tế, lao động” được bãi bỏ theo quy định tại điểm k khoản 3 Điều 2 của Luật số 12/2017/QH14 sửa đổi, bổ sung một\nsố điều của Bộ luật Hình sự số 100/2015/QH13, có hiệu lực kể từ ngày 01 tháng 01 năm 2018.\n\n398 Khoản này được sửa đổi, bổ sung theo quy định tại khoản 136 Điều 1 của Luật số 12/2017/QH14 sửa đổi, bổ sung một số điều của\nBộ luật Hình sự số 100/2015/QH13, có hiệu lực kể từ ngày 01 tháng 01 năm 2018.\n\n399 Khoản này được sửa đổi, bổ sung theo quy định tại khoản 137 Điều 1 của Luật số 12/2017/QH14 sửa đổi, bổ sung một số điều của\nBộ luật Hình sự số 100/2015/QH13, có hiệu lực kể từ ngày 01 tháng 01 năm 2018.\n\n400 Khoản này được sửa đổi, bổ sung theo quy định tại",
  "embedding": [
    -0.00014494515,
    -0.048408907,
    -0.020862011,
    -0.04718173,
    0.00014570206,
    -0.020248422,
    0.018036274,
    -0.06039003,
    0.028774073,
    0.05305926,
    -0.1481655,
    -0.021120364,
    0.0069351653,
    -0.013200227,
    -0.103857934,
    -0.19286057,
    0.06956156,
    0.0053567896,
    0.061068207,
    0.0063377237,
    0.0040286933,
    0.0638455,
    0.085644044,
    0.0016903961,
    -0.09604275,
    0.022912689,
    -0.014823007,
    0.04317726,
    0.014233639,
    0.012925727,
    -0.02890325,
    -0.037622668,
    0.10211405,
    -0.06177868,
    0.0018508575,
    0.032713957,
    0.060648385,
    -0.0039560315,
    0.014839155,
    -0.00047432008,
    -0.021701658,
    0.019893186,
    -0.020280717,
    0.0041820905,
    0.06891568,
    0.020878159,
    0.0017479201,
    0.03352131,
    -0.049959026,
    0.0039580497,
    0.014992552,
    0.03859149,
    -0.055449028,
    -0.013095272,
    -0.004860267,
    -0.21895424,
    0.021572482,
    0.016970567,
    0.041271903,
    0.0451472,
    -0.010196873,
    0.020232275,
    -0.036298607,
    -0.053834323,
    -0.021023482,
    -0.024252895,
    0.048344318,
    -0.07188674,
    0.021233393,
    -0.013587757,
    -0.07453486,
    0.06801145,
    -0.04559932,
    -0.038688373,
    0.07808722,
    -0.025948336,
    -0.03507143,
    0.015145949,
    0.07614957,
    -0.016486155,
    0.0478922,
    -0.07776427,
    -0.0052316496,
    0.0087840045,
    0.015137875,
    -0.0074518714,
    -0.013006463,
    -0.0005018206,
    -0.050281968,
    -0.006543599,
    0.03649237,
    0.00847721,
    0.03936655,
    0.00074579264,
    0.0019467308,
    0.0016177343,
    0.0057200985,
    -0.022056894,
    0.018569127,
    -0.01793939,
    0.01729351,
    -0.053220734,
    0.0029387663,
    -0.014709978,
    -0.020732835,
    -0.025786866,
    -0.034264077,
    -0.014653463,
    0.023687748,
    0.008921254,
    -0.00042032835,
    0.010713579,
    -0.00014645894,
    -0.070594974,
    -0.0007669857,
    0.010463299,
    0.09546146,
    0.022008453,
    -0.014112537,
    0.038688373,
    -0.0041497964,
    0.04094896,
    0.050508026,
    0.037299726,
    0.030404927,
    -0.07363062,
    -0.024527395,
    0.025867602,
    -0.13266431,
    0.003727954,
    0.025350895,
    0.0038914431,
    0.050120495,
    -0.014265934,
    -0.035491254,
    -0.021459453,
    -0.0055989954,
    0.01722892,
    -0.04107814,
    0.008117938,
    -0.026061365,
    -0.017132038,
    0.01739039,
    0.034102604,
    -0.037525784,
    -0.038139373,
    0.008436843,
    0.021394864,
    0.003669421,
    -0.012191036,
    0.031842016,
    -0.033069193,
    -0.038785256,
    0.030098133,
    -0.026238983,
    -0.05522297,
    0.023364807,
    -0.058000267,
    -0.01023724,
    0.034813076,
    -0.025140984,
    -0.00765371,
    -0.078216396,
    0.01921501,
    0.00015112646,
    0.03297231,
    -0.07563286,
    0.00794032,
    -0.01866601,
    -0.045018025,
    0.034942254,
    -0.010285682,
    -0.0072621433,
    0.020393746,
    -0.0055505545,
    -0.021459453,
    0.01729351,
    -0.004496958,
    -0.01894051,
    -0.03765496,
    -0.030501809,
    0.018359216,
    -0.004896598,
    -0.019166568,
    -0.030340338,
    0.040367667,
    -0.0016752582,
    0.031131545,
    0.038074784,
    0.029387662,
    -0.09003605,
    -0.05334991,
    0.012570492,
    0.034490135,
    -0.020845864,
    -0.003649237,
    -0.030243456,
    0.043274138,
    0.034328666,
    0.009841638,
    0.0228481,
    0.0139833605,
    0.06988451,
    0.0034716194,
    -0.0019305837,
    -0.02488263,
    -0.0006246897,
    0.002864086,
    0.014887596,
    -0.045922257,
    0.0050782524,
    -0.047666144,
    -0.04052914,
    -0.0032092296,
    -0.013628124,
    0.048861027,
    -0.039818667,
    -0.024640424,
    0.012901506,
    -0.02015154,
    -0.013353624,
    -0.013054904,
    -0.025189424,
    0.03545896,
    -0.01624395,
    0.021071922,
    -0.017697185,
    0.014265934,
    0.040238492,
    0.013490874,
    0.1051497,
    0.031535223,
    -0.06132656,
    -0.016510377,
    0.010858903,
    0.011795432,
    -0.04818285,
    0.037235137,
    -0.008182527,
    0.07382439,
    -0.0033949208,
    -0.0025835307,
    -0.008085644,
    -0.002847939,
    -0.0058412016,
    -0.013167934,
    0.018585274,
    0.0004243651,
    -0.00859024,
    0.0012332322,
    -0.07421192,
    -0.001621771,
    -0.00089717144,
    -0.0011555245,
    -0.017551862,
    -0.012021491,
    0.01585642,
    -0.042757433,
    0.008969695,
    0.0028761963,
    5.036497e-05,
    -0.084546044,
    -0.02917775,
    -0.017745627,
    0.08428769,
    -0.009970814,
    0.017212773,
    0.014193272,
    -0.02560925,
    -0.002458391,
    0.028047455,
    -0.083577216,
    0.034877665,
    -0.0026400455,
    0.12523665,
    0.01649423,
    0.0056151426,
    0.00886474,
    0.015493111,
    -0.030437222,
    -0.026981749,
    -0.0217501,
    0.058226325,
    0.020022362,
    0.056934558,
    0.010842755,
    0.054254144,
    0.0102533875,
    -0.001163598,
    -0.013426286,
    0.025625395,
    -0.08060616,
    0.010891196,
    -0.0047835684,
    -0.10224323,
    0.076601684,
    -0.0061722165,
    -0.013999507,
    0.047763024,
    -0.0021031555,
    0.04708485,
    0.0038450204,
    -0.015121728,
    0.057063736,
    -0.028951691,
    -0.05483544,
    -0.011004226,
    -0.008921254,
    0.0013018573,
    0.058872208,
    -0.026981749,
    0.013749228,
    0.036653843,
    -0.032245692,
    -0.03232643,
    0.031196134,
    0.050120495,
    0.0798311,
    -0.0011938738,
    -0.020135393,
    0.05609491,
    0.13053289,
    -0.07195133,
    0.037299726,
    -0.040335372,
    0.032391015,
    0.0059623043,
    0.008937402,
    0.0008023074,
    0.14131913,
    0.025060248,
    0.019618686,
    -0.0066647017,
    -0.009437961,
    -0.014047949,
    -0.029742898,
    -0.018698303,
    0.097786635,
    -0.014580801,
    0.020555217,
    -0.07304933,
    -0.032730106,
    0.0567085,
    -0.025899896,
    0.001052587,
    0.053317614,
    0.08926099,
    -0.010552108,
    0.027498456,
    0.016502302,
    0.12833689,
    -0.0066324077,
    -0.039398845,
    0.06355485,
    -0.0013099308,
    0.018617569,
    0.008315739,
    -0.018488392,
    0.043758553,
    -0.07537451,
    0.038882136,
    -0.02042604,
    -0.032148812,
    0.053446792,
    0.00025191947,
    -0.025350895,
    -2.6932803e-05,
    0.04114273,
    0.00020675815,
    -0.0699491,
    -0.02604522,
    -0.023897659,
    0.0029750972,
    -0.021669364,
    -0.02472116,
    0.028112045,
    -0.004690723,
    0.04453361,
    0.010269535,
    -0.014936037,
    0.0064790105,
    0.11373994,
    -0.03082475,
    0.08280216,
    -0.003679513,
    -0.0064991945,
    -0.035911076,
    -0.066332154,
    0.047375496,
    0.019101981,
    0.021572482,
    0.02785369,
    0.020587511,
    -0.09016522,
