{
  "chunk_index": 475,
  "token_start": 213750,
  "token_end": 214250,
  "text": " việc sản xuất, sửa chữa, trang bị, sử dụng, bảo quản, lưu giữ, vận chuyển, mua bán hoặc tiêu\nhủy vũ khí quân dụng, súng săn, vũ khí thể thao, vật liệu nổ, công cụ hỗ trợ gây thiệt hại cho người khác thuộc một trong các trường\nhợp sau đây, thì bị phạt tù từ 01 năm đến 05 năm:\n\na) Làm chết người;\n\nb) Gây thương tích hoặc gây tổn hại cho sức khỏe của 01 người mà tỷ lệ tổn thương cơ thể 61% trở lên;\n\n                                                                                                   ể của những người này từ 61%\nc) Gây thương tích hoặc gây tổn hại cho sức khỏe của 02 người trở lên mà tổng tỷ lệ tổn thương cơ th\nđến 121%;\n\nd) Gây thiệt hại về tài sản từ 100.000.000 đồng đến dưới 500.000.000 đồng.\n\n2. Phạm tội thuộc một trong các trường hợp sau đây, thì bị phạt tù từ 03 năm đến 10 năm:\n\na) Làm chết 02 người;\n\fb) Gây thương tích hoặc gây tổn hại cho sức khỏe của 02 người trở lên mà tổng tỷ lệ tổn thương cơ thể của những người này từ 122%\nđến 200%;\n\nc) Gây thiệt hại về tài sản từ 500.000.000 đồng đến dưới 1.500.000.000 đồng.\n\n3. Ph",
  "embedding": [
    8.02579e-05,
    -0.03404508,
    -0.12483196,
    -0.19743706,
    0.0012784065,
    0.07724206,
    -0.0027684506,
    0.020179946,
    0.03538736,
    0.056192685,
    -0.1798654,
    -0.004228942,
    0.0029457689,
    -0.07040864,
    -0.022132352,
    -0.16741882,
    0.07449649,
    -0.02077482,
    -0.00071499246,
    0.010288265,
    -0.027867544,
    0.1317874,
    0.056772307,
    -0.10506385,
    0.049603317,
    0.064673446,
    -0.02236115,
    -0.067297,
    0.08279422,
    0.09103093,
    -0.0011439879,
    0.019432541,
    -0.0035025096,
    -0.02294077,
    0.0026826516,
    -0.004476806,
    0.090847895,
    0.0108068725,
    0.03755331,
    -0.0860889,
    -0.0346247,
    0.036668625,
    0.04429521,
    -0.009190036,
    0.0014461913,
    -0.109273724,
    -0.01543621,
    0.052501418,
    -0.07272712,
    -0.031360522,
    0.0023966546,
    0.027211659,
    0.04646116,
    -0.007130858,
    -0.033160396,
    -0.09005473,
    0.0754727,
    0.0033099384,
    -0.023810202,
    0.01197374,
    -0.0069706994,
    -0.049725343,
    0.033495966,
    -0.026143936,
    -0.022193365,
    -0.015695514,
    0.026525266,
    -0.0189902,
    0.026754064,
    -0.044844326,
    -0.04078698,
    -0.04148863,
    -0.058114585,
    0.033007864,
    0.06418535,
    -0.01722083,
    -0.021934062,
    0.042617362,
    0.0072948295,
    0.023718683,
    0.04313597,
    -0.033923056,
    0.0015396171,
    -0.032580774,
    0.024405075,
    0.022803493,
    -0.028935267,
    0.031696092,
    -0.08218409,
    -0.022666214,
    0.0034281504,
    0.003370951,
    0.055643573,
    -0.08425852,
    0.014086304,
    0.007622773,
    -0.016092097,
    -0.011226335,
    -0.01512352,
    -0.0105780745,
    0.04203774,
    -0.042068247,
    0.032428242,
    0.019844377,
    0.0034586568,
    0.017480135,
    -0.010158612,
    0.015131147,
    0.071994975,
    0.018929187,
    -0.003084954,
    0.010532315,
    -0.09993878,
    -0.07748611,
    -0.009914562,
    -0.00694782,
    -0.019066464,
    -0.06430738,
    -0.00040897567,
    0.02101887,
    -0.018547857,
    0.033862043,
    0.010006081,
    -0.0025244,
    0.030216534,
    -0.0058534048,
    -0.005475889,
    -0.022910265,
    -0.11147018,
    0.0019142731,
    -0.046186604,
    -0.031513054,
    0.004309021,
    0.012904184,
    -0.0118593415,
    -0.019402035,
    0.024893176,
    -0.0061241486,
    -0.032184195,
    0.0807808,
    -0.015039627,
    0.0031478733,
    0.019813871,
    -0.0007393022,
    -0.03419761,
    -0.0043891002,
    0.02095786,
    0.037156727,
    0.023520391,
    0.01007472,
    0.043837618,
    0.0039029054,
    -0.031421535,
    0.02962166,
    -0.036485586,
    -0.012637253,
    0.012904184,
    0.0125304805,
    0.017327603,
    -0.0011811676,
    -0.006143215,
    -0.009533232,
    -0.031131724,
    0.013781241,
    -0.0045492584,
    0.013361779,
    -0.04130559,
    0.007824877,
    -0.015985325,
    -0.0056932466,
    -0.012034752,
    -0.0049725343,
    -0.008839213,
    0.011005163,
    0.0028409034,
    -0.020042667,
    -0.032489255,
    -0.044112172,
    0.006535984,
    -0.0677851,
    -0.027684508,
    -0.005376743,
    0.075838774,
    -0.031269003,
    -0.009578992,
    -0.0021964568,
    -0.011805955,
    0.04029888,
    0.040237866,
    0.041610654,
    -0.06613775,
    -0.02082058,
    -0.027303178,
    0.022635708,
    -0.058114585,
    0.0071651777,
    -0.032672293,
    -0.01731235,
    0.15729071,
    0.0026330787,
    0.010669594,
    0.029987736,
    -0.012705892,
    0.015222666,
    -0.03404508,
    -0.019249503,
    -0.013323646,
    0.013849881,
    0.016122602,
    0.023108555,
    -0.015832793,
    -0.05140319,
    -0.034502674,
    0.010761113,
    -0.018578364,
    0.034563687,
    -0.003965825,
    -0.021964569,
    -0.015924312,
    0.019890137,
    -0.027715014,
    -0.016946275,
    -0.038743056,
    0.018441085,
    0.010562821,
    0.023169568,
    -0.019661339,
    0.0006134635,
    -0.006391079,
    -0.017968237,
    0.09969473,
    -0.015649755,
    -0.05765699,
    -0.0466442,
    0.024496594,
    0.036485586,
    0.06290408,
    0.02736419,
    -0.008213833,
    0.037675336,
    0.092739284,
    -0.039078627,
    0.027760774,
    -0.0018513538,
    0.01865463,
    -0.026662545,
    -0.0055902875,
    -0.049023695,
    -0.011272094,
    -0.037248246,
    -0.03337394,
    -0.025564317,
    0.015649755,
    -0.03852951,
    -0.06314813,
    0.0069173137,
    0.04164116,
    -0.103904605,
    -0.017678427,
    0.018486844,
    0.023627164,
    -0.17913325,
    -0.002583506,
    -0.020561276,
    0.04414268,
    0.0428004,
    0.078401305,
    0.007611333,
    0.00251868,
    -0.012980449,
    0.12062208,
    -0.0060326294,
    0.021705264,
    -0.010669594,
    0.0856008,
    -0.024588114,
    -0.0118212085,
    -0.0096018715,
    0.009845923,
    0.0057885787,
    -0.016808996,
    0.007054592,
    0.04341053,
    -0.025930392,
    -0.043685086,
    -0.024542354,
    0.031696092,
    0.046003565,
    0.015909059,
    0.013239753,
    -0.0209121,
    0.051189646,
    0.025594823,
    -0.004038277,
    -0.017617414,
    0.043380022,
    -0.022711974,
    0.033923056,
    0.014887096,
    -0.0061127087,
    0.014353235,
    -0.012896557,
    0.003241299,
    -0.019829124,
    0.018090261,
    -0.025915138,
    -0.0399023,
    -0.025350772,
    -0.0774251,
    -0.060280535,
    0.041244578,
    0.012812665,
    0.022574695,
    -0.0023718684,
    -0.06699193,
    -0.020896846,
    0.045545973,
    0.037004195,
    -0.02966742,
    0.0135448165,
    0.0035292027,
    0.05006091,
    -0.056894332,
    0.004217502,
    -0.06577168,
    0.032489255,
    0.052501418,
    0.01995115,
    -0.08645498,
    0.04957281,
    -0.020012163,
    -0.052501418,
    0.056863826,
    0.00012184663,
    0.014658298,
    -0.03755331,
    -0.010067093,
    0.039017614,
    -0.04347154,
    -0.006494038,
    0.011584784,
    -0.076937,
    0.049511798,
    0.0045988313,
    0.04975585,
    -0.020500263,
    0.08047573,
    0.008053675,
    -0.015695514,
    0.019691845,
    0.012827918,
    -0.012080512,
    0.045423947,
    0.023169568,
    -0.061134715,
    0.008358738,
    -0.015756527,
    0.053477623,
    0.0567418,
    -0.07748611,
    0.03999382,
    0.0067152088,
    0.027379444,
    0.044264704,
    -0.03852951,
    -0.013102475,
    -0.028203115,
    0.024877924,
    -0.12971297,
    -0.03091818,
    -0.0085494025,
    -0.010517062,
    -0.0071346713,
    -0.05430129,
    0.10250132,
    -0.016961528,
    -0.020835834,
    0.05707737,
    -0.028386153,
    0.017297097,
    -0.024649126,
    0.0509761,
    -0.0028332768,
    0.0658937,
    0.033190902,
    -8.156872e-05,
    -0.03033856,
    -0.015756527,
    -0.030353813,
    0.08059776,
    -0.0013174927,
    -0.012965196,
