{
  "chunk_index": 48,
  "token_start": 21600,
  "token_end": 22100,
  "text": "hi quyết định hình phạt đối với những người đồng phạm, Tòa án phải xét đến tính chất của đồng phạm, tính chất và mức độ tham gia\nphạm tội của từng người đồng phạm.\n\nCác tình tiết giảm nhẹ, tăng nặng hoặc loại trừ trách nhiệm hình sự thuộc người đồng phạm nào, thì chỉ áp dụng đối với người đó.\n\nĐiều 59. Miễn hình phạt\n\nNgười phạm tội có thể được miễn hình phạt nếu thuộc trường hợp quy định tại khoản 1 và khoản 2 Điều 54 của Bộ luật này mà đáng\nđược khoan hồng đặc biệt nhưng chưa đến mức được miễn trách nhiệm hình sự.\n\nChương IX\n\n             THỜI HIỆU THI HÀNH BẢN ÁN, MIỄN CHẤP HÀNH HÌNH PHẠT, GIẢM THỜI HẠN CHẤP HÀNH HÌNH PHẠT\n\nĐiều 60. Thời hiệu thi hành bản án\n\n1. Thời hiệu thi hành bản án hình sự là thời hạn do Bộ luật này quy định mà khi hết thời hạn đó người bị kết án, pháp nhân thương mại\nbị kết án không phải chấp hành bản án đã tuyên.\n\n2. Thời hiệu thi hành bản án hình sự đối với người bị kết án được quy định như sau:\n\na) 05 năm đối",
  "embedding": [
    -0.0005219767,
    0.001858569,
    0.062462863,
    -0.07046581,
    -0.00042935953,
    0.05445991,
    0.050906733,
    -0.03250991,
    0.03602988,
    0.06272852,
    -0.005130522,
    -0.063127,
    0.01183839,
    -0.07637671,
    -0.09683238,
    -0.0982935,
    0.09835991,
    0.09264827,
    0.016885893,
    0.006404851,
    -0.030285023,
    -0.006969374,
    0.13508715,
    -0.04672262,
    -0.038918912,
    0.062330034,
    -0.049412407,
    0.041608702,
    -0.001927059,
    -0.03954985,
    -0.05193616,
    -0.025619404,
    -0.040811725,
    0.014162898,
    0.0015233832,
    -0.038387597,
    0.021219442,
    0.009962179,
    0.094242215,
    -0.008841434,
    -0.03991513,
    -0.028807301,
    0.05907572,
    0.007048242,
    0.00076636137,
    0.059474207,
    -0.020721333,
    0.05555575,
    -0.03636195,
    -0.016379483,
    0.0081025725,
    0.010261044,
    0.030285023,
    -0.0022560183,
    0.08540908,
    -0.16019183,
    0.050773904,
    0.014104785,
    -0.0059316475,
    0.0040056263,
    0.030002762,
    0.009206714,
    0.0064297565,
    -0.023693383,
    -0.021501703,
    -0.033954427,
    0.000421836,
    -0.07557973,
    0.016952308,
    -0.008152383,
    -0.0493792,
    0.049279578,
    0.03470159,
    0.062197205,
    0.09762935,
    -0.04187436,
    -0.030899359,
    -0.02669864,
    0.045460742,
    0.021136424,
    0.06747716,
    0.015524396,
    -0.017583245,
    0.08580757,
    0.012901022,
    0.03350613,
    0.041807946,
    -0.002372244,
    -0.0054418403,
    0.016130429,
    0.052733134,
    -0.009165205,
    0.04864864,
    -0.03553177,
    0.00855087,
    -0.058411576,
    0.007716538,
    -0.04453094,
    -0.035498563,
    0.0023950739,
    0.022896407,
    -0.010186328,
    -0.010111611,
    0.023211878,
    -0.026814865,
    -0.0083640795,
    -0.04745318,
    0.017134948,
    0.01623005,
    -0.01367309,
    0.00048409964,
    0.062296826,
    -0.03712572,
    -0.144518,
    -0.0097546335,
    0.013042153,
    0.0937109,
    -0.04781846,
    0.032841984,
    -0.0033352545,
    -0.010028593,
    0.037922695,
    -0.013573469,
    -0.044597354,
    -0.027263163,
    -0.03423669,
    -0.007965593,
    0.004914675,
    -0.054858398,
    0.014810439,
    -0.017716074,
    -0.01426252,
    0.040944554,
    -0.017716074,
    0.04735356,
    0.0060686274,
    -0.022962822,
    -0.0056120274,
    -0.026051098,
    -0.021402081,
    -0.014503272,
    -0.019143987,
    0.027761271,
    0.056020655,
    -0.012809702,
    -0.0038375144,
    0.007965593,
    -0.017384002,
    0.008343325,
    -0.028043535,
    0.04466377,
    -0.0020422467,
    -0.018845122,
    0.0042048697,
    -0.030019365,
    0.01696061,
    0.0032999718,
    -0.00091838837,
    0.010161422,
    0.026599018,
    0.015823262,
    0.011821786,
    -0.027229955,
    0.024855636,
    0.0058942894,
    0.039018534,
    -0.005047504,
    0.050906733,
    0.008430494,
    -0.039483435,
    0.042173225,
    0.003584309,
    -0.05080711,
    -0.022514524,
    -0.01723457,
    -0.023012633,
    0.019642096,
    -0.060005523,
    -0.04051286,
    -0.07969743,
    0.019359834,
    0.01586477,
    0.11071301,
    -0.0047901478,
    -0.026831469,
    0.018164372,
    -0.022713767,
    0.02596808,
    0.07677519,
    0.03602988,
    -0.026067702,
    0.028043535,
    0.014594592,
    0.056751214,
    0.0008426343,
    -0.0064629638,
    0.019227006,
    0.018180976,
    0.07670878,
    0.0324601,
    0.059009306,
    0.008372381,
    -0.015931185,
    -0.016462501,
    -0.002226962,
    -0.03772345,
    0.025818648,
    0.01746702,
    -0.0034182726,
    -0.015914582,
    0.05123881,
    -0.018430032,
    -0.008708605,
    -0.07298957,
    0.012095746,
    0.031032188,
    -0.03342311,
    -0.03151369,
    -0.0011539524,
    -0.014221011,
    -0.029803518,
    -0.017400606,
    -0.008816528,
    0.014544781,
    -0.013282905,
    -0.031928785,
    0.027744668,
    -0.0104934955,
    0.04210681,
    0.009571994,
    0.060437217,
    0.014328934,
    -0.015366661,
    -0.0018212108,
    0.009746332,
    -0.040114373,
    0.007861819,
    -0.027097126,
    0.052832756,
    0.047253937,
    0.11343601,
    0.030102383,
    -0.0037192134,
    0.059108928,
    -0.014793836,
    -0.044364903,
    -0.0007549464,
    0.014030069,
    -0.06395719,
    0.0015161191,
    -0.0662817,
    -0.03470159,
    -0.050740696,
    -0.025436763,
    -0.0008301816,
    0.007521445,
    -0.027993724,
    -0.010427081,
    -0.028740887,
    0.13037172,
    0.018712293,
    -0.008999168,
    0,
    -0.031148413,
    0.033904616,
    0.024191491,
    0.094839945,
    -0.022149244,
    -0.024839032,
    -0.04074531,
    0.06737754,
    -0.00644636,
    0.0014881005,
    0.019559078,
    0.06887186,
    0.010535005,
    0.026582414,
    -0.030666908,
    -0.0048565622,
    -0.0029969555,
    -0.07046581,
    0.030915963,
    0.012402913,
    -0.014735723,
    0.077970654,
    0.0040741162,
    0.008791623,
    -0.011232357,
    -0.03136426,
    0.013681392,
    0.046324134,
    0.09955537,
    -0.026814865,
    -0.016528916,
    -0.06279493,
    0.009090488,
    0.0033726126,
    -0.0036154408,
    -0.011024811,
    0.05193616,
    -0.009663314,
    -0.027777875,
    -0.0187455,
    0.019509267,
    -0.07385296,
    0.058810063,
    0.014312331,
    0.007089751,
    -0.014503272,
    0.05678442,
    0.028076742,
    0.010684437,
    0.052334648,
    0.0246896,
    0.08853056,
    -0.025270727,
    0.073255226,
    -0.0008592379,
    -0.08149062,
    0.017267777,
    0.05509085,
    -0.011149338,
    0.046789035,
    -0.021617929,
    -0.05047504,
    0.035697807,
    -0.009040677,
    0.0123198945,
    -0.059441,
    0.07305598,
    -0.008874641,
    0.054194253,
    0.049777687,
    0.026532603,
    -0.075778976,
    -0.05376256,
    -0.036162708,
    0.06017156,
    -0.02130246,
    0.015599112,
    -0.073388055,
    -0.012934229,
    0.094375044,
    0.01458629,
    0.0016707404,
    -0.035133284,
    0.059872694,
    0.03881929,
    0.12512496,
    0.028026931,
    0.116889566,
    -0.016620236,
    0.11204131,
    -0.03689327,
    0.08939395,
    0.025719026,
    0.0055995747,
    -0.00037384115,
    0.0044414713,
    -0.04639055,
    -0.021833776,
    -0.06462134,
    0.06518586,
    -0.024008851,
    0.008119176,
    -0.048814677,
    -0.016670046,
    0.033124246,
    -0.0154911885,
    -0.048382983,
    -0.026814865,
    -0.022149244,
    0.047519594,
    -0.0553233,
    0.04223964,
    -0.017134948,
    -0.047253937,
    -0.022464713,
    0.028309193,
    -0.0033248772,
    -0.023095652,
    0.083815135,
    -0.015092701,
    -0.027412595,
    -0.044364903,
    -0.017267777,
    -0.048715055,
    -0.002436583,
    -0.006799187,
    -0.020671522,
    0.00973803,
    -0.021435289,
    -0.0013978182,
    -0.062462863,
    0.10294252,
    -0.020007376,
    -0.013789316,
    0.08773359,
    0.08421362,
    -0.04625772,
