{
  "chunk_index": 514,
  "token_start": 231300,
  "token_end": 231800,
  "text": " hợp sau đây, thì bị phạt tù từ 03 năm đến 10 năm:\n\na) Có tổ chức;\n\nb) Dữ liệu được số hóa có dung lượng từ 05 gigabyte (GB) đến dưới 10 gigabyte (GB);\n\nc) Ảnh có số lượng từ 200 ảnh đến dưới 500 ảnh;\n\nd) Sách in, báo in hoặc vật phẩm khác có số lượng từ 100 đơn vị đến dưới 200 đơn vị;\n\fđ) Phổ biến cho từ 21 người đến 100 người;\n\ne) Phổ biến cho người dưới 18 tuổi;\n\ng) Sử dụng mạng internet, mạng máy tính, mạng viễn thông hoặc phương tiện điện tử để phạm tội;\n\nh) Tái phạm nguy hiểm.\n\n3.339 Phạm tội thuộc một trong các trường hợp sau đây, thì bị phạt tù từ 07 năm đến 15 năm:\n\na) Dữ liệu được số hóa có dung lượng 10 gigabyte (GB) trở lên;\n\nb) Ảnh có số lượng 500 ảnh trở lên;\n\nc) Sách in, báo in hoặc vật phẩm khác có số lượng 200 đơn vị trở lên;\n\nd) Phổ biến cho 101 người trở lên.\n\n4. Người phạm tội còn có thể bị phạt tiền từ 5.000.000 đồng đến 30.000.000 đồng, cấm hành nghề hoặc làm công việc nhất định từ 01\nnăm đến 05 năm.\n\nĐiều 327. Tội chứa mại dâm\n\n1. Người nào chứa mại dâm, thì bị phạt tù từ 01",
  "embedding": [
    -0.0004249782,
    -0.064321026,
    -0.13844335,
    -0.15878105,
    -0.0009078645,
    0.015467675,
    0.054887276,
    -0.032007366,
    0.02494737,
    0.012466027,
    0.03157856,
    -0.056204326,
    -0.00020913905,
    -0.09231599,
    -0.06560745,
    -0.051334307,
    0.10787555,
    -0.11075468,
    0.057245713,
    -0.0004623074,
    -0.01869904,
    0.08092198,
    0.11767685,
    -0.1313374,
    -0.09746167,
    0.013530388,
    -0.036662985,
    -0.026249105,
    0.074551135,
    -0.039572746,
    -0.04312572,
    -0.0125426,
    -0.009847243,
    0.024411362,
    -0.004150238,
    -0.045147236,
    0.021685375,
    1.8634673e-05,
    -0.0015668679,
    -0.070324324,
    -0.05442784,
    0.010122905,
    0.03458021,
    -0.0026589853,
    0.031226328,
    0.035958517,
    -0.0069106817,
    0.018224292,
    -0.037704375,
    -0.04986411,
    0.017014444,
    0.033171274,
    -0.06456606,
    0.0015362388,
    0.092928566,
    -0.07320345,
    0.030368714,
    -0.0047666477,
    -0.038653873,
    0.027596783,
    0.028255308,
    0.03871513,
    0.08214714,
    -0.030567802,
    -0.024350103,
    -0.02379878,
    0.057766408,
    -0.038408842,
    0.026310362,
    0.00027733657,
    -0.09740041,
    -0.056694392,
    -0.014395658,
    0.0056702048,
    0.11700301,
    -0.040859167,
    -0.012619173,
    0.008124358,
    0.03295687,
    -0.018193662,
    0.05142619,
    0.005340942,
    -0.038592614,
    -0.01626403,
    0.0035127704,
    0.10401629,
    0.012910149,
    -0.0013869221,
    -0.04165552,
    0.0037482313,
    0.028255308,
    0.052988276,
    0.048056997,
    0.01987826,
    0.02119531,
    0.02998585,
    -0.0018224291,
    0.00761515,
    -0.023477174,
    0.0033002812,
    -0.0018549724,
    -0.014969953,
    0.032681208,
    0.029449841,
    0.010666571,
    -0.020169236,
    -0.01271106,
    0.01761171,
    0.00697194,
    0.018990017,
    -0.016371233,
    0.029434526,
    -0.04686246,
    -0.07007929,
    -0.019633228,
    0.011830474,
    -0.03620355,
    -0.078410394,
    -0.0014003223,
    -0.010452167,
    -0.017198218,
    0.03525405,
    0.0014902952,
    0.04168615,
    0.010574684,
    -0.12643676,
    -0.009701755,
    0.002565184,
    -0.043922074,
    -0.017933315,
    -0.024365418,
    -0.05929786,
    -0.04177804,
    0.0040813223,
    -0.07718523,
    -0.004062179,
    0.01206785,
    0.022604246,
    -0.04505535,
    0.031073181,
    -0.04012407,
    0.009839586,
    0.016003683,
    -0.044595912,
    -0.017519822,
    -0.03157856,
    0.04033847,
    -0.042850055,
    -0.021179995,
    -0.029587673,
    0.04067539,
    -0.016141515,
    0.050721724,
    -0.006213871,
    -0.01475555,
    0.019648543,
    -0.05445847,
    0.0965428,
    0.0053179706,
    -0.00013687361,
    0.042543765,
    0.047413785,
    -0.07467365,
    -0.06769022,
    -0.031348843,
    0.0046441313,
    -0.047076866,
    0.029633615,
    -0.035958517,
    -0.024288844,
    -0.0022186926,
    -0.010245421,
    -0.021593487,
    0.0074620047,
    -0.01385965,
    -0.0007748195,
    0.0011476326,
    0.036387324,
    -0.019893575,
    -0.021716004,
    0.0009935301,
    0.0069681113,
    0.091335855,
    -0.0026072988,
    -0.021179995,
    -0.0017267133,
    -0.015253272,
    0.018683726,
    0.010903945,
    0.05378463,
    -0.02119531,
    0.09709412,
    -0.012894834,
    0.031180384,
    -0.014288457,
    -0.0051533394,
    0.021761948,
    -0.026555395,
    0.102178544,
    0.009012601,
    0.049006496,
    0.025483377,
    0.0076572653,
    -0.0009557224,
    0.023844723,
    -0.045422897,
    0.019158477,
    0.019694487,
    0.056173697,
    -0.028929148,
    0.02657071,
    -0.080615684,
    -0.017581081,
    0.07228458,
    -0.007427547,
    0.053478338,
    -0.019250365,
    -0.044044588,
    0.019587284,
    -0.04343201,
    -0.013599303,
    -0.0083617335,
    -0.012519629,
    0.006324901,
    -0.005532374,
    -0.008017156,
    -0.027703986,
    0.0029882477,
    0.01352273,
    -0.008070758,
    0.05436658,
    0.017228847,
    -0.031701077,
    0.0022474073,
    0.026677912,
    -0.02004672,
    0.021746634,
    0.055009793,
    0.03356945,
    0.05700068,
    0.08453621,
    -0.029357955,
    -0.01808646,
    -0.012412427,
    0.029740818,
    -0.02237453,
    0.010850345,
    -0.00052260834,
    0.0073930896,
    0.0045369295,
    -0.050292917,
    0.0083157895,
    0.017320734,
    -0.038255695,
    0.0027374723,
    0.012703403,
    0.014885724,
    -0.038990796,
    0.00031825507,
    0.07669517,
    0.0040698363,
    -0.031027239,
    0.002396724,
    -0.011945333,
    -0.014985268,
    -0.013920908,
    0.045422897,
    0.010375594,
    -0.011822817,
    0.00260347,
    0.075102456,
    0.0013342785,
    0.009066202,
    0.041226715,
    -0.0017908429,
    0.050323546,
    0.011470583,
    0.012596201,
    0.02637162,
    0.00011539738,
    -0.046096735,
    -0.01279529,
    0.03782689,
    0.024151014,
    -0.026647283,
    -0.030276826,
    0.19222799,
    -0.0011189178,
    -0.059114087,
    -0.02396724,
    0.00026848287,
    0.007259087,
    -0.021884464,
    0.015927112,
    -0.04961908,
    0.037275568,
    0.056541245,
    0.02948047,
    -0.01355336,
    0.04147175,
    -0.008859456,
    -0.018346807,
    -0.017918,
    0.036264807,
    -0.0155825345,
    0.035407193,
    -0.014135311,
    0.030598432,
    -0.043156344,
    0.05081361,
    -0.014449259,
    0.048608318,
    0.0042268103,
    0.015881168,
    0.028944463,
    0.034610838,
    0.055836778,
    -0.004127266,
    -0.056418728,
    0.03018494,
    0.018071145,
    0.0394196,
    -0.08772163,
    0.016876612,
    -0.049404673,
    0.03715305,
    0.044258993,
    0.08037066,
    -0.11345004,
    0.10689542,
    0.005919066,
    0.02072056,
    0.106405355,
    0.018806243,
    -0.027535526,
    -0.038255695,
    -0.032160513,
    0.04018533,
    -0.004012407,
    -0.010720171,
    -0.008936028,
    -0.016401863,
    -0.072468355,
    0.037918776,
    0.058103327,
    -0.025192402,
    0.08894679,
    0.034947757,
    -0.023691578,
    0.0068379375,
    -0.015597849,
    -0.04018533,
    -0.015169042,
    -0.0014453088,
    0.021608802,
    0.0022799508,
    0.024334788,
    0.060706798,
    0.06934419,
    -0.034917127,
    0.022573618,
    -0.015957741,
    0.020199865,
    -0.008422991,
    -0.08171833,
    -0.031348843,
    -0.00030102624,
    0.05540797,
    -0.021455657,
    -0.050446063,
    -0.0079558985,
    -0.011876418,
    0.05932849,
    -0.039388973,
    0.03110381,
    -0.009732384,
    -0.0014137225,
    0.021470971,
    0.013928565,
    -0.014878066,
    -0.0024388388,
    0.04523912,
    0.01889813,
    0.03721431,
    -0.019924203,
    -0.002088519,
    -0.012228652,
    0.044136476,
    0.0709369,
    0.0046709315,
    0.03552971,
    0.0683028,
    0.014472231,
    -0.009372492,
