{
  "chunk_index": 686,
  "token_start": 308700,
  "token_end": 309200,
  "text": "ực kể từ ngày 01 tháng 01 năm 2018.\n\n287 Điều này được sửa đổi, bổ sung theo quy định tại khoản 93 Điều 1 của Luật số 12/2017/QH14 sửa đổi, bổ sung một số điều của Bộ\nluật Hình sự số 100/2015/QH13, có hiệu lực kể từ ngày 01 tháng 01 năm 2018.\n\n288 Khoản này được sửa đổi, bổ sung theo quy định tại khoản 94 Điều 1 của Luật số 12/2017/QH14 sửa đổi, bổ sung một số điều của\nBộ luật Hình sự số 100/2015/QH13, có hiệu lực kể từ ngày 01 tháng 01 năm 2018.\n\n289 Khoản này được sửa đổi, bổ sung theo quy định tại khoản 94 Điều 1 của Luật số 12/2017/QH14 sửa đổi, bổ sung một số điều của\nBộ luật Hình sự số 100/2015/QH13, có hiệu lực kể từ ngày 01 tháng 01 năm 2018.\n\n290 Khoản này được sửa đổi, bổ sung theo quy định tại khoản 94 Điều 1 của Luật số 12/2017/QH14 sửa đổi, bổ sung một số điều của\nBộ luật Hình sự số 100/2015/QH13, có hiệu lực kể từ ngày 01 tháng 01 năm 2018.\n\n291 Điều này được sửa đổi, bổ sung theo quy định tại khoản 95 Điều 1 của Luật số 12/2017/QH14 sửađổi, bổ sung một số điều của Bộ\n\fluật Hình sự số",
  "embedding": [
    0.00023342705,
    -0.041958008,
    -0.043444164,
    -0.0153108705,
    0.0027066197,
    -0.013003872,
    -0.01994215,
    -0.010230288,
    0.03929675,
    0.07416959,
    -0.07893912,
    0.0076813567,
    0.00038774003,
    0.001665446,
    -0.13976786,
    -0.18815435,
    0.03722304,
    -0.008873738,
    0.03601338,
    0.008675008,
    -0.010126603,
    0.041992567,
    0.059930135,
    0.0045794365,
    -0.03622075,
    0.027563022,
    -0.014308579,
    0.052291982,
    0.0019235794,
    0.01646005,
    -0.035132054,
    -0.021773925,
    0.09926145,
    -0.04147414,
    0.006411211,
    0.006644503,
    0.0800451,
    -0.012096625,
    0.030811831,
    0.009003345,
    -0.011405389,
    -0.013574141,
    -0.06898532,
    -0.012036141,
    0.083916016,
    0.058547664,
    -0.007184531,
    0.061105236,
    -0.0483865,
    0.016174914,
    0.011837412,
    0.046036296,
    -0.06411211,
    -0.024694394,
    -0.028012326,
    -0.17903005,
    0.01298659,
    0.01336677,
    0.017194487,
    0.04181976,
    -0.0062643234,
    0.046243668,
    -0.009323041,
    -0.053674452,
    -0.011223939,
    -0.014870208,
    0.053674452,
    -0.042476434,
    0.014827006,
    -0.019838464,
    -0.12801684,
    0.058478538,
    -0.031641312,
    -0.01608851,
    0.05885872,
    -0.041923445,
    -0.038052525,
    0.023934036,
    0.038709197,
    -0.02054698,
    0.043340478,
    -0.11260229,
    0.0007798003,
    -0.013997523,
    0.012658253,
    0.019803902,
    0.041992567,
    0.008834857,
    -0.023139115,
    -0.004821369,
    0.015786095,
    -0.050667576,
    0.06915813,
    0.015189905,
    -0.021082688,
    0.0018339347,
    -0.019406442,
    -0.044066276,
    0.0008683648,
    -0.015786095,
    0.012943388,
    -0.019855745,
    -0.009167514,
    0.015768815,
    -0.02227507,
    -0.028444348,
    -0.0107832765,
    0.019527407,
    0.0068475534,
    0.012675535,
    0.0060958345,
    0.014878849,
    0.020391453,
    -0.057026945,
    -0.0011329785,
    -0.015829297,
    0.13368498,
    0.023674823,
    -0.001510998,
    0.048179127,
    -0.00892558,
    0.04455014,
    0.038225334,
    0.019993993,
    0.047868073,
    -0.073547475,
    -0.025783092,
    0.010921524,
    -0.10299412,
    0.021030845,
    0.015725613,
    0.02828882,
    0.047868073,
    -0.006700666,
    -0.027753113,
    -0.04012623,
    -0.004091251,
    0.013651905,
    -0.038294457,
    0.002533811,
    -0.018870734,
    0.002533811,
    0.011915175,
    0.036670055,
    -0.038432706,
    -0.04358241,
    0.001646005,
    0.05830573,
    0.0121657485,
    0.0120620625,
    0.0008251626,
    -0.016546454,
    -0.018058533,
    -0.0036009059,
    -0.004493032,
    -0.053916384,
    0.024832642,
    -0.058651347,
    -0.013807433,
    0.014118489,
    -0.022050418,
    -0.018421432,
    -0.039780613,
    0.02459071,
    0.010714153,
    0.03718848,
    -0.045759805,
    -0.019199071,
    -0.040610097,
    -0.052361105,
    0.010757355,
    -0.033766862,
    -0.020391453,
    0.010221648,
    -0.03656637,
    -0.02500545,
    0.026474327,
    0.007966491,
    -0.0030500775,
    -0.060690492,
    -0.017350016,
    -0.009418086,
    0.028582595,
    -0.016053949,
    -0.04299486,
    0.037499536,
    0.011837412,
    0.008692289,
    0.035667762,
    0.009919232,
    -0.089238524,
    -0.040333603,
    -0.004855931,
    0.020598823,
    -0.047937196,
    0.011370827,
    -0.037326727,
    0.0686397,
    0.010722794,
    -0.006601301,
    -0.02129006,
    -0.0040242877,
    0.07963035,
    -0.002149311,
    -0.0083596315,
    -0.015163983,
    -0.024296934,
    -0.006527857,
    0.0050244196,
    -0.037257604,
    0.006640183,
    -0.086473584,
    -0.055056922,
    -0.05982645,
    0.0140839275,
    0.04455014,
    -0.047349647,
    -0.014446826,
    0.006450093,
    0.04399715,
    -0.029204708,
    -0.01957925,
    -0.06400842,
    0.06760285,
    -0.026284236,
    0.027977765,
    -0.012252153,
    0.016105792,
    0.03523574,
    0.020011274,
    0.103477985,
    -0.009841468,
    -0.041854322,
    -0.005944627,
    0.018922577,
    -0.015829297,
    -0.0028513472,
    0.013530939,
    -0.022171386,
    0.0736166,
    -0.00042716204,
    0.0006917757,
    0.022931743,
    0.0049941777,
    -0.019268194,
    0.014706039,
    0.000111110734,
    0.005849582,
    0.023692103,
    -0.013375411,
    -0.10748715,
    0.0091329515,
    -0.019095385,
    -0.021601114,
    -0.016010746,
    -0.0068302727,
    0.0012960669,
    -0.03777603,
    -0.0030630382,
    0.01880161,
    -0.0029312714,
    -0.06214209,
    -0.03388783,
    0.019337319,
    0.05885872,
    -0.03333484,
    0.045621555,
    0.022171386,
    -0.010878322,
    -0.011889254,
    0.007914648,
    -0.0818423,
    0.032280706,
    0.027528461,
    0.15635751,
    0.0078109633,
    -0.01705624,
    0.041439578,
    0.040540975,
    -0.03528758,
    -0.012364479,
    -0.040229917,
    0.050529327,
    0.0073919017,
    0.04358241,
    -0.00522315,
    0.02459071,
    -0.013902478,
    -0.0044174283,
    -0.031554908,
    0.009850109,
    -0.09953794,
    0.016892072,
    0.010731434,
    -0.090275384,
    0.072994485,
    0.04109396,
    -0.027856799,
    0.021341901,
    0.016114432,
    0.044964883,
    0.017868442,
    -0.005145386,
    0.04710771,
    -0.04375522,
    -0.017013038,
    0.014472747,
    0.010031558,
    0.013824713,
    0.061139796,
    -0.03060446,
    0.013081635,
    0.06255683,
    -0.056854136,
    -0.026405204,
    0.03316203,
    0.03157219,
    0.055920966,
    0.038052525,
    0.016771106,
    0.066082135,
    0.105966434,
    -0.04572524,
    0.008821895,
    -0.025109136,
    0.02459071,
    -0.0356332,
    -0.015138062,
    -0.015345433,
    0.13382323,
    -0.0051756273,
    0.033974234,
    -0.00986739,
    -0.04237275,
    -0.0017442901,
    -0.03622075,
    -0.008826216,
    0.081289314,
    -0.011120254,
    0.020581543,
    -0.0410594,
    -0.0150948595,
    0.07423871,
    -0.06075962,
    -0.049838092,
    0.059688203,
    0.08910028,
    -0.019924868,
    0.0143345,
    0.022482442,
    0.12746386,
    -0.0422345,
    -0.10548256,
    0.07762577,
    -0.014040725,
    0.014697399,
    -0.0162786,
    0.012666894,
    0.055886406,
    0.0051281047,
    0.029533045,
    -0.042649243,
    -0.014973893,
    0.07810963,
    0.007106767,
    -0.02227507,
    -0.030725427,
    0.07202676,
    0.0066704242,
    -0.059999257,
    -0.028375225,
    -0.05360533,
    -0.03214246,
    -0.02673354,
    -0.010515423,
    0.006527857,
    0.020184083,
    0.040955715,
    0.009746423,
    -0.021843048,
    0.011837412,
    0.0821188,
    -0.026785383,
    0.091657855,
    -0.027061878,
    -0.0011967018,
    -0.04067922,
    -0.04188888,
    -0.024780799,
    -0.015630567,
    0.015742892,
    0.005058981,
    0.008808935,
    -0.0821188,
    0.059308022,
    -0.030137876,
