{
  "chunk_index": 54,
  "token_start": 24300,
  "token_end": 24800,
  "text": " chung.\n\n5. Đối với người đã được giảm một phần hình phạt mà lại thực hiện hành vi phạm tội mới nghiêm trọng, rất nghiêm trọng hoặc đặc biệt\nnghiêm trọng, thì Tòa án chỉ xét giảm lần đầu sau khi người đó đã chấp hành được hai phần ba mức hình phạt chung hoặc trường hợp\nhình phạt chung là tù chung thân thì việc xét giảm án thực hiện theo quy định tại khoản 3 Điều này.\n\n                                                                                   ường hợp quy định tại điểm b hoặc điểm c khoản 3\n6. Đối với người bị kết án tử hình được ân giảm hoặc người bị kết án tử hình thuộc tr\nĐiều 40 của Bộ luật này thì thời gian đã chấp hành hình phạt để được xét giảm lần đầu là 25 năm và dù được giảm nhiều lần nhưng\nvẫn phải bảo đảm thời hạn thực tế chấp hành hình phạt là 30 năm.\n\nĐiều 64. Giảm thời hạn chấp hành hình phạt trong trường hợp đặc biệt\n\nNgười bị kết án có lý do đáng được khoan hồng thêm như đã lập công, đã quá già yếu hoặc mắc bệnh hiểm nghèo, thì Tòa án có thể\nxét giảm vào thời gian sớm hơn hoặc với mức cao hơn so với thời gian và mức quy định tại Điều 63 của",
  "embedding": [
    -0.00054655183,
    -0.05859117,
    0.074830405,
    -0.074440666,
    0,
    0.039071605,
    0.014712749,
    -0.012057633,
    -0.0011682102,
    0.05475871,
    -0.064794555,
    -0.051803168,
    -0.0017893609,
    0.0106772985,
    -0.10977724,
    -0.1401771,
    0.06762018,
    0.082105584,
    0.024618683,
    0.0199905,
    -0.005988219,
    -0.06950393,
    0.12205411,
    -0.021403315,
    -0.056902286,
    0.100748226,
    -0.00766492,
    -0.015435395,
    0.062066365,
    0.009605508,
    -0.12237889,
    -0.01701872,
    -0.008188635,
    0.017765725,
    -0.0026652648,
    0.012414897,
    0.0017528227,
    0.019194778,
    0.091459386,
    -0.023887917,
    -0.054986056,
    -0.0023445399,
    -0.017473418,
    0.03663572,
    -0.017830683,
    -0.012341821,
    -0.006361721,
    -0.020981094,
    -0.039851088,
    0.025138339,
    0.01680761,
    0.0025901583,
    0.0034224193,
    0.0052249744,
    -0.033290435,
    -0.19785887,
    0.041410055,
    -0.0028905843,
    -0.0068083,
    -0.06167662,
    0.012341821,
    -0.00075867685,
    0.11133621,
    -0.015898213,
    -0.031228052,
    -0.02341698,
    -0.0016919255,
    -0.07690903,
    0.007912568,
    -0.0027789394,
    -0.10919263,
    0.09776021,
    -0.06807488,
    -0.0022166558,
    0.08067653,
    -0.009134571,
    -0.026989613,
    0.000617091,
    -0.0027728498,
    -0.0027160123,
    0.092823476,
    0.023806721,
    -0.021240922,
    0.058850996,
    -0.0043886537,
    0.061806537,
    -0.026810981,
    0.040045958,
    0.003982673,
    -0.037317768,
    0.031617794,
    -0.04027331,
    0.016856328,
    -0.008143977,
    0.027606703,
    -0.041182704,
    0.0075877835,
    -0.015719581,
    -0.020672549,
    0.0024094968,
    0.0039055366,
    -0.02978276,
    -0.0032234886,
    0.011196954,
    -0.010669178,
    0.01684009,
    0.0003450838,
    0,
    0.002383108,
    0.017148634,
    0.018058032,
    0.023546893,
    0.045664735,
    -0.072427,
    0.008403805,
    0.056772374,
    0.059987742,
    -0.058656123,
    -0.050991204,
    0.06063731,
    0.0012727502,
    0.036668196,
    0.0153136,
    -0.04663909,
    0.022199037,
    -0.013787112,
    -0.030042589,
    0.0129670305,
    -0.027801573,
    0.04706131,
    -0.02958789,
    -0.017749486,
    -0.04959463,
    0.0064185583,
    0.027363114,
    -0.0728817,
    0.0055659986,
    0.007928807,
    0.007591843,
    0.011123877,
    -0.01363284,
    -0.008809786,
    -0.0028885542,
    0.090420075,
    -0.014810184,
    -0.0089397,
    0.030351134,
    0.0023323605,
    0.035921194,
    -0.030513527,
    0.029831478,
    -0.026859699,
    -0.025511842,
    -0.013364892,
    -0.0071818028,
    -0.029799,
    -0.006434798,
    -0.04878267,
    -0.0025678293,
    0.01212259,
    -0.005699972,
    0.028012684,
    -0.040240828,
    -0.029116953,
    0.004879891,
    0.027395593,
    -0.017473418,
    0.027135765,
    -0.019600758,
    0.042774152,
    0.034946837,
    0.019714434,
    -0.030822072,
    -0.013007629,
    -0.021143487,
    -0.0038852375,
    -0.0052655726,
    -0.11373962,
    -0.034816924,
    -0.015849495,
    0.016986242,
    -0.032657105,
    -0.00553352,
    -0.03764255,
    -0.046086956,
    0.00035523332,
    0.0005698957,
    -0.030253699,
    0.06437234,
    0.032738302,
    -0.019974262,
    0.037804943,
    0.033111803,
    0.016791372,
    -0.021257162,
    0.008245473,
    -0.0020593381,
    0.060474917,
    0.04495021,
    -0.0089397,
    0.042904064,
    -0.03046481,
    0.020786224,
    -0.050276678,
    -0.008322609,
    -0.001955813,
    0.018707601,
    -0.005346769,
    0.037382726,
    -0.036505803,
    0.036473326,
    -0.043131415,
    -0.015159328,
    -0.0387793,
    0.03442718,
    0.021224683,
    -0.043813463,
    -0.025040904,
    -0.0129670305,
    0.08639274,
    -0.0040598093,
    0.008801666,
    0.021646904,
    -0.04637926,
    -0.032283604,
    -0.02534945,
    0.016101204,
    0.039558783,
    0.018772557,
    0.0032539372,
    0.087561965,
    0.010945246,
    -0.037187852,
    -0.026063975,
    0.018269142,
    -0.023806721,
    0.083534636,
    0.010782854,
    -0.008277951,
    0.014802065,
    0.09386279,
    0.042904064,
    0.02874345,
    0.020428961,
    0.024634922,
    -0.014371725,
    0.018869994,
    -0.016823849,
    -0.009491834,
    -0.010531145,
    -0.08080644,
    -0.0044617304,
    -0.030367373,
    -0.012755921,
    -0.06492447,
    0.019811869,
    0.017554615,
    -0.004270919,
    -0.021874253,
    0.04745105,
    0.049757022,
    0.037220333,
    -0.0026977432,
    -0.0328195,
    0.049854457,
    0.0064144987,
    0.0046322425,
    -0.038194686,
    -0.050731376,
    -0.021435793,
    0.07983209,
    -0.002616547,
    2.7149974e-05,
    0.02128964,
    0.11757208,
    0.060994573,
    -0.031439163,
    -0.016011888,
    -0.028938321,
    0.024992187,
    -0.050049327,
    -0.0077745346,
    -0.06294328,
    0.020721266,
    0.059662957,
    -0.01149738,
    -0.12647118,
    0.022864847,
    -0.029685326,
    0.008338848,
    0.038454514,
    0.056480065,
    0.014387964,
    -0.0014290529,
    -0.03868186,
    -0.021208443,
    -0.0017944357,
    0.022052884,
    0.016856328,
    0.05898091,
    -0.0071412046,
    -0.010190121,
    -0.020834941,
    -0.026746023,
    -0.04952967,
    0.12107975,
    0.028792167,
    0.054206572,
    0.054109138,
    0.13537028,
    0.02109477,
    0.0066174893,
    0.03764255,
    -0.018756319,
    -0.03150412,
    0.03793486,
    0.045664735,
    -0.015167448,
    -0.043943375,
    -0.01893495,
    0.016109323,
    0.019064864,
    0.04537243,
    0.03657076,
    0.03812973,
    0.038032293,
    -0.04624935,
    0.011749088,
    -0.006455097,
    0.029717803,
    -0.053557005,
    0.070543244,
    0.087561965,
    0.0040943176,
    -0.058168948,
    -0.017587094,
    -0.061611667,
    0.02788277,
    -0.025138339,
    0.050601464,
    -0.020948615,
    -0.0075715445,
    0.050081808,
    -0.043131415,
    -0.010790973,
    0.028223794,
    0.083924375,
    0.014193093,
    0.11679259,
    0.06281337,
    0.019438367,
    -0.03936391,
    0.030481048,
    -0.008541838,
    0.057746727,
    0.032884456,
    0.00083378336,
    0.009735422,
    0.016515303,
    -0.047645923,
    0.004088228,
    -0.029863957,
    -0.016101204,
    0.043098934,
    0.037122898,
    0.013925145,
    -0.053492047,
    0.044495508,
    0.042904064,
    -0.022864847,
    0.0032620567,
    -0.06193645,
    0.05810399,
    0.0070112906,
    0.05407666,
    -0.008160217,
    -0.016361032,
    -0.055668104,
    -0.02724944,
    0.032851975,
    0.039851088,
    0.12744553,
    -0.004952967,
    0.026502434,
    -0.026957134,
    -0.061221924,
    -0.023270827,
    0.03748016,
    -0.01212259,
    0.03194258,
    -0.026080215,
    -0.08502865,
