{
  "chunk_index": 198,
  "token_start": 89100,
  "token_end": 89600,
  "text": "đ) Thuốc bảo vệ thực vật mà Nhà nước cấm kinh doanh, cấm lưu hành, cấm sử dụng từ 100 kilôgam đến dưới 300 kilôgam hoặc từ 100\nlít đến dưới 300 lít;\n\ne) Thuốc lá điếu nhập lậu từ 3.000 bao đến dưới 4.500 bao;\n\ng) Pháo nổ từ 40 kilôgam đến dưới 120 kilôgam;\n\nh) Hàng hóa khác mà Nhà nước cấm kinh doanh, cấm lưu hành, cấm sử dụng trị giá từ 300.000.000 đồng đến dưới 500.000.000 đồng\nhoặc thu lợi bất chính từ 200.000.000 đồng đến dưới 500.000.000 đồng;\n\ni) Hàng hóa chưa được phép lưu hành, chưa được phép sử dụng tại Việt Nam trị giá từ 500.000.000 đồng đến dưới 1.000.000.000 đồng\nhoặc thu lợi bất chính từ 300.000.000 đồng đến dưới 700.000.000 đồng;\n\nk) Vận chuyển qua biên giới, trừ hàng hóa là thuốc lá điếu nhập lậu;\n\nl) Tái phạm nguy hiểm.\n\n3.127 Phạm tội thuộc một trong các trường hợp sau đây, thì bị phạt tù từ 05 năm đến 10 năm:\n\na) Thuốc bảo vệ thực vật mà Nhà nước cấm kinh doanh, cấm lưu hành, cấm sử dụng 300 kilôgam trở lên hoặc 300 lít trở l",
  "embedding": [
    -0.0005280252,
    -0.004847262,
    -0.10734442,
    -0.17220205,
    -0.002733307,
    0.035840813,
    0.05393924,
    0.028364087,
    0.011882653,
    0.07613206,
    -0.080167115,
    -0.07340246,
    0.0038273716,
    -0.12508681,
    0.028230574,
    -0.10663235,
    0.025664158,
    -0.08699111,
    0.065094985,
    0.0011422776,
    -0.009227229,
    0.09755347,
    0.116898015,
    -0.08325275,
    -0.11885621,
    0.06699384,
    -0.031123355,
    0.024714733,
    0.03993521,
    0.015094382,
    -0.039430827,
    -0.0097983675,
    -0.002855694,
    0.000121575606,
    -0.00533681,
    -0.008708012,
    -0.02622788,
    0.0023438942,
    0.018751154,
    -0.10455548,
    -0.023097742,
    -0.08058249,
    0.071681626,
    0.004991901,
    0.05895339,
    -0.030188764,
    -0.006990887,
    0.012387036,
    -0.07767487,
    -0.035662796,
    0.028868468,
    0.038956117,
    0.090729475,
    -0.009531342,
    0.13731067,
    -0.10099514,
    -0.005792979,
    -0.0057076793,
    -0.055541392,
    0.10283465,
    -0.012320279,
    -0.014441652,
    0.049518473,
    -0.0152946515,
    -0.011652715,
    -0.023513116,
    0.035692465,
    0.042753816,
    0.02131757,
    -0.023513116,
    -0.08823723,
    -0.010258246,
    -0.04797566,
    -0.019418718,
    0.1036654,
    -0.035039734,
    -0.010102481,
    0.036968257,
    0.11209155,
    0.015947381,
    0.043406546,
    -0.021391744,
    0.012023584,
    -0.10627632,
    0.0057373485,
    0.05886438,
    0.04919211,
    0.027681688,
    -0.053612873,
    0.036997925,
    0.0126837315,
    0.07257171,
    0.021732943,
    0.014552913,
    -0.001064395,
    0.0055444967,
    -0.008277804,
    0.0072245346,
    0.018409954,
    0.0050364058,
    -0.035544116,
    -0.027310818,
    0.046996564,
    0.0051217056,
    -0.043584563,
    -0.009768698,
    -0.0063826614,
    0.0014825502,
    -0.00052756164,
    0.004862097,
    0.019062685,
    0.00097260484,
    -0.055215027,
    -0.07245304,
    0.0060303356,
    0.016600111,
    -0.07031683,
    -0.07286841,
    -0.04313952,
    -0.092747,
    -0.017148998,
    0.041418687,
    0.0014167209,
    0.04515705,
    0.03993521,
    -0.1088279,
    -0.00013838062,
    0.0049214363,
    -0.11867819,
    -0.017282512,
    -0.03349692,
    -0.041507695,
    0.092034936,
    0.00786243,
    -0.06319614,
    0.021643935,
    0.029328348,
    -0.0024551551,
    -0.045483414,
    0.033734273,
    -0.030440954,
    -0.023394438,
    0.026391063,
    -0.0137221655,
    -0.04643284,
    -0.038896777,
    0.045898788,
    -0.0011357873,
    0.01541333,
    -0.00624544,
    0.024121342,
    -0.025871845,
    0.0095387595,
    0.010436263,
    -0.002353166,
    -0.024136176,
    -0.020560997,
    0.045661435,
    0.025931183,
    -0.0058597354,
    -0.015235312,
    0.0326365,
    -0.04521639,
    0.02398783,
    0.0017801728,
    0.01731218,
    -0.00087478803,
    0.0028705287,
    -0.013225201,
    -0.10425879,
    0.00040169785,
    0.007958856,
    -0.016244076,
    0.008611586,
    -0.018454459,
    0.0024718442,
    -0.0034972979,
    -0.0034064348,
    -0.012238688,
    -0.011192837,
    -0.027147636,
    0.048776735,
    -0.00035974325,
    -0.012186767,
    -0.007684413,
    -0.020991204,
    -0.025960853,
    0.004175989,
    0.022801047,
    0.038036358,
    -0.018662145,
    0.048034996,
    -0.019092353,
    0.013729583,
    -0.025026264,
    0.0398462,
    0.010562358,
    -0.016362755,
    0.038273714,
    0.029120661,
    -0.010725541,
    0.080285795,
    0.036552884,
    0.021035708,
    -0.003641937,
    -0.03275518,
    0.011526619,
    0.01793524,
    0.013633157,
    0.02656908,
    0.028082225,
    -0.023869151,
    -0.019047849,
    -0.013410635,
    0.008077534,
    0.02659875,
    -0.020739013,
    -0.03210245,
    0.0070687695,
    -0.02597569,
    0.0121645145,
    -0.026628418,
    0.013373548,
    0.01665945,
    -0.022949394,
    -0.0073580476,
    0.01501279,
    0.03806603,
    0.039519835,
    0.008552247,
    0.0040128063,
    -0.0048769317,
    -0.0027518505,
    -0.020709343,
    -0.00851516,
    0.06634111,
    0.07613206,
    0.021836787,
    0.0012155243,
    0.00902696,
    0.053494193,
    -0.027147636,
    -0.055333704,
    0.0029317222,
    -0.0029984787,
    -0.020501656,
    0.03139038,
    0.008389064,
    0.007595404,
    -0.009382994,
    -0.032992538,
    0,
    0.00083677395,
    -0.062721424,
    -0.038273714,
    0.034950726,
    -0.019448388,
    -0.045483414,
    -0.0008947223,
    0.015532007,
    0.035811145,
    -0.02741466,
    -0.0072504957,
    -0.038540743,
    0.024269689,
    0.06871467,
    0.070376165,
    0.03587048,
    0.001807988,
    -0.0132029485,
    0.047649294,
    -0.062365387,
    0.019819258,
    0.012691149,
    0.025768002,
    0.0028482764,
    0.0069018784,
    -0.015828703,
    0.013069435,
    0.011244758,
    -0.05239642,
    0.0011700927,
    -0.019893432,
    -0.028319582,
    0.019077519,
    -0.045097712,
    0.01160821,
    -0.0036994216,
    -0.0020064032,
    -0.01771272,
    0.022266995,
    0.11143882,
    -0.011927158,
    -1.006128e-05,
    0.04578011,
    0.03845173,
    -0.018039085,
    0.0015261273,
    0.019492893,
    -0.0016920913,
    -0.0034249783,
    0.007365465,
    -0.0036233934,
    -0.016674286,
    0.004550567,
    -0.020961534,
    -0.02358729,
    -0.00072273164,
    -0.031153025,
    -0.04459333,
    0.0463735,
    0.054799654,
    -0.007684413,
    0.015591347,
    0.008411316,
    0.06260274,
    0.005967288,
    0.0040795626,
    -0.06859599,
    0.0005600127,
    0.06616309,
    -0.005270053,
    -0.028898139,
    0.0066014742,
    -0.06289944,
    0.031420052,
    0.026302053,
    0.034950726,
    -0.039074793,
    0.08883063,
    -0.0944085,
    0.026717426,
    0.105386235,
    -0.01160821,
    -0.008478073,
    0.0052403836,
    -0.016837468,
    0.031153025,
    -0.029506365,
    -0.0012127428,
    0.0002475553,
    0.01796491,
    0.0025441637,
    -0.11600793,
    0.087821856,
    0.0025812506,
    -0.040973645,
    0.045631763,
    -0.017697886,
    -0.043762583,
    0.081709936,
    0.046343833,
    0.009561012,
    0.011415359,
    0.012179349,
    -0.00036947857,
    -0.015138886,
    0.050082196,
    0.091500886,
    -0.13363165,
    0.020130787,
    -0.032221127,
    0.02054616,
    -0.003994263,
    -0.13956554,
    0.0073802997,
    -0.0051217056,
    0.0038422064,
    -0.0046247407,
    -0.012349949,
    -0.018068755,
    0.0051958794,
    0.06218737,
    -0.050527237,
    0.03812537,
    -0.012223854,
    -0.05367221,
    0.013900183,
    -0.03278485,
    0.0025497267,
    -0.01572486,
    0.010896141,
    -0.01873632,
    0.017668216,
    -0.00010807364,
    -0.062840104,
    -0.03017393,
    0.045602094,
    0.07280907,
    0.023231255,
    0.025782837,
    0.058834713,
    -0.04572077,
    0.0049659405,
    -0.032013442,
    -0.07476726,
    0.0027926462,
