{
  "chunk_index": 19,
  "token_start": 8550,
  "token_end": 9050,
  "text": " phải gây một thiệt hại nhỏ hơn thiệt hại cần ngăn ngừa.\n\nHành vi gây thiệt hại trong tình thế cấp thiết không phải là tội phạm.\n\n2. Trong trường hợp thiệt hại gây ra rõ ràng vượt quá yêu cầu của tình thế cấp thiết, thì người gây thiệt hại đó phải chịu trách nhiệm\n\fhình sự.\n\nĐiều 24. Gây thiệt hại trong khi bắt giữ người phạm tội\n\n1. Hành vi của người để bắt giữ người thực hiện hành vi phạm tội mà không còn cách nào khác là buộc phải sử dụng vũ lực cần thiết\ngây thiệt hại cho người bị bắt giữ thì không phải là tội phạm.\n\n2. Trường hợp gây thiệt hại do sử dụng vũ lực rõ ràng vượt quá mức cần thiết, thì người gây thiệt hại phải chịu trách nhiệm hình sự.\n\nĐiều 25. Rủi ro trong nghiên cứu, thử nghiệm, áp dụng tiến bộ khoa học, kỹ thuật và công nghệ\n\nHành vi gây ra thiệt hại trong khi thực hiện việc nghiên cứu, thử nghiệm, áp dụng tiến bộ khoa học, kỹ thuật và công nghệ mới mặc dù\nđã tuân thủ đúng quy trình, quy phạm, áp dụng đầy đủ biện pháp phòng ngừa thì không phải là tội",
  "embedding": [
    -0.00052482006,
    0.015574212,
    -0.07675646,
    -0.12507568,
    -0.0008091172,
    0.14447567,
    -0.024460852,
    0.011883997,
    0.011176079,
    -0.018390825,
    -0.043439098,
    -0.043167982,
    0.012878097,
    -0.045156177,
    -0.02580138,
    -0.14893405,
    0.062477592,
    0.10760365,
    0.06073039,
    0.013525766,
    -0.022909455,
    0.03548631,
    0.042776365,
    -0.05298847,
    0.062357098,
    0.12941357,
    -0.037685376,
    -0.055458654,
    0.08073286,
    0.048138473,
    -0.08392603,
    -0.019580731,
    0.043559596,
    0.0405773,
    0.009903331,
    -0.0013847719,
    0.02101163,
    0.0018874696,
    -0.007595064,
    -0.019686166,
    -0.049132574,
    0.0076666093,
    0.045788787,
    0.011273983,
    -0.009074916,
    -0.017938962,
    -0.023346256,
    -0.022999829,
    -0.050518285,
    -0.008992074,
    0.027714266,
    0.019128868,
    0.1360409,
    0.008999606,
    0.04762636,
    -0.04235463,
    0.022397343,
    -0.016764117,
    -0.030786933,
    0.07838317,
    -0.0004532751,
    -0.043710217,
    -0.023180572,
    -0.036390036,
    -0.011130893,
    -0.022623276,
    0.041029163,
    -0.0133299595,
    0.030741747,
    -0.014708142,
    -0.05211487,
    0.023481816,
    -0.029009607,
    0.031961776,
    0.06952666,
    -0.020454332,
    -0.017170794,
    0.029265663,
    0.090071365,
    0.039101213,
    0.046331022,
    0.04590928,
    -0.0024607708,
    -0.10784464,
    -0.00974518,
    0.1019403,
    0.067417964,
    0.01971629,
    -0.05169313,
    -0.0032854208,
    -0.011786094,
    -0.007847355,
    0.023783058,
    -0.05500679,
    -0.004036643,
    0.013284773,
    -0.06428505,
    -0.052235365,
    -0.071153365,
    -0.01240364,
    0.027413024,
    -0.022547966,
    0.0867577,
    0.03132917,
    -0.016733995,
    -0.008788736,
    -0.021629177,
    0.027699204,
    0.051723253,
    0.01921924,
    0.003402152,
    0.05943505,
    -0.05163288,
    -0.0481686,
    0.005870454,
    0.05350058,
    0.0012539199,
    -0.07476827,
    -0.0013584133,
    0.07000864,
    -0.023572188,
    0.03160029,
    -0.031299047,
    -0.029868146,
    0.005550384,
    -0.05298847,
    -0.0004817519,
    0.010739278,
    -0.069647156,
    0.027232278,
    0.012644634,
    -0.0658515,
    -0.00043703627,
    0.011891529,
    -0.017215982,
    0.026057435,
    -0.0076477816,
    0.014738265,
    -0.026931036,
    0.04795773,
    -0.024897652,
    -0.0043002297,
    0.028376998,
    0.022834145,
    -0.033980098,
    -0.07440678,
    -0.000157093,
    -5.6512297e-05,
    0.03241364,
    0.0142035615,
    0.026208056,
    -0.018902937,
    -0.04801798,
    0.031299047,
    0.00010190452,
    0.028663177,
    0.010904961,
    -0.04389096,
    -0.011733376,
    -0.03479345,
    0.00875108,
    0.026177932,
    0.00087783806,
    0.016733995,
    -0.005271735,
    0.0100690145,
    -0.012494013,
    0.020740513,
    0.011002865,
    -0.11929184,
    0.03651053,
    -0.04066767,
    0.0020371492,
    0.019806663,
    -0.0273829,
    -0.04509593,
    -0.027970321,
    -0.091577575,
    -0.01927949,
    -0.028663177,
    -0.0012266198,
    -0.006604731,
    0.052446235,
    -0.020966444,
    0.009361096,
    -0.018797502,
    -0.027352775,
    0.01584533,
    0.07097262,
    0.065490015,
    0.013510704,
    0.008562804,
    -0.023933679,
    0.048710834,
    -0.03892047,
    -0.011206203,
    -0.021418307,
    -0.044403072,
    0.061634116,
    -0.03141954,
    0.018887874,
    0.029627152,
    0.05211487,
    -0.022668462,
    -0.0005836564,
    -0.024310231,
    0.011078175,
    0.024701845,
    0.023029951,
    0.024927776,
    0.03292575,
    0.041330405,
    -0.018722191,
    0.07850367,
    0.01075434,
    0.013683919,
    -0.029702462,
    -0.024430728,
    0.012237957,
    -0.010227166,
    -0.049584437,
    -0.03175091,
    -0.02394874,
    0.02896442,
    -0.03563693,
    -0.001622,
    0.020198278,
    0.029762711,
    0.004424492,
    0.00982049,
    0.08669745,
    -0.028301688,
    -0.01146979,
    -0.05657325,
    -0.024912715,
    0.0076402505,
    -0.013578484,
    -0.0012285026,
    0.011868935,
    -0.021764737,
    0.04560804,
    0.015995951,
    0.03010914,
    0.033528235,
    -0.02036396,
    -0.01584533,
    -0.0064654066,
    -0.03506457,
    0.0146253,
    -0.03620929,
    -0.045126054,
    -0.008073286,
    -0.035395935,
    -0.05142201,
    -0.0249579,
    0.03720339,
    0.015047039,
    -0.017020173,
    -0.012682289,
    0.1435117,
    0.048138473,
    -0.08567323,
    -0.0019298317,
    -0.014150844,
    0.04259562,
    0.022502778,
    0.038890343,
    -0.017743155,
    -0.011093237,
    -0.03979407,
    -0.044704314,
    -0.029973581,
    0.0212225,
    -0.0030670203,
    0.13110052,
    -0.022035854,
    0.0070641255,
    -0.026238179,
    0.032564264,
    -0.0030255995,
    -0.034522336,
    0.028181192,
    0.03010914,
    -0.007131905,
    -0.005893047,
    -0.032112397,
    0.03289563,
    0.048951827,
    -0.009218005,
    0.014354182,
    0.028979482,
    0.030214574,
    0.008653177,
    -0.0021990668,
    -0.02143337,
    0.0076440163,
    0.008788736,
    0.054313935,
    0.010694091,
    -0.0013273476,
    0.014896418,
    -0.008434776,
    0.050729156,
    -0.01763772,
    -0.0064390483,
    0.021764737,
    0.00061001506,
    0.012674758,
    -0.08434776,
    0.018330576,
    0.005271735,
    0.039914567,
    0.04660214,
    -0.024129486,
    -0.033799354,
    -0.034100596,
    0.015370874,
    0.0404568,
    -0.020273589,
    -0.027729327,
    0.010144325,
    0.012674758,
    0.01570977,
    0.0019194764,
    -0.030832121,
    0.08043162,
    0.048801206,
    -0.020032594,
    -0.0036149041,
    0.031058053,
    -0.0658515,
    -0.020665202,
    0.050879776,
    0.0061039166,
    -0.02387343,
    -0.01247895,
    0.019912098,
    0.050156794,
    -0.018164894,
    -0.024566287,
    -0.008992074,
    -0.09501173,
    0.14146325,
    -0.007448209,
    0.112423524,
    -0.004322823,
    0.106760174,
    -0.02307514,
    0.051723253,
    -0.03346799,
    -0.045336924,
    0.038317986,
    0.05506704,
    0.024972964,
    0.02229191,
    0.0716956,
    0.020379022,
    0.04084842,
    0.08145584,
    -0.037655253,
    0.017788341,
    -0.035968296,
    0.001705783,
    -0.006646152,
    -0.010370256,
    0.0039613326,
    -0.04151115,
    0.008434776,
    -0.0003567835,
    -0.04596953,
    -0.040065188,
    0.03449221,
    0.015724834,
    -0.054344058,
    0.03898072,
    0.028151067,
    0.004567582,
    -0.054735675,
    -0.04566829,
    0.028256502,
    0.027940197,
    0.06808069,
    -0.027322652,
    0.0812751,
    -0.02150868,
    0.003537711,
    -0.015393467,
    -0.06368256,
    -0.022322033,
    0.036149044,
    -0.03642016,
    -0.032323267,
    -0.0368419,
    -0.005870454,
    0.0658515,
    -0.07043038,
    0.004812341,
    0.0367214,
    -0.033889726,
