{
  "chunk_index": 544,
  "token_start": 244800,
  "token_end": 245300,
  "text": "ăm, có thể bị phạt tiền từ 30.000.000 đồng đến\n100.000.000 đồng, tịch thu một phần hoặc toàn bộ tài sản.\n\nĐiều 356. Tội lợi dụng chức vụ, quyền hạn trong khi thi hành công vụ\n\n1. Người nào vì vụ lợi hoặc động cơ cá nhân khác mà lợi dụng chức vụ, quyền hạn làm trái công vụ gây thiệt hại về tài sản từ\n10.000.000 đồng đến dưới 200.000.000 đồng hoặc gây thiệt hại khác360 đến lợi ích của Nhà nước, quyền, lợi ích hợp pháp của tổ\nchức, cá nhân, thì bị phạt cải tạo không giam giữ đến 03 năm hoặc phạt tù từ 01 năm đến 05 năm.\n\n2. Phạm tội thuộc một trong các trường hợp sau đây, thì bị phạt tù từ 05 năm đến 10 năm:\n\na) Có tổ chức;\n\nb) Phạm tội 02 lần trở lên;\n\nc) Gây thiệt hại về tài sản từ 200.000.000 đồng đến dưới 1.000.000.000 đồng.\n\n3. Phạm tội gây thiệt hại về tài sản 1.000.000.000 đồng trở lên, thì bị phạt tù từ 10 năm đến 15 năm.\n\n4. Người phạm tội còn bị cấm đảm nhiệm chức vụ nhất định từ 01 năm đến 05 năm, có thể bị phạt",
  "embedding": [
    -0.00041234415,
    0.027348537,
    -0.095727615,
    -0.11372292,
    -0.0026513704,
    0.024782198,
    0.09906695,
    -0.052130733,
    0.015970062,
    0.023483567,
    -0.124483,
    -0.011695404,
    0.00821693,
    0.031538166,
    -0.07173387,
    -0.12355541,
    -0.00808552,
    0.017160473,
    0.09987086,
    0.0064506372,
    0.002927716,
    0.015800003,
    0.09183172,
    -0.026065366,
    -0.049224276,
    0.064746,
    -0.012970844,
    -0.0030127452,
    0.01486468,
    -0.017918007,
    -0.04752369,
    0.0012396895,
    -0.014346774,
    -0.044462632,
    -0.0061259796,
    -0.006628426,
    -0.023529947,
    0.01751605,
    -0.019525835,
    -0.037103724,
    0.0061143846,
    0.08088612,
    0.02020607,
    0.021226423,
    0.055933867,
    -0.11761881,
    -0.004483367,
    0.025910769,
    -0.046936214,
    -0.05658318,
    0.01768611,
    0.0073936903,
    0.089110784,
    -0.012313799,
    0.04341136,
    -0.13258398,
    0.074825846,
    -0.012646186,
    0.019000199,
    0.081751876,
    0.0109687885,
    0.014779651,
    0.047894727,
    -0.026451865,
    -0.019340318,
    -0.02717848,
    0.010319473,
    -0.067776136,
    0.01483376,
    -0.03908259,
    -0.08731744,
    -0.15422782,
    -0.0328368,
    0.024936795,
    0.01485695,
    -0.03110529,
    -0.019185718,
    -0.01213601,
    0.07346538,
    0.0086729955,
    -0.066972226,
    -0.01890744,
    -0.02172114,
    -0.07748495,
    0.016789436,
    0.110569105,
    -0.00741688,
    0.0039132833,
    -0.054882593,
    0.02025245,
    0.04341136,
    0.09745912,
    0.054758914,
    -0.02161292,
    0.011216147,
    -0.010218984,
    -0.037505683,
    -0.01624834,
    0.019386696,
    -0.012708026,
    0.00030726523,
    -0.068332694,
    0.007594669,
    0.015684053,
    -0.033578873,
    0.016696677,
    -0.033949908,
    0.01355059,
    0.05451156,
    0.0326822,
    0.00203684,
    -0.0018967347,
    -0.048884157,
    -0.019634055,
    -0.005376175,
    0.035805095,
    -0.016000982,
    -0.05383132,
    -0.010466343,
    0.002510299,
    0.006392663,
    0.03648533,
    -0.011061548,
    0.006616831,
    0.011935032,
    -0.013334151,
    -0.02034521,
    -0.02300431,
    -0.07031156,
    -0.011873192,
    -0.051666938,
    -0.059860677,
    -0.040164784,
    0.02727124,
    -0.056119386,
    0.015119768,
    0.03209472,
    0.007814972,
    -0.04761645,
    0.03954639,
    -0.01353513,
    -0.005117222,
    0.03258944,
    -0.029652061,
    -0.037227403,
    -0.04999727,
    0.0121282805,
    -0.0076371836,
    0.015313016,
    -0.0006266085,
    0.029883958,
    -0.029049125,
    -0.02155108,
    -0.00012645703,
    -0.08360706,
    -0.010450883,
    -0.02977574,
    0.045173787,
    0,
    0.013403721,
    0.025864389,
    0.003119032,
    -0.07903094,
    -0.07909278,
    -0.011579454,
    0.045142867,
    -0.017856168,
    0.046565175,
    -0.031383567,
    -0.033888068,
    -0.01345783,
    0.016712137,
    0.018118987,
    -0.008804405,
    0.00022296053,
    0.034568306,
    -0.014540022,
    -0.1055601,
    -0.001798178,
    -0.06273621,
    0.0033296729,
    0.01893836,
    0.1224423,
    0.0030881122,
    -0.010574562,
    -0.019912332,
    -0.018721921,
    0.0082710385,
    0.04959531,
    0.0378458,
    0.046719775,
    -0.0006840999,
    0.0034204996,
    0.03945363,
    -0.017948927,
    -0.007559884,
    -0.0011904112,
    -0.005039923,
    0.011811352,
    -0.010103035,
    0.047925644,
    0.06060275,
    0.06530256,
    0.029590221,
    -0.022262236,
    -0.030146778,
    0.025926229,
    0.0161092,
    0.04746185,
    -0.005376175,
    0.02178298,
    -0.046286896,
    -0.022169476,
    0.011502155,
    -0.0073627704,
    0.0378458,
    -0.026529163,
    -0.027286699,
    0.03379531,
    0.01090695,
    0.026637383,
    -0.012630726,
    0.0066786706,
    0.01753151,
    0.01612466,
    0.016016442,
    -0.025137775,
    0.0046534254,
    0.01762427,
    0.025988068,
    0.02849257,
    0.06115931,
    -0.034722902,
    -0.03277496,
    0,
    0.03521762,
    0.025338752,
    0.0013034616,
    0.011285717,
    0.03642349,
    0.13443917,
    -0.029512921,
    0.014308124,
    -0.0030030827,
    -0.0060564103,
    -0.040968698,
    0.0026996825,
    -0.014617322,
    0.0022784006,
    -0.031909205,
    -0.0113320965,
    -0.035774175,
    -0.0113475565,
    -0.02710118,
    -0.0009425699,
    0.010172605,
    0.027673196,
    -0.0436278,
    -0.018196285,
    0.03951547,
    0.07235227,
    -0.15323839,
    0.0060370853,
    -0.0348775,
    0.003843714,
    0.02305069,
    0.06468416,
    -0.008340608,
    0.033888068,
    0.01615558,
    0.12021607,
    -0.028044233,
    -0.00472686,
    -0.0019266882,
    0.031167129,
    0.01770157,
    -0.0007556019,
    0.016480237,
    0.0028310916,
    -0.074825846,
    -0.033084154,
    0.028569868,
    0.08379258,
    -0.012561157,
    0.0046920753,
    -0.038680635,
    0.0833597,
    0.016603917,
    0.020407049,
    -0.025122315,
    0.0013363139,
    0.016944034,
    -0.0023421727,
    -0.00822466,
    -0.00011860631,
    0.058531128,
    -0.005917271,
    -0.0061568995,
    -0.02280333,
    0.019092958,
    -0.0050863023,
    0.007807242,
    0.0016744989,
    -0.022076717,
    0.015792273,
    0.034073588,
    -0.0037780094,
    -0.018118987,
    -0.031878285,
    -0.0032697658,
    0.0028310916,
    0.010234444,
    0.017840708,
    -0.010265364,
    -0.028770847,
    -0.01757789,
    -0.0024619868,
    0.04746185,
    -0.03527946,
    -0.07457849,
    0.0025276912,
    0.06292173,
    0.005839972,
    0.03527946,
    -0.016681217,
    0.027936013,
    0.06323093,
    0.024503918,
    -0.04307124,
    0.057201575,
    0.02277241,
    0.023514487,
    0.025972608,
    0.061715864,
    0.013983467,
    -0.008943544,
    -0.037969477,
    0.038124077,
    0.0053491206,
    0.0024156072,
    -0.069198444,
    0.0019402156,
    -0.0101957945,
    -0.10710609,
    0.07637183,
    -0.050801184,
    0.13208926,
    0.026018988,
    -0.06329277,
    -0.0024967715,
    0.08527673,
    -0.0049432986,
    0.11390844,
    -0.04603954,
    -0.0021411942,
    0.04607046,
    0.0125070475,
    0.018675542,
    0.110630944,
    -0.12547243,
    0.011494425,
    -0.013125443,
    -0.023777304,
    0.0105822915,
    -0.046379656,
    -0.004170304,
    -0.007196577,
    0.042081807,
    -0.029482001,
    -0.011772702,
    -0.0066825356,
    -0.067219585,
    0.0656736,
    -0.033578873,
    0.104446985,
    0.010404503,
    0.018598242,
    0.048296683,
    -0.049224276,
    -0.010435423,
    -0.010458613,
    0.09040941,
    -0.048822317,
    0.074702166,
    0.011409395,
    -0.028678088,
    -0.04047398,
    0.029543841,
    0.026606463,
    0.055624668,
    -0.022633273,
    -0.04962623,
    -0.03942271,
    0.009577399,
    0.021288263,
    -0.06499336,
    -0.0077685923,
    0.059891596,
    -0.007838162,
    -0.029605681,
    0.019448536,
    -0.0030939097,
