{
  "chunk_index": 635,
  "token_start": 285750,
  "token_end": 286250,
  "text": " này được sửa đổi, bổ sung theo quy định tại khoản 30 Điều 1 của Luật số 12/2017/QH14 sửa đổi, bổ sung một số điều của\nBộ luật Hình sự số 100/2015/QH13, có hiệu lực kể từ ngày 01 tháng 01 năm 2018.\n\n80 Khoản này được sửa đổi, bổ sung theo quy định tại khoản 30 Điều 1 của Luật số 12/2017/QH14 sửa đổi, bổ sung một số điều của\nBộ luật Hình sự số 100/2015/QH13, có hiệu lực kể từ ngày 01 tháng 01 năm 2018.\n\n81 Khoản này được sửa đổi, bổ sung theo quy định tại khoản 30 Điều 1 của Luật số 12/2017/QH14 sửa đổi, bổ sung một số điều của\nBộ luật Hình sự số 100/2015/QH13, có hiệu lực kể từ ngày 01 tháng 01 năm 2018.\n\n82 Khoản này được sửa đổi, bổ sung theo quy định tại khoản 31 Điều 1 của Luật số 12/2017/QH14 sửa đổi, bổ sung một số điều của\nBộ luật Hình sự số 100/2015/QH13, có hiệu lực kể từ ngày 01 tháng 01 năm 2018.\n\n83 Khoản này được sửa đổi, bổ sung theo quy định tại khoản 32 Điều 1 của Luật số 12/2017/QH14 sửa đổi, bổ sung một số điều của\nBộ luật Hình sự số 100/2015/QH13, có hiệu lực kể từ ngày 01 tháng 01",
  "embedding": [
    7.258807e-05,
    -0.03968989,
    -0.05712786,
    -0.024557909,
    0.0019988017,
    0.003357987,
    -0.020955859,
    -0.02072021,
    0.030297626,
    0.056286257,
    -0.07816788,
    -0.0221341,
    0.0051337644,
    -0.019508306,
    -0.13553138,
    -0.1693974,
    0.040800802,
    0.004759252,
    0.04635537,
    0.008239271,
    -0.0027015384,
    0.042080037,
    0.060123958,
    -0.015855758,
    -0.0374344,
    0.044907816,
    -0.0103937695,
    0.043965224,
    -0.012152715,
    0.024995541,
    -0.033091743,
    -0.014155724,
    0.05305451,
    -0.04500881,
    0.003309595,
    0.00038950334,
    0.058306098,
    -0.0062657176,
    0.027217368,
    -0.009131368,
    0.002257594,
    -0.0042143157,
    -0.062042806,
    -0.014803757,
    0.04204637,
    0.023598485,
    -0.0048939083,
    0.050092075,
    -0.050327726,
    0.02999465,
    0.009324936,
    0.042921636,
    -0.10631101,
    -0.022925204,
    -0.02164597,
    -0.19875243,
    0.009425928,
    0.013389868,
    0.006804342,
    0.05406443,
    0.0017705176,
    0.017025582,
    0.0076122787,
    -0.03942058,
    -0.016562702,
    -0.01094081,
    0.059383348,
    -0.054535728,
    0.02295887,
    -0.02656092,
    -0.0902196,
    0.061369527,
    -0.0374344,
    -0.019844946,
    0.073724225,
    -0.029775834,
    -0.03844432,
    0.021090515,
    0.042450342,
    -0.022605397,
    0.04527812,
    -0.107590236,
    -0.0010251749,
    -0.027638169,
    0.008752648,
    0.025197526,
    0.047230635,
    0.0019335777,
    -0.029540187,
    -0.011664586,
    0.019255824,
    -0.029809497,
    0.08025505,
    0.032149147,
    -0.001080405,
    -0.012817579,
    -0.01937365,
    -0.040228516,
    -0.001006765,
    -0.017151823,
    0.017471632,
    -0.023430165,
    0.0036798993,
    0.012750251,
    -0.003347467,
    -0.032014493,
    -0.01608299,
    0.006631814,
    0.017034,
    0.018330064,
    0.008752648,
    0.023834134,
    0.022285588,
    -0.080591686,
    -0.009518504,
    -0.0062320535,
    0.14556326,
    0.023009364,
    -0.011008138,
    0.067597374,
    -0.011142794,
    0.03130755,
    0.043796904,
    0.023346005,
    0.037299745,
    -0.0663518,
    -0.029843163,
    0.028159961,
    -0.09715439,
    0.016478542,
    0.006825382,
    0.013423532,
    0.05716152,
    -0.0059795734,
    -0.0178756,
    -0.026342103,
    0.0025963383,
    0.03159369,
    -0.042416677,
    0.019053841,
    -0.019996434,
    -0.004452068,
    0.009484841,
    0.01357502,
    -0.042719655,
    -0.0451098,
    0.008167735,
    0.056521907,
    0.0027962185,
    -0.0015632734,
    0.019070672,
    -0.01578843,
    -0.024844054,
    -0.00092313084,
    -0.033108573,
    -0.0693479,
    0.016705774,
    -0.0442682,
    -0.03290659,
    0.023160852,
    -0.02447375,
    -0.016705774,
    -0.02940553,
    0.044739496,
    0.02706588,
    0.02866492,
    -0.045850407,
    -0.02489455,
    -0.031846173,
    -0.048577193,
    0.031560026,
    -0.039925538,
    -0.015586446,
    0.021948947,
    -0.022235092,
    -0.02396879,
    0.020063762,
    0.00060227053,
    -0.007734311,
    -0.074060865,
    -0.027941145,
    -0.033967007,
    0.030129306,
    -0.01838056,
    -0.05137131,
    0.02438959,
    0.008361303,
    0.009299688,
    0.025450006,
    0.023413332,
    -0.0710311,
    -0.044975143,
    0.005865957,
    0.038376994,
    -0.04753361,
    0.010141289,
    -0.034539293,
    0.049856428,
    0.018481553,
    -0.008710568,
    0.008272936,
    0.008264519,
    0.08678587,
    0.00053204945,
    0.00659815,
    -0.024658902,
    -0.03199766,
    -0.010688329,
    0.020198418,
    -0.02864809,
    0.009863561,
    -0.0803897,
    -0.0731856,
    -0.052717872,
    0.012556683,
    0.037064098,
    -0.032199644,
    -0.014669101,
    0.02373314,
    0.026274774,
    -0.032553118,
    -0.022251924,
    -0.042113703,
    0.05510802,
    -0.026443096,
    0.031206556,
    -0.0016747855,
    0.028210457,
    0.040834468,
    0.013516108,
    0.09883759,
    -0.009560584,
    -0.058036786,
    -0.0013539252,
    0.010116041,
    -0.010679914,
    -0.014147309,
    0.032687772,
    -0.032199644,
    0.07641735,
    -0.015216141,
    -0.018851856,
    0.042484004,
    0.0015474934,
    -0.012783915,
    -0.0030318666,
    -0.008718983,
    -0.007843719,
    -0.00036951533,
    -0.0049065324,
    -0.09513455,
    0.011016553,
    -0.013213132,
    -0.009964553,
    -0.018077584,
    -0.016731022,
    0.01131953,
    -0.017926095,
    -0.0077090627,
    0.020871699,
    0.006816966,
    -0.06412998,
    -0.039487906,
    0.010915562,
    0.063625015,
    -0.039218593,
    0.04204637,
    0.024288597,
    -0.019339984,
    0.004767668,
    -0.010082377,
    -0.07614803,
    0.012161131,
    0.033243228,
    0.15889423,
    0.023043029,
    -0.016486958,
    0.018902352,
    0.02664508,
    -0.035279904,
    -0.0018452096,
    -0.022588564,
    0.05329016,
    -0.0008799988,
    0.05672389,
    -0.00073850463,
    0.030314459,
    -0.0049528205,
    0.0017568415,
    -0.011462602,
    0.014711181,
    -0.07426285,
    0.0106967455,
    -0.0018431057,
    -0.083015494,
    0.09197013,
    0.038376994,
    -0.029792666,
    0.026106454,
    0.027099544,
    0.050024748,
    0.014340877,
    -0.01152993,
    0.055410992,
    -0.053828783,
    -0.030701594,
    0.01081457,
    -0.0039323797,
    -0.017505296,
    0.074060865,
    -0.011058634,
    -0.0144250365,
    0.04268599,
    -0.045244455,
    -0.0155527815,
    0.010713577,
    0.034370974,
    0.06056159,
    0.037030432,
    0.007961543,
    0.04635537,
    0.117352806,
    -0.03467395,
    0.0071073184,
    -0.06941523,
    0.02614012,
    -0.023177685,
    -0.03083625,
    -0.03081942,
    0.122739054,
    0.003465291,
    0.013549772,
    0.0054998607,
    -0.04591774,
    -0.03092041,
    -0.05238123,
    -0.029641178,
    0.08846907,
    -0.0006070045,
    0.008954632,
    -0.057935797,
    -0.021443987,
    0.07830253,
    -0.059753653,
    -0.039454244,
    0.05244856,
    0.08099566,
    -0.026005464,
    0.014635437,
    0.0028719625,
    0.11418839,
    -0.039622564,
    -0.06907859,
    0.07507078,
    -0.010764074,
    0.033125404,
    -0.016630031,
    0.016436463,
    0.038477987,
    -0.036996767,
    0.02755401,
    -0.045513768,
    -0.021528147,
    0.052111916,
    0.033058077,
    -0.016310222,
    -0.020703379,
    0.081601605,
    0.029119385,
    -0.051977262,
    -0.032452125,
    -0.049486123,
    -0.016268142,
    -0.060359605,
    -7.3705814e-05,
    0.024322262,
    0.028429274,
    0.0481059,
    0.009703657,
    -0.0019988017,
    0.020349907,
    0.07729261,
    -0.022251924,
    0.08516999,
    -0.0062236376,
    -0.022268755,
    -0.052987184,
    -0.05012574,
    -0.01962613,
    -0.004422612,
    0.013465612,
    -0.00071746466,
    0.0121274665,
    -0.1050991,
    0.0621438,
