{
  "chunk_index": 420,
  "token_start": 189000,
  "token_end": 189500,
  "text": "ài sản 1.500.000.000 đồng trở lên.\n\n4. Người phạm tội còn có thể bị cấm đảm nhiệm chức vụ, cấm hành nghề hoặc làm công việc nhất định từ 01 năm đến 05 năm.\n\nĐiều 276. Tội giao cho người không đủ điều kiện điều khiển phương tiện giao thông đường thủy\n                                                                                           282\n\n1. Người nào giao cho người không có bằng, giấy chứng nhận khả năng chuyên môn, chứng chỉ chuyên môn theo quy định hoặc người\nđang trong tình trạng có sử dụng rượu, bia mà trong máu hoặc hơi thở có nồng độ cồn vượt quá mức quy định, có sử dụng chất ma túy,\nchất kích thích mạnh khác hoặc không đủ các điều kiện khác theo quy định của pháp luật điều khiển phương tiện giao thông đường\nthủy gây thiệt hại cho người khác thuộc một trong các trường hợp sau đây hoặc đã bị xử lý kỷ luật, xử phạt vi phạm hành chính về hành\nvi này hoặc đã bị kết án về tội này, chưa được xóa án tích mà còn vi phạm, thì bị phạt tiền từ 30.000.000 đồng đến 100.000.000 đồng,\nphạt cải tạo không giam giữ đến 03 năm hoặc phạt tù từ 06 tháng đến 03 năm:\n\na) Làm chết người;\n\nb) Gâ",
  "embedding": [
    -0.0003089548,
    -0.046823192,
    -0.14375019,
    -0.10915471,
    -0.0012852147,
    0.08463963,
    0.033790242,
    0.012637788,
    0.006453101,
    0.012108418,
    -0.08028537,
    -0.01192202,
    0.0059796497,
    -0.15436742,
    -0.0370112,
    0.043363646,
    0.0574106,
    -0.0809415,
    0.120487705,
    0.0053011607,
    0.00115194,
    0.0145986965,
    0.057828136,
    -0.11517909,
    -0.099193595,
    0.08004678,
    -0.025499254,
    -0.045809187,
    0.0051706824,
    0.042140875,
    -0.09925324,
    -0.008223883,
    -0.012294816,
    0.017029326,
    -0.009722523,
    -0.008857636,
    -0.06513494,
    0.0033551652,
    0.0108036315,
    -0.04088828,
    -0.013972399,
    0.017312652,
    0.030032456,
    0.026036082,
    0.08797988,
    -0.10682846,
    -0.028138652,
    0.015940763,
    -0.057768486,
    -0.05585977,
    0.02529049,
    -0.008469928,
    0.07038391,
    0.0015685397,
    0.06322622,
    -0.15126576,
    -0.019907312,
    -0.007608769,
    0.0284518,
    0.036295433,
    0.027736032,
    0.020548522,
    0.096270874,
    -0.049149442,
    -0.02086167,
    -0.030718401,
    -0.0016263231,
    -0.029406158,
    -0.012138242,
    -0.022024795,
    -0.061675392,
    -0.04008304,
    -0.068057664,
    0.07151721,
    0.07676618,
    -0.020339757,
    -0.021323938,
    0.013838192,
    0.021607263,
    0.0048649893,
    -0.047598608,
    -0.015776733,
    -0.015940763,
    -0.014128973,
    -0.004913453,
    0.12478232,
    -0.034177948,
    0.011415018,
    0.0066581387,
    0.02069764,
    0.015210082,
    -0.015433759,
    0.042081226,
    0.07426099,
    0.0219055,
    -0.031255227,
    -0.015493407,
    -0.0133982925,
    0.004428818,
    0.009536125,
    0.00672897,
    -0.061913982,
    0.045779366,
    -0.0010652649,
    -0.0006197736,
    -0.01881875,
    -0.020354668,
    0.012406655,
    -0.0037242332,
    0.02069764,
    -0.027676385,
    0.04437765,
    -0.048910853,
    -0.058335137,
    -0.018624894,
    -0.010236981,
    -0.032597292,
    -0.031076284,
    -0.021890588,
    -0.007392547,
    -0.017760007,
    0.057529896,
    0.003280606,
    0.006643227,
    0.06435952,
    -0.031344697,
    -0.009841817,
    -0.0047494224,
    -0.11142131,
    -0.0059200027,
    -0.0569036,
    -0.048016142,
    0.011854917,
    0.008619047,
    -0.027542178,
    -0.004618944,
    0.03620596,
    0.020071343,
    -0.033104297,
    0.06021403,
    -0.03143417,
    -0.028884243,
    0.044347826,
    0.038174324,
    -0.020339757,
    -0.016030233,
    0.020429228,
    0.02658782,
    -0.013182071,
    -0.02239759,
    -0.0064866524,
    0.0053011607,
    -0.036325254,
    0.00088259485,
    -0.0068743606,
    -0.015217538,
    0.013122424,
    0.093228854,
    -0.006844537,
    0.0142780915,
    0.009044034,
    0.031314876,
    -0.039576035,
    0.0219055,
    -0.030956991,
    0.016045146,
    -0.0106023215,
    0.031732406,
    -0.041604046,
    -0.07199439,
    -0.0016235271,
    -0.0022721924,
    -0.015299553,
    0.030330693,
    0.0075826733,
    0.011377738,
    -0.0049619162,
    -0.11559662,
    -0.013763633,
    -0.009267712,
    -0.009081313,
    0.048791558,
    0.09072366,
    -0.019862577,
    -0.03274641,
    -0.0028202026,
    -0.012906202,
    0.020235375,
    0.014896933,
    0.04082863,
    -0.026707115,
    0.01923628,
    0.018967867,
    -0.0062256954,
    0.0073552676,
    0.0034539562,
    -0.01365925,
    0.011146604,
    0.072292626,
    -0.01362197,
    -0.00961814,
    0.023650186,
    0.07169615,
    0.019996785,
    0.01462852,
    -0.010699249,
    0.006643227,
    0.027676385,
    0.04047075,
    -0.0090067545,
    0.014740359,
    0.0051855943,
    -0.016403029,
    0.015053508,
    0.052817754,
    0.05081957,
    -0.030658754,
    -0.045630246,
    0.047658257,
    -0.069369905,
    -0.012466302,
    -0.032716587,
    0.0027586913,
    0.027288677,
    0.0007758819,
    -0.00808222,
    0.0038845355,
    0.017819654,
    0.01131809,
    0.0027530994,
    0.024321219,
    0.011601415,
    -0.043542586,
    -0.015142978,
    -0.018609982,
    -0.00088678877,
    0.10187773,
    0.020503787,
    0.04202158,
    0.025141371,
    0.096032284,
    -0.020175727,
    0.0092080645,
    -0.008298442,
    -0.014114061,
    -0.01843104,
    -0.0003944649,
    0.030956991,
    0.011959299,
    -0.014054414,
    -0.062033277,
    -0.021622175,
    -0.013070232,
    -0.015776733,
    -0.04202158,
    -0.011385194,
    0.005774612,
    0.0036310342,
    0.015448672,
    0.10503904,
    0.025275577,
    -0.13015059,
    0.015881116,
    -0.032716587,
    0.0207722,
    0.08547469,
    0.09006754,
    0.03984445,
    0.029600013,
    0.0031948627,
    0.031881526,
    -0.06262975,
    0.020250285,
    -0.005293705,
    0.11684922,
    0.0518634,
    0.017208269,
    -0.011094413,
    -0.026453612,
    -0.025260666,
    -0.03886027,
    0.011638695,
    -0.021681823,
    -0.020980965,
    0.00011457656,
    -0.012846555,
    0.049716093,
    -0.017595977,
    -0.018073156,
    -0.0069750156,
    -0.008156779,
    0.08296951,
    -0.034595482,
    0.013122424,
    -0.008962018,
    0.0449443,
    -0.026692202,
    0.002117482,
    0.024544897,
    0.026364142,
    -0.010848368,
    -0.009938745,
    0.00134859,
    0.032149937,
    0.028720213,
    0.03975498,
    -0.009752346,
    0.021487968,
    -0.013927664,
    0.09024648,
    0.019937137,
    0.007925645,
    0.0129211135,
    0.026244847,
    -0.022919506,
    0.029301776,
    0.0149565805,
    0.049268737,
    -0.05439841,
    -0.028317593,
    -0.011139148,
    0.048702087,
    0.023948424,
    0.023605451,
    -0.016343381,
    0.026707115,
    0.046256542,
    0.020235375,
    0.032955177,
    0.007821263,
    0.030867519,
    0.007034663,
    0.08398351,
    0.019653812,
    0.0076646884,
    -0.055829946,
    -0.039009385,
    -0.0031258955,
    0.022606358,
    0.04291629,
    -0.048284553,
    0.011564136,
    0.060333326,
    -0.02609573,
    0.09263238,
    -0.020742377,
    0.056605365,
    0.027527265,
    -0.042081226,
    -0.022009883,
    0.061794687,
    0.01899769,
    0.028958803,
    0.017595977,
    -0.07306804,
    0.02545452,
    0.0002300851,
    0.03146399,
    0.08947107,
    -0.070204966,
    0.058394786,
    -0.012399199,
    -0.013047865,
    0.030837696,
    -0.034327067,
    -0.014173709,
    -0.007217333,
    0.025439607,
    0.048224907,
    -0.027840415,
    -0.033879712,
    0.010050584,
    0.065910354,
    -0.03894974,
    0.12633315,
    0.011057133,
    -0.0033477093,
    0.020652905,
    -0.027199205,
    0.0055621183,
    -0.0049358206,
    0.09281132,
    -0.024425602,
    0.048433673,
    0.011750534,
    -0.044079416,
    -0.0648367,
    -0.018088069,
    0.099909365,
    0.006837081,
