{
  "chunk_index": 39,
  "token_start": 17550,
  "token_end": 18050,
  "text": "ả;\n\nc) Phạm tội trong trường hợp vượt quá giới hạn phòng vệ chính đáng;\n\nd) Phạm tội trong trường hợp vượt quá yêu cầu của tình thế cấp thiết;\n\nđ) Phạm tội trong trường hợp vượt quá mức cần thiết khi bắt giữ người phạm tội;\n\fe) Phạm tội trong trường hợp bị kích động về tinh thần do hành vi trái pháp luật của nạn nhân gây ra;\n\ng) Phạm tội vì hoàn cảnh đặc biệt khó khăn mà không phải do mình tự gây ra;\n\nh) Phạm tội nhưng chưa gây thiệt hại hoặc gây thiệt hại không lớn;\n\ni) Phạm tội lần đầu và thuộc trường hợp ít nghiêm trọng;\n\nk) Phạm tội vì bị người khác đe dọa hoặc cưỡng bức;\n\nl) Phạm tội trong trường hợp bị hạn chế khả năng nhận thức mà không phải do lỗi của mình gây ra;\n\nm) Phạm tội do lạc hậu;\n\nn) Người phạm tội là phụ nữ có thai;\n\no) Người phạm tội là người đủ 70 tuổi trở lên;\n\np) Người phạm tội là người khuyết tật nặng hoặc khuyết tật đặc biệt nặng;\n\nq) Người phạm tội là người có bệnh bị hạn chế khả năng nhận thức hoặc khả năng điều khiển hành vi của mình;\n\nr) Người phạm t",
  "embedding": [
    -0.00044723903,
    -0.014771339,
    -0.0032005843,
    -0.15065539,
    -0.00045178804,
    0.103889704,
    -0.033404063,
    0.06429516,
    0.011599485,
    0.03922679,
    0.03839935,
    -0.03533476,
    0.004324907,
    -0.06368224,
    -0.11700616,
    -0.08568602,
    0.12405472,
    0.066869415,
    0.080537505,
    0.017606087,
    -0.010580507,
    -0.06723717,
    0.12711932,
    -0.053722315,
    0.06306932,
    0.11161248,
    -0.030845128,
    -0.106157504,
    0.07888262,
    0.0074546225,
    -0.038338058,
    0.03153466,
    -0.027918441,
    0.070730805,
    0.008351016,
    -0.018050453,
    0.055898175,
    0.0031316308,
    0.007328208,
    -0.07612449,
    -0.044314016,
    0.029573321,
    0.008213109,
    0.016395573,
    -0.028041026,
    -0.012028527,
    -0.01999647,
    0.040973607,
    -0.008695782,
    -0.0017487333,
    0.019184353,
    0.015154412,
    0.06313062,
    0.0014470625,
    0.020808587,
    -0.110264055,
    0.062456403,
    -0.0117756985,
    -0.00491101,
    0.029573321,
    0.020440836,
    0.002735149,
    0.0020168852,
    0.0038996947,
    -0.0056503434,
    -0.036775116,
    0.043026887,
    -0.057706285,
    0.032423392,
    -0.01720769,
    -0.07630836,
    0.048910905,
    -0.018525464,
    0.01136964,
    0.051546454,
    -0.011024873,
    -0.012672092,
    0.024516745,
    0.082866594,
    0.03680576,
    0.046459228,
    0.026232915,
    -0.009454269,
    -0.008174802,
    0.006803396,
    0.0994154,
    -0.013614454,
    0.028929757,
    -0.036346074,
    -0.009209102,
    -0.006083217,
    -8.170253e-05,
    0.013683408,
    -0.08593119,
    -0.008473599,
    -0.0158133,
    -0.005910834,
    -0.04299624,
    -0.009216763,
    -0.014173742,
    0.031197557,
    -0.016931877,
    0.06490808,
    0.046949565,
    0.03901227,
    0.017376242,
    -0.033097602,
    -0.0043555526,
    0.007125179,
    -0.014403587,
    0.0075733755,
    0.050933536,
    -0.0368977,
    -0.113941565,
    -0.0037502956,
    0.014579801,
    0.057246596,
    -0.054396525,
    -0.03530411,
    0.0024823204,
    -0.026309531,
    0.02744343,
    -0.05694014,
    -0.020134376,
    -0.008282063,
    -0.062241882,
    -0.019490812,
    -0.013790668,
    -0.12822257,
    0.005772927,
    -0.047838297,
    -0.03044673,
    0.009308701,
    0.0068761804,
    0.031810474,
    -0.040268753,
    0.031335462,
    0.02650873,
    -0.02097714,
    0.04186234,
    -0.027520046,
    0.01757544,
    0.006987272,
    0.0602499,
    -0.037296098,
    -0.0745309,
    -0.00037780686,
    -0.036315426,
    0.01829562,
    -0.0017659717,
    0.010863982,
    0.002340583,
    -0.044007555,
    0.03747997,
    -0.0015093121,
    0.031871766,
    0.0067459354,
    0.021436827,
    0.008481261,
    0.001418332,
    0.03199435,
    0.052527122,
    -0.10039607,
    -0.0055698976,
    0.015430226,
    0.028745882,
    -0.058319204,
    0.012733384,
    -0.0053668683,
    -0.06723717,
    0.05277229,
    -0.004160185,
    -0.052373894,
    -0.009002242,
    -0.034813777,
    -0.024271576,
    0.005255777,
    -0.060954753,
    -0.014556817,
    -0.029159602,
    -0.0040605855,
    -0.031381432,
    0.006734443,
    -0.018203681,
    -0.037449326,
    0.0029803168,
    -0.027412783,
    -0.036560595,
    0.076001905,
    0.040605858,
    -0.018464172,
    0.064846784,
    -0.02914428,
    0.06748234,
    -0.016885906,
    0.00790665,
    -0.03591703,
    -0.018724663,
    0.06766621,
    -0.028562006,
    0.031595953,
    0.019521458,
    0.04593825,
    -0.028638622,
    0.018219005,
    -0.02837813,
    0.026110332,
    0.012319664,
    -0.0019603819,
    0.004202323,
    0.018525464,
    -0.011798683,
    -0.011453916,
    0.07361152,
    -0.011063181,
    -0.0035779122,
    -0.017023815,
    -0.01405882,
    -0.0261563,
    -0.018801278,
    -0.019199675,
    0.004642858,
    -0.028439423,
    0.028776528,
    -0.021544088,
    -0.015537486,
    -8.038571e-05,
    -0.0064126607,
    -0.037142865,
    0.01829562,
    0.08335693,
    -0.0023290906,
    -0.006673151,
    -0.006588875,
    0.008557876,
    -0.013422918,
    0.026845835,
    0.010274048,
    0.013323318,
    0.025313538,
    0.08231497,
    -0.016380249,
    -0.013193073,
    0.013959221,
    -0.0006205801,
    -0.04986093,
    0.0021930994,
    -0.05694014,
    0.015330627,
    -0.024148993,
    -0.08917966,
    -0.01473303,
    0.0136757465,
    0.0046696737,
    0.010274048,
    -0.0067995656,
    0.026324853,
    -0.020011792,
    -0.0060602324,
    0.09432817,
    0.020594064,
    -0.025972426,
    -0.009906297,
    -0.0114769,
    0.04501887,
    0.033649232,
    0.11124472,
    -0.018464172,
    0.03668318,
    -0.028301517,
    -0.008236093,
    -0.021176338,
    0.0026470423,
    0.018831924,
    0.14293261,
    0.023643335,
    0.0061023706,
    -0.005179162,
    -0.0048918566,
    -0.0068455343,
    -0.020486804,
    0.03223952,
    -0.008190124,
    -0.0033825445,
    -0.00790665,
    -0.011300687,
    -0.044375308,
    0.042812362,
    -0.027121648,
    0.01441891,
    0.021053754,
    0.049094778,
    -0.0032465532,
    -0.0052940845,
    -0.087402195,
    0.03177983,
    0.013422918,
    0.037847724,
    0.032484684,
    0.012357971,
    -0.005328561,
    -0.013997529,
    0.031228201,
    -0.0039954633,
    -0.022448143,
    0.052864227,
    -0.012503539,
    0.037388034,
    -0.07312119,
    0.04036069,
    -0.005669497,
    0.040973607,
    0.060740232,
    -0.030033011,
    -0.037694495,
    0.0054358216,
    0.011461577,
    0.008979257,
    -0.062762864,
    -0.024823204,
    0.034537964,
    -0.008749413,
    0.014235035,
    0.010634137,
    -0.03493636,
    0.04486564,
    0.027474076,
    -0.033649232,
    -0.033312127,
    0.1363131,
    -0.044314016,
    -0.026891803,
    0.12509668,
    0.0020111392,
    -0.0095079,
    -0.038460642,
    -0.037755784,
    0.077350326,
    -0.032791145,
    -0.020256959,
    0.005857203,
    -0.064785495,
    0.07955683,
    0.025099017,
    0.08213109,
    -0.007952618,
    0.053048104,
    0.011951912,
    0.086053774,
    -0.01834159,
    0.052128725,
    -0.023796564,
    0.017023815,
    0.013200734,
    -0.024761911,
    0.024225608,
    0.014097128,
    0.059483748,
    0.073734105,
    -0.04572373,
    0.018387558,
    -0.042352676,
    0.009369993,
    0.009377655,
    0.004508782,
    0.034568608,
    -0.020073084,
    0.059024062,
    0.020946493,
    -0.0057805884,
    -0.08311176,
    -0.04455918,
    0.051485162,
    -0.046275355,
    0.09892506,
    -0.014763677,
    0.037204158,
    -0.06349836,
    -0.027657952,
    0.0598515,
    0.01405882,
    0.079189084,
    -0.020640034,
    0.06496937,
    0.010358324,
    -0.004470475,
    -0.002388467,
    -0.1098963,
    -0.031381432,
    -0.005907003,
    -0.033189543,
    0.0021796918,
    0.013637438,
    -0.025681289,
    0.031657245,
