{
  "chunk_index": 119,
  "token_start": 53550,
  "token_end": 54050,
  "text": " 60% trong\ntrạng thái tinh thần bị kích động mạnh do hành vi trái pháp luật nghiêm trọng của nạn nhân đối với người đó hoặc đối với người thân\nthích của người đó, thì bị phạt tiền từ 10.000.000 đồng đến 50.000.000 đồng hoặc phạt cải tạo không giam giữ đến 03 năm.\n\n2. Phạm tội thuộc một trong các trường hợp sau đây, thì bị phạt tù từ 06 tháng đến 03 năm:\n\na) Gây thương tích hoặc gây tổn hại cho sức khỏe của 02 người trở lên mà tỷ lệ tổn thương cơ thể của mỗi người 31% trở lên\n                                                                                                                         42;\n\n                                                                                        ể 61% trở lên hoặc dẫn đến chết người.\nb) Gây thương tích hoặc gây tổn hại cho sức khỏe của người khác mà tỷ lệ tổn thương cơ th\n\nĐiều 136. Tội cố ý gây thương tích hoặc gây tổn hại cho sức khỏe của người khác do vượt quá giới hạn phòng vệ chính đáng\nhoặc do vượt quá mức cần thiết khi bắt giữ người phạm tội\n\n1. Người nào cố ý gây thương tích hoặc gây tổn hại cho sức khỏe của người khác mà tỷ lệ tổn thương cơ thể từ 31% đến 60% do vượt\nquá giới hạn phòng vệ chính đáng hoặc do vượ",
  "embedding": [
    -0.00012262903,
    0.048369933,
    -0.05478764,
    -0.16793534,
    0.0011460197,
    0.05541993,
    0.005465328,
    0.078530006,
    0.023552679,
    0.041857377,
    -0.0146295335,
    -0.022177456,
    0.007705994,
    -0.0071645984,
    -0.06436679,
    -0.19853802,
    0.10748874,
    0.005583882,
    0.070120595,
    0.007717849,
    -0.0275677,
    0.025259852,
    0.057032257,
    -0.16565911,
    0.059434947,
    0.103884704,
    -0.023647523,
    -0.06243831,
    0.07081611,
    0.040877335,
    -0.034680925,
    0.045651097,
    0.00091977953,
    0.049919035,
    0.0022624007,
    -0.0008852014,
    0.088014305,
    0.013301731,
    0.037115227,
    -0.08795108,
    -0.011262607,
    0.031930476,
    0.01548312,
    -0.012716866,
    0.000303794,
    -0.029021958,
    -0.024074316,
    0.053048853,
    -0.0280103,
    -0.029338103,
    -0.003378782,
    0.03230985,
    0.030207496,
    -0.012606216,
    -0.010622417,
    -0.087065876,
    -0.0031969994,
    -0.014210643,
    -0.004252128,
    0.048496388,
    0.012132001,
    -0.024595952,
    0.016139118,
    -0.056558043,
    -0.015822975,
    -0.026145054,
    0.010590802,
    -0.031393033,
    0.02906938,
    -0.07264974,
    -0.09648695,
    -0.06047822,
    -0.005481135,
    0.033732496,
    0.024833059,
    0.0055680745,
    -0.054092124,
    0.03052364,
    0.042331595,
    0.049191903,
    0.00063228665,
    0.003702829,
    -0.005180799,
    -0.024912095,
    -0.001745704,
    0.06003562,
    0.05339661,
    0.013886596,
    -0.0057775197,
    0.00081258715,
    0.03777913,
    0.038569488,
    0.010559187,
    -0.06237508,
    0.01819405,
    0.005164992,
    0.007923342,
    -0.04128832,
    -0.02148194,
    -0.022367142,
    0.025323082,
    -0.0116894,
    0.03275245,
    0.03287891,
    0.040656034,
    0.018004363,
    -0.03676747,
    0.010448538,
    0.01255089,
    -0.022525214,
    0.007816644,
    0.01590201,
    -0.037083615,
    -0.042932265,
    0.0044694766,
    0.026714113,
    0.03632487,
    -0.032942135,
    -0.027836422,
    -0.004271887,
    -0.037115227,
    0.045398183,
    -0.011207282,
    -0.0060620485,
    0.02891131,
    -0.04280581,
    -0.0050543416,
    -0.013404477,
    -0.09964838,
    -0.021956155,
    -0.028310636,
    -0.018146629,
    0.004244224,
    0.029037766,
    0.023457836,
    -0.022920392,
    0.026571847,
    0.009104928,
    0.0002448876,
    0.0668327,
    -0.026650883,
    0.004137526,
    0.030602675,
    0.049476434,
    -0.058518134,
    -0.052163653,
    0.0064967456,
    -0.032499537,
    0.0038984425,
    -0.005674773,
    0.042331595,
    0.0018425229,
    -0.023805594,
    0.035408054,
    -0.023853015,
    -0.0011875135,
    0.012076676,
    0.05121522,
    0.020976111,
    -0.006967009,
    -0.02701445,
    0.026492812,
    -0.028531937,
    -0.007109273,
    -0.008172305,
    0.023805594,
    -0.045493025,
    -0.011444389,
    -0.026619269,
    0.0030092895,
    0.008164402,
    -0.0039715506,
    -0.035408054,
    0.021576783,
    -0.028500322,
    -0.04340648,
    -0.06575782,
    -0.08605422,
    -0.012361204,
    -0.08674973,
    0.010733066,
    -0.0062280237,
    0.114064515,
    -0.058360063,
    -0.022272298,
    0.00040135384,
    -0.037020385,
    0.025591804,
    0.061173737,
    0.03385895,
    0.01958508,
    0.09939547,
    -0.022699092,
    0.047295045,
    -0.02968586,
    -0.02578149,
    -0.05529347,
    -0.019268937,
    0.043185182,
    -0.0368307,
    -0.0056075924,
    -0.015672807,
    0.040814105,
    -0.013451899,
    0.019506045,
    -0.020486088,
    0.012353301,
    0.039644375,
    0.006891925,
    0.006808937,
    0.0041572847,
    -0.04859123,
    -0.04346971,
    0.053048853,
    -0.0056431587,
    0.019521851,
    -0.021213219,
    0.012953973,
    -0.029148417,
    0.016882055,
    -0.002904567,
    -0.008156498,
    -0.01802017,
    0.07227037,
    -0.00073108147,
    -0.012432337,
    -0.017609185,
    0.007018382,
    -0.02677734,
    0.016312996,
    0.14504656,
    -0.026018597,
    -0.009887383,
    -0.018099206,
    -0.025070166,
    0.0054218583,
    -0.0064967456,
    -0.009500108,
    -0.009389457,
    0.044260066,
    0.09180803,
    -0.0005448533,
    -0.02009091,
    0.0035170948,
    0.0020529558,
    -0.053301767,
    -0.003738395,
    -0.0659475,
    0.023805594,
    -0.01707174,
    -0.017893713,
    -0.010266755,
    0.012622023,
    -0.034522854,
    -0.04618854,
    0.0035743956,
    0.0056115445,
    -0.031772405,
    -0.0028156517,
    0.07068965,
    0.024358844,
    -0.08346184,
    0.010337887,
    -0.0009988154,
    0.027235748,
    0.0039458643,
    0.0736614,
    -0.024358844,
    0.011499714,
    -0.043438096,
    0.091871254,
    0.012606216,
    0.014281776,
    -0.004386489,
    0.12411787,
    -0.032120164,
    -0.009713504,
    0.0180834,
    -0.008551678,
    -0.022872971,
    -0.035755813,
    -0.018620843,
    0.055641226,
    -0.005070149,
    -0.033163436,
    -0.0123295905,
    0.05251141,
    0.04580917,
    -0.0092629995,
    0.027741577,
    0.005674773,
    0.033511195,
    0.0066390103,
    -0.010345791,
    -0.041888993,
    0.07732866,
    0.0032681318,
    0.050930694,
    0.035123527,
    0.003400517,
    -0.0035427813,
    -0.04770603,
    -0.023062658,
    0.0047342465,
    0.0075558256,
    0.012116194,
    -0.0009770805,
    -0.02064416,
    -0.08074301,
    -0.00028428202,
    0.020628354,
    0.011302125,
    0.03983406,
    -0.032436308,
    -0.025149202,
    0.055578,
    0.027630929,
    0.050772622,
    -0.031946283,
    -0.018099206,
    0.039359845,
    0.04666276,
    -0.027362207,
    0.013989343,
    -0.04173092,
    0.033289894,
    0.10129233,
    -0.0022999428,
    -0.08750848,
    0.10306273,
    -0.07897261,
    -0.03765267,
    0.063355125,
    0.022193262,
    0.006868214,
    -0.03442801,
    -0.043722626,
    0.014226451,
    -0.06193248,
    -0.03755783,
    -0.02209842,
    -0.061078895,
    -0.00436673,
    0.021323869,
    0.05747486,
    0.018589228,
    0.052416567,
    -0.012819612,
    0.04906545,
    0.054661185,
    0.054597955,
    0.003226638,
    0.111725055,
    0.0160996,
    -0.016723983,
    0.030175881,
    -0.0065204566,
    0.058676206,
    0.02840548,
    -0.053301767,
    0.0050741006,
    -0.044101994,
    0.010567091,
    0.014692762,
    0.0052084615,
    0.018383736,
    -0.0031357468,
    0.020770617,
    -0.04340648,
    -0.018699879,
    -0.041699305,
    -0.033353124,
    0.024311423,
    -0.045524642,
    0.055736072,
    -0.02053351,
    0.08067978,
    -0.03487061,
    0.0011736822,
    0.07524212,
    -0.010227237,
    0.012187325,
    -0.004781668,
    0.09996452,
    0.021466132,
