{
  "chunk_index": 148,
  "token_start": 66600,
  "token_end": 67100,
  "text": " phạt tàn bạo, vô nhân đạo hoặc hạ nhục nhân phẩm của người bị bắt, giữ, giam;\n\nc) Gây thương tích, gây tổn hại cho sức khỏe hoặc gây rối loạn tâm thần và hành vi của người bị bắt, giữ, giam mà tỷ lệ tổn thương ơc\nthể 61% trở lên.\n\n4. Người phạm tội còn có thể bị cấm đảm nhiệm chức vụ nhất định từ 01 năm đến 05 năm.\n\nĐiều 158. Tội xâm phạm chỗ ở của người khác\n\n1.82 Người nào thực hiện một trong các hành vi sau đây xâm phạm chỗở của người khác, thì bị phạt cải tạo không giam giữ đến 02\nnăm hoặc phạt tù từ 03 tháng đến 02 năm:\n\na) Khám xét trái pháp luật chỗ ở của người khác;\n\nb) Đuổi trái pháp luật người khác ra khỏi chỗ ở của họ;\n\nc) Chiếm giữ chỗ ở hoặc cản trở trái pháp luật người đang ở hoặc người đang quản lýhợp pháp vào chỗ ở của họ;\n\nd) Xâm nhập trái pháp luật chỗ ở của người khác.\n\n2. Phạm tội thuộc một trong các trường hợp sau đây, thì bị phạt tù từ 01 năm đến 05 năm:\n\na) Có tổ chức;\n\nb) Lợi dụng chức vụ, quyền hạn;\n\nc) Phạm tội 02 lần trở lên;\n\n",
  "embedding": [
    -0.000100378136,
    -0.021230418,
    -0.091078036,
    -0.21233435,
    0.0004288616,
    0.05498482,
    0.008344294,
    -0.0069485484,
    0.048405956,
    0.040227644,
    -0.029906671,
    -0.04131406,
    0.008080234,
    0.0490397,
    0.01259943,
    -0.046836685,
    0.15330565,
    0.004998277,
    0.1137721,
    0.0065260525,
    -0.03974479,
    -0.07948958,
    0.1454593,
    -0.07816174,
    0.015722882,
    0.06603007,
    -0.030766753,
    -0.04970362,
    0.08528381,
    -0.076894246,
    -0.09258695,
    -0.03156648,
    0.03150612,
    0.05622213,
    0.0015636119,
    -0.014644009,
    0.075083554,
    0.017322332,
    -0.00047177135,
    -0.09874332,
    -0.07979136,
    0.02382575,
    0.03838677,
    -0.0215322,
    0.0662715,
    -0.04725918,
    -0.018785978,
    0.028126154,
    -0.012033587,
    -0.03711928,
    0.0024142622,
    0.030721486,
    0.02940873,
    0.028080886,
    0.032109685,
    -0.11365139,
    0.0322304,
    -0.014847712,
    0.022875134,
    0.08806021,
    0.0122448355,
    0.01558708,
    0.04572009,
    -0.036847677,
    -0.0180617,
    -0.03289432,
    -0.0060356553,
    -0.107253596,
    0.0018597363,
    -0.07520427,
    -0.1418379,
    -0.0045946427,
    -0.03150612,
    0.018801067,
    0.027914906,
    -0.024384048,
    -0.029393641,
    -0.0043004043,
    0.05818372,
    0.021245508,
    0.04215905,
    -0.0022331926,
    -0.030480059,
    -0.04182709,
    0.0068052015,
    0.10296828,
    0.01051713,
    0.04415082,
    -0.03274343,
    0.021170061,
    0.017956074,
    0.037390884,
    0.0074728956,
    -0.094940856,
    0.0375116,
    0.032954678,
    0.008087778,
    -0.013301075,
    0.0045267413,
    0.0085178185,
    0.02483672,
    -0.038809262,
    0.16839479,
    -0.003496908,
    0.009777762,
    0.008925226,
    -0.042641904,
    0.013270897,
    0.016371716,
    0.010351148,
    -0.021170061,
    0.0014542157,
    -0.008585719,
    -0.06687506,
    0.012282559,
    0.05724819,
    0.010637842,
    -0.025621356,
    0.004798346,
    0.010041822,
    -0.03156648,
    0.045931336,
    0.00797461,
    -0.003340358,
    0.016718766,
    -0.058545858,
    -0.0062355865,
    -0.023418343,
    -0.035640545,
    0.012192024,
    -0.05027701,
    -0.070979305,
    0.02415771,
    0.032441646,
    0.025832605,
    -0.0140328985,
    -0.008170769,
    0.010539763,
    -0.035640545,
    0.019902574,
    -0.020596674,
    0.01216939,
    0.014244147,
    0.017850451,
    -0.054713216,
    -0.05691623,
    0.0007172056,
    0.004202325,
    0.013897097,
    -0.003327155,
    0.00911384,
    0.02765839,
    -0.019857306,
    -0.004836069,
    -0.011437567,
    0.011414933,
    -0.020204356,
    0.046504725,
    -0.019283919,
    0.014138523,
    0.005198208,
    0.039956037,
    -0.05797247,
    -0.026345635,
    -0.0052698813,
    0.014870346,
    -0.024927257,
    0.014176246,
    -0.036968388,
    -0.048436135,
    0.016205734,
    -0.0008421625,
    -0.032471824,
    0.0010788734,
    -0.011724261,
    0.00048073052,
    -0.022709154,
    -0.09451836,
    -0.009506157,
    -0.048768096,
    0.01996293,
    -0.034795552,
    0.05133325,
    -0.03977497,
    -0.0041155624,
    -0.032864142,
    -0.015353198,
    0.022331925,
    0.036877856,
    0.03714946,
    -0.017986253,
    0.07900673,
    -0.028503383,
    0.028427936,
    0.007272965,
    -0.025002703,
    -0.012305193,
    -0.008947859,
    0.058093183,
    -0.031928618,
    0.038567837,
    -0.021939607,
    0.061925825,
    0.01051713,
    0.005711239,
    -0.008163224,
    0.037964273,
    0.013376521,
    0.026058942,
    -0.01593413,
    0.023056203,
    -0.0049266038,
    -0.03135523,
    0.023101471,
    0.0061186454,
    0.062951885,
    -0.043154936,
    -0.041887447,
    0.02521395,
    -0.038205698,
    0.0013900868,
    0.0040099383,
    -0.018529462,
    0.037753023,
    -0.026511615,
    -0.028669363,
    0.0051529408,
    0.005926259,
    0.0044060284,
    0.004191008,
    0.115522444,
    0.0008600809,
    0.0077633616,
    -0.057338726,
    -0.002612307,
    0.0119204195,
    0.032502003,
    -0.0048096627,
    0.013799017,
    0.037873738,
    0.04970362,
    -0.018001342,
    -0.0391714,
    -0.0006676944,
    -0.022543173,
    -0.045116525,
    0.020958813,
    -0.018333303,
    -0.0072276974,
    -0.0329245,
    -0.038024627,
    -0.036696784,
    0.01094717,
    -0.015526723,
    -0.037753023,
    0.0045003355,
    0.01941972,
    -0.017201617,
    -0.025606267,
    0.078704946,
    0.022105588,
    -0.017020548,
    0.018801067,
    -0.0028028074,
    -0.0005158599,
    -0.022950578,
    0.0843181,
    -0.021607647,
    0.0013599086,
    -0.020581584,
    0.05483393,
    0.008638532,
    0.0002838644,
    0.013866918,
    0.072971076,
    0.03428252,
    -0.020823011,
    0.045991693,
    0.02574207,
    -0.014870346,
    -0.03977497,
    -0.030932734,
    0.045629553,
    0.02977087,
    -0.008593264,
    -0.06373652,
    0.05791211,
    0.061925825,
    -0.04149513,
    -0.014900524,
    0.039292116,
    0.08142099,
    -0.0021709497,
    0.0053340103,
    -0.030133009,
    0.028458115,
    0.006295943,
    0.0014740202,
    0.014379948,
    0.016205734,
    -0.03693821,
    -0.012689965,
    0.027567856,
    0.035942327,
    -0.023207095,
    -0.0123730935,
    -0.007570975,
    0.028684452,
    -0.05972281,
    0.060990296,
    -0.050850395,
    0.07568712,
    0.017065816,
    -0.009966376,
    0.0038665917,
    0.00092138053,
    0.03606304,
    0.058063004,
    0.026556883,
    -0.044875097,
    -0.011686537,
    0.0065562306,
    -0.04692722,
    0.0444526,
    -0.018529462,
    0.040197466,
    0.048888806,
    0.010751011,
    -0.08860342,
    0.12481735,
    -0.037632313,
    0.023750303,
    0.020400515,
    -0.0021671774,
    0.003408259,
    -0.02187925,
    -0.057157654,
    0.04900952,
    -0.019630969,
    -0.025500644,
    -0.038054805,
    -0.014244147,
    0.0061601405,
    0.038899798,
    0.08117957,
    0.009604236,
    0.071160376,
    0.023388164,
    -0.01804661,
    0.023267452,
    0.06965146,
    -0.060326375,
    0.030344257,
    0.021622736,
    -0.08202456,
    0.01733742,
    0.0423703,
    0.05232913,
    0.06355545,
    -0.009777762,
    0.015647436,
    -0.051031467,
    0.030872377,
    0.0058923084,
    -0.019480078,
    -0.014591197,
    0.009000671,
    0.044543136,
    -0.024474582,
    -0.025908051,
    -0.048888806,
    -0.07333321,
    0.0082386695,
    -0.0626501,
    0.08063635,
    0.0037854875,
    0.0476515,
    0.021124793,
    -0.026209833,
    0.024097353,
    -0.019283919,
    0.09964867,
    0.0083895605,
    -0.009068572,
    -0.016567875,
    -0.028216688,
    -0.032411467,
    -0.06252939,
    0.02432369,
    0.009898474,
    -0.02628528,
    -0.0269492,
    -0.025892962,
    0.0066203596,
    0.010124812,
    -0.022648796,
    -0.007740728,
    0.09934688,
    0.05555821,
