{
  "chunk_index": 404,
  "token_start": 181800,
  "token_end": 182300,
  "text": "2. Phạm tội thuộc một trong các trường hợp sau đây, thì bị phạt tù từ 03 năm đến 10 năm:\n\na) Làm chết 02 người;\n\n                                                                                                           ững người này từ 122%\nb) Gây thương tích hoặc gây tổn hại cho sức khỏe của 02 người trở lên mà tổng tỷ lệ tổn thương cơ thể của nh\nđến 200%;\n\nc) Gây thiệt hại về tài sản từ 500.000.000 đồng đến dưới 1.500.000.000 đồng.\n\n3. Phạm tội thuộc một trong các trường hợp sau đây, thì bị phạt tù từ 07 năm đến 15 năm:\n\na) Làm chết 03 người trở lên;\n\nb) Gây thương tích hoặc gây tổn hại cho sức khỏe của 03 người trở lên mà tổng tỷ lệổn\n                                                                                   t thương cơ thể của những người này 201% trở\nlên;\n\nc) Gây thiệt hại về tài sản 1.500.000.000 đồng trở lên.\n\n4. Cản trở giao thông đường sắt trong trường hợp có khả năng thực tế dẫn đến hậu quả quy định tại một trong các điểm a, b và c khoản\n3 Điều này nếu không được ngăn chặn kịp thời, thì bị phạt tiền từ 10.000.000 đồng đến 50.000.000 đồng, phạt cải tạo không giam giữ\nđến 02 năm hoặc phạt tù từ 03 tháng đến 01 năm.\n\nĐiều 269",
  "embedding": [
    0.00023193657,
    -0.03031289,
    -0.04671935,
    -0.16237709,
    0.0019502203,
    0.07393845,
    0.03653172,
    0.03809424,
    0.062469553,
    0.04887563,
    -0.11543898,
    -0.016172083,
    0.012484536,
    -0.07943852,
    -0.07143842,
    -0.10306382,
    0.109313905,
    0.014890816,
    0.04115678,
    0.005476633,
    -0.029266002,
    0.15750203,
    -0.0043750564,
    -0.062188298,
    -0.016531462,
    0.122001566,
    -0.042531796,
    -0.04500058,
    0.015031443,
    0.013797052,
    -0.10543886,
    -0.023844056,
    -0.02298467,
    0.0065118023,
    0.003228557,
    -0.0022949514,
    0.05068815,
    0.011578274,
    0.035187952,
    -0.12287658,
    -0.044969328,
    0.082876064,
    0.024078434,
    -0.006597741,
    -0.020312762,
    -0.06500083,
    -0.004043021,
    0.08106354,
    -0.04981314,
    -0.03968801,
    0.007324313,
    0.030156638,
    0.04112553,
    -0.00958606,
    0.0035371548,
    -0.17225221,
    -0.0016650604,
    0.00030224997,
    0.05678198,
    0.044781826,
    -0.0031308995,
    -0.038531747,
    0.029875385,
    -0.06737587,
    -0.024625316,
    -0.020625265,
    0.06393832,
    0.023469051,
    0.016875217,
    -0.046938103,
    -0.11937653,
    -0.07712599,
    -0.04906313,
    0.033187926,
    0.067813374,
    -0.009609498,
    -0.024672192,
    0.008515734,
    0.04437557,
    -0.0021152615,
    -0.0310629,
    -0.017672103,
    0.014086119,
    0.07731349,
    0.014468936,
    0.032187913,
    0.031141026,
    -0.0007392673,
    -0.07100091,
    0.030328514,
    0.02692222,
    -0.08981366,
    0.056969482,
    -0.033219177,
    0.025422202,
    0.011726713,
    -0.02640659,
    -0.0013779474,
    -0.0065547717,
    -0.010586074,
    0.011570461,
    -0.009265744,
    0.026250338,
    0.033312928,
    0.035187952,
    0.0068125874,
    -0.006289143,
    0.041688036,
    0.041750535,
    0.0019902599,
    -0.030609768,
    0.033125427,
    -0.037531734,
    -0.0027539416,
    -0.010562636,
    0.036156714,
    -0.043031804,
    -0.0853761,
    -0.027484728,
    -0.005808668,
    -0.038500495,
    0.058438253,
    -0.001424823,
    -0.01637521,
    0.071375914,
    -0.08162605,
    0.0010078255,
    -0.021594027,
    -0.04962564,
    0.012609537,
    -0.038875498,
    -0.011922028,
    0.010976704,
    0.003251995,
    0.07275093,
    -0.024219062,
    0.03440669,
    0.017375223,
    -0.0048828754,
    0.060219523,
    -0.012672038,
    -0.02610971,
    0.02679722,
    0.03262542,
    -0.030625394,
    -0.037625484,
    -0.002222685,
    -0.037750486,
    -0.0045195892,
    -0.002121121,
    0.048813127,
    -0.0026347996,
    -0.011828277,
    0.039375506,
    -0.04506308,
    0.0050508464,
    0.003421919,
    0.021734655,
    0.03196916,
    0.020125259,
    0.013375171,
    0.027047222,
    0.006933683,
    0.037594233,
    0.0048633437,
    0.030922273,
    -0.009789188,
    0.045594335,
    -0.02442219,
    0.018843992,
    0.029687881,
    -0.016328335,
    -0.01598458,
    0.011601712,
    0.0015185742,
    -0.041625533,
    -0.06656335,
    -0.08437608,
    -0.002978554,
    -0.068125874,
    -0.013078293,
    -0.00017175513,
    0.116876505,
    -0.04815687,
    -0.02100027,
    0.008671987,
    -0.023437802,
    0.02360968,
    0.015843954,
    0.07268843,
    -0.020812767,
    -0.031078525,
    -0.00710556,
    0.036937974,
    -0.008468859,
    -0.013062668,
    0.008445421,
    -0.03656297,
    0.14450185,
    -0.013953304,
    0.01243766,
    -0.011367334,
    -0.014375185,
    0.029719131,
    -0.010976704,
    -0.025062822,
    0.015437698,
    0.02142215,
    0.038969252,
    0.0071914988,
    -0.0049766265,
    -0.029015997,
    -0.027375352,
    -0.021859655,
    0.0233753,
    0.057906993,
    -0.026844095,
    -0.025969084,
    -0.0061758608,
    -0.0072539994,
    -0.0018808836,
    -0.025844082,
    0.020625265,
    0.021234648,
    -0.01745335,
    -0.0012031405,
    -0.02959413,
    0.020656515,
    0.010265757,
    0.008015728,
    0.08475109,
    0.023937808,
    -0.025437826,
    -0.039250504,
    -0.010875139,
    0.0110704545,
    0.056969482,
    -0.018047107,
    0.012539224,
    0.03575046,
    0.1013138,
    0.0055508525,
    0.007972758,
    -0.0133673595,
    -0.018515863,
    -0.03431294,
    0.038656745,
    -0.042563047,
    0.035500456,
    -0.042313043,
    -0.032906674,
    -0.024062809,
    0.009695437,
    -0.025406577,
    -0.02884412,
    -0.022765918,
    0.0026230805,
    -0.0068946197,
    -0.008921989,
    0.044938076,
    0.05743824,
    -0.1707522,
    -0.00031421302,
    -0.030047262,
    0.0272191,
    0.07887601,
    0.05606322,
    -0.0032832453,
    -0.0058789817,
    -0.04356306,
    0.050438147,
    -0.0077383807,
    0.051750664,
    -0.008820426,
    0.049188133,
    -0.010625137,
    -0.011734526,
    0.008328232,
    -0.023953432,
    0.03584421,
    -0.024328439,
    0.020453388,
    0.0012675944,
    -0.01189859,
    0.00970325,
    0.022219036,
    0.05965702,
    0.02400031,
    -0.02568783,
    -0.00019128664,
    0.0059414827,
    0.032344166,
    0.004109428,
    -0.006992277,
    -0.032125413,
    0.09675124,
    -0.04275055,
    0.007625098,
    -0.006441489,
    0.04353181,
    -0.0021289336,
    -0.025547203,
    -0.010297007,
    0.025500327,
    0.00074854476,
    0.07425095,
    -0.036844224,
    0.0030098043,
    -0.02604721,
    -0.007941509,
    0.015679888,
    -0.00054346403,
    0.019359624,
    0.011117331,
    -0.03262542,
    0.025531579,
    0.02842224,
    0.089938655,
    -0.04737561,
    -0.04209429,
    -0.013422048,
    0.002562533,
    -0.06518834,
    0.017047094,
    -0.075688474,
    0.002994179,
    0.047750615,
    0.0033535587,
    -0.05153191,
    0.100188784,
    -0.03796924,
    -0.022047158,
    0.033125427,
    0.033781685,
    -0.011640775,
    -0.019422125,
    -0.013531424,
    0.01667209,
    -0.053125683,
    -0.0075899414,
    -0.02028151,
    -0.074000955,
    0.03584421,
    0.056688227,
    0.049375635,
    -0.038406745,
    0.021656528,
    0.03181291,
    -0.06412582,
    0.008125104,
    0.011593899,
    -0.0110001415,
    0.034000438,
    0.019140871,
    -0.03803174,
    0.0106641995,
    -0.020812767,
    0.053625688,
    0.1323767,
    -0.025219074,
    0.011218894,
    0.024265938,
    0.027797231,
    0.0032246509,
    0.003877003,
    -0.02259404,
    -0.030391015,
    0.03959426,
    -0.11781401,
    -0.0428443,
    -0.009711063,
    0.03718798,
    0.036344215,
    -0.0701259,
    0.16112708,
    -0.0063555506,
    -0.0044805263,
    0.01321892,
    -0.031187901,
    0.010929828,
    -0.045500584,
    0.096938744,
    -0.020750267,
    0.04050052,
    -0.015992394,
    -0.0060938285,
