{
  "chunk_index": 135,
  "token_start": 60750,
  "token_end": 61250,
  "text": " 02 người trở lên;\n\nb) Đối với người dưới 18 tuổi, nếu không thuộc trường hợp quy định tại Điều 142 và Điều 145 của Bộ luật này\n                                                                                                          63;\n\nc) Đối với phụ nữ mà biết là có thai;\n\nd) Đối với thầy thuốc hoặc nhân viên y tế trực tiếp chữa bệnh cho mình;\n\nđ) Đối với người đang64 thi hành công vụ hoặc vì lý do công vụ của nạn nhân.\n\nĐiều 149. Tội cố ý truyền HIV cho người khác\n\f1. Người nào cố ý truyền HIV cho người khác, nếu không thuộc trường hợp quy định tại Điều 148 của Bộ luật này, thì bị phạt tù từ 03\nnăm đến 07 năm.\n\n2. Phạm tội thuộc một trong các trường hợp sau đây, thì bị phạt tù từ 07 năm đến 15 năm:\n\na) Có tổ chức;\n\nb) Đối với người đang thi hành công vụ hoặc vì lý do công vụ của nạn nhân;\n\nc) Đối với người dưới 18 tuổi;\n\nd) Đối với từ 02 người đến 05 người;\n\nđ) Lợi dụng nghề nghiệp;\n\ne) Gây rối loạn tâm thần và hành vi của nạn nhân mà tỷ lệ tổn thương cơ thể từ 31% đến 60%65.\n\n3. Phạm tội thuộc một trong các trường hợp sau đây, thì bị phạt tù từ 12 năm đến 20 năm hoặc tù chung thân:\n\na) Đối",
  "embedding": [
    -0.00040437674,
    -0.009134603,
    0.01664696,
    -0.1831469,
    -0.0008641865,
    0.06871041,
    0.020952731,
    0.031626195,
    0.0054921326,
    0.076351635,
    0.10570365,
    -0.03065588,
    0.0020581284,
    -0.043391258,
    -0.048515733,
    -0.07653357,
    0.16022322,
    -0.04524092,
    -0.0036690023,
    0.014296981,
    -0.006784622,
    0.013895209,
    0.13839112,
    -0.1125565,
    -0.009930564,
    0.04975895,
    -0.0392371,
    -0.0642227,
    0.09654631,
    0.10449076,
    -0.069983944,
    0.0023821983,
    -0.020315964,
    0.02534947,
    -0.003742913,
    -0.018663395,
    -0.052002802,
    0.015494713,
    -0.07422907,
    0.007330424,
    -0.031034907,
    0.020300802,
    0.05406472,
    0.00017151069,
    -0.0019292585,
    0.0006391379,
    -0.02001274,
    0.06573882,
    -0.05782469,
    -0.033081666,
    0.007997516,
    0.025410116,
    -0.04727252,
    -0.0047378647,
    0.0005974447,
    -0.1524607,
    -0.017086634,
    -0.0047151227,
    -0.050547328,
    0.020573704,
    0.030549752,
    0.025880111,
    0.0795658,
    -0.038115174,
    -0.014069563,
    -0.03092878,
    -0.03362747,
    -0.007523729,
    0.019542744,
    0.008353802,
    -0.1023682,
    0.050759587,
    -0.019664032,
    -0.0131977955,
    -0.0017672235,
    -0.028639443,
    0.0001311204,
    0.008740413,
    0.03493133,
    0.011158619,
    -0.0025565517,
    0.01845114,
    -0.02118015,
    0.05015314,
    0.008679768,
    0.04812154,
    0.014857943,
    0.033324245,
    -0.115406804,
    0.008945088,
    0.027760096,
    -0.0119621605,
    0.033445533,
    -0.058309846,
    0.009718308,
    0.0035628742,
    -0.015691807,
    -0.049091857,
    -0.00035960393,
    -0.01843598,
    0.0021111926,
    -0.029291375,
    0.043451905,
    0.06586011,
    0.010142821,
    0.016313415,
    -0.04587769,
    0.017753726,
    -0.00084097096,
    -0.018481461,
    0.019178877,
    0.047727354,
    -0.031034907,
    -0.011264747,
    -0.012060708,
    -0.012485221,
    -0.031201681,
    -0.02610753,
    -0.032930054,
    0.004821251,
    -0.045574468,
    0.055944704,
    -0.0037220663,
    0.011886355,
    -0.00057896704,
    -0.05066862,
    0.017632436,
    0.022211108,
    -0.06986266,
    -0.04963766,
    -0.06579946,
    -0.015782775,
    -0.039540324,
    0.0022514332,
    0.03481004,
    -0.021634985,
    -0.0036614218,
    0.03823646,
    -0.0012725905,
    0.028684927,
    -0.03274812,
    -0.0029791691,
    0.047818318,
    0.045331888,
    0.0014099885,
    -0.006420754,
    0.02924589,
    0.0006253981,
    0.013933112,
    0.0023594566,
    0.0119924825,
    0.016995668,
    -0.05885565,
    0.02092241,
    0.0030758218,
    0.026016561,
    0.004889476,
    0.014365206,
    0.035143584,
    -0.008368964,
    0.0059431773,
    0.058946617,
    -0.101094656,
    -0.13826984,
    -0.019815644,
    0.015130844,
    0.013463116,
    0.04096547,
    -0.017890176,
    -0.022029174,
    0.034233913,
    -0.0517299,
    -0.006291884,
    0.008846541,
    0.043876417,
    -0.040389348,
    -0.024924958,
    -0.07083297,
    -0.015282456,
    0.0548531,
    0.013766339,
    -0.0046582683,
    0.08150643,
    -0.0010574914,
    -0.024091093,
    -0.008088483,
    0.0038660974,
    0.031504903,
    0.08290126,
    0.016434705,
    -0.014615364,
    0.022120142,
    -0.011658937,
    0.037751306,
    -0.0143879475,
    0.036690023,
    0.0016809944,
    -0.03960097,
    0.07380456,
    -0.026880749,
    0.043815773,
    0.037630014,
    0.036053255,
    0.003885049,
    0.010385399,
    -0.01754147,
    0.03171716,
    0.009134603,
    0.032566186,
    -0.019421455,
    0.029079117,
    -0.05003185,
    -0.014509236,
    0.009832016,
    6.9942726e-05,
    0.04730284,
    -0.038630653,
    -0.0093999235,
    0.022468848,
    -6.798836e-05,
    -0.015919225,
    -0.042390622,
    -0.0073001017,
    0.031232003,
    -0.0039532743,
    0.011469423,
    0.02365142,
    0.0429061,
    -0.0006595107,
    -0.0005244816,
    0.05461052,
    -0.029700726,
    -0.05806727,
    -0.0009911612,
    0.0254556,
    -0.018284367,
    0.0875709,
    -0.024197223,
    0.00013017283,
    0.105946235,
    0.09472697,
    0.016828895,
    -0.009316537,
    0.026456235,
    -0.015108103,
    -0.0131902145,
    0.003678478,
    -0.04900089,
    0.0028123965,
    0.03065588,
    -0.027381066,
    -0.009687985,
    -0.009202828,
    -0.013296343,
    -0.009922983,
    0.0020448624,
    0.005044878,
    -0.0022760702,
    -0.011082813,
    0.1068559,
    -0.01766276,
    -0.098305,
    0.03135329,
    -0.017738566,
    0.03599261,
    0.04420996,
    0.064525925,
    0.058006622,
    -0.00047497093,
    0.0045635113,
    0.05912855,
    -0.009672824,
    0.044634476,
    0.02040693,
    -0.0077776783,
    0.014592623,
    0.015691807,
    -0.023439163,
    -0.013758759,
    0.0009958991,
    -0.02481883,
    -0.031777807,
    0.005355682,
    0.024257867,
    0.039055165,
    -0.024743024,
    0.04587769,
    -0.0018989361,
    -0.002586874,
    -0.0073872786,
    0.006443496,
    0.06810396,
    -0.036599055,
    0.035537776,
    0.009172506,
    0.10327787,
    0.0023272391,
    0.0021244586,
    0.026592687,
    0.030610396,
    -0.028912345,
    -0.053458273,
    -0.0034870682,
    0.049577016,
    0.0034605362,
    0.021998852,
    -0.015904063,
    0.043573193,
    0.016828895,
    0.11304166,
    -0.047757674,
    0.019709516,
    0.014888265,
    0.048515733,
    -0.0006249243,
    0.060098864,
    0.052821506,
    -0.0215895,
    -0.1137694,
    0.03629583,
    0.011742324,
    -0.040389348,
    -0.06907427,
    0.005537616,
    -0.023803031,
    0.026471397,
    0.032839086,
    0.020831443,
    -0.12553446,
    0.0995179,
    -0.034203593,
    -0.0034264238,
    0.14518332,
    0.02052822,
    -0.010150401,
    -0.022074658,
    -0.025440438,
    0.028563637,
    0.019906612,
    0.008202191,
    -0.053700853,
    -0.033324245,
    0.16640897,
    0.054792456,
    0.0046734298,
    0.004745445,
    0.07350133,
    0.020346286,
    -0.0067163967,
    0.083265126,
    0.083629,
    -0.06276723,
    -0.003782711,
    0.009551535,
    0.018163078,
    -0.001572971,
    -0.019755,
    0.027077844,
    0.028275575,
    0.014198433,
    0.015403746,
    -0.031777807,
    -0.013561663,
    0.03092878,
    0.039691932,
    0.025758822,
    -0.05900726,
    -0.0081718685,
    0.018360173,
    -0.012053127,
    -0.008778315,
    0.0016762565,
    0.01312199,
    -0.0025755032,
    0.041541595,
    -0.026638169,
    0.028791055,
    -0.020619188,
    -0.030625556,
    0.037842274,
    0.013235698,
    0.101579815,
    0.017132118,
    0.058673713,
    -0.020619188,
    -0.016616639,
    0.007118168,
    0.046605427,
    -0.059583385,
