{
  "chunk_index": 493,
  "token_start": 221850,
  "token_end": 222350,
  "text": " 01 người mà tỷ lệ tổn thương có thể 61 % trở lên;\n\nc) Gây tổn hại cho sức khỏe của 02 người trở lên mà tổng tỷ lệ tổn thương cơ thể của những người này từ 61% đến 121 %;\n\nd) Đã bị xử lý kỷ luật, xử phạt vi phạm hành chính về hành vi này hoặc đã bị kết án về tội này, chưa được xóa án tích mà còn vi phạm.\n\n2.329 Phạm tội thuộc một trong các trường hợp sau đây, thì bị phạt tù từ 03 năm đến 07 năm:\n\na) Làm chết 02 người;\n\nb) Gây tổn hại cho sức khỏe của 02 người trở lên mà tổng tỷ lệ tổn thương cơ thể của những người này từ 122% đến 200%.\n\n3.330 Phạm tội thuộc một trong các trường hợp sau đây, thì bị phạt tù từ 07 năm đến 15 năm:\n\na) Làm chết 03 người trở lên;\n\nb) Gây tổn hại cho sức khỏe của 03 người trởlên mà tổng tỷ lệ tổn thương cơ thể của những người này 201% trở lên.\n\n4. Người phạm tội còn có thể bị phạt tiền từ 5.000.000 đồng đến 50.000.000 đồng, cấm đảm nhiệm chứcvụ, cấm hành nghề hoặc làm\ncông việc nhất định từ 01 năm đến 05 năm.\n\nĐiều 317.",
  "embedding": [
    3.0628726e-05,
    -0.03418166,
    -0.06566799,
    -0.16625272,
    0.0015371792,
    0.07093613,
    -0.02355349,
    0.08833324,
    0.038316537,
    0.06413655,
    -0.023185946,
    -0.020061815,
    0.0028599573,
    -0.01393607,
    -0.06946595,
    -0.1446901,
    0.13709417,
    -0.013545554,
    0.061839398,
    0.006087459,
    -0.03335468,
    0.10530156,
    0.023124687,
    -0.11896197,
    0.01165423,
    0.058868412,
    -0.027443338,
    -0.085392885,
    0.11246868,
    0.051088713,
    -0.07007852,
    -0.024457037,
    0.010842569,
    -0.012167261,
    0.0027450996,
    -0.0101610795,
    0.052742664,
    0.0028695287,
    0.025375899,
    -0.12024838,
    -0.01793312,
    0.10328006,
    0.0008762687,
    0.002534527,
    -0.02534527,
    -0.07718439,
    -0.016447626,
    0.021179764,
    -0.054120958,
    -0.020858163,
    0.006098945,
    0.038316537,
    0.03314028,
    -0.0029327006,
    0.016416997,
    -0.164415,
    0.046004348,
    0.0030188437,
    -0.011638916,
    0.051364373,
    0.019801471,
    -0.03948043,
    0.043707192,
    -0.079879716,
    -0.016937686,
    -0.025268698,
    -0.01238932,
    -0.011822688,
    0.032343935,
    -0.058072064,
    -0.091273606,
    -0.043217134,
    -0.055407364,
    0.042145126,
    0.07608175,
    0.009050788,
    -0.019602384,
    -0.0004627809,
    0.009525534,
    0.0085301,
    0.003216016,
    -0.00654689,
    -0.0141734425,
    0.05271204,
    0.005310255,
    0.001056691,
    0.006397575,
    0.034518573,
    -0.059266586,
    -0.0029518434,
    0.037397675,
    -0.07804199,
    0.05647937,
    -0.045361143,
    -0.0007460966,
    0.0019162097,
    0.01483196,
    -0.006072145,
    0.016769227,
    -0.0129329795,
    -0.0010633911,
    -0.0254831,
    0.07565295,
    0.047015093,
    0.0817787,
    -0.00075758237,
    -0.0018444236,
    0.011393886,
    0.044534165,
    -0.0008777044,
    -0.0171674,
    0.028209057,
    -0.052926436,
    -0.06481038,
    0.007492552,
    0.011860974,
    0.012473549,
    -0.06352398,
    -0.012128975,
    -0.057275716,
    -0.052926436,
    0.022481484,
    0.0088976445,
    -0.0313485,
    0.055560507,
    -0.02039873,
    0.012833436,
    0.0018042234,
    -0.0624826,
    0.0050996826,
    -0.05286518,
    -0.038285907,
    -0.00014129892,
    0.03317091,
    -0.011876289,
    -0.024487667,
    0.018913237,
    0.0029384433,
    0.017213345,
    0.0937239,
    -0.026754191,
    -0.0023124688,
    0.010475025,
    0.09164115,
    -0.04762767,
    -0.00039219126,
    0.010628168,
    0.004732138,
    -0.0075538093,
    -0.030766554,
    0.03914351,
    -0.022404913,
    -0.030291809,
    0.006267403,
    -0.028025284,
    0.0023239546,
    0.023124687,
    0.039327282,
    0.02678482,
    -0.0058883727,
    0.005321741,
    0.04091998,
    -0.03770396,
    -0.014548644,
    -0.011087598,
    0.035498694,
    0.039725456,
    0.032313306,
    -0.016998943,
    0.041379407,
    0.013867156,
    0.034886118,
    -0.03675447,
    0.026003787,
    -0.014035613,
    -0.02955672,
    -0.0560812,
    -0.06609679,
    -0.013063151,
    -0.06027733,
    0.015612992,
    0.014732417,
    0.11847191,
    -0.04597372,
    -0.07075236,
    -0.016891742,
    -0.009004845,
    0.02895946,
    0.04015426,
    0.05188506,
    0.00050824543,
    0.033569083,
    -0.030659355,
    0.05188506,
    -0.061441224,
    -0.04848527,
    -0.04447291,
    0.013514925,
    0.10597539,
    -0.024564238,
    0.02415075,
    -0.03335468,
    0.016922371,
    -0.0056280284,
    -0.01849975,
    -0.012825779,
    0.015758479,
    0.03482486,
    0.048638415,
    0.0018980239,
    -0.025284013,
    -0.05503982,
    -0.033569083,
    -0.037612077,
    -0.013484296,
    0.043217134,
    -0.03292588,
    -0.02137885,
    -0.010796626,
    -0.008637301,
    -0.030843128,
    -0.017121458,
    -0.022389598,
    0.05528485,
    0.010398452,
    -0.002637899,
    -0.0061295736,
    0.017504316,
    0.00426505,
    0.015153562,
    0.10738431,
    -0.011102913,
    -0.02379852,
    -0.027458653,
    0.014227043,
    -0.0052719694,
    0.04278833,
    -0.013943727,
    0.010383138,
    0.018162834,
    0.13525645,
    -0.008376957,
    0.0101610795,
    -0.015291391,
    0.0035395322,
    -0.04759704,
    0.011577658,
    -0.0653617,
    0.011347943,
    -0.012174918,
    -0.055376735,
    -0.027795568,
    0.009923707,
    -0.029771121,
    -0.07381523,
    0.0007987397,
    0.003977906,
    -0.046708807,
    -0.017397117,
    0.013645098,
    0.042972103,
    -0.13819681,
    0.011286685,
    -0.024548924,
    0.036570698,
    -0.008185527,
    0.0764493,
    -0.019464554,
    0.005245169,
    -0.010000279,
    0.04104249,
    -0.0064205467,
    0.0427577,
    -0.00076380384,
    0.11491898,
    0.014663503,
    -0.020827534,
    0.031884503,
    -0.01667734,
    0.013361782,
    -0.052191347,
    0.0044564796,
    0.05439662,
    0.0008872759,
    -0.033783484,
    -0.0114474865,
    -0.00540597,
    0.0024636982,
    0.003882191,
    0.004069792,
    -0.00026369418,
    0.06131871,
    -0.010107479,
    -0.005153283,
    0.0007370037,
    0.053263355,
    -0.010689425,
    0.0394498,
    0.02007713,
    0.04425851,
    0.016830485,
    -0.04781144,
    -0.013468982,
    0.041440666,
    -0.032160163,
    0.014372529,
    -0.020934734,
    -0.011286685,
    -0.028316258,
    0.013461325,
    0.017366488,
    0.015467507,
    0.011585316,
    0.03335468,
    -0.030812498,
    0.006152545,
    0.050813057,
    0.03408977,
    -0.021853596,
    0.0060185445,
    -0.0039625913,
    0.019510498,
    -0.057061315,
    0.009648048,
    -0.040001117,
    -0.0085837,
    0.06131871,
    0.016401682,
    -0.08723061,
    0.12214736,
    -0.053048953,
    -0.04159381,
    0.06358524,
    0.008246784,
    0.012565435,
    -0.047995213,
    -0.031884503,
    0.01062051,
    -0.04355405,
    -0.008063012,
    -0.029648606,
    -0.06358524,
    0.049434762,
    0.035253663,
    0.019923987,
    -0.040246144,
    0.057122573,
    0.03274211,
    -0.016876427,
    0.021332907,
    0.052528266,
    -0.010574567,
    0.07914463,
    0.030460268,
    -0.016508883,
    0.012818121,
    -0.0035089033,
    0.033538453,
    0.026968593,
    -0.02309406,
    0.035743725,
    -0.018760094,
    0.009701649,
    0.000946619,
    -0.0054136273,
    -0.0017908233,
    -0.0049350536,
    0.046341263,
    -0.059266586,
    -0.06315643,
    -0.021669824,
    0.0042497357,
    0.027259566,
    -0.083248876,
    0.0986245,
    -0.03611127,
    0.02850003,
    0.049189735,
    -0.010092165,
    0.038898483,
    -0.043921594,
    0.08183996,
    -0.006286546,
    0.08698558,
    -0.009395362,
    -0.01923484,
    -0.024824582,
    -0.023568805,
    -0.038347166,
    0.0028657,
    -0.012297434,
    -0.01624854,
    -0.05240575,
    -0.033324055,
    0.055897426,
    -0.030965641,
    -0.007339408,
    0.09984965,
    0.020995991,
