{
  "chunk_index": 642,
  "token_start": 288900,
  "token_end": 289400,
  "text": "áng 01 năm 2018.\n\n108 Khoản này được sửa đổi, bổ sung theo quy định tại khoản 36 Điều 1 của Luật số 12/2017/QH14 sửa đổi, bổ sung một số điều của\nBộ luật Hình sự số 100/2015/QH13, có hiệu lực kể từ ngày 01 tháng 01 năm 2018.\n\n109 Khoản này được sửa đổi, bổ sung theo quy định tại khoản 36 Điều 1 của Luật số 12/2017/QH14 sửa đổi, bổ sung một số điều của\nBộ luật Hình sự số 100/2015/QH13, có hiệu lực kể từ ngày 01 tháng 01 năm 2018.\n\n110 Khoản này được sửa đổi, bổ sung theo quy định tại khoản 36 Điều 1 của Luật số 12/2017/QH14 sửa đổi, bổ sung một số điều của\nBộ luật Hình sự số 100/2015/QH13, có hiệu lực kể từ ngày 01 tháng 01 năm 2018.\n\n111 Từ “bị” được bổ sung theo quy định tại điểm e khoản 1 Điều 2 của Luật số 12/2017/QH14 sửa đổi, bổ sung một số điều của Bộ luật\nHình sự số 100/2015/QH13, có hiệu lực kể từ ngày 01 tháng 01 năm 2018.\n\n112 Cụm từ “phạt cải tạo không giam giữ từ 02 năm đến 03 năm hoặc” được bổ sung theo quy định tại điểm g khoản 1 Điều 2 của Luật\nsố 12/2017/QH14 sửa đổi, bổ sung",
  "embedding": [
    -4.2580374e-05,
    -0.022393486,
    -0.027362503,
    -0.05897006,
    0.0010550935,
    0.011246104,
    -0.0489333,
    -0.020205144,
    0.02361106,
    0.07022439,
    -0.08503272,
    -0.02650691,
    0.0037205927,
    -0.015622788,
    -0.10201294,
    -0.19020477,
    0.056600727,
    0.01245545,
    0.080952205,
    0.009148257,
    -0.011394187,
    0.008498336,
    0.08240013,
    -0.011270784,
    -0.038666192,
    0.039521787,
    -0.014084367,
    0.0010525226,
    0.012644668,
    0.024154032,
    -0.06798669,
    -0.026079115,
    0.05745632,
    -0.04906493,
    0.0012463677,
    -0.010892349,
    0.07772727,
    -0.008786276,
    0.02744477,
    0.0013934227,
    0.00027097185,
    -0.015153857,
    -0.056995615,
    -0.021241726,
    0.07595028,
    0.0698295,
    -0.011320145,
    0.038271304,
    -0.05038123,
    0.002531813,
    0.009131803,
    0.03567162,
    -0.055514783,
    -0.026293011,
    -0.017638367,
    -0.18204373,
    0.049295284,
    0.002832093,
    0.0049237697,
    0.021044282,
    -0.004310869,
    0.034552768,
    0.0078072804,
    -0.056502003,
    -0.020567125,
    -0.03389462,
    0.037020825,
    -0.026753716,
    0.0057423413,
    -0.027790299,
    -0.12754908,
    0.044260453,
    -0.038567472,
    0.004368457,
    0.06644004,
    -0.031640463,
    -0.04633362,
    0.016651144,
    0.08766531,
    -0.014067913,
    0.044819877,
    -0.07759564,
    -0.015466478,
    -0.027543493,
    0.037020825,
    0.029863466,
    0.04083808,
    0.007914229,
    -0.010275335,
    -0.004586469,
    0.018921755,
    -0.011896024,
    0.06262278,
    0.026901798,
    -0.007161473,
    -0.0034429366,
    -0.008753369,
    -0.030011548,
    -0.004082574,
    -0.013401538,
    0.015910728,
    -0.013738839,
    -8.6317654e-05,
    0.042055655,
    0.006651408,
    -0.013393312,
    -0.015886048,
    0.013952738,
    0.021356901,
    0.009148257,
    0.013936284,
    0.023051633,
    0.002926702,
    -0.051072285,
    -0.02535515,
    0.0019230262,
    0.14953122,
    -0.006708996,
    -0.015548746,
    0.038567472,
    -0.0073794844,
    0.0560413,
    0.05074321,
    0.0033606682,
    0.055712227,
    -0.04277962,
    -0.0056436188,
    0.006708996,
    -0.11984875,
    0.022492208,
    -0.0064868713,
    0.013985645,
    0.038600378,
    -0.004693418,
    0.015178538,
    -0.018148432,
    -0.0002794558,
    0.031360753,
    -0.037119545,
    -0.008572377,
    -0.025536142,
    0.0073835975,
    0.014742515,
    0.00660616,
    -0.039916676,
    -0.06012182,
    0.00509242,
    0.056995615,
    0.009592507,
    -0.0003640381,
    -0.0004442499,
    -0.006951688,
    -0.02713215,
    -0.012200418,
    -0.021982143,
    -0.037415713,
    0.0063758087,
    -0.048406783,
    -0.049690172,
    0.010267109,
    -0.019958338,
    -0.0017615742,
    -0.039159805,
    0.024746364,
    0.02005706,
    0.033417463,
    -0.066966556,
    -0.015326621,
    -0.06186591,
    -0.030900048,
    0.008810956,
    -0.02895851,
    -0.009049535,
    0.017013125,
    -0.024664097,
    -0.00051109307,
    0.0013193811,
    -0.016807454,
    -0.007552248,
    -0.04709049,
    -0.011023979,
    -0.0127516175,
    0.08654646,
    -0.012792751,
    -0.03238088,
    0.030751964,
    0.013664798,
    0.010439873,
    0.059792746,
    0.032545418,
    -0.07154068,
    -0.07680587,
    -0.0039180373,
    0.004500087,
    -0.035737436,
    0.004125765,
    -0.05314545,
    0.04695886,
    0.029205317,
    -0.0015301941,
    -0.005606598,
    0.0027662783,
    0.07246209,
    -0.007029843,
    -0.0031858475,
    -0.002346709,
    0.0053309985,
    -0.017424468,
    0.012488358,
    -0.038764916,
    0.028481353,
    -0.08463783,
    -0.06673621,
    -0.052553117,
    0.016494833,
    0.05403395,
    -0.058443543,
    -0.0275764,
    0.010661997,
    0.04478697,
    -0.010291789,
    -0.025223522,
    -0.050414134,
    0.05617293,
    -0.044523712,
    0.008753369,
    0.006680202,
    0.034717306,
    0.03432242,
    0.026227197,
    0.11056886,
    -0.00958428,
    -0.053474523,
    -0.007971818,
    0.012381409,
    -0.013722385,
    0.015968315,
    0.020287411,
    -0.028974965,
    0.085164346,
    -0.0074411854,
    -0.008263871,
    0.010464553,
    0.02209732,
    -0.029649567,
    0.0065362323,
    0.014298265,
    0.022755466,
    0.022623837,
    0.009049535,
    -0.09444424,
    0.0021430943,
    0.012471904,
    -0.0084818825,
    -0.011303691,
    -0.005228163,
    -0.009304567,
    -0.03277577,
    -0.013376858,
    0.03784351,
    0.012258006,
    -0.05186206,
    -0.02953439,
    0.0026593292,
    0.056863986,
    -0.018131977,
    0.07674006,
    0.021537893,
    -0.015425343,
    -0.007408278,
    -0.009699455,
    -0.06525537,
    0.031920176,
    0.02361106,
    0.11655801,
    0.013426219,
    0.0005573691,
    0.02264029,
    0.019431818,
    -0.035375454,
    -0.017819356,
    -0.046366524,
    0.02468055,
    0.008362593,
    0.055580597,
    -0.040344473,
    0.023676874,
    0.013952738,
    -0.013796427,
    -0.0037822942,
    0.018280061,
    -0.061701372,
    0.025552595,
    0.00869578,
    -0.0738442,
    0.067262724,
    0.03593488,
    -0.011056886,
    0.013097145,
    0.035342548,
    0.032397334,
    0.027049882,
    -0.023183262,
    0.04488569,
    -0.032545418,
    -0.006474531,
    0.0062194983,
    0.039883766,
    0.035572898,
    0.09273305,
    -0.018609134,
    0.0027930154,
    0.061931726,
    -0.040410288,
    -0.042582173,
    0.014026779,
    0.02517416,
    0.03679047,
    0.0135084875,
    0.021307541,
    0.0386991,
    0.10885768,
    -0.062030446,
    0.0018294457,
    -0.04824225,
    0.04389847,
    -0.013343951,
    0.0042286008,
    -0.022623837,
    0.10951582,
    -0.0054132673,
    0.045510933,
    0.060319263,
    -0.025815854,
    -0.0032310952,
    -0.04577419,
    -0.009592507,
    0.10260527,
    -0.0051294407,
    0.014890598,
    -0.050315414,
    -0.026177837,
    0.06857902,
    -0.049525637,
    -0.028053558,
    0.04037738,
    0.08970557,
    -0.014569751,
    0.043536488,
    0.022920003,
    0.12952352,
    -0.028744614,
    -0.0769375,
    0.028942058,
    -0.020929106,
    0.04189112,
    -0.008917905,
    0.022673197,
    0.053836506,
    0.004969017,
    0.036461398,
    -0.06278732,
    -0.023676874,
    0.05502117,
    -0.017243477,
    -0.012792751,
    -0.033318743,
    0.06838158,
    0.019958338,
    -0.06186591,
    -0.056567818,
    -0.07772727,
    -0.003469674,
    -0.034124974,
    0.03981795,
    0.028316816,
    0.0070133894,
    0.05577804,
    -0.008033519,
    -0.014471029,
    0.009057761,
    0.0920749,
    -0.0071121114,
    0.10030175,
    -0.023232624,
    -0.017111847,
    -0.06012182,
    -0.042812526,
    0.01034115,
    -0.003282513,
    0.018230699,
    -0.006688429,
    0.020106422,
    -0.09036372,
    0.063445464,
    -0.026474003,
