{
  "chunk_index": 300,
  "token_start": 135000,
  "token_end": 135500,
  "text": ".000 mét vuông (m2) đến dưới 25.000 mét\nvuông (m2) đối với rừng đặc dụng;\n\nd) Cho phép chuyển mục đích sử dụng rừng trái pháp luật từ 12.500 mét vuông (m2) đến dưới 17.000 mét vuông (m2) đối với rừng sản\nxuất; từ 10.000 mét vuông (m2) đến dưới 15.000 mét vuông (m2) đối với rừng phòng hộ hoặc từ 7.500 mét vuông (m2) đến dưới 12.000\nmét vuông (m2) đối với rừng đặc dụng;\n\nđ) Cho phép khai thác, vận chuyển lâm sản trái pháp luật thuộc một trong các trường hợp quy định tại các điểm từ điểm a đến điểm 1\nkhoản 2 Điều 232 của Bộ luật này.\n\n3. Phạm tội thuộc một trong các trường hợp sau đây, thì bị phạt tù từ 05 năm đến 12 năm:\n\na) Giao rừng, thu hồi rừng, cho thuê rừng trái pháp luật 40.000 mét vuông (m2) trở lên đối với rừng sản xuất; 30.000 mét vuông (m2) trở\nlên đối với rừng phòng hộ hoặc 25.000 mét vuông (m2) trở lên đối với rừng đặc dụng;\n\nb) Cho phép chuyển mục đích sử dụng rừng trái pháp luật 17.000 mét vuông (m2) trở lên đối với rừ",
  "embedding": [
    -0.0002179878,
    -0.07968462,
    -0.05820888,
    -0.042310417,
    -0.000683137,
    0.09032633,
    0.053945784,
    -0.004399322,
    0.012989619,
    0.009688124,
    -0.078658916,
    -0.10801978,
    0.003954582,
    0.024376571,
    0.12750821,
    -0.055516396,
    0.12000773,
    0.0077368766,
    -0.03782295,
    0.0015786274,
    -0.012236365,
    0.02091481,
    0.033207268,
    0.045034952,
    -0.11750757,
    -0.0012420672,
    -0.021812303,
    0.09045455,
    -0.02110713,
    -0.045131113,
    -0.13039301,
    0.039489724,
    -0.02529009,
    -0.027117131,
    -0.0017859724,
    -0.055484343,
    -0.006751236,
    0.016683767,
    -0.069491655,
    -0.1320598,
    -0.02355921,
    -0.054811224,
    0.047631275,
    0.0340086,
    0.07404323,
    -0.06343357,
    -0.0116914585,
    -0.0041388883,
    -0.087120995,
    -0.03410476,
    0.015089113,
    0.018558888,
    0.0072921365,
    -0.019760888,
    0.066414535,
    -0.119623095,
    0.06388232,
    0.0062143425,
    0.026668385,
    0.07442787,
    -0.0032393914,
    -0.05391373,
    0.07590233,
    0.026700439,
    -0.00016602632,
    -0.0075806165,
    0.07096611,
    -0.048913408,
    0.00762469,
    -0.025754865,
    -0.014279766,
    -0.0013802972,
    -0.024504784,
    0.038528122,
    0.07590233,
    -0.03069108,
    -0.021523822,
    0.044746473,
    0.03343164,
    0.00013622672,
    0.0056934757,
    -0.009864418,
    -0.033848334,
    -0.09430095,
    0.02771012,
    0.056926746,
    0.081415504,
    0.029761532,
    -0.01690814,
    0.027085079,
    0.027165212,
    0.09833967,
    0.0097362045,
    -0.044265673,
    -0.0027766211,
    -0.01488878,
    -0.024184251,
    0.011987952,
    -0.008726524,
    0.0029449014,
    -0.0050043287,
    -0.02303033,
    0.014544207,
    0.009527857,
    -0.017084435,
    -0.025995264,
    -0.0044794553,
    0.0057455627,
    0.0037362182,
    -0.0045876354,
    0.016795954,
    0.016371246,
    0.0049241954,
    -0.012484779,
    0.0146243395,
    0.03888071,
    -0.0036220283,
    -0.03330343,
    0.005308836,
    -0.017116487,
    -0.026171558,
    0.04128471,
    -0.02649209,
    0.02953716,
    0.032245666,
    -0.08840313,
    -0.010297138,
    0.019376248,
    -0.05093277,
    -0.021892436,
    0.008037377,
    -0.00804539,
    0.03464967,
    -0.008782617,
    0.0061181826,
    -0.0005584294,
    0.0032774548,
    0.013029685,
    -0.02771012,
    0.062856615,
    0.002630378,
    -0.0094397105,
    0.010273098,
    -0.026219638,
    -0.032405935,
    -0.05628568,
    0.03238991,
    0.049105726,
    0.032886736,
    0.012837365,
    -0.03301495,
    -0.01729278,
    0.024953531,
    -0.016259061,
    0.0010787955,
    0.0034176882,
    -0.024264384,
    0.0340086,
    -0.0006400653,
    0.026812624,
    0.0075726034,
    0.031155853,
    0.026556198,
    0.009551898,
    0.03117188,
    0.033944495,
    -0.01710046,
    0.03138023,
    -0.0061061624,
    -0.116674185,
    0.04779154,
    0.003962595,
    -0.029408947,
    0.06699149,
    -0.015858393,
    -0.0313642,
    0.020161556,
    0.009984618,
    -0.00758863,
    -0.010489458,
    0.009327524,
    0.050772503,
    0.053689357,
    0.01493686,
    0.02182833,
    -0.06968398,
    -0.014351886,
    0.022389263,
    0.03261428,
    0.01883134,
    -0.05343293,
    0.028206946,
    -0.0018570909,
    0.04099623,
    -0.03532279,
    0.042951487,
    0.0064387163,
    -0.05131741,
    -0.004535549,
    -0.0054530757,
    0.039105084,
    0.03381628,
    0.017356887,
    -0.042342473,
    0.019937182,
    0.017565234,
    0.00065509026,
    0.007392303,
    0.015361567,
    0.011587285,
    0.03458556,
    -0.009567924,
    -0.045227274,
    0.03727804,
    0.00773287,
    0.0074483966,
    0.010858071,
    -0.025145851,
    -0.0022136844,
    -0.026139505,
    0.008293804,
    0.00010811744,
    0.019744862,
    0.035162523,
    -0.029408947,
    0.006490803,
    0.04166935,
    0.009383617,
    0.025161877,
    -0.028703772,
    0.014159566,
    0.0020814643,
    -0.039040975,
    0.031716786,
    0.011210659,
    0.02303033,
    0.12603377,
    -0.006522856,
    0.044201564,
    0.067055605,
    0.03535484,
    -0.023430998,
    -0.057984505,
    0.045067005,
    -0.004503495,
    -0.014175593,
    -0.014680433,
    -0.0098243505,
    0.0041909753,
    -0.0038504084,
    -0.02110713,
    -0.0071358765,
    -0.008373937,
    -0.03888071,
    -0.08898009,
    -0.010289124,
    0.034521457,
    -0.038367856,
    -0.03817554,
    -0.02423233,
    -0.0043792888,
    0.009768258,
    -0.003890475,
    -0.027838333,
    0.042086046,
    0.08051801,
    0.15167645,
    -0.0039666016,
    0.021940516,
    0.006522856,
    0.010457405,
    -0.041477032,
    -0.010176938,
    0.04330407,
    0.060196187,
    0.0042470684,
    -0.0006480786,
    0.057599865,
    0.029088413,
    -0.03532279,
    -0.010585618,
    -0.023062384,
    0.04586834,
    -0.0058938093,
    -0.0024580911,
    -0.012965579,
    0.059811547,
    0.030626973,
    -0.045611914,
    -0.011971925,
    0.02360729,
    0.102891244,
    0.0033155181,
    0.006054076,
    -0.034329135,
    0.049233943,
    0.011651392,
    0.0016978257,
    0.025033664,
    -0.014808646,
    -0.0034457347,
    0.0058577494,
    -0.011138538,
    -0.011202645,
    5.8127993e-05,
    -0.05458685,
    -0.016747873,
    0.012773259,
    -0.03218156,
    0.06840184,
    -0.0150089795,
    -0.028174892,
    0.008438043,
    0.03763063,
    0.07814606,
    -0.010321178,
    0.030482734,
    0.04263095,
    -0.09724986,
    -0.0328066,
    0.02192449,
    0.008293804,
    0.016339194,
    -0.033880387,
    -0.033912443,
    -0.038047325,
    0.04987501,
    0.027437665,
    -0.08346692,
    0.07686393,
    -0.0737227,
    -0.004110842,
    0.016315153,
    0.022485424,
    -0.00843003,
    -0.04660557,
    -0.037502415,
    -0.010617672,
    0.0109061515,
    0.022950197,
    0.04538754,
    -0.026780572,
    0.04013079,
    -0.15936925,
    0.07301752,
    0.004707835,
    0.017933847,
    0.012436699,
    -0.029505106,
    -0.003249408,
    0.048689034,
    -0.017885767,
    -0.015281433,
    0.07827427,
    0.06974808,
    0.018030008,
    0.03277455,
    0.063754104,
    0.09526255,
    -0.10936602,
    0.026187584,
    -0.014127512,
    0.0073402165,
    0.02254953,
    -0.10225018,
    0.011595299,
    -0.030194253,
    0.019167902,
    -0.03839991,
    -0.028655693,
    -0.008638377,
    -0.08346692,
    0.037534468,
    -0.054747116,
    0.064555444,
    0.03522663,
    -0.0421181,
    0.0073121698,
    -0.06615811,
    0.035899747,
    -0.038752496,
    -0.0026283744,
    -0.026427984,
    0.0680172,
    -0.04737485,
    -0.011667418,
    -0.03609207,
    -0.00067362114,
    0.0074083298,
    0.054362476,
    0.020594276,
    -0.06324125,
    -0.045067005,
    -0.019504461,
    -0.011042378,
    0.033976547,
    0.0008599312,
    0.0880826,
    -0.07365859,
    -0.042951487,
