{
  "chunk_index": 100,
  "token_start": 45000,
  "token_end": 45500,
  "text": " có tổ chức hoặc cướp phá tài sản của cơ quan, tổ chức, cá nhân nhằm chống chính\nquyền nhân dân, thì bị phạt như sau:\n\n1. Người tổ chức, người hoạt động đắc lực hoặc gây hậu quả nghiêm trọng, thì bị phạt tù từ 12 năm đến 20 năm, tù chung thân hoặc tử\nhình;\n\n2. Người đồng phạm khác, thì bị phạt tù từ 05 năm đến 15 năm;\n\n3. Người chuẩn bị phạm tội này, thì bị phạt tù từ 01 năm đến 05 năm.\n\nĐiều 113. Tội khủng bố nhằm chống chính quyền nhân dân\n\n1.38 Người nào nhằm chống chính quyền nhân dân mà xâm phạm tính mạng của cán bộ, công chức hoặc người khác hoặc phá hủy tài\nsản của Cơ quan, tổ chức, cá nhân, thì bị phạt tù từ 12 năm đến 20 năm, tù chung thân hoặc tử hình.\n\n2.39 Phạm tội thuộc một trong các trường hợp sau đây, thì bị phạt tù từ 10 năm đến 15 năm:\n\na) Thành lập, tham gia tổ chức khủng bố, tổ chức tài trợ khủng bố;\n\nb) Cưỡng ép, lôi kéo, tuyển mộ, đào tạo, huấn luyện phần tử khủng bố; chế tạo, cung cấp vũ khí cho phần tử khủng",
  "embedding": [
    -0.00035507302,
    -0.033261638,
    -0.037519623,
    -0.114163324,
    -0.00067784474,
    0.02061111,
    -0.022554971,
    0.022261849,
    0.033693608,
    0.0035020371,
    -0.14427777,
    -0.1825379,
    0.0047130943,
    0.060784258,
    -0.058192443,
    -0.09182434,
    0.0380133,
    -0.027862024,
    0.027615184,
    0.003710308,
    -0.02622671,
    0.10317896,
    0.15415135,
    -0.025748458,
    0.059148945,
    0.07689054,
    -0.028880237,
    -0.11064586,
    0.030854953,
    0.01433984,
    -0.019392338,
    -0.068559706,
    -0.072015464,
    0.009302769,
    0.00018211654,
    -0.02420571,
    0.018944941,
    0.0064525423,
    0.05032443,
    -0.036933377,
    -0.013151924,
    0.07905039,
    -0.01962375,
    0.018620964,
    0.030700678,
    0.019191781,
    -0.02311036,
    0.069423646,
    -0.06278983,
    -0.011462615,
    0.02189159,
    0.014594393,
    0.056649696,
    -0.00026612397,
    0.044184294,
    -0.077507645,
    0.1052771,
    -0.00075353583,
    0.050015878,
    0.09250315,
    0.0112697715,
    0.008531394,
    0.025470763,
    -0.068559706,
    -0.0158903,
    -0.0069462215,
    -0.0063175517,
    -0.028201427,
    0.0040188576,
    -0.038908098,
    -0.108424306,
    -0.02744548,
    -0.023681177,
    0.02867968,
    0.008107139,
    -0.008940223,
    -0.022092147,
    0.023557756,
    0.0059125805,
    0.021799024,
    0.04035828,
    0.0053186226,
    0.014964652,
    -0.023156643,
    0.048812535,
    0.10848602,
    0.04378318,
    0.021505902,
    -0.054520704,
    0.012087428,
    0.017757026,
    0.02261668,
    0.044246003,
    -0.019407766,
    0.016862232,
    -0.00070628914,
    -0.016615393,
    -0.0015774595,
    -0.01840498,
    -0.008839944,
    0.020996796,
    -0.045017377,
    0.06689354,
    -0.01498008,
    0.008755093,
    -0.035236355,
    -0.0034596117,
    0.009742452,
    0.033415914,
    0.0267821,
    -0.021783598,
    0.003563747,
    -0.1545216,
    -0.112312034,
    -0.01626056,
    0.019423192,
    -0.03437242,
    -0.08855372,
    0.014000435,
    -0.08059314,
    -0.021845307,
    0.047238935,
    0.016090859,
    0.0060745687,
    0.041006234,
    -0.043999165,
    -0.007223916,
    -0.010752951,
    -0.020672819,
    0.057297647,
    -0.003563747,
    -0.042950094,
    -0.011362337,
    0.0062519847,
    -0.07528608,
    0.016985651,
    -0.019839736,
    0.006510395,
    -0.020348841,
    0.032366846,
    -0.023573184,
    0.023079505,
    0.017402194,
    -0.009958436,
    -0.060444854,
    -0.042456415,
    0.033539332,
    -0.03332335,
    -0.01201029,
    -0.030006442,
    0.03650141,
    0.013992721,
    0.013861588,
    0.043135226,
    -0.06948535,
    -0.005422758,
    -0.015388908,
    0.03446498,
    0.019808881,
    -0.0020229279,
    0.017741598,
    0.013128783,
    -0.027723176,
    -0.02127449,
    -0.0023893304,
    0.0071583493,
    -0.03992631,
    0.0024163285,
    -0.00012275692,
    0.031271495,
    0.029142503,
    -0.009788734,
    -0.017093644,
    0.03699509,
    0.015628034,
    0.0022562684,
    -0.033261638,
    -0.076643705,
    -0.022601252,
    -0.035575762,
    0.013861588,
    0.0044392566,
    0.111016124,
    -0.00819199,
    -0.0022350557,
    -0.0074167596,
    -0.030037297,
    0.010552394,
    0.0697322,
    0.05600174,
    -0.018651819,
    -0.053841893,
    -0.030129861,
    0.03637799,
    -0.026072435,
    0.005391903,
    -0.0016574896,
    -0.05057127,
    0.028803099,
    -0.0052800537,
    0.050046735,
    -0.013406477,
    0.06701696,
    -0.0056117447,
    -0.00082344154,
    -0.003939792,
    0.0398646,
    0.010351837,
    0.00628284,
    -0.03594602,
    0.008338551,
    -0.013869301,
    -0.036408845,
    0.07843329,
    0.010336409,
    0.04751663,
    -0.015296343,
    -0.029296778,
    0.019299773,
    -0.010436688,
    -0.01968546,
    -0.016954796,
    -0.034650113,
    0.015473759,
    -0.040882815,
    0.017525613,
    0.017942155,
    0.0479486,
    0.0010365336,
    0.033693608,
    0.109720215,
    -0.006082283,
    -0.019407766,
    -0.026596969,
    0.009426189,
    0.010081856,
    0.039463487,
    -0.0020557113,
    0.029420199,
    0.056217726,
    0.07639687,
    -0.0068845116,
    -0.012758523,
    0.044246003,
    -0.016013721,
    -0.02874139,
    0.048349712,
    -0.01231884,
    0.017618177,
    -0.0044469703,
    -0.06744893,
    -0.039586905,
    0.039185792,
    0.014355267,
    0.06430172,
    -0.0059125805,
    -0.011231203,
    -0.07479241,
    -0.040327422,
    0.061432213,
    0.03387874,
    -0.08250614,
    0.014100714,
    -0.056371998,
    0.015666602,
    -0.05705081,
    0.08824517,
    -0.010444402,
    0.017294202,
    -0.008893941,
    0.103487514,
    -0.03124064,
    0.02849455,
    -0.01644569,
    -0.05519951,
    0.049059376,
    0.009086784,
    0.008847658,
    0.009541894,
    -0.004327407,
    0.0048018023,
    -0.04541849,
    0.05057127,
    -0.020533971,
    -0.035020374,
    -0.050293572,
    0.10108083,
    0.0045202505,
    -0.020873375,
    0.0053803325,
    0.014386122,
    -0.015435191,
    -0.003829871,
    0.034989517,
    0.008307696,
    0.025841024,
    -0.01473324,
    0.050818108,
    -0.033292495,
    0.020348841,
    0.026936375,
    -0.03900066,
    0.00412685,
    -0.0052569127,
    -0.0015417835,
    -0.03332335,
    -0.019361483,
    0.004300409,
    -0.04541849,
    0.014625248,
    0.022770956,
    0.058686122,
    0.030407557,
    -0.010968936,
    -0.048719972,
    0.0042078444,
    0.051805466,
    0.05307052,
    -0.04652927,
    -0.043443773,
    0.00092227384,
    0.029821312,
    -0.043875743,
    0.037766464,
    -0.0095958905,
    0.07645857,
    0.04483225,
    0.008145708,
    -0.051774614,
    0.08485112,
    -0.061493922,
    0.022261849,
    0.101759635,
    0.0678809,
    1.3393581e-05,
    -0.013861588,
    -0.048226293,
    0.046560124,
    0.01564346,
    -0.034218144,
    -0.02280181,
    -0.042302143,
    0.04347463,
    0.03227428,
    0.09392248,
    -0.03227428,
    0.052854534,
    0.053996168,
    0.012596535,
    -0.025331916,
    0.033045653,
    -0.07497754,
    -0.09287341,
    -0.034279853,
    -0.07491583,
    0.06251214,
    -0.07905039,
    0.015504614,
    0.08997305,
    -0.11021389,
    -0.015967438,
    0.026026154,
    0.03026871,
    0.0049907886,
    -0.07263256,
    0.042518124,
    -0.03980289,
    0.01320592,
    -0.023588613,
    -0.00476709,
    -0.0010644959,
    -0.027337488,
    0.016599964,
    -0.021367054,
    0.124592304,
    -0.025625039,
    0.046251576,
    0.010806947,
    0.000479216,
    0.0025821738,
    -0.024591397,
    0.011038359,
    0.033786174,
    0.025085077,
    -0.00047463595,
    0.029420199,
    -0.05797646,
    -0.022986941,
    0.038753822,
    0.05581661,
    -0.028633397,
    0.025177643,
    -0.006722523,
    -0.046004735,
    0.1215068,
    -0.081703916,
    0.00021767206,
    0.086455576,
    0.023897162,
