{
  "chunk_index": 469,
  "token_start": 211050,
  "token_end": 211550,
  "text": ", thì bị phạt tù từ 01 năm đến 07 năm.\n\f2.312 Phạm tội thuộc một trong các trường hợp sau đây, thì bị phạt tù từ 05 năm đến 12 năm:\n\na) Có tổ chức;\n\nb) Vận chuyển, mua bán qua biên giới;\n\nc) Làm chết người;\n\nđ) Gây thương tích hoặc gây tổn hại cho sức khỏe của người khác mà tỷ lệ tổn thương cơ thể 61% trở lên;\n\nđ) Gây thương tích hoặc gây tổn hại cho sức khỏe của 02 người trở lên mà tổng tỷ lệ tổn thương cơ thể của những người này từ 61%\nđến 121%;\n\ne) Gây thiệt hại về tài sản từ 100.000.000 đồng đến dưới 500.000.000 đồng;\n\ng) Vật phạm pháp có số lượng lớn hoặc có giá trị lớn;\n\nh) Tái phạm nguy hiểm.\n\n3.313 Phạm tội thuộc một trong các trường hợp sau đây, thì bị phạt tù từ 10 năm đến 15 năm:\n\na) Làm chết 02 người;\n\nb) Gây thương tích hoặc gây tổn hại cho sức khỏe của 02 người trở lên mà ổng\n                                                                         t   tỷ lệ tổn thương cơ thể của những người này từ 122%\nđến 200%;\n\nc) Gây thiệt hại về tài sản từ 500.000.000 đồng đến dưới 1.500.000.000 đồng;\n\nđ) Vật phạm pháp có số",
  "embedding": [
    0.00016639322,
    -0.055031132,
    -0.04456989,
    -0.20183302,
    0.00203587,
    0.04795257,
    0.02356911,
    0.010022745,
    0.03146202,
    0.094527006,
    -0.057192285,
    -0.043129124,
    -0.0033298219,
    -0.028925015,
    -0.09245982,
    -0.11419664,
    0.097596474,
    -0.02908162,
    0.02297401,
    0.006146761,
    -0.029723702,
    0.07654871,
    0.049268052,
    -0.06840523,
    -0.0007424074,
    0.05665983,
    -0.020922478,
    -0.086571455,
    0.0459167,
    0.02120437,
    -0.03786718,
    0.009286699,
    -0.0110720005,
    -0.011017188,
    0.0018694767,
    -0.025166485,
    0.05844513,
    0.01339759,
    0.004044334,
    -0.096093066,
    -0.009435474,
    0.09828554,
    0.0062407246,
    -0.0013056974,
    0.02997427,
    -0.043755542,
    -0.023772698,
    0.07604758,
    -0.05261941,
    -0.03288713,
    0.004306648,
    0.035612065,
    0.0048469366,
    -0.0066674743,
    0.041093253,
    -0.13693574,
    0.034515828,
    -0.00062886847,
    -0.0006190807,
    0.0518677,
    0.00815914,
    -0.0395272,
    0.053057905,
    -0.078490615,
    -0.017101308,
    -0.03786718,
    0.033952046,
    0.007994705,
    0.03846228,
    -0.053903572,
    -0.08920243,
    -0.06953279,
    -0.04212685,
    0.012019463,
    0.0918334,
    -0.011831537,
    -0.030694656,
    0.031555984,
    0.020609269,
    0.010343785,
    0.048265778,
    -0.02181513,
    -0.015777992,
    0.0017304895,
    0.007916402,
    0.05412282,
    0.0063503482,
    0.028235951,
    -0.090016775,
    0.022331927,
    0.030099554,
    -0.033889405,
    0.043442335,
    -0.06696446,
    0.0026720793,
    0.0053676497,
    0.010148029,
    -0.0042165997,
    0.0069337036,
    -0.021407956,
    0.0034903425,
    -0.023193257,
    0.0806831,
    0.026998768,
    0.039433237,
    0.019810582,
    0.0026113947,
    0.005935344,
    0.043223087,
    -0.014125805,
    0.0028560907,
    0.03027182,
    -0.055626232,
    -0.07698721,
    0.009717364,
    0.03630113,
    -0.017633766,
    -0.11607591,
    -0.022942688,
    -0.017414518,
    -0.040278904,
    0.034766395,
    0.00991312,
    0.008762071,
    0.03871285,
    -0.08030724,
    0.019372085,
    -0.015276855,
    -0.060105145,
    0.014642604,
    -0.033043735,
    -0.039965693,
    -0.044162717,
    0.016709795,
    -0.06051232,
    -0.029269546,
    0.018870948,
    -0.040842682,
    0.013499384,
    0.043943472,
    -0.03783586,
    -0.009458965,
    0.021768149,
    0.0077441363,
    -0.04043551,
    0.0058883624,
    0.03229203,
    0.0129434345,
    -0.011087662,
    -0.019074535,
    0.047075577,
    -0.018651702,
    -0.02211268,
    0.0016707837,
    -0.040247582,
    -0.011142473,
    -0.009490286,
    0.04444461,
    0.018056601,
    -0.006804504,
    -0.0043223086,
    0.013515045,
    -0.051992986,
    -0.043442335,
    -0.03025616,
    0.014517319,
    -0.006463887,
    0.024320817,
    -0.021188708,
    0.051303923,
    0.030600691,
    0.001547457,
    -0.01599724,
    0.03899474,
    -0.008417539,
    -0.011784555,
    -0.049080126,
    -0.05261941,
    0.015644878,
    -0.092146605,
    -0.012622394,
    0.052525446,
    0.1001648,
    -0.025839888,
    -0.049863152,
    -0.004604198,
    -0.012982586,
    0.037303403,
    0.051115997,
    0.031837873,
    -0.0106413355,
    -0.009607741,
    -0.032699205,
    0.040529475,
    -0.034390543,
    -0.004040419,
    -0.017116968,
    -0.015480442,
    0.10091651,
    -0.014423355,
    0.03168127,
    0.014149296,
    0.032417316,
    -0.006890637,
    -0.017163951,
    -0.031649947,
    0.00801428,
    0.036175843,
    0.03376412,
    -0.015143741,
    -0.0209538,
    -0.084316336,
    -0.034171294,
    -0.035612065,
    -0.008096498,
    0.062422905,
    -0.011580968,
    -0.026481971,
    -0.014650433,
    -0.0012362037,
    -0.03755397,
    -0.029269546,
    -0.007916402,
    0.019090196,
    0.007536634,
    0.011667101,
    -0.021063425,
    0.016897721,
    -0.009411983,
    0.027703492,
    0.08368991,
    0.010915395,
    -0.018228866,
    -0.01777471,
    0.02820463,
    0.01862038,
    0.0226608,
    0.007567955,
    0.008112159,
    0.036802266,
    0.13969201,
    -0.02356911,
    -0.029911628,
    -0.007102054,
    0.0041461275,
    -0.050740145,
    0.010782281,
    -0.053496398,
    0.016490547,
    -0.007955553,
    -0.023710055,
    -0.04040419,
    0.02790708,
    -0.027891418,
    -0.012755509,
    0.0058022295,
    0.009208396,
    -0.042095527,
    0.00017691514,
    -0.004561132,
    0.03667698,
    -0.12716357,
    0.012238711,
    -0.04106193,
    0.018495096,
    0.020139452,
    0.046637084,
    0.01104851,
    0.003171259,
    -0.008096498,
    0.111503035,
    -0.0155274235,
    0.048046533,
    -0.007383944,
    0.04482046,
    0.00407957,
    0.01427458,
    0.030694656,
    -0.0018694767,
    0.01717961,
    -0.03633245,
    -0.0076149367,
    0.06940751,
    -0.0028756664,
    -0.032730523,
    0.002715146,
    0.08462955,
    0.008112159,
    -0.004596368,
    0.019090196,
    0.007826354,
    0.05697304,
    0.002184645,
    -0.00903613,
    -0.017649427,
    0.07535851,
    0.0075248885,
    0.045509525,
    -0.004157873,
    0.015950259,
    0.0101167075,
    -0.049894474,
    -0.021956075,
    0.047012936,
    0.006232894,
    0.011275588,
    -0.06157724,
    -0.020734552,
    -0.10467504,
    0.0064678025,
    0.0302405,
    0.027515566,
    -0.0061154403,
    0.0009973806,
    0.01542563,
    0.004631604,
    0.05114732,
    0.046135947,
    -0.05465528,
    0.0051875534,
    0.01104851,
    0.03141504,
    -0.08450426,
    0.012113427,
    -0.06940751,
    0.004944815,
    0.07798948,
    -0.006753607,
    -0.08450426,
    0.12140049,
    -0.035518102,
    -0.04068608,
    0.068655804,
    0.005003542,
    0.019074535,
    -0.053684324,
    -0.030115215,
    0.018651702,
    -0.027860098,
    0.024806293,
    -0.027155373,
    -0.09383795,
    0.013327118,
    -0.005868787,
    0.06427085,
    -0.0014300029,
    0.053903572,
    0.020797195,
    0.03836832,
    0.012348334,
    0.05957269,
    -0.031540323,
    0.07441888,
    0.019513031,
    0.011455684,
    0.0018645829,
    0.0017118925,
    0.027186695,
    0.06104478,
    -0.02966106,
    0.021329653,
    -0.0099679325,
    -0.0019595248,
    0.0026309704,
    -0.033012416,
    0.00039958843,
    -0.0066439835,
    0.011275588,
    -0.055626232,
    -0.026388006,
    -0.021909093,
    -0.03489168,
    0.023365524,
    -0.071725264,
    0.16312017,
    -0.009161415,
    -0.011792385,
    0.04973787,
    -0.021752488,
    0.026309704,
    -0.018776985,
    0.03689623,
    -0.027405942,
    0.065085195,
    0.0044789137,
    -0.007360453,
    -0.033952046,
    0.012904284,
    0.006048883,
    0.03401469,
    -0.0127006965,
    0.005113166,
    -0.023114955,
    -0.028361235,
