{
  "chunk_index": 601,
  "token_start": 270450,
  "token_end": 270950,
  "text": "ều 406. Tội vô ý làm lộ bí mật công tác quân sự\n\n1. Người nào vô ý làm lộ bí mật công tác quân sự, nếu không thuộc một trong các trườnghợp quy định tại Điều 338 và Điều 362 của Bộ\nluật này, thì bị phạt cải tạo không giam giữ đến 02 năm hoặc phạt tù từ 03 tháng đến 02 năm.\n\n2. Phạm tội thuộc một trong các trường hợp sau đây, thì bị phạt tù từ 01 năm đến 05 năm:\n\na) Là chỉ huy hoặc sĩ quan;\n\nb) Trong khu vực có chiến sự;\n\nc) Trong chiến đấu:\n\nd) Gây hậu quả nghiêm trọng, rất nghiêm trọng hoặcđặc biệt nghiêm trọng.\n\nĐiều 407. Tội làm mất tài liệu bí mật công tác quân sự\n\n1. Người nào làm mất tài liệu bí mật công tác quân sự, nếu không thuộc một trong các trường hợp quy định tại Điều 338 và Điều 362 của\nBộ luật này, thì bị phạt cải tạo không giam giữ đến 02 năm hoặc phạt tù từ 03 tháng đến 02 năm.\n\n2. Phạm tội thuộc một trong các trường hợp sau đây, thì bị phạt tù từ 01 năm đến 05 năm:\n\na) Là chỉ huy hoặc sĩ quan;\n\nb) Trong khu vực có chiến sự;\n\nc) Trong chiến đấu;\n\fd) G",
  "embedding": [
    -0.00019185373,
    -0.026260212,
    -0.022599699,
    -0.1419643,
    0,
    0.04930554,
    0.0037341227,
    -0.065443635,
    0.048987232,
    0.02438221,
    -0.08396902,
    0.06703516,
    0.011562452,
    0.046122484,
    0.08626082,
    -0.1010302,
    0.05955498,
    0.080467656,
    0.009604872,
    0.0058806962,
    -0.022058578,
    0.07779389,
    0.17786917,
    -0.06407492,
    0.016663298,
    0.097719826,
    -0.049783,
    -0.054589413,
    0.10122118,
    0.052329443,
    -0.03294463,
    -0.037846535,
    0.030461848,
    0.021103662,
    -0.0058687595,
    -0.030445931,
    0.048477944,
    -0.0013259418,
    0.03730542,
    -0.019655371,
    -0.025098396,
    -0.047459368,
    0.08409634,
    0.01696569,
    -0.02836103,
    -0.050228626,
    0.0148330415,
    -0.07346494,
    -0.06324732,
    -0.043289565,
    0.02067395,
    0.023857005,
    0.052456766,
    0.019687202,
    0.09116273,
    -0.09046245,
    0.07900345,
    -0.0019973677,
    -0.0008221237,
    0.04650445,
    0.0042652953,
    -0.03810118,
    0.0100505,
    -0.0042533586,
    -0.016169924,
    -0.03698711,
    -0.011268019,
    -0.05439843,
    0.023156732,
    -0.034854464,
    -0.10707801,
    -0.06595292,
    -0.025814585,
    0.0004963578,
    -0.018286657,
    -0.017077096,
    -0.02127873,
    0.0700909,
    -0.0001529359,
    0.03122578,
    0.03625501,
    0.021024086,
    0.021374222,
    -0.00863404,
    0.008041196,
    0.028138217,
    0.015342331,
    0.00812873,
    -0.09784714,
    0.037687384,
    0.026896823,
    0.07168242,
    0.043989837,
    0.026053315,
    0.017379487,
    -0.0141646,
    -0.009461634,
    -0.011379425,
    0.006417837,
    0.011212315,
    0.038928777,
    -0.031098459,
    -0.016599638,
    0.048382454,
    -0.007834297,
    -0.025432618,
    -0.03514094,
    0.0198941,
    0.02046705,
    0.017124841,
    -0.0042215283,
    0.027374282,
    -0.08575153,
    -0.028536098,
    0.0136553105,
    0.040997762,
    0.046058822,
    0.030095795,
    0.02586233,
    -0.012286597,
    -0.028281454,
    0.013973616,
    -0.005737459,
    0.013846294,
    0.015119516,
    0.009604872,
    -0.019559879,
    0.0045239185,
    -0.05162917,
    0.048127808,
    -0.023172649,
    -0.024223058,
    0.030430017,
    0.014825084,
    -0.055798974,
    0.069581605,
    0.01949622,
    0.026355704,
    0.0020729653,
    0.046950076,
    -0.054907717,
    0.022567868,
    0.019273404,
    -0.051947474,
    -0.058791045,
    -0.009970923,
    0.0528069,
    -0.013965659,
    0.024827838,
    -0.00553056,
    0.03194197,
    -0.034790803,
    0.0021207111,
    0.036636975,
    -0.05156551,
    0.03146451,
    0.007042512,
    0.002890613,
    -0.0061592134,
    0.0050531016,
    -0.010424509,
    0.0117613925,
    -0.009962966,
    -0.0070902575,
    0.0313531,
    0.0017287973,
    -0.035491075,
    0.028042724,
    -0.045231227,
    -0.072446354,
    0.008737489,
    -0.006286536,
    -0.019368896,
    0.003682398,
    -0.008785235,
    -0.008912557,
    -0.0178092,
    -0.03297646,
    -0.028042724,
    0.011331679,
    0.029093133,
    -0.0026498942,
    0.066589534,
    -0.023697853,
    -0.0010265356,
    -0.042207323,
    -0.018047929,
    -0.033008292,
    0.0035550757,
    0.045199398,
    -0.023156732,
    0.024859669,
    -0.022472376,
    0.0374964,
    -0.054271106,
    -0.023299972,
    -0.005240106,
    -0.09822911,
    0.09969332,
    -0.0052798945,
    0.05220212,
    0.054048292,
    0.05621277,
    -0.020785356,
    -0.010233525,
    -0.026212467,
    -0.02957059,
    0.011912587,
    0.023093073,
    -0.0015835704,
    0.03752823,
    -0.03459982,
    -0.07085483,
    0.018047929,
    0.062005933,
    0.0053873225,
    -0.043066747,
    -0.02212224,
    0.02046705,
    0.0397882,
    -0.038483147,
    -0.04029749,
    -0.002216203,
    -0.042111833,
    -0.033581242,
    0.0062268535,
    0.001385624,
    0.022488292,
    0.055639822,
    -0.04045664,
    -0.001305053,
    0.009493465,
    -0.05388914,
    0.0073807114,
    0.03007988,
    -0.014085024,
    0.029077217,
    -0.027167384,
    -0.00076940435,
    0.018127505,
    0.1419643,
    0.004842224,
    0.013838337,
    0.037114434,
    -0.032260273,
    -0.0075319065,
    -0.008920515,
    -0.04653628,
    0.018238911,
    -0.035395585,
    -0.025432618,
    -0.015294584,
    -0.036636975,
    -0.0704092,
    0.03241943,
    0.0006788862,
    0.025512194,
    -0.028663421,
    -0.007814403,
    0.07314663,
    0.03803752,
    -0.072446354,
    0.009573041,
    -0.017888775,
    0.026960485,
    -0.10936981,
    -0.025130227,
    0.05497138,
    0.049623843,
    -0.04653628,
    0.026610348,
    -0.066207565,
    -0.037751045,
    -0.024764176,
    0.015907323,
    -0.012103571,
    0.03924708,
    0.00539528,
    0.041125085,
    0.028249623,
    -0.005403238,
    0.02863159,
    0.031416763,
    -0.016599638,
    0.029729744,
    -0.016774707,
    0.07251002,
    0.028504267,
    -0.0048064147,
    0.0018859607,
    0.02326814,
    0.013472285,
    0.05115171,
    0.0036107793,
    0.014586355,
    0.054812226,
    0.02438221,
    -0.007909894,
    0.0038097203,
    0.018732285,
    0.008069047,
    -0.016161967,
    0.03233985,
    0.086515464,
    0.033549413,
    -0.014482905,
    0.030366356,
    0.006740121,
    0.10268539,
    0.033963207,
    -0.022790682,
    0.052647747,
    -0.007161876,
    -0.047936823,
    0.00047895047,
    -0.06525265,
    -0.03001622,
    -0.028886234,
    -0.10625041,
    0.049719337,
    0.0074244784,
    0.013742845,
    0.0493692,
    0.008331649,
    0.013201725,
    0.027613012,
    0.03092339,
    0.009835644,
    0.025814585,
    0.017315825,
    0.03625501,
    0.0017327762,
    0.038260333,
    -0.015764086,
    -0.05172466,
    -0.038451318,
    -0.032594495,
    0.047554858,
    0.030732406,
    0.009596914,
    0.029347777,
    -0.08237749,
    0.14807577,
    0.004424448,
    -0.02154929,
    -0.026801333,
    0.035427414,
    -0.030875644,
    -0.05041961,
    -0.060541727,
    -0.06633489,
    -0.03730542,
    -0.02269519,
    -0.008825023,
    -0.061687626,
    0.0037381016,
    -0.0139497435,
    0.005478835,
    0.09319989,
    0.06404309,
    0.008944388,
    -0.009573041,
    0.0049218005,
    0.02498699,
    -0.020148745,
    0.026546689,
    0.012716309,
    0.014204388,
    0.053475343,
    -0.021135492,
    -0.014053193,
    -0.04367153,
    0.04809598,
    -0.0700909,
    0.024238972,
    -0.045740515,
    -0.026689926,
    -0.01261286,
    -0.02633979,
    0.018318487,
    0.011029289,
    0.08282312,
    -0.0028269517,
    -0.00991522,
    -0.03246717,
    0.01865271,
    -0.0077706357,
    0.028281454,
    -0.052552257,
    0.069008656,
    0.033708565,
    -0.008992134,
    -0.031146204,
    -0.028536098,
    -0.0032367702,
    -0.038292166,
    0.0006450662,
    0.056435585,
    0.07588406,
