{
  "chunk_index": 428,
  "token_start": 192600,
  "token_end": 193100,
  "text": ".\n\n3. Phạm tội thuộc một trong các trường hợp sau đây, thì bị phạt tù từ 08 năm đến 15 năm:\n\na) Làm chết 02 người;\n\nb) Gây thương tích hoặc gây tổn hại cho sức khỏe của 02 người trở lên mà tổng tỷ lệ tổn thương cơ thể của những người này từ 122%\nđến 200%;\n\nc) Gây thiệt hại về tài sản từ 500.000.000 đồng đến dưới 1.500.000.000 đồng.\n\n4. Phạm tội thuộc một trong các trường hợp sau đây, thì bị phạt tù từ 12 năm đến 20 năm:\n\na) Làm chết 03 người trở lên;\n\nb) Gây thương tích hoặc gây tổn hại cho sức khỏe của 03 người trở lên mà tổng tỷ lệ tổn thương cơ thể của những người này 201% trở\nlên;\n\nc) Gây thiệt hại về tài sản 1.500.000.000 đồng trở lên.\n\n5. Người phạm tội còn có thể bị cấm đảm nhiệm chức vụ, cấm hành nghề hoặc làm công việc nhất định từ 01 năm đến 05 năm.\n\nĐiều 280. Tội điều động hoặc giao cho người không đủ điều kiện điều khiển tàu bay286\n\n1. Người nào điều động hoặc giao cho người không có giấy phép người lái tàu bay hoặc không đủ các điều kiện khác theo quy định",
  "embedding": [
    -6.460368e-05,
    -0.04939193,
    -0.06949468,
    -0.17776322,
    0.00034509666,
    0.065497994,
    0.041010812,
    -0.053507924,
    0.032450736,
    -0.01989397,
    -0.06937538,
    0.0042800372,
    0.002639605,
    -0.09830664,
    -0.123360515,
    -0.054253574,
    0.16666794,
    -0.018119322,
    0.07271589,
    -0.0010718735,
    -0.02066945,
    0.10206472,
    0.04584263,
    -0.1013489,
    0.019819407,
    0.051002536,
    -0.047990106,
    -0.10164716,
    -0.038475595,
    0.085004225,
    -0.0756985,
    0.011781287,
    -0.024994224,
    -0.019759754,
    -0.007281283,
    -0.03513508,
    0.020356275,
    0.007710032,
    0.04772167,
    -0.07545989,
    -0.023845922,
    0.08488492,
    0.035850905,
    -0.003456093,
    0.059383653,
    -0.06525938,
    -0.009454856,
    8.842956e-05,
    -0.043635502,
    -0.07915832,
    0.0037487608,
    0.014637131,
    0.007079957,
    -0.0115799615,
    -0.012832656,
    -0.16965054,
    0.022235315,
    0.0013039573,
    0.023264315,
    0.098545246,
    0.020550145,
    -0.017254366,
    0.062217128,
    -0.07343172,
    -0.029259348,
    -0.038714204,
    0.0010280665,
    0.00247929,
    0.006159078,
    -0.026515353,
    -0.060159132,
    -0.041189767,
    -0.040652897,
    0.06883851,
    0.07086668,
    0.004250211,
    -0.030899782,
    0.009611443,
    0.025978483,
    0.015077065,
    -0.022294968,
    -0.013317329,
    -0.014734066,
    -0.03740186,
    0.014458175,
    0.038266815,
    -0.0018035435,
    -0.00054339325,
    -0.081305794,
    0.0030180227,
    0.032450736,
    -0.022145838,
    0.035463165,
    -0.004112266,
    0.021698447,
    0.018492147,
    0.01453274,
    -0.013324785,
    -0.0019629265,
    -0.004884015,
    0.0034113538,
    -0.03957916,
    0.045544367,
    0.029632175,
    0.034359604,
    -0.025650397,
    -0.018193888,
    0.03957916,
    0.018492147,
    -0.009164052,
    -0.011386092,
    0.04816906,
    -0.069315724,
    -0.06406634,
    -0.015375325,
    0.04521628,
    -0.04456011,
    -0.07110529,
    -0.0031485118,
    -0.031019086,
    -0.019282537,
    0.052135926,
    0.0033349246,
    -0.005282938,
    0.039101943,
    -0.060517043,
    -0.0024867463,
    -0.031048913,
    -0.090671174,
    -0.0007605641,
    -0.06633312,
    -0.013063807,
    0.0059614806,
    0.016016586,
    -0.010006637,
    -0.0012676069,
    0.033882387,
    0.0002670363,
    0.0053314054,
    0.040831853,
    -0.0110580055,
    -0.024024878,
    0.02348801,
    0.058488872,
    -0.019610623,
    -0.019819407,
    0.019327277,
    0.008574988,
    0.013317329,
    -0.0023618499,
    0.033494648,
    -0.0042651244,
    -0.011199679,
    0.020893143,
    -0.03391221,
    0.0016003536,
    -8.5866384e-05,
    0.036835164,
    0.027947003,
    -0.012646243,
    0.00029686233,
    0.017403496,
    -0.025143355,
    0.003210028,
    -0.020714188,
    0.005357503,
    -0.030348,
    0.029080393,
    -0.041935418,
    0.037342206,
    -0.0057340567,
    0.028737394,
    -0.018894799,
    0.014972674,
    -0.019073755,
    -0.0060770563,
    -0.01801493,
    -0.103078805,
    0.0037301197,
    -0.05798183,
    0.0011566912,
    -0.0009861236,
    0.1228833,
    -0.03602986,
    -0.032987606,
    -0.0033833918,
    -0.017418409,
    0.036089513,
    0.013943676,
    0.046946194,
    0.020415926,
    -0.02457666,
    0.017060498,
    0.021057187,
    -0.02412927,
    -0.014092806,
    -0.008343835,
    -0.0064908927,
    0.16905402,
    -0.011930417,
    0.030348,
    -0.019879058,
    0.05285175,
    0.0021810294,
    -0.0018734484,
    -0.024636311,
    0.013884024,
    0.018686017,
    0.03883351,
    -0.01579289,
    0.018089496,
    -0.012124287,
    -0.041219592,
    -0.0064983494,
    0.018686017,
    0.046856716,
    -0.026977656,
    -0.029960262,
    0.012444917,
    0.0024326867,
    0.0054693506,
    -0.031227868,
    -0.0010560284,
    0.039758116,
    0.006800338,
    0.017507888,
    -0.02216075,
    0.0006286771,
    0.005297851,
    0.0088732485,
    0.07778632,
    0.021206317,
    -0.009208791,
    -0.040145855,
    0.011199679,
    -0.0075348043,
    0.06621382,
    0.0003416014,
    0.0045894827,
    0.0084034875,
    0.11453201,
    -0.012019896,
    -0.010789571,
    -0.014913022,
    0.00974566,
    -0.042174026,
    0.011811113,
    -0.018686017,
    0.010118485,
    -0.015032326,
    -0.039638814,
    -0.018477235,
    0.028006654,
    -0.0116321575,
    0.01369761,
    -0.03152613,
    0.01149794,
    -0.0615013,
    0.006554273,
    0.062873304,
    0.0152187385,
    -0.15783942,
    0.01389148,
    -0.020594884,
    0.02600831,
    0.029885696,
    0.069196425,
    0.012019896,
    0.014465631,
    -0.00037399062,
    0.073073804,
    -0.04408289,
    0.043933764,
    -0.0038587444,
    0.09281865,
    0.015927108,
    0.0014605441,
    -0.003955679,
    -0.00895527,
    -0.026903091,
    -0.051360447,
    0.0010159496,
    0.024457356,
    -0.013846741,
    -0.03049713,
    -0.0154797165,
    0.027902264,
    -0.0017578724,
    -0.025739877,
    0.011460657,
    -0.0015509543,
    0.043396894,
    -0.0037785869,
    -0.02620218,
    0.0019890242,
    0.04969019,
    -0.01989397,
    0.026545178,
    0.017627193,
    0.029378653,
    -0.011281701,
    -0.036328122,
    -0.026336396,
    0.056430876,
    0.011661983,
    0.085899,
    -0.041786287,
    -0.007732402,
    -0.007400587,
    0.12169026,
    0.007326022,
    0.0141300885,
    0.030869955,
    0.025053877,
    -0.0038177336,
    0.006871175,
    0.027111873,
    0.025874093,
    -0.07689154,
    -0.029050566,
    0.00662511,
    0.03379291,
    0.014286675,
    0.027544351,
    -0.046946194,
    0.015390239,
    0.036596555,
    0.014003327,
    -0.043784633,
    0.08786753,
    -0.033077084,
    -0.00087334384,
    0.07587746,
    0.028633002,
    -0.004753526,
    -0.046081237,
    -0.014003327,
    0.051748186,
    0.0328683,
    0.016031498,
    -0.015270934,
    -0.07647397,
    0.061859217,
    -0.01776141,
    0.049958624,
    -0.018343017,
    0.03552282,
    0.020251883,
    -0.054253574,
    0.018477235,
    0.019029016,
    -0.0271417,
    0.0713439,
    -0.0033349246,
    -0.033464823,
    0.007717489,
    -0.000106604806,
    0.0429495,
    0.07456511,
    -0.01339935,
    0.022518663,
    -0.007941185,
    0.021400187,
    0.024159096,
    -0.044381153,
    -0.015047239,
    -0.020043101,
    0.026023224,
    -0.048825234,
    -0.0328683,
    -0.009432486,
    -0.009618899,
    0.03429995,
    -0.03415082,
    0.12705895,
    -0.0031130933,
    0.01895445,
    0.02147475,
    -0.02066945,
    -0.015136717,
    0.0018203207,
    0.09627847,
    -0.013690154,
    0.07820389,
    -0.0046677757,
    -0.034449082,
    -0.060964435,
    -0.07361068,
    0.044291675,
    0.040086202,
    -0.0014521555,
    -0.029781304,
    -0.038863335,
    0.005249384,
    0.069256075,
