{
  "chunk_index": 538,
  "token_start": 242100,
  "token_end": 242600,
  "text": " sản dùng vào mục đích xóa đói, giảm nghèo; tiền, phụ cấp, trợ cấp, ưu đãi đối với người có công với cách mạng;\ncác loại quỹ dự phòng hoặc các loại tiền, tài sản trợ cấp, quyên góp cho những vùng bị thiên tai, dịch bệnh hoặc các vùng kinh tế đặc\nbiệt khó khăn;\n\ne) Gây thiệt hại về tài sản từ 1.000.000.000 đồng357 đến dưới 3.000.000.000 đồng;\n\ng) Ảnh hưởng xấu đến đời sống của cán bộ, công chức, viên chức và người lao động trong cơ quan, tổ chức.\n\n3. Phạm tội thuộc một trong các trường hợp sau đây, thì bị phạt tù từ 15 năm đến 20 năm:\n\na) Chiếm đoạt tài sản trị giá từ 500.000.000 đồng đến dưới 1.000.000.000 đồng;\n\nb) Gây thiệt hại về tài sản từ 3.000.000.000 đồng đến dưới 5.000.000.000 đồng;\n\nc) Gây ảnh hưởng xấu đến an ninh, trật tự, an toàn xã hội;\n\nd) Dẫn đến doanh nghiệp hoặc tổ chức khác bị phá sản hoặc ngừng hoạt động.\n\n4. Phạm tội thuộc một trong các trường hợp sau đây, thì bị phạt tù 20 năm, tù chung thân hoặc tử hình:\n\na) Chiếm",
  "embedding": [
    -0.0005212748,
    0.032730423,
    -0.043971177,
    -0.13104191,
    -0.0019188549,
    0.0064844713,
    0.010865058,
    -0.021489672,
    0.023743834,
    0.04361051,
    -0.16302095,
    -0.06648274,
    0.0055752927,
    0.013607621,
    -0.06071208,
    -0.08968557,
    0.02010712,
    0.0036160506,
    0.07994759,
    0.008017301,
    -0.002806431,
    0.11234741,
    0.16758938,
    -0.039402742,
    -0.044091396,
    -0.009610241,
    -0.02995029,
    -0.016290072,
    0.05473104,
    0.0056391605,
    -0.06341708,
    0.017011404,
    0.04595484,
    -0.03522503,
    -0.009662839,
    -0.022226032,
    -0.0052784947,
    0.006942817,
    0.009707922,
    -0.0066835885,
    -0.03155826,
    0.14017878,
    -0.013607621,
    0.040124074,
    0.018814733,
    -0.08565813,
    -0.010744836,
    -0.0019498497,
    -0.026118217,
    -0.019746454,
    0.02443511,
    -0.0039372686,
    0.0673844,
    -0.006935303,
    0.007585253,
    -0.12430949,
    0.10501387,
    0.000442614,
    0.04334001,
    0.11391029,
    0.007434976,
    0.015065312,
    0.040965628,
    -0.03236976,
    -0.023202835,
    -0.015388409,
    -0.028342323,
    -0.015764102,
    0.006198944,
    -0.05632398,
    -0.065100186,
    -0.09840166,
    -0.045053173,
    0.025862746,
    0.03134787,
    -0.012435458,
    -0.014321439,
    -0.020227341,
    0.077543154,
    0.02216592,
    0.02043773,
    0.005068106,
    -0.008347911,
    -0.068406284,
    0.029544542,
    0.09581689,
    -0.038801633,
    0.015193048,
    -0.046435725,
    0.026343632,
    0.050613437,
    0.005023023,
    0.03687808,
    -0.07994759,
    -0.0019348218,
    -0.03633708,
    -0.011533793,
    0.012247611,
    0.017597487,
    -0.0034714085,
    0.019911759,
    -0.055181872,
    0.03949291,
    -0.0076904474,
    0.01731196,
    0.0052897655,
    -0.00183902,
    -0.0009495655,
    0.026839549,
    0.018273735,
    -0.025186498,
    -0.0013590715,
    -0.06744451,
    -0.13164303,
    0.0168461,
    0.01517802,
    -0.0132169,
    -0.12815659,
    -0.004899044,
    -0.01597449,
    -0.0035596965,
    0.05966014,
    0.0075739822,
    -0.011315891,
    0.025246607,
    -0.065881625,
    -0.0168461,
    -0.016785989,
    -0.030776817,
    0.03955302,
    -0.04120607,
    -0.063296854,
    -0.04980194,
    0.0014126078,
    -0.03176865,
    0.03823058,
    0.006661047,
    0.0031445553,
    -0.034864362,
    0.050162606,
    -0.022962391,
    0.012638331,
    0.045684338,
    0.054280207,
    -0.038531132,
    0.009039187,
    0.057977032,
    -0.02416461,
    0.012638331,
    -0.01604963,
    0.038711466,
    0.0070442543,
    -0.034593865,
    0.021745143,
    -0.07303483,
    -0.018589318,
    0.009835658,
    0.032399815,
    0.018859817,
    0.020603035,
    0.037659522,
    0.002216592,
    -0.05614365,
    -0.046706226,
    -0.0073335385,
    0.011886945,
    -0.03303098,
    0.059539918,
    -0.015869297,
    0.0066986163,
    0.010895113,
    -0.0073936493,
    -0.0139307175,
    -0.017958153,
    0.033511866,
    0.026268495,
    -0.014824868,
    -0.055963315,
    -0.01508034,
    -0.032279592,
    0.0013985193,
    0.026914688,
    0.1364519,
    -0.02783138,
    -0.0121875,
    -0.052236434,
    -0.03528514,
    0.015087854,
    0.047517724,
    0.03375231,
    -0.00022494653,
    -0.07393649,
    -0.0056842435,
    0.030506318,
    -0.006409332,
    -0.009640297,
    -0.0065070125,
    -0.011864403,
    0.068466395,
    -0.035435416,
    0.05265721,
    0.031047316,
    0.018393958,
    0.0118418615,
    -0.025021192,
    -0.026854577,
    0.04168696,
    0.03841091,
    0.012623304,
    -0.027711159,
    0.0256223,
    -0.09503545,
    -0.01931065,
    0.03567586,
    -0.006266569,
    0.030416152,
    -0.021159062,
    -0.044181563,
    0.028417462,
    -0.033812422,
    -0.012134902,
    -0.0078069125,
    6.08741e-05,
    0.018198596,
    -0.015418464,
    -6.545286e-05,
    -0.011962083,
    0.01816854,
    0.0032215724,
    0.013374691,
    0.064138405,
    0.052567046,
    -0.060621914,
    -0.012743526,
    -0.0035709674,
    0.0022823384,
    0.022331227,
    0.022541614,
    0.02157984,
    0.0076904474,
    0.11330918,
    -0.011977111,
    -0.01075235,
    0.0046285447,
    -0.0043542883,
    -0.016831072,
    0.009317201,
    -0.022676865,
    -0.0076679057,
    -0.025216553,
    -0.048178945,
    -0.030010402,
    0.018408986,
    0.017146654,
    0.02635866,
    -0.0045233504,
    0.017357042,
    0.0015290729,
    0.006837623,
    -0.0078519955,
    0.05007244,
    -0.17889026,
    0.0025678657,
    -0.051034216,
    0.01009113,
    -0.009437422,
    0.04601495,
    -0.003717488,
    0.02224106,
    0.017852958,
    0.044091396,
    -0.02018226,
    0.02224106,
    0.009520075,
    0.034533754,
    0.044722565,
    0.021324366,
    -0.010587045,
    -0.0065107695,
    -0.011729153,
    -0.013592593,
    -0.0054625846,
    0.08896424,
    -0.005605348,
    -0.0017911191,
    0.0024551575,
    0.047637943,
    0.04607506,
    0.010173782,
    -0.0041739554,
    -0.008693549,
    0.021159062,
    -0.007972217,
    0.008603383,
    0.0027312923,
    -0.020888563,
    -0.039312575,
    -0.0031445553,
    0.018529207,
    -0.012232583,
    0.01178175,
    0.010932683,
    -0.022631781,
    0.012690929,
    0.02816199,
    0.025111359,
    0.009542617,
    0.00054898224,
    -0.050012328,
    0.028192045,
    0.04875,
    0.031468093,
    0.01964126,
    -0.0045834617,
    -0.04427173,
    -0.012405402,
    0.00015309513,
    0.048088778,
    -0.07135172,
    -0.062094633,
    0.03062654,
    0.07483816,
    -0.01577913,
    0.07507861,
    -0.033662144,
    0.019130317,
    0.07213317,
    0.0011618324,
    -0.03594636,
    0.106576756,
    0.020648118,
    -0.00013090573,
    0.09930333,
    0.035796084,
    -0.018033292,
    -0.009422394,
    -0.06780518,
    0.02949946,
    -0.014990173,
    -0.01824368,
    -0.06317663,
    -0.004204011,
    0.049952216,
    -0.012405402,
    0.078384705,
    -0.046345558,
    0.058608197,
    0.05911914,
    0.008370453,
    -0.043039456,
    0.0235635,
    -0.055031594,
    0.054640874,
    0.029349182,
    -0.05506165,
    0.04315968,
    -0.020031981,
    -0.008182606,
    0.10940197,
    -0.07736282,
    0.011503737,
    0.015388409,
    0.0282221,
    0.018664457,
    -0.10020499,
    0.0072584,
    -0.01717671,
    0.02610319,
    -0.051304713,
    -0.032550093,
    0.011285835,
    -0.05704531,
    0.032279592,
    -0.010271463,
    0.14859432,
    0.00590966,
    0.010414226,
    0.019926786,
    -0.034022808,
    -0.0005818554,
    -0.028056797,
    0.06732429,
    -0.009910797,
    0.05319821,
    -0.015703991,
    -0.010316545,
    -0.053889487,
    0.02742563,
    0.057375923,
    0.051515102,
    -0.018844789,
    -0.009144382,
    -0.020242369,
    -0.032790534,
    0.07790382,
    -0.047637943,
    -0.019791538,
    0.07435727,
    -0.013029053,
    -0.009091784,
