{
  "chunk_index": 391,
  "token_start": 175950,
  "token_end": 176450,
  "text": "ành nghề hoặc làm công việc nhất định từ 01 năm đến 05 năm.\n\nĐiều 263. Tội điều động người không đủ điều kiện điều khiển phương tiện tham gia giao thông đường bộ269\n\n                                                                                                           ển phương tiện hoặc\n1. Người nào có thẩm quyền mà biết rõ người không có giấy phép lái xe, không đủ sức khỏe, độ tuổi để điều khi\nngười đang trong tình trạng có sử dụng rượu, bia mà trong máu hoặc hơi thở có nồng độ cồn vượt quá mức quy định, có sử dụng chất\nma túy, chất kích thích mạnh khác hoặc không đủ các điều kiện khác theo quy định của pháp luật mà vẫn điều động người đó điều\nkhiển phương tiện tham gia giao thông đường bộ gây thiệt hại cho người khác thuộc một trong các trường hợp sau đây, thì bị phạt tiền\ntừ 20.000.000 đồng đến 100.000.000 đồng, phạt cải tạo không giam giữ đến 03 năm hoặc phạt tù từ 01 năm đến 03 năm:\n\na) Làm chết người;\n\nb) Gây thương tích hoặc gây tổn hại cho sức khỏe của 01 người mà tỷ lệ tổn thương cơ thể 61% trở lên;\n\nc) Gây thương tích hoặc gây tổn hại cho sức khỏe của 02 người trở lên mà tổng tỷ lệ tổn",
  "embedding": [
    -0.0003744406,
    -0.010053582,
    -0.14998174,
    -0.17628545,
    -0.0007187481,
    0.11242307,
    0.033480324,
    0.018589642,
    0.011744986,
    -0.029765557,
    -0.037843198,
    0.08997639,
    0.0066035907,
    -0.15111987,
    -0.05668576,
    4.8287027e-05,
    0.14100306,
    0.021261113,
    0.04897169,
    0.0059831454,
    -0.013776252,
    0.04745417,
    0.046537332,
    -0.16718031,
    0.022304408,
    0.067656174,
    -0.038443886,
    -0.029212294,
    -0.051880274,
    0.058930427,
    -0.07163967,
    -0.0055405353,
    -0.056337994,
    0.040404018,
    -0.00792747,
    -0.04106793,
    -0.028643223,
    0.004303597,
    0.0050109834,
    -0.07891113,
    -0.020391699,
    0.0038333233,
    -0.0072951694,
    -0.010164234,
    0.04618957,
    -0.044229437,
    -0.034239084,
    0.008385888,
    -0.032199915,
    -0.08586644,
    0.020202009,
    0.011310279,
    0.0043233563,
    -0.0073939664,
    -0.029971054,
    -0.06948985,
    -0.00046805074,
    -0.0129700685,
    -0.010180042,
    0.10388701,
    0.025355259,
    0.033132557,
    0.103254706,
    -0.035313994,
    -0.01726181,
    -0.018384144,
    0.024470039,
    0.057539366,
    -0.01631336,
    -0.021261113,
    -0.08181971,
    -0.036768287,
    -0.038538728,
    0.072145514,
    0.01968036,
    -0.0231264,
    -0.02222537,
    0.02630371,
    0.04451397,
    0.014305804,
    -0.053777177,
    0.0073702554,
    -0.040340785,
    0.02070785,
    0.028627416,
    0.066138655,
    0.05630638,
    -0.001344627,
    -0.0058606374,
    0.013562851,
    0.015760096,
    -0.046063107,
    0.0336384,
    0.047390938,
    0.009421281,
    -0.018352529,
    0.010353925,
    -0.021024,
    0.009373859,
    0.014787933,
    0.013143951,
    -0.03566176,
    0.046979945,
    0.0391078,
    -0.06651804,
    -0.0016034751,
    -0.028516762,
    0.04106793,
    -0.023237051,
    -0.036262445,
    -0.042901605,
    0.07094414,
    -0.010946706,
    -0.042585455,
    -0.04305968,
    0.013886904,
    -0.033606783,
    -0.015206832,
    -0.017546345,
    -0.047612246,
    -0.014558724,
    0.044924967,
    -0.037179284,
    0.036989592,
    0.03936072,
    -0.0013406752,
    0.0004366827,
    -0.02203568,
    -0.093390815,
    -0.032721564,
    -0.03834904,
    -0.020170392,
    -0.03019236,
    0.017024698,
    0.08194617,
    0.02598756,
    0.06253454,
    -0.0068762703,
    0.009342243,
    0.030919505,
    -0.004524902,
    -0.004335212,
    0.03547207,
    -0.010875572,
    -0.026841165,
    -0.05731806,
    -0.023521587,
    0.017498923,
    0.01694566,
    -0.02413808,
    -0.025766255,
    -0.010654267,
    -0.035503685,
    0.024169695,
    -0.048434235,
    -0.03509269,
    -0.011555295,
    0.04618957,
    0.0222886,
    0.008828498,
    -0.011871446,
    0.018431567,
    -0.053777177,
    -0.024106465,
    -0.04581019,
    0.040087868,
    -0.05937304,
    -0.00026699886,
    -0.016455626,
    -0.09484511,
    -0.014495494,
    0.019901665,
    -0.02496007,
    0.0065047937,
    -0.011539488,
    -0.03262672,
    -0.04527273,
    -0.10559422,
    -0.012883128,
    -0.031504385,
    0.00083582255,
    0.044008132,
    0.086309046,
    -0.036452137,
    0.016534664,
    0.0201862,
    -0.009603067,
    0.010496192,
    -0.015412331,
    0.048940077,
    -0.008259429,
    0.0027050616,
    0.03695798,
    -0.02394839,
    0.019285172,
    0.004690881,
    -0.008370081,
    0.011824024,
    0.12443678,
    0.0029975006,
    0.039012954,
    -0.033986162,
    0.055168238,
    0.023474164,
    -0.011286568,
    -0.043976516,
    0.012495843,
    0.017562153,
    0.019885859,
    -0.007919567,
    -0.005963386,
    0.038254194,
    -0.045968264,
    -0.015198928,
    0.03572499,
    0.05127959,
    -0.035819836,
    -0.011839831,
    -0.024185503,
    -0.020328468,
    -0.032500256,
    -0.007887951,
    -0.013641888,
    0.018874176,
    0.0038965533,
    0.0076310793,
    -0.033764858,
    -0.012519554,
    -0.023189628,
    0.026667284,
    0.06544313,
    0.011800312,
    -0.031551804,
    0.0015204856,
    0.014906489,
    0.013784156,
    0.08871179,
    -0.031377923,
    0.0030271397,
    0.046758637,
    0.097880155,
    -0.002920439,
    -0.0075678495,
    0.037558664,
    -0.021751145,
    -0.04897169,
    0.015175218,
    -0.014740511,
    0.016882429,
    0.015507176,
    -0.040530477,
    -0.031251464,
    -0.013618177,
    -0.0064099487,
    -0.023790315,
    -0.0041810884,
    0.00996664,
    -0.05248096,
    0.01732504,
    0.06759295,
    0.026461786,
    -0.050520826,
    0.01002987,
    0.006820944,
    0.027884463,
    0.030777238,
    0.05987888,
    0.02356901,
    0.028137382,
    -0.0024541172,
    0.05191189,
    -0.023316089,
    0.02699924,
    -0.02279444,
    0.09901829,
    0.004892427,
    -0.003414424,
    -0.014282092,
    -0.031030158,
    -0.052702267,
    -0.02451746,
    0.03294287,
    0.009658393,
    0.00504655,
    -0.004623699,
    -0.0073979185,
    0.040340785,
    -0.0010936827,
    -0.056211535,
    -0.00935805,
    -0.0001510359,
    0.007812866,
    0.0020826405,
    -0.02783704,
    0.0017230195,
    0.06190224,
    -0.00046064096,
    0.040467247,
    0.056211535,
    0.024280347,
    -0.015941883,
    -0.017577961,
    -0.0007054105,
    0.022304408,
    0.035503685,
    0.025940137,
    -0.01631336,
    0.026129827,
    0.05241773,
    0.025323644,
    -0.005477305,
    0.005686755,
    -0.0063071996,
    -0.010369732,
    -0.0017941534,
    0.010504096,
    0.011887253,
    0.044672046,
    -0.027426044,
    -0.038159348,
    -0.007943278,
    0.012906838,
    0.006651013,
    0.006564072,
    -0.0020470736,
    -0.0011124541,
    0.025718832,
    0.004426105,
    -0.009421281,
    0.027584119,
    0.040688552,
    0.021134652,
    0.11539488,
    0.06841494,
    0.03335386,
    -0.09433927,
    0.02680955,
    0.04612634,
    0.03227895,
    0.035756607,
    -0.005923867,
    0.0002983669,
    0.14239413,
    0.07467472,
    0.03673667,
    0.011642237,
    0.06626511,
    0.018399952,
    -0.024422616,
    -0.00094943907,
    0.06898401,
    -0.009381762,
    -0.014487591,
    0.006757714,
    -0.04217446,
    -0.034681696,
    -0.0034914855,
    0.063862376,
    0.04808647,
    0.002853257,
    0.043091293,
    0.00056956464,
    0.004264078,
    0.031931188,
    -0.06948985,
    -0.007903759,
    -0.019206135,
    0.005580054,
    0.012187596,
    -0.03140954,
    -0.008868017,
    -0.102622405,
    0.060669255,
    -0.04075178,
    0.1143832,
    0.009207879,
    0.0070659607,
    0.029070025,
    -0.0041297143,
    0.023505779,
    0.015443945,
    0.0944025,
    -0.059183348,
    0.07050153,
    0.0038155396,
    -0.03287964,
    -0.092948206,
    -0.10287533,
    0.052449346,
    -0.013744637,
