{
  "chunk_index": 605,
  "token_start": 272250,
  "token_end": 272750,
  "text": " gây hậu quả nghiêm trọng, thì bị phạt cải tạo\nkhông giam giữ đến 03 năm hoặc phạt tù từ 06 tháng đến 05 năm.\n\n2. Phạm tội thuộc một trong các trường hợp sau đây, thì bị phạt tù từ 03 năm đến 10 năm:\n\na) Trong chiến đấu;\n\fb) Trong khu vực có chiến sự;\n\nc) Gây hậu quả rất nghiêm trọng hoặc đặc biệt nghiêm trọng.\n\nĐiều 413. Tội hủy hoại hoặc cố ý làm hư hỏng vũ khí quân dụng, trang bị kỹ thuật quân sự\n\n1. Người nào hủy hoại hoặc cố ý làm hư hỏng vũ khí quân dụng, trang bị kỹ thuật quân sự, nếu không thuộc một trong các trường hợp\nquy định tại Điều 114 và Điều 303 của Bộ luật này, thì bị phạt tù từ 02 năm đến 07 năm.\n\n2. Phạm tội thuộc một trong các trường hợp sau đây, thì bị phạt tù từ 07 năm đến 12 năm:\n\na) Trong chiến đấu;\n\nb) Trong khu vực có chiến sự;\n\nc) Lôi kéo người khác phạm tội;\n\nd) Gây hậu quả nghiêm trọng.\n\n3. Phạm tội gây hậu quả rất nghiêm trọng hoặc đặc biệt nghiêm trọng, thì bị phạt tù từ 12 năm đến 20 năm ho",
  "embedding": [
    -0.0002564727,
    0.0335016,
    -0.08199478,
    -0.203396,
    0.00016110214,
    0.016077708,
    -0.035643253,
    -0.069817945,
    0.030380901,
    0.04638212,
    -0.13033499,
    -0.009262657,
    0.012574572,
    -0.020559885,
    0.047605924,
    -0.17120999,
    0.0167508,
    0.024338376,
    0.01060884,
    0.010387025,
    -0.020269232,
    0.064310834,
    0.059935737,
    -0.094538756,
    0.08181121,
    0.08897045,
    -0.02995257,
    -0.066024154,
    0.06932842,
    0.089092836,
    -0.029814893,
    -0.00014389242,
    -0.007055987,
    0.011649072,
    -3.8721882e-05,
    -0.00027153123,
    0.04763652,
    0.011075415,
    0.05941562,
    -0.04944163,
    -0.07685481,
    -0.0057939407,
    0.02716842,
    -0.015328129,
    0.06724796,
    -0.06626891,
    -0.0056906827,
    0.006444086,
    -0.088236175,
    -0.022196721,
    0.0124063,
    0.03218601,
    0.08217835,
    -0.016781393,
    0.070368655,
    -0.13596448,
    0.06859414,
    0.005445922,
    -0.017821627,
    0.0018232748,
    0.0027000147,
    -0.012941713,
    0.035214923,
    -0.042312976,
    -0.01717913,
    -0.011190146,
    -0.016047113,
    0.018754777,
    0.030457389,
    -0.039100494,
    -0.08646166,
    -0.094538756,
    -0.052898873,
    0.019687926,
    0.10824535,
    -0.0050443616,
    -0.016337765,
    0.05439803,
    0.017653354,
    -0.002872112,
    0.09404924,
    -0.0031092237,
    0.0041035633,
    -0.012574572,
    0.023267549,
    0.025348013,
    -0.0074078306,
    0.020376315,
    -0.10267705,
    0.030426795,
    0.0043559726,
    0.027948594,
    0.03515373,
    -0.06926723,
    0.020605778,
    0.013354747,
    0.014808012,
    -0.007862932,
    -0.04390392,
    -0.007855283,
    0.037723716,
    -0.04173167,
    -0.036989436,
    0.014999231,
    0.011320175,
    0.012352758,
    -0.030151438,
    0.014043136,
    0.053939104,
    0.046535097,
    -0.027765023,
    0.015894137,
    -0.08168883,
    -0.08383048,
    -0.014586198,
    0.019703222,
    -0.008077098,
    -0.071470074,
    0.014372033,
    -0.0005502332,
    -0.017607462,
    0.040079538,
    -0.00564479,
    -0.018448826,
    0.010585893,
    0.0235735,
    0.009415632,
    0.018647693,
    -0.12176837,
    0.0285299,
    -0.054459218,
    -0.031130482,
    0.056906823,
    0.029111207,
    0.047728304,
    0.002822395,
    0.004241241,
    0.017729841,
    -0.027183717,
    0.06779867,
    -0.022839218,
    0.011037171,
    0.047973067,
    -0.047850683,
    -0.039284065,
    -0.0065358714,
    0.013500073,
    0.032859102,
    0.016567228,
    0.006631481,
    0.01358421,
    -0.02071286,
    -0.054856956,
    0.015228694,
    -0.045311294,
    -0.010341133,
    -0.008765487,
    0.01532048,
    0.03527611,
    -0.0038741003,
    -0.011121307,
    0.022288507,
    0.02877466,
    0.0059966333,
    0.016368361,
    -0.0034648913,
    -0.040324297,
    0.010333484,
    -0.028331032,
    0.031421132,
    -0.013132933,
    -0.02580694,
    -0.008979652,
    -0.0003441945,
    -0.020835241,
    -0.0011348858,
    -0.014211409,
    -0.043750945,
    -0.033838145,
    -0.0744684,
    -0.0019265332,
    0.008046502,
    0.08230073,
    -0.029937273,
    -0.052807085,
    -0.03337922,
    -0.009385037,
    -0.022548564,
    0.04105858,
    0.03188006,
    -0.052929465,
    -0.030671556,
    -0.025776343,
    0.030931612,
    -0.049043894,
    -0.0011511394,
    -0.06473916,
    0.017439188,
    0.11944314,
    0.014494413,
    0.026633006,
    0.048646156,
    0.044668797,
    -0.009147925,
    -0.0059507405,
    -0.007560806,
    0.012238027,
    0.02215083,
    -0.0099969385,
    0.0046504503,
    0.044577014,
    -0.017194428,
    -0.041395124,
    -0.053296607,
    0.017316807,
    0.028728768,
    -0.02517974,
    -0.03200244,
    0.00034443353,
    0.03558206,
    -0.025042063,
    -0.011320175,
    -0.022303805,
    0.01594003,
    0.0080618,
    0.0082147755,
    0.009591553,
    0.0124827875,
    0.027367288,
    0.009637446,
    0.06694201,
    -0.019229,
    -0.01742389,
    -0.043812137,
    0.03368517,
    0.020621074,
    0.08321858,
    0.011694964,
    -0.017974602,
    0.07599815,
    0.09270305,
    0.018632395,
    0.028438115,
    0.02623527,
    0.010517054,
    0.00967569,
    0.024491351,
    -0.03125286,
    0.0009130715,
    -0.014318491,
    -0.039895967,
    0.017714543,
    -0.011396662,
    -0.038488593,
    -0.06424964,
    -0.005598897,
    0.025653964,
    -0.092519484,
    0.012972308,
    0.06394369,
    0.024858491,
    -0.0862169,
    0.0036981788,
    -0.017592164,
    0.047544733,
    -0.036867056,
    0.04442404,
    0.038610976,
    -0.018999537,
    -0.073550545,
    0.046167955,
    -0.03188006,
    -0.026969552,
    -0.02871347,
    0.04534189,
    -0.008819028,
    0.024338376,
    0.0021646009,
    -0.0017630408,
    -0.0035624132,
    -0.002395976,
    -0.009545661,
    0.11161081,
    -0.032583747,
    -0.0059507405,
    -0.01947376,
    0.04038549,
    0.0514915,
    0.03212482,
    0.003292794,
    0.013446532,
    0.02412421,
    0.026449436,
    0.011266634,
    -0.04515832,
    0.024093615,
    -0.004478353,
    0.037693124,
    -0.012796387,
    -0.0035528522,
    -0.006715617,
    -0.013178825,
    -0.02548569,
    0.034144096,
    -0.048646156,
    0.036255155,
    -0.015832948,
    0.0254245,
    -0.013240015,
    -0.015473455,
    0.034817185,
    0.032614343,
    0.026571816,
    0.0047154645,
    -0.048707347,
    -0.019795008,
    0.017041452,
    -0.0035203448,
    -0.033776954,
    0.05357196,
    -0.014211409,
    0.041333936,
    -0.012130944,
    0.004646626,
    -0.048554372,
    0.05042067,
    0.06250572,
    -0.03695884,
    -0.04619855,
    0.016582526,
    -0.018020494,
    -0.014372033,
    0.055835996,
    -0.0009952958,
    -0.008275965,
    -0.009461525,
    -0.038335618,
    0.052256376,
    -0.02958543,
    0.00012028881,
    0.014968636,
    -0.08119931,
    0.08890927,
    -0.042802498,
    0.061955012,
    -0.05338839,
    0.06902247,
    0.00024332639,
    -0.012819333,
    0.020162148,
    -0.025592774,
    -0.05718218,
    0.031574108,
    -0.025623368,
    -0.09582375,
    0.009193818,
    -0.02022334,
    0.035888012,
    0.052990656,
    -0.008253019,
    0.016628418,
    -0.040599655,
    0.056784444,
    0.06296465,
    -0.085543804,
    0.013783078,
    -0.03640813,
    0.04316964,
    -0.10824535,
    -0.009805719,
    -0.016888477,
    -0.023160465,
    0.0043942165,
    -0.03653051,
    0.112345085,
    -0.028239246,
    -0.03894752,
    0.090194255,
    -0.032400176,
    0.011985618,
    0.0062107984,
    0.07434601,
    0.020238636,
    0.035612658,
    9.1904716e-05,
    0.0033998769,
    -0.025776343,
    -0.02300749,
    -0.05972157,
    0.041211557,
    0.043567374,
    -0.03243077,
    -0.03864157,
    -0.052256376,
    0.02623527,
    -0.024583137,
    -0.0025087956,
    0.07936361,
    -0.002891234,
    -0.007924123,
