{
  "chunk_index": 220,
  "token_start": 99000,
  "token_end": 99500,
  "text": " quy định về cung ứng điện151\n\n1. Người nào có trách nhiệm mà đóng điện, cắt điện, từ chối cung cấp điện trái quy định của pháp luật hoặc trì hoãn việc xử lý sự cố\nđiện không có lý do chính đáng thuộc một trong các trường hợp sau đây, thì bị phạt tiền từ 30.000.000 đồng đến 150.000.000 đồng, phạt\ncải tạo không giam giữ đến 02 năm hoặc phạt tù từ 03 tháng đến 02 năm:\n\na) Gây thương tích hoặc gây tổn hại cho sức khỏe của người khác mà tỷ lệ ổn\n                                                                         t thương cơ thể 61% trở lên;\n\nb) Gây thương tích hoặc gây tổn hại cho sức khỏe của 02 người trở lên màtổng tỷ lệ tổn thương cơ thể của những người này từ 61%\nđến 121%;\n\nc) Gây thiệt hại về tài sản từ 200.000.000 đồng đến dưới 500.000.000 đồng;\n\nd) Đã bị xử lý kỷ luật, xử phạt vi phạm hành chính về một trong các hành vi quy định tại Điều này hoặc đã bị kết án về tội này, chưa\nđược xóa án tích mà còn vi phạm.\n\n2. Phạm tội thuộc một trong các trường hợp sau đây, thì bị phạt tiền từ 150.000.000 đồng đến 500.000.000 đồ",
  "embedding": [
    -0.00034782023,
    0.12957934,
    -0.055037756,
    -0.069538146,
    -0.0013574201,
    0.056057565,
    0.063228086,
    0.01856369,
    0.008206267,
    -0.0054177293,
    -0.14149834,
    -0.037254855,
    0.0089950245,
    0.10172584,
    0.024491323,
    -0.13665426,
    0.13008924,
    0.03620318,
    0.017448276,
    0.0057364195,
    -0.016938372,
    0.052902535,
    -0.035597667,
    -0.14940186,
    0.036394395,
    0.08496274,
    -0.03970877,
    -0.038529616,
    0.012930845,
    -0.0056089433,
    -0.06985684,
    0.026483135,
    0.043023147,
    -0.04442538,
    -0.0073497873,
    -0.013807243,
    -0.008469186,
    0.011687954,
    0.16520888,
    -0.060232405,
    0.018484019,
    0.08349677,
    0.018324673,
    0.031470634,
    0.030132135,
    -0.042003337,
    0.004413856,
    -0.015575972,
    -0.035788883,
    -0.053794865,
    0.020396158,
    0.013918784,
    0.06482154,
    -0.02653094,
    0.11084037,
    -0.078015305,
    0.009887356,
    -0.0151457405,
    -0.0037187135,
    0.08515396,
    0.005636829,
    0.010612376,
    0.07094038,
    -0.017655425,
    -0.016221318,
    -0.0056089433,
    0.020906061,
    0.03124755,
    0.007218328,
    -0.054464113,
    -0.09337616,
    0.024316045,
    -0.01057254,
    0.053253092,
    0.03075358,
    -0.013353109,
    -0.02543146,
    -0.01795818,
    0.11587567,
    0.015456463,
    -0.09305747,
    -0.04977937,
    0.004370036,
    -0.069538146,
    -0.02713645,
    0.02490562,
    -0.021161014,
    -0.009664273,
    0.029319476,
    0.005477484,
    0.05079918,
    -0.027200188,
    0.03872083,
    0.003129137,
    0.022276428,
    -0.0011024681,
    -0.025686411,
    -0.036744952,
    0.009074696,
    -0.014946559,
    -0.0043780035,
    -0.05076731,
    -0.0023005432,
    0.037382334,
    -0.054846544,
    0.020443961,
    0.016444402,
    0.011488773,
    -0.02398142,
    -0.0073975907,
    0.020603307,
    0.014739411,
    -0.035693277,
    -0.04643313,
    0.018691167,
    0.008620564,
    -0.078015305,
    -0.016794961,
    0.018962054,
    -0.06813592,
    -0.019121397,
    0.063961074,
    0.01567158,
    -0.03862522,
    0.06998432,
    -0.06160277,
    0.008612596,
    0.009640371,
    -0.09152776,
    0.024427585,
    0.03502403,
    -0.0011652102,
    0.030418957,
    0.0034000236,
    0.036649346,
    0.010413195,
    0.015854826,
    0.032825068,
    -0.019456021,
    0.042353895,
    -0.012978649,
    0.0071466225,
    0.05462346,
    0.053125616,
    -0.016779026,
    0.0058001573,
    0.033143755,
    -0.059945583,
    0.026801826,
    -0.02125662,
    0.015711416,
    0.014341048,
    0.002663053,
    0.056567468,
    -0.05331683,
    -0.009871421,
    -0.007903511,
    -0.00243997,
    0.022563249,
    -0.024284175,
    -0.007807904,
    0.026021035,
    0.030100267,
    -0.007684412,
    -0.007461329,
    0.005808125,
    -0.06284566,
    0.0069832937,
    0.0008848626,
    -0.11402727,
    0.015918564,
    0.01526525,
    -0.032856934,
    0.00053928315,
    -0.0096244365,
    -0.01158438,
    -0.0032964493,
    -0.054400377,
    -0.00044442312,
    -0.020778585,
    0.004764415,
    0.0016751142,
    0.09917632,
    -0.037063643,
    -0.0022866004,
    -0.046146307,
    -0.0008310837,
    0.029877184,
    0.035725147,
    0.024539128,
    0.02916013,
    0.067817226,
    -0.0032984412,
    0.018356541,
    -0.039166998,
    -0.058925774,
    -0.008146512,
    -0.04691116,
    0.1053589,
    -0.036617476,
    0.06864582,
    -0.0019599432,
    0.055738874,
    0.031438764,
    -0.015647678,
    -0.0007917454,
    0.011170084,
    0.03261792,
    0.03454599,
    0.023614926,
    0.025447393,
    0.05497402,
    0.0012438868,
    -0.0447122,
    -0.013608062,
    0.07463719,
    -0.042130813,
    0.00369282,
    0.012070382,
    0.035629537,
    0.018324673,
    -0.009393387,
    -0.008732105,
    0.011791528,
    -0.027710093,
    0.006684522,
    -0.030371154,
    0.022611054,
    0.009345584,
    0.024029223,
    0.08649246,
    0.03652187,
    -0.06819965,
    -0.031980537,
    -0.037382334,
    0.026690284,
    0.044393513,
    0.022658857,
    0.011305527,
    0.028267799,
    0.10153462,
    -0.008532924,
    0.029446952,
    0.010899196,
    -0.0060391747,
    0.02015714,
    -0.07457345,
    -0.030307416,
    -0.008301874,
    -0.0064534717,
    -0.018292803,
    -0.018356541,
    0.007274098,
    -0.04095166,
    -0.01888238,
    0.034864683,
    0.0268815,
    0.067371055,
    0.057714753,
    0.041142873,
    0.030673908,
    -0.06998432,
    0.0138869155,
    -0.02316876,
    0.038529616,
    0.0706217,
    0.11007551,
    -0.005644796,
    0.013639931,
    0.016858699,
    0.006939474,
    -0.0025017161,
    0.013544324,
    -0.017623555,
    0.11447343,
    -0.04643313,
    0.00028458016,
    0.027152386,
    0.004095166,
    -0.004393938,
    -0.011002771,
    0.011895102,
    -0.011958841,
    -0.004127035,
    0.0007459337,
    0.011536577,
    0.07680428,
    0.030434892,
    -0.010277751,
    0.0047046607,
    -0.014181703,
    -0.03223549,
    -0.04984311,
    -0.024746276,
    0.047293592,
    -0.01468364,
    -0.012086317,
    -0.02320063,
    -0.011695921,
    0.021097276,
    0.0112497555,
    -0.006481357,
    -0.01144097,
    0.0027228075,
    -0.043883607,
    -0.041684646,
    0.02160718,
    0.012142087,
    -0.02186213,
    -0.06679741,
    0.060901653,
    -0.03425917,
    0.03623505,
    0.037701022,
    0.03177339,
    -0.026021035,
    -0.0067522437,
    0.030896991,
    -0.02922387,
    -0.04187586,
    -0.0177829,
    0.079799965,
    0.0016362738,
    0.0028901196,
    0.017065847,
    0.04158904,
    0.06201707,
    -0.023264367,
    0.014388852,
    0.07011179,
    -0.053125616,
    0.02125662,
    0.008644465,
    0.024873752,
    -0.008429349,
    -0.0070948354,
    -0.015456463,
    -0.005943568,
    -0.014229507,
    -0.02638753,
    0.010596441,
    0.033398706,
    0.060678568,
    -0.071705244,
    -0.054177295,
    0.01149674,
    0.059849974,
    0.021718722,
    0.00761669,
    0.02649907,
    0.09120907,
    0.019886253,
    0.05271132,
    -0.011026673,
    -0.040760446,
    0.0071545895,
    -0.011576413,
    0.013847079,
    0.048281528,
    0.06255884,
    0.0042385766,
    -0.006640702,
    0.056312516,
    -0.0011542552,
    -0.034418516,
    0.013464651,
    0.009202173,
    -0.010915131,
    -0.08661993,
    -0.030976664,
    0.026291922,
    0.01300255,
    -0.0065610297,
    -0.10765347,
    0.03333497,
    -0.053858604,
    -0.073681116,
    -0.017926311,
    -0.038943913,
    -0.017480144,
    0.024124831,
    0.008835679,
    -0.048727695,
    0.07489214,
    -0.02603697,
    -0.0469749,
    -0.024188569,
    -0.07036674,
    -0.052583843,
    0.005939584,
    -0.035852622,
    0.0098076835,
    -0.041111004,
    -0.07215141,
    0.06491715,
