{
  "chunk_index": 687,
  "token_start": 309150,
  "token_end": 309650,
  "text": " tại khoản 95 Điều 1 của Luật số 12/2017/QH14 sửađổi, bổ sung một số điều của Bộ\n\fluật Hình sự số 100/2015/QH13, có hiệu lực kể từ ngày 01 tháng 01 năm 2018.\n\n292 Điều này được sửa đổi, bổ sung theo quy định tại khoản 96 Điều 1 của Luật số 12/2017/QH14 sửa đổi, bổ sung một số điều của Bộ\nluật Hình sự số 100/2015/QH13, có hiệu lực kể từ ngày 01 tháng 01 năm 2018.\n\n293 Dấu “,” được thay thế bằng từ “hoặc” theo quy định tại điểm p khoản 2 Điều 2 của Luật số 12/2017/QH14 sửa đổi, bổ sung một số\nđiều của Bộ luật Hình sự số 100/2015/QH13, có hiệu lực kể từ ngày 01 tháng 01 năm 2018.\n\n294 Từ “viễn thông” được thay thế bằng cụm từ “mạng viễn thông” theo quy định tại điểm p khoản 2 Điều 2 của Luật số 12/2017/QH14\nsửa đổi, bổ sung một số điều của Bộ luật Hình sự số 100/2015/QH13, có hiệu lực kể từ ngày 01 tháng 01 năm 2018.\n\n295 Cụm từ “hệ thống thông tin, giao dịch tài chính”được thay thế bằng cụm từ “hệ thống thông tin tài chính” theo quy định tại điểm q\nkhoản 2 Điều 2 của Lu",
  "embedding": [
    -5.780692e-05,
    -0.017327491,
    -0.051567636,
    -0.020359004,
    0.0009528325,
    -0.024858408,
    0.037144016,
    -0.10364584,
    0.023901088,
    0.038962923,
    -0.014942169,
    -0.04844039,
    0.010099726,
    0.018859204,
    -0.08054252,
    -0.14347035,
    0.06308739,
    -0.003169128,
    0.063597955,
    -0.0015207427,
    -0.0028320716,
    0.06937379,
    0.08813726,
    -0.03132032,
    -0.07843642,
    0.032229774,
    -0.030299177,
    -0.055907488,
    -0.028113296,
    0.051088978,
    0.027028333,
    -0.034750715,
    0.068607934,
    -0.006067015,
    0.00024469,
    -0.03404868,
    0.028528135,
    -0.0015716003,
    0.012995618,
    0.041611508,
    -0.009038696,
    0.006525731,
    0.0033865194,
    -0.010251301,
    0.07428803,
    0.032357413,
    0.009884329,
    0.052397314,
    -0.075755924,
    -0.026549675,
    0.010937381,
    0.040877562,
    -0.0598325,
    -0.031846844,
    -0.013362591,
    -0.20907868,
    0.002297568,
    0.004002794,
    0.059609123,
    0.060694087,
    -0.0063262894,
    0.0054008802,
    -0.030011982,
    -0.042505007,
    -0.023597937,
    -0.044451557,
    0.07984049,
    -0.0015576393,
    0.020454736,
    0.023374563,
    -0.1355565,
    0.028927019,
    -0.033665754,
    -0.0013542089,
    0.08207423,
    -0.035069823,
    -0.03631434,
    0.007267654,
    0.093625896,
    -0.03408059,
    0.02031114,
    -0.08341448,
    0.01247707,
    -0.05367374,
    0.044994038,
    0.010418832,
    0.038165156,
    0.003907062,
    -0.012963708,
    0.0016952541,
    0.024188284,
    -0.011950544,
    0.0595453,
    0.056896716,
    -0.0027802167,
    0.005883529,
    -0.031033123,
    -0.025337068,
    -0.013506189,
    -0.010115681,
    0.020231362,
    -0.05753493,
    -0.026246522,
    -6.849575e-05,
    -0.044260092,
    -0.04314322,
    -0.027953744,
    0.014455532,
    0.014966102,
    -0.0006825891,
    0.0074272077,
    0.03315518,
    0.043749522,
    -0.06465101,
    -0.036250517,
    -0.02300759,
    0.103582025,
    -0.007036302,
    -0.0053968914,
    0.014144403,
    -0.007754292,
    0.038994834,
    0.049557265,
    0.04684486,
    0.020678112,
    -0.11366579,
    0.013514167,
    0.039154388,
    -0.06631036,
    0.01473475,
    0.061013192,
    -0.002666535,
    0.011431996,
    2.4587418e-05,
    -0.027331484,
    0.007423219,
    -0.0031970497,
    0.017167939,
    -0.01603511,
    0.032325506,
    -0.04646193,
    -0.0010430799,
    0.010546475,
    0.009756686,
    -0.0430794,
    -0.06560833,
    0.017646598,
    0.057215825,
    0.009397691,
    0.009070607,
    0.06675711,
    -0.000265756,
    -0.032357413,
    0.012732356,
    -0.0056521767,
    -0.0532589,
    0.019848434,
    -0.038069423,
    -0.0020941375,
    0.046430018,
    -0.022576796,
    -0.001187675,
    -0.012118075,
    0.008663746,
    0.026852826,
    0.037526943,
    -0.07103314,
    0.004331873,
    -0.034240145,
    -0.070777856,
    0.025145605,
    -0.027028333,
    -0.012094142,
    0.011918633,
    0.0032708433,
    -0.0084164385,
    -0.0055325115,
    -0.027427217,
    0.014742727,
    -0.062576815,
    -0.024092553,
    -0.084627084,
    0.02016754,
    0.009676909,
    -0.019832479,
    0.030761883,
    -0.012094142,
    0.02297568,
    0.017151983,
    0.031974487,
    -0.056226593,
    -0.04371761,
    0.013482256,
    0.04033508,
    -0.053897113,
    0.015117678,
    -0.01558836,
    -0.0051735165,
    0.07237339,
    0.026102925,
    0.00014459521,
    0.012859998,
    0.058939,
    -0.013562033,
    0.0085281255,
    -0.031336274,
    0.0066573624,
    -0.01319506,
    0.004978064,
    -0.04410054,
    0.0003108797,
    -0.05842843,
    -0.0380056,
    -0.021172727,
    0.012508981,
    0.053418454,
    -0.04122858,
    -0.019226177,
    0.03775032,
    0.051120885,
    0.010307145,
    -0.0013960917,
    -0.06624654,
    0.05271642,
    -0.027842056,
    0.017678509,
    0.01056243,
    0.03264461,
    0.021443967,
    0.0101077035,
    0.049972102,
    0.010418832,
    -0.0436857,
    0.009222182,
    -0.018891115,
    -0.0126047125,
    -0.009589155,
    0.04023935,
    0.01917831,
    0.115644254,
    -0.009349825,
    -0.009086562,
    0.025927415,
    0.040686097,
    -0.017965704,
    -0.0009533311,
    -0.015971288,
    0.024315927,
    -0.0041483864,
    0.0039050677,
    -0.058811355,
    -0.0033964915,
    0.003135223,
    -0.0011567617,
    -0.021475878,
    -0.017215803,
    0.009836462,
    -0.018045481,
    0.0058516185,
    0.041547686,
    0.02276826,
    -0.077479094,
    -0.013378547,
    -0.0018727572,
    0.07613885,
    -0.008863187,
    0.016864786,
    0.035357017,
    -0.01545274,
    0.022401288,
    0.015939377,
    -0.06047071,
    0.035867587,
    0.019736746,
    0.12617478,
    0.006725173,
    -0.004543281,
    -0.0021679308,
    0.023597937,
    -0.008950942,
    -0.025113694,
    -0.008053455,
    0.028320717,
    -0.0077423253,
    0.041069027,
    -0.0012265663,
    0.098923065,
    0.0011806947,
    -0.023821311,
    -0.016402083,
    0.023342652,
    -0.092860036,
    0.05172719,
    0.0022676517,
    -0.028671734,
    0.07447949,
    0.025193471,
    -0.0130195515,
    -0.012636623,
    0.020055853,
    0.02058238,
    0.021491833,
    -0.019912256,
    0.08973279,
    -0.02082171,
    0.019226177,
    0.014415643,
    0.010027926,
    -0.097136065,
    0.07243721,
    -0.03797369,
    -0.010370966,
    0.0036517768,
    -0.047865998,
    0.00191464,
    -0.005779819,
    0.035357017,
    0.03925012,
    0.033793394,
    0.03152774,
    0.011479862,
    0.16797775,
    -0.078244954,
    0.0190028,
    -0.019944167,
    0.044898305,
    -0.0012724377,
    -0.007100123,
    -0.010642207,
    0.082520984,
    0.019944167,
    0.014471487,
    0.014280023,
    -0.0142959785,
    0.0033825305,
    -0.032564834,
    -0.039888334,
    0.077925846,
    -0.023502205,
    0.0095732,
    -0.03436779,
    -0.040079795,
    0.04116476,
    -0.06260873,
    -0.058843266,
    0.019816523,
    0.016896697,
    -0.045919448,
    -0.027203843,
    -0.0051256507,
    0.04930198,
    -0.01603511,
    -0.02639012,
    0.052046295,
    -0.021108905,
    0.041962527,
    -0.04416436,
    0.012931798,
    0.07913845,
    -0.0102752345,
    0.03347429,
    -0.058173142,
    -0.048919052,
    0.02157161,
    0.019976078,
    -0.057247736,
    -0.003599922,
    0.043430418,
    0.017678509,
    -0.033282824,
    -0.029246125,
    -0.026549675,
    0.035644215,
    -0.030155579,
    -0.033378556,
    0.007395297,
    0.0061587584,
    0.05807741,
    -0.01579578,
    -0.018093348,
    0.024028732,
    0.10626252,
    -0.03605905,
    0.096753135,
    -0.017311536,
    0.028767465,
    -0.07058639,
    -0.06739533,
    0.021747118,
    0.01367372,
    0.043015577,
    0.0076386156,
    0.038133245,
    -0.08060634,
    -0.01801357,
    0.039473493,
    0.010059837,
