{
  "chunk_index": 711,
  "token_start": 319950,
  "token_end": 320450,
  "text": "ệu lực kể từ ngày 01 tháng 01 năm 2018.\n\n388 Khoản này được sửa đổi, bổ sung theo quy định tại điểm b khoản 133 Điều 1 của Luật số 12/2017/QH14 sửa đổi, bổ sung một số\nđiều của Bộ luật Hình sự số 100/2015/QH13, có hiệu lực kể từ ngày 01 tháng 01 năm 2018.\n\n389 Khoản này được sửa đổi, bổ sung theo quy định tại khoản 134Điều 1 của Luật số 12/2017/QH14 sửa đổi, bổ sung một số điều của\nBộ luật Hình sự số 100/2015/QH13, có hiệu lực kể từ ngày 01 tháng 01 năm 2018.\n\n390 Khoản này được sửa đổi, bổ sung theo quy định tại khoản 134 Điều 1 của Luật số 12/2017/QH14 sửa đổi, bổ sung một số điều của\nBộ luật Hình sự số 100/2015/QH13, có hiệu lực kể từ ngày 01 tháng 01 năm 2018.\n\f391 Tên Điều này được sửa đổi, bổ sung theo quy định tại khoản 135 Điều 1 của Luật số 12/2017/QH14 sửa đổi, bổ sung một số điều\ncủa Bộ luật Hình sự số 100/2015/QH13, có hiệu lực kể từ ngày 01 tháng 01 năm 2018.\n\n392 Khoản này được sửa đổi, bổ sung theo quy định tại khoản 135 Điều 1 của Luật số 12/2017/QH14 sửa đổi, bổ sung một số điều của\nB",
  "embedding": [
    0.00024422145,
    -0.030856552,
    -0.046840042,
    -0.017884687,
    0.0025384307,
    0.014099122,
    -0.012122217,
    0.007991746,
    0.032051105,
    0.080220304,
    -0.08149898,
    0.0012103289,
    -0.0024606164,
    -0.0029043686,
    -0.12665655,
    -0.18682177,
    0.03879782,
    0.0018738541,
    0.04569596,
    0.009548033,
    -0.0060695205,
    0.027272884,
    0.06898139,
    -0.0087404465,
    -0.039975554,
    0.0432732,
    -0.016639655,
    0.032404426,
    0.0022545136,
    0.03889877,
    -0.040009204,
    -0.031108921,
    0.05568985,
    -0.041153286,
    0.0032682035,
    0.017783737,
    0.09078623,
    -0.018641798,
    0.001989524,
    0.006767747,
    0.003989564,
    -0.020559818,
    -0.077662945,
    -0.023975238,
    0.04451823,
    0.06554914,
    -0.009531208,
    0.051618267,
    -0.048354268,
    0.026970038,
    0.0063639535,
    0.038124833,
    -0.026381174,
    -0.023083527,
    -0.03963906,
    -0.21401054,
    0.03327931,
    0.009085353,
    0.014906709,
    0.03654331,
    -0.004904408,
    0.016311573,
    -0.023638742,
    -0.062419742,
    -0.012643783,
    -0.023234949,
    0.031075273,
    -0.061410256,
    0.018439902,
    -0.011356691,
    -0.116763614,
    0.068846785,
    -0.0293255,
    -0.0045847385,
    0.06305908,
    -0.03398595,
    -0.03509638,
    0.017228521,
    0.060905516,
    -0.011129557,
    0.047815878,
    -0.0987275,
    -0.010321971,
    0.01206333,
    0.018389428,
    0.006961231,
    0.039369863,
    0.00075290655,
    -0.0015783698,
    -0.0027802864,
    0.014704812,
    -0.027878575,
    0.060165226,
    0.011205269,
    -0.0028013173,
    -0.0061115823,
    -0.008311416,
    -0.05383913,
    -0.0052114595,
    -0.01679949,
    0.009051704,
    -0.026347524,
    -0.024345381,
    0.002147256,
    -0.0026541008,
    -0.030217212,
    -0.023420021,
    0.0062840357,
    0.00928725,
    -0.0003241389,
    0.01600873,
    0.02559041,
    0.0136700915,
    -0.06305908,
    -0.024513628,
    -0.017346295,
    0.13715518,
    0.025741834,
    -0.01145764,
    0.073625006,
    -0.0048497277,
    0.030806078,
    0.052190308,
    0.022662908,
    0.055454303,
    -0.05333439,
    -0.01726217,
    0.019415736,
    -0.103573024,
    0.013611205,
    0.014957183,
    0.02840014,
    0.04266751,
    -0.009716281,
    -0.01234935,
    -0.022982579,
    0.008774095,
    0.029342325,
    -0.04889266,
    0.0107762385,
    -0.0108267125,
    -0.007587952,
    0.0094050225,
    0.05077703,
    -0.04811872,
    -0.056396488,
    0.0012292567,
    0.056093644,
    0.010910836,
    0.00757954,
    -0.0036152133,
    -0.008244117,
    -0.023605093,
    0.0034953372,
    -0.017497716,
    -0.05121447,
    0.020475693,
    -0.06514534,
    -0.016488234,
    0.011760484,
    -0.013299948,
    -0.020122375,
    -0.051281773,
    0.028585212,
    0.012004443,
    0.029123604,
    -0.04821967,
    -0.039706357,
    -0.044652827,
    -0.040412996,
    0.025842782,
    -0.037182648,
    -0.010162136,
    0.019970952,
    -0.028938532,
    -0.019954128,
    0.022932105,
    0.0016614419,
    -0.018305304,
    -0.073221214,
    -0.009842466,
    -0.003215626,
    0.055353355,
    -0.012399824,
    -0.04088409,
    0.039336216,
    0.006675211,
    0.014713225,
    0.03117622,
    0.013821514,
    -0.098189116,
    -0.06258799,
    0.0040589655,
    0.03879782,
    -0.045460414,
    0.02419396,
    -0.055387005,
    0.06309273,
    0.022646084,
    -0.0009048549,
    -0.01771644,
    0.0051189233,
    0.08849807,
    -0.00077446323,
    -0.006359747,
    -0.012214753,
    -0.026768142,
    -0.011945557,
    0.002452204,
    -0.031664137,
    0.0021441013,
    -0.082037374,
    -0.05138272,
    -0.06844299,
    0.0070159114,
    0.05669933,
    -0.034036424,
    -0.023302248,
    0.02384064,
    0.029762944,
    -0.017396769,
    -0.011205269,
    -0.05074338,
    0.070394665,
    -0.026566245,
    0.033632632,
    -0.0067593344,
    0.01651347,
    0.04751303,
    0.02914043,
    0.10088107,
    -0.012736319,
    -0.059660487,
    -0.0014448235,
    0.008698384,
    -0.007049561,
    -0.018271655,
    0.017665964,
    -0.03640871,
    0.06837569,
    0.00457212,
    4.133888e-05,
    0.030991148,
    0.011735247,
    -0.019382086,
    0.008353477,
    0.0022461012,
    0.00013499215,
    0.018995117,
    -0.0007623705,
    -0.09771802,
    0.016345223,
    -0.005224078,
    -0.011449227,
    -0.023150826,
    -0.008866631,
    0.0029527398,
    -0.03640871,
    0.0010336692,
    0.010439743,
    0.0033186777,
    -0.06857759,
    -0.04519122,
    0.0056278715,
    0.08398904,
    -0.022646084,
    0.040951386,
    0.017750088,
    -0.005749851,
    -0.0009500714,
    -0.018927818,
    -0.08540232,
    0.018995117,
    0.031327643,
    0.14536566,
    0.0058423867,
    -0.014999245,
    0.04088409,
    0.049431052,
    -0.022444187,
    -0.013611205,
    -0.048690762,
    0.06857759,
    -0.0016099161,
    0.043004006,
    -0.016757429,
    0.029375974,
    0.0016141223,
    0.0048413156,
    -0.012071743,
    0.001802349,
    -0.10949533,
    0.004214594,
    0.0049296455,
    -0.07537478,
    0.07968191,
    0.032387603,
    -0.015226379,
    0.02690274,
    0.024345381,
    0.053435337,
    0.029645171,
    -0.0128120305,
    0.019937303,
    -0.02868616,
    -0.023537794,
    -0.0019054004,
    0.0049380576,
    0.018557675,
    0.06665957,
    -0.035466526,
    -0.015234791,
    0.04808507,
    -0.037384547,
    -0.027474781,
    0.036072217,
    0.034827188,
    0.06524629,
    0.033885002,
    -0.0017024522,
    0.04162438,
    0.093680084,
    -0.029174078,
    -0.009640569,
    -0.04145613,
    0.042869408,
    -0.026734492,
    -0.012694257,
    -0.028046822,
    0.12463758,
    0.003724574,
    0.02042522,
    -0.017665964,
    -0.030553706,
    -0.015184317,
    -0.05023864,
    -0.0017686995,
    0.08560421,
    -0.029493747,
    0.027760802,
    -0.030654654,
    -0.034255147,
    0.06706337,
    -0.035634775,
    -0.049767546,
    0.07100035,
    0.10626498,
    -0.019331612,
    0.013686916,
    0.018338954,
    0.13055989,
    -0.040446647,
    -0.0865464,
    0.07207713,
    -0.029981665,
    0.020357922,
    0.0021809053,
    0.024917422,
    0.052223954,
    -0.013552318,
    0.030907026,
    -0.03580302,
    -0.0099434145,
    0.08708479,
    -0.0069948807,
    -0.02284798,
    -0.03963906,
    0.08540232,
    -0.006675211,
    -0.0588529,
    -0.046469897,
    -0.039369863,
    -0.0034112136,
    -0.010633228,
    0.007512241,
    0.0069822622,
    0.039134316,
    0.033212014,
    0.0096489815,
    -0.009396611,
    0.030738778,
    0.0989967,
    -0.029224552,
    0.08190277,
    -0.01882687,
    -0.015360977,
    -0.02447998,
    -0.029207727,
    -0.021333756,
    -0.0028959564,
    0.012963453,
    0.010178961,
    0.016563945,
    -0.090113245,
