{
  "chunk_index": 655,
  "token_start": 294750,
  "token_end": 295250,
  "text": "áng 01 năm 2018.\n\n160 Cụm từ “hoặc đã bị kết án về tội này, chưa được xóa án tích” được bổ sung theo quy định tại điểm h khoản 1 Điều 2 của Luật số\n12/2017/QH14 sửa đổi, bổ sung một số điều của Bộ luật Hình sự số 100/2015/QH13, có hiệu lực kể từ ngày 01 tháng 01 năm 2018.\n\n161 Từ “cấm” được bổ sung theo quy định tại điểm i khoản 1 Điều 2 của Luật số 12/2017/QH14 sửa đổi, bổ sung một số điều của Bộ\nluật Hình sự số 100/2015/QH13, có hiệu lực kể từ ngày 01 tháng 01 năm 2018.\n\n162 Từ “cấm” được bổ sung theo quy định tại điểm i khoản 1 Điều 2 của Luật số 12/2017/QH14 sửa đổi, bổ sung một số điều của Bộ\nluật Hình sự số 100/2015/QH13, có hiệu lực kể từ ngày 01 tháng 01 năm 2018.\n\n163 Khoản này được sửa đổi, bổ sung theo quy định tại điểm a khoản 49 Điều 1 của Luật số 12/2017/QH14 sửa đổi, bổ sung một số\nđiều của Bộ luật Hình sự số 100/2015/QH13, có hiệu lực kể từ ngày 01 tháng 01 năm 2018.\n\n164 Khoản này được sửa đổi, bổ sung theo quy định tại điểm b khoản 49 Điều 1 của Luật số 12/2017/QH14 s",
  "embedding": [
    -4.274438e-05,
    -0.04093299,
    -0.03608734,
    -0.05700015,
    0.0008034574,
    -0.011109928,
    -0.06905051,
    -0.036501773,
    0.01855374,
    0.05700015,
    -0.05387598,
    0.009531904,
    -0.0019217227,
    -0.02386164,
    -0.083332434,
    -0.19318841,
    0.11648688,
    -0.015206415,
    0.08167471,
    0.010735347,
    -0.008607405,
    0.03350512,
    0.12974866,
    0.003333377,
    -0.075745165,
    0.08288612,
    -0.015062959,
    0.014784015,
    0.074342474,
    0.036756806,
    -0.08868815,
    -0.014361614,
    0.050464895,
    -0.025009293,
    -0.0043395665,
    0.00071479316,
    0.041666217,
    0.00030459653,
    0.00039176643,
    -0.0073322337,
    -0.019749213,
    -0.032995053,
    -0.06073002,
    -0.02736836,
    0.04287763,
    0.036916204,
    -0.0054433867,
    0.0555337,
    -0.054927994,
    0.0076550115,
    0.025216509,
    0.048010193,
    -0.03215025,
    -0.01935072,
    0.004243929,
    -0.24228251,
    0.04233568,
    0.011333083,
    0.058881026,
    0.011149777,
    0.0036720943,
    0.04421656,
    0.015612876,
    -0.066372655,
    -0.0073441886,
    -0.03921151,
    0.009484085,
    -0.0024009082,
    0.01012964,
    -0.023415329,
    -0.10634927,
    0.026651075,
    -0.04797831,
    0.023224054,
    0.09621166,
    -0.03226183,
    -0.03583231,
    -0.0020133755,
    0.092513666,
    -0.01987673,
    0.025742516,
    -0.0916848,
    -0.0021319266,
    -0.017422024,
    0.016880076,
    0.013963124,
    -0.008687103,
    0.0040626153,
    -0.010440463,
    -0.016975716,
    0.028946383,
    -0.0057542096,
    0.03133733,
    0.027878428,
    -0.00439934,
    -0.017135112,
    0.015668664,
    -0.025854094,
    0.01987673,
    -0.016497526,
    0.01986079,
    -0.0131342625,
    0.039785337,
    0.04807395,
    0.012600284,
    -0.011827212,
    -0.018171187,
    0.01629031,
    0.016959775,
    0.015453479,
    0.0025662817,
    0.049062207,
    0.012169914,
    -0.04813771,
    -0.021056263,
    0.012496676,
    0.14320171,
    0.045141056,
    -0.0140906405,
    0.013277719,
    -0.0086950725,
    0.045746762,
    0.03924339,
    0.011046169,
    0.04141118,
    -0.09971838,
    -0.013883425,
    0.030747563,
    -0.14281917,
    0.022825563,
    0.0255353,
    0.007846287,
    0.065225,
    -0.0006106874,
    0.013739969,
    -0.011197596,
    -0.006172625,
    0.018250886,
    -0.046129312,
    0.021279417,
    -0.0458424,
    0.0073880227,
    -0.0031640183,
    0.01979703,
    -0.02242707,
    -0.044248436,
    0.021917002,
    0.04638435,
    0.012974866,
    0.011101958,
    0.00508873,
    -0.01233728,
    -0.040486682,
    -0.0149992,
    -0.019781092,
    -0.049062207,
    0.005160458,
    -0.035959825,
    -0.03749003,
    0.0107512865,
    0.009770999,
    0.01979703,
    -0.051421273,
    0.008121246,
    0.007376068,
    0.03921151,
    -0.041538697,
    -0.0071608825,
    -0.03720312,
    -0.04268635,
    -0.0075274943,
    -0.00023311721,
    -0.02118378,
    0.014265977,
    -0.0043634763,
    0.0037776944,
    0.001353873,
    -0.011149777,
    -0.003789649,
    -0.016027307,
    -0.013365387,
    -0.03790446,
    0.060092438,
    -0.024849897,
    -0.028197221,
    0.028420376,
    0.003994872,
    0.016991654,
    0.027559634,
    0.028292859,
    -0.039020237,
    -0.049667913,
    -0.0041642305,
    0.019414479,
    -0.03570479,
    0.015549118,
    -0.036979962,
    0.03490781,
    0.025248388,
    -0.004662344,
    0.0011068087,
    0.010057912,
    0.0849264,
    -0.02864353,
    -0.008153125,
    0.012082246,
    0.006698633,
    -0.0032556711,
    0.020928746,
    -0.04456723,
    0.0075075696,
    -0.09563783,
    -0.048647776,
    -0.04813771,
    0.000705329,
    0.04016789,
    -0.054386046,
    -0.03481217,
    0.020880926,
    0.0025304176,
    -0.004538812,
    -0.0028551877,
    -0.04896657,
    0.04896657,
    -0.033250086,
    0.0021139947,
    -0.009229051,
    0.036342375,
    0.017453905,
    0.03216619,
    0.120758705,
    -0.014018912,
    -0.047500122,
    -0.02649168,
    -0.010528131,
    -0.031130115,
    0.004078555,
    0.010958501,
    -0.010408584,
    0.05649008,
    0.020657772,
    -0.008448008,
    0.0030962748,
    0.0064515686,
    -0.038669564,
    -0.0035664942,
    -0.0077865133,
    0.026985807,
    0.011444661,
    -0.007822378,
    -0.0935338,
    0.019047868,
    -0.012743741,
    0.0051684277,
    -0.020131763,
    -0.02781467,
    3.4961355e-05,
    -0.014210188,
    0.017087292,
    0.024052914,
    -0.008109291,
    -0.055852495,
    -0.018936291,
    -0.013492904,
    0.06866796,
    -0.0050010616,
    0.045746762,
    0.0069417125,
    0.00057233265,
    0.0048854994,
    0.00081142725,
    -0.05546994,
    0.03186334,
    0.0273843,
    0.13134262,
    0.017932093,
    0.0055390242,
    0.010950532,
    -0.027479937,
    -0.006264278,
    -0.022666166,
    -0.02733648,
    0.029233297,
    0.0015740393,
    0.069879375,
    -0.058370955,
    0.013532753,
    0.0020562133,
    -0.038159493,
    0.005160458,
    0.035130963,
    -0.049763553,
    0.036023583,
    0.021757606,
    -0.06541628,
    0.06512936,
    0.007810423,
    -0.039434668,
    0.025790336,
    0.024148552,
    0.01633813,
    0.021247538,
    -0.00096086133,
    0.05945485,
    -0.043610852,
    -0.00594947,
    0.0048536197,
    0.002448727,
    -0.008583495,
    0.0883056,
    -0.031608302,
    0.0013518806,
    0.025439663,
    -0.050815567,
    0.0029328936,
    0.03216619,
    0,
    0.033823915,
    -0.004220019,
    -0.00264598,
    0.055597458,
    0.102013685,
    -0.0599968,
    0.018171187,
    -0.0011835182,
    0.021980762,
    0.0075115548,
    -0.006208489,
    0.0028193237,
    0.121332526,
    0.052154496,
    0.021120021,
    0.06681897,
    -0.028069703,
    0.022331433,
    -0.033887673,
    -0.02386164,
    0.07191965,
    -0.043834005,
    0.032771897,
    -0.051325638,
    -0.01892035,
    0.016832259,
    0.029249236,
    -0.027081447,
    0.054513562,
    0.06630889,
    -0.02735242,
    0.007635087,
    -0.011946759,
    0.13096008,
    -0.020785289,
    -0.107305646,
    0.057542097,
    -0.051006842,
    0.024403587,
    -0.0011616012,
    0.019366661,
    0.03573667,
    -0.00088913296,
    0.027416179,
    -0.060283713,
    -0.03226183,
    0.067711584,
    0.00616864,
    -0.019669514,
    0.0007157894,
    0.032277767,
    0.059008542,
    -0.08358747,
    -0.054035377,
    -0.0775304,
    0.015198446,
    -0.024562983,
    0.0016009375,
    0.026714833,
    0.026077248,
    0.04714945,
    0.008017638,
    -0.027177084,
    -0.010679558,
    0.09927207,
    -0.0017882282,
    0.06503373,
    -0.034557138,
    -0.037362512,
    -0.031209812,
    -0.04947664,
    0.017613301,
    -0.015804151,
    0.0027256783,
    0.009468146,
    0.0106397085,
    -0.06455553,
    0.05642632,
    -0.033664517,
    -0.0077028302,
