{
  "chunk_index": 499,
  "token_start": 224550,
  "token_end": 225050,
  "text": " thuộc một trong các trường hợp sau đây, thì bị phạt tù từ 07 năm đến 15 năm:\n\na) Làm chết 02 người;\n\nb) Gây ngộ độc ảnh hưởng nghiêm trọng đến sức khỏe của từ 101 người đến 200 người;\n\nc) Gây tổn hại cho sức khỏe của 02 người trở lên mà tổng tỷ lệ tổn thương cơ thể của những người này từ 122% đến 200%;\n\nd) Thực phẩm có sử dụng chất, hóa chất, kháng sinh, thuốc thú y, thuốc bảo vệ thực vật, phụ gia thực phẩm hoặc chất hỗ trợ chế biến\nthực phẩm cấm sử dụng hoặc ngoài danh mục được phép sử dụng trị giá từ 300.000.000 đồng đến dưới 500.000.000 đồng hoặc thu lợi\nbất chính từ 100.000.000 đồng đến dưới 300.000.000 đồng;\n\nđ) Thực phẩm có sử dụng nguyên liệu là động vật chết do bệnh, dịch bệnh hoặc động vật bị tiêu hủy trị giá từ 300.000.000 đồng đến\ndưới 500.000.000 đồng;\n\ne) Thực phẩm có sử dụng chất, hóa chất, kháng sinh, thuốc thú y, thuốc bảo vệ thực vật, phụ gia thực phẩm hoặc chất hỗ trợ chế biến\nthực phẩm chưa được phép sử dụng hoặc chưa được phép lưu hành tại Việt Nam trị giá từ 500.000.",
  "embedding": [
    -0.0003832664,
    0.046006925,
    -0.09889395,
    -0.17972016,
    -0.0013619979,
    0.031708285,
    0.005193727,
    0.07173251,
    0.02104413,
    0.069159955,
    -0.08567219,
    0.030840794,
    0.0021687269,
    -0.03682349,
    0.00064500934,
    -0.09650087,
    0.074185416,
    -0.054980967,
    0.058750067,
    0.0012143002,
    -0.017529296,
    0.15555008,
    0.08357825,
    -0.1393968,
    -0.08292016,
    0.09129593,
    -0.036973055,
    0.05166057,
    0.09398814,
    0.02599481,
    0.037571326,
    -0.009318047,
    0.046276145,
    -0.04872905,
    -0.00011334403,
    -0.01755921,
    -0.0088020405,
    -0.006087392,
    0.01077633,
    -0.13126034,
    -0.034550063,
    0.012488876,
    0.035238072,
    0.03389197,
    0.06724549,
    -0.052109275,
    -0.019279234,
    -0.00981162,
    -0.06467293,
    -0.02470853,
    0.012735662,
    0.03505859,
    0.023990607,
    -0.009175958,
    0.08178344,
    -0.094406925,
    0.05973721,
    -0.0033708748,
    -0.07711694,
    0.09787689,
    0.015375527,
    0.021971447,
    0.056506556,
    -0.05318616,
    -0.022091102,
    -0.035686776,
    -0.058779977,
    0.06419432,
    0.016587023,
    -0.047412857,
    -0.09051818,
    -0.0046739806,
    -0.0348492,
    0.05336564,
    0.067424975,
    -0.012369222,
    -0.027400743,
    -0.0021257263,
    0.109902106,
    -0.008876824,
    0.016018666,
    -0.028687023,
    -0.022165885,
    0.011696169,
    0.032755256,
    0.041848954,
    0.044690732,
    0.015315699,
    -0.030003216,
    0.0012124305,
    0.053216074,
    -0.040323365,
    0.049297407,
    -0.0044683255,
    0.0059864344,
    -0.00037578805,
    0.022943636,
    0.013483499,
    0.0015078261,
    0.012309395,
    -0.020834737,
    -0.019159582,
    0.09249247,
    0.070416324,
    0.0063640918,
    -0.021612486,
    -0.023781212,
    -0.013610631,
    0.02026638,
    -0.0021799444,
    -0.008233684,
    0.0019967244,
    -0.08698839,
    -0.049506802,
    -0.033293698,
    0.011030594,
    -0.042806182,
    -0.06868134,
    -0.020924477,
    -0.024768358,
    -0.014829606,
    0.030137826,
    0.0237513,
    0.01073146,
    0.039007172,
    -0.07687763,
    -0.01306471,
    0.016527195,
    -0.111158475,
    -0.04845983,
    -0.05569889,
    -0.04837009,
    0.00056041026,
    -0.003929883,
    -0.016856244,
    -0.00035498882,
    0.022584673,
    -0.0111801615,
    -0.01036502,
    0.06766428,
    -0.0064201797,
    -0.008487948,
    0.028357975,
    0.07651867,
    -0.05067343,
    0.025605936,
    0.054532267,
    0.040861808,
    0.015854143,
    -0.0042514526,
    0.023870952,
    -0.01040989,
    -0.013393759,
    0.025516195,
    -0.012847838,
    0.0116587775,
    -0.009385353,
    0.038020026,
    -0.010372497,
    -0.0084356,
    0.01673659,
    0.031020274,
    -0.10559457,
    -0.025486281,
    -0.00060528045,
    0.027161436,
    -0.01618319,
    0.023960695,
    -0.033114217,
    -0.028836591,
    -0.019727938,
    0.0044496297,
    -0.019488629,
    0.0049992898,
    -0.008719778,
    -0.010948332,
    -0.019383932,
    -0.07598023,
    -0.011591472,
    -0.0042477134,
    0.0004052341,
    0.026966998,
    0.033024475,
    -0.026159335,
    -0.02095439,
    -0.018277133,
    -0.02562089,
    0.03338344,
    0.032904822,
    0.031020274,
    -0.061322626,
    0.045707792,
    -0.01269827,
    0.01512874,
    -0.017260075,
    -0.036883317,
    -0.016392585,
    0.0050142463,
    0.11349173,
    -0.02379617,
    0.01838183,
    0.021522745,
    0.02466366,
    0.01375272,
    0.009220829,
    -0.039665267,
    -0.0044496297,
    0.04537874,
    0.039545614,
    -0.004520674,
    0.011569036,
    -0.017589124,
    -0.0200869,
    -0.022764156,
    -0.0029782604,
    0.012077565,
    -0.01435099,
    -0.025964897,
    -0.007882201,
    0.00060621527,
    -0.031798024,
    -0.011172683,
    -0.008383252,
    0.024334611,
    0.0049843327,
    0.0142762065,
    0.0053395554,
    0.0046291105,
    0.016990853,
    0.03003313,
    0.072091475,
    0.012989927,
    -0.06269865,
    -0.007325062,
    0.02044586,
    0.01545031,
    0.06389518,
    0.010275279,
    -0.03260569,
    0.029719038,
    0.112773806,
    -0.034400497,
    0.0055900807,
    0.006285569,
    -0.007325062,
    -0.010836156,
    0.0013853678,
    -0.018561311,
    0.015039,
    0.010723981,
    -0.028432759,
    -0.011314772,
    -0.0023220335,
    -0.05300668,
    -0.046186406,
    -0.0028642153,
    -0.006468789,
    -0.06533103,
    -0.017843388,
    0.00085393625,
    0.026847344,
    -0.09871447,
    -0.01224209,
    -0.041370336,
    0.02277911,
    -0.022764156,
    0.05112213,
    -0.0034344408,
    0.027834488,
    -3.905695e-05,
    0.030137826,
    -0.023362424,
    0.057104826,
    0.016377628,
    0.044242032,
    0.013535848,
    -0.021492831,
    -0.014261249,
    0.008338382,
    0.01820235,
    -0.045588136,
    -0.042836096,
    0.002856737,
    -0.029120767,
    -0.04020371,
    0.013992028,
    0.04457108,
    0.03016774,
    0.0044010202,
    0.008570211,
    -0.01485204,
    0.039007172,
    -0.03323387,
    -0.002925912,
    0.06455328,
    0.061262798,
    -0.014373424,
    0.021896664,
    0.041699383,
    0.01862114,
    0.013236713,
    -0.02342225,
    -0.0168712,
    0.020655254,
    0.0048123305,
    0.06413449,
    -0.00024631878,
    0.0463958,
    -0.050763167,
    0.019742893,
    0.015824229,
    0.0018995057,
    0.017828431,
    0.013154451,
    -0.048848704,
    0.03469963,
    0.02177701,
    -0.012144871,
    -0.05955773,
    -0.0003809294,
    0.007919593,
    -0.002654821,
    -0.05378443,
    0.0041243206,
    -0.10092807,
    0.0059939125,
    0.041729297,
    0.05025464,
    -0.09081731,
    0.1378413,
    -0.043524105,
    0.0008679582,
    0.08286033,
    -0.008039246,
    -0.0111801615,
    -0.02668282,
    -0.049267493,
    0.012960013,
    0.005806953,
    0.018815575,
    -0.030661313,
    -0.03034722,
    0.028552413,
    -0.082142405,
    0.06156193,
    -0.026308902,
    0.051511005,
    0.02268937,
    0.037661064,
    -0.0019443759,
    -0.019219408,
    -0.009475093,
    0.05429296,
    -0.012989927,
    0.03365266,
    -0.026608037,
    0.0041243206,
    0.05886972,
    0.03736193,
    -0.074185416,
    0.026667863,
    -0.00019443758,
    0.02173214,
    0.02186675,
    -0.06808307,
    0.01773869,
    -0.0143883815,
    0.03194759,
    -0.070416324,
    -0.004386063,
    0.009288134,
    -0.022868851,
    0.06401484,
    -0.06120297,
    0.06927961,
    -0.007003492,
    0.026533253,
    0.07568109,
    -0.036045738,
    -0.023437208,
    -0.048758965,
    0.03547738,
    -0.027684921,
    0.052228928,
    0.0060387827,
    -0.010484673,
    -0.014545428,
    0.01724512,
    0.022405192,
    0.043942895,
    -0.015988752,
    0.042118173,
    -0.05124178,
    -0.06174141,
    0.07986898,
    -0.06921978,
