{
  "chunk_index": 337,
  "token_start": 151650,
  "token_end": 152150,
  "text": " Cây trồng chưa thành rừng hoặc rừng khoanh nuôi tái sinh thuộc rừng chưa có trữ lượng có diện tích từ 50.000 mét vuông (m\n                          2\ndưới 100.000 mét vuông (m );\n\nđ) Rừng sản xuất có diện tích từ 10.000 mét vuông (m2) đến dưới 50.000 mét vuông (m2);\n\ne) Rừng phòng hộ có diện tích từ 7.000 mét vuông (m2) đến dưới 10.000 mét vuông (m2);\n\ng) Rừng đặc dụng có diện tích từ 3.000 mét vuông (m2) đến dưới 5.000 mét vuông (m2);\n\nh) Gây thiệt hại về lâm sản trị giá từ 100.000.000 đồng đến dưới 200.000.000 đồng trong trường hợpừng\n                                                                                                  r bị thiệt hại không tính được\nbằng diện tích;\n\ni) Thực vật thuộc Danh mục loài nguy cấp, quý, hiếm được ưu tiên bảo vệ hoặc Danh mục thực vật rừng, động vật rừng nguy cấp, quý,\n\fhiếm Nhóm IA trị giá từ 60.000.000 đồng đến dưới 100.000.000 đồng; thực vật thuộc Danh mục thực vật rừng, động vật rừng nguy cấp,\nquý, hiếm Nhóm IIA trị giá từ 100.000.000 đồng đến dưới 200.000.000 đồng.\n\n3.227 Phạm tội thuộc một trong các trường hợp sau đây, thì bị phạt tù từ",
  "embedding": [
    -0.00024314428,
    -0.08548472,
    -0.08416571,
    -0.0031935074,
    -0.0008243842,
    0.07763344,
    0.028751383,
    0.024244748,
    0.016126527,
    -0.009523601,
    -0.09754428,
    -0.117706366,
    0.0062417663,
    0.0058374256,
    0.07028464,
    -0.04735891,
    0.0743045,
    0.019094309,
    -0.064882964,
    0.0036056996,
    -0.005860979,
    0.090132676,
    -0.016990166,
    0.027887741,
    -0.07656567,
    -0.06639041,
    -0.024982769,
    0.066830084,
    0.1369263,
    0.023067057,
    -0.13416265,
    0.008911201,
    -0.0031483627,
    -0.035644803,
    -0.0028696423,
    -0.0038117957,
    0.005660772,
    0.0026085873,
    -0.060580466,
    -0.12913783,
    -0.023679456,
    0.0119967535,
    0.033383638,
    0.020460432,
    0.037309274,
    -0.08064833,
    0.005570482,
    0.027400961,
    -0.051253147,
    0.0046283286,
    0.025595168,
    0.021999283,
    0.02198358,
    -0.0057746153,
    0.08416571,
    -0.07763344,
    0.021905066,
    0.008801283,
    0.02118275,
    0.01793232,
    -0.027840633,
    -0.0282489,
    0.03668117,
    0.014823214,
    0.0068345377,
    0.0029226383,
    0.08322355,
    -0.08667812,
    -0.0006609795,
    -0.023553835,
    -0.0003535529,
    -0.010426498,
    -0.0127269225,
    0.0013955648,
    0.06808629,
    -0.022014985,
    -0.0005525337,
    0.05194406,
    0.035519183,
    0.0055469284,
    0.008495083,
    -0.000876399,
    0.0060062283,
    -0.06463172,
    -0.012436425,
    0.032253053,
    0.06588793,
    0.02118275,
    -0.049839918,
    -0.0027499103,
    0.019486872,
    0.07844997,
    0.015757516,
    -0.067646615,
    0.0006109276,
    -0.008809134,
    -0.006618628,
    -0.00089308294,
    -0.03413736,
    0.017524054,
    -0.040920865,
    -0.028437331,
    -0.0070033404,
    -0.010026082,
    0.02996048,
    -0.033383638,
    -0.0023337926,
    0.019439766,
    0.030981146,
    0.010190959,
    -0.006975861,
    -0.029034028,
    0.00210218,
    -0.094089724,
    0.047201887,
    0.0362415,
    -0.012609153,
    -0.08517067,
    -0.015317844,
    -0.06858877,
    -0.004604775,
    0.03170346,
    0.012452127,
    -0.0534201,
    0.0356134,
    -0.09314757,
    0.004192583,
    0.029677832,
    -0.050028346,
    0.026600132,
    -0.01694306,
    -0.04016714,
    0.015741814,
    0.017963726,
    -0.0039236764,
    0.018466206,
    0.008746324,
    0.01688025,
    -0.051818438,
    0.05489614,
    0.006496933,
    0.023962103,
    0.013088081,
    0.027055506,
    -0.029740643,
    -0.07681691,
    0.01700587,
    -0.020852996,
    0.062370557,
    0.0045772954,
    0.018874474,
    -0.019188525,
    0.03966466,
    0.0107876565,
    -0.035833236,
    0.020005058,
    -0.00025663865,
    0.037623327,
    0.017052976,
    0.03175057,
    -0.018952986,
    0.022925733,
    0.020727376,
    -0.030353043,
    0.026333189,
    0.015325695,
    -0.020538945,
    0.04512915,
    -0.024056317,
    -0.03812581,
    0.04864652,
    0.03157784,
    -0.06808629,
    0.03350926,
    0.014571973,
    -0.015506275,
    -0.023553835,
    -0.0024967066,
    -0.030431556,
    0.015302142,
    -0.013488497,
    0.062307745,
    0.037560515,
    0.0017282626,
    0.0078748325,
    -0.030211719,
    0.013127337,
    0.023867887,
    0.02094721,
    0.021449693,
    0.0019971689,
    -0.03278694,
    -0.028751383,
    0.03875391,
    -0.035110917,
    0.002023667,
    0.020978617,
    -0.07970618,
    -0.008989714,
    -0.019628197,
    0.016770331,
    0.07530946,
    -0.007203548,
    0.004612626,
    0.0038569407,
    -0.0031836934,
    0.03555059,
    0.022862922,
    0.038157213,
    -0.0004082665,
    0.017210003,
    -0.055461433,
    0.0014691704,
    0.02192077,
    -0.0043456824,
    -0.0076432195,
    0.0065636686,
    -0.0030777012,
    -0.014854619,
    -0.050562233,
    0.011125262,
    -0.0006575446,
    0.037309274,
    0.033320826,
    -0.049400244,
    -0.00071593845,
    0.025720788,
    0.018827366,
    0.0028814191,
    -0.013928168,
    0.02510839,
    0.017979428,
    -0.05329448,
    0.030918336,
    0.0074508633,
    0.027039804,
    0.08071114,
    0.018152155,
    0.044186994,
    7.6120596e-05,
    0.073550776,
    -0.018560423,
    -0.0386911,
    0.039224986,
    0.0012493347,
    -0.024527393,
    -0.0023691233,
    -0.010638482,
    -0.004671511,
    0.008495083,
    -0.017414136,
    0.00080524676,
    0.022187714,
    -0.046196923,
    -0.085924394,
    -0.01854472,
    0.009774841,
    0.021999283,
    -0.017916618,
    -0.029269567,
    0.0051072566,
    -0.06133419,
    -0.018670341,
    -0.02291003,
    -0.00030938943,
    0.08912771,
    0.14672469,
    -0.047641557,
    0.036367122,
    -0.049965538,
    0.0146504855,
    -0.02223482,
    -0.0019716523,
    0.029222459,
    0.117203884,
    -0.005939492,
    0.04814404,
    0.0046479567,
    0.040701028,
    -0.011023195,
    -0.039947305,
    -0.011258733,
    0.01615793,
    -0.017162895,
    0.013700481,
    -0.0294737,
    -0.05304324,
    0.047672965,
    -0.019439766,
    0.0037136548,
    0.008495083,
    0.17398433,
    0.0026792488,
    -0.022800112,
    -0.018921582,
    0.02419764,
    -0.0221092,
    -0.006018005,
    0.035927452,
    -0.019439766,
    -0.028955515,
    0.0107876565,
    0.0024790412,
    -0.027369557,
    0.04343327,
    -0.022674492,
    -0.043150626,
    -0.0040669623,
    0.017681079,
    -0.0767541,
    0.0214968,
    -0.018670341,
    -0.007117184,
    -1.3946754e-05,
    -0.04192583,
    0.015223629,
    0.025422439,
    0.050593637,
    -0.092142604,
    -0.039633255,
    0.056654826,
    0.047421724,
    -0.007117184,
    -0.0039020854,
    0.0122322915,
    -0.002492781,
    0.028735679,
    0.029316673,
    -0.05784822,
    0.06645322,
    -0.0026184013,
    -0.052352324,
    0.07342516,
    -0.010936831,
    -0.012546343,
    -0.030902632,
    -0.011023195,
    -0.0037156176,
    0.037120845,
    0.0022022836,
    -0.037937377,
    -0.01940836,
    -0.069907784,
    -0.12480392,
    0.04286798,
    0.0002100217,
    -0.022187714,
    0.0030207795,
    -0.040889457,
    0.048583712,
    0.0027459846,
    0.02658443,
    0.043872945,
    0.057942435,
    0.03548778,
    0.04192583,
    0.06557388,
    0.03812581,
    0.09936578,
    -0.089567386,
    0.016738925,
    0.047327507,
    -0.018246371,
    -0.0047853542,
    -0.15200076,
    0.051818438,
    -0.0076314425,
    0.007933717,
    -0.089002095,
    -0.033320826,
    -0.032724127,
    -0.051410172,
    0.10451622,
    -0.04472088,
    0.042271283,
    0.0045890724,
    -0.008479381,
    -0.02173234,
    -0.068525955,
    0.018324884,
    -0.02799766,
    0.007658922,
    -0.05445647,
    0.044249807,
    0.011392205,
    0.0002301406,
    -0.026427403,
    0.011667,
    0.036178693,
