{
  "chunk_index": 107,
  "token_start": 48150,
  "token_end": 48650,
  "text": " 05 năm.\n\nĐiều 122. Hình phạt bổ sung\n\nNgười phạm tội quy định tại Chương này còn có thể bị tước một số quyền công dân, phạt quản chế, cấm cư trú từ 01 năm đến 05 năm\nhoặc tịch thu một phần hoặc toàn bộ tài sản.\n\nChương XIV\n\n                     CÁC TỘI XÂM PHẠM TÍNH MẠNG, SỨC KHỎE, NHÂN PHẨM, DANH DỰ CỦA CON NGƯỜI\n\nĐiều 123. Tội giết người\n\n1. Người nào giết người thuộc một trong các trường hợp sau đây, thì bị phạt tù từ 12 năm đến 20 năm, tù chung thân hoặc tử hình:\n\na) Giết 02 người trở lên;\n\nb) Giết người dưới 16 tuổi;\n\nc) Giết phụ nữ mà biết là có thai;\n\nd) Giết người đang thi hành công vụ hoặc vì lý do công vụ của nạn nhân;\n\nđ) Giết ông, bà, cha, mẹ, người nuôi dưỡng, thầy giáo, cô giáo của mình;\n\ne) Giết người mà liền trước đó hoặc ngay sau đó lại thực hiện một tội phạm rất nghiêm trọng hoặc tội phạm đặc biệt nghiêm trọng;\n\ng) Để thực hiện hoặc che giấu tội phạm khác;\n\nh) Để lấy bộ phận cơ thể của nạn nhân;\n\ni) Thực hiện tội phạm một cách man rợ;\n\nk) Bằng c",
  "embedding": [
    -4.595033e-05,
    -0.021601241,
    -0.09786301,
    -0.114204824,
    0.00042556794,
    0.03575162,
    -0.0010565824,
    -0.003257796,
    0.03647166,
    0.06699515,
    -0.05174906,
    -0.10619045,
    0.008515272,
    -0.023229161,
    -0.11520662,
    -0.100868404,
    0.16341808,
    -0.052594326,
    0.027612021,
    0.0006080241,
    -0.025749305,
    0.033184513,
    0.08822072,
    -0.13173626,
    0.041543256,
    0.009462283,
    -0.032871455,
    -0.042576358,
    0.089598194,
    0.010111885,
    -0.07907932,
    -0.06918658,
    -0.0049620243,
    0.052782163,
    -0.0021053383,
    -0.005905122,
    0.016388768,
    -0.0037156483,
    0.09285403,
    -0.083211735,
    -0.05775984,
    0.08840856,
    0.01102759,
    -0.027768552,
    -0.0068325666,
    -0.10080579,
    -0.02546755,
    0.040103175,
    -0.05525535,
    -0.024277916,
    0.030022595,
    0.027565062,
    -0.011301518,
    0.0040776255,
    0.030601759,
    -0.14738934,
    -0.007458689,
    -0.005803377,
    0.0044846055,
    0.090286925,
    0.0208812,
    0.018721076,
    0.08214733,
    -0.055192735,
    -0.020834241,
    -0.03650297,
    0.056538902,
    -0.03163486,
    0.003101265,
    0.008382221,
    -0.14601187,
    0.015527848,
    -0.03897615,
    0.009697079,
    0.04232591,
    -0.029474737,
    -0.012874653,
    0.019378504,
    0.051404692,
    0.02913037,
    -5.7445555e-05,
    -0.012029387,
    -0.006382541,
    0.05525535,
    0.022696957,
    0.06849785,
    0.009509242,
    0.02205518,
    -0.09204007,
    -0.03953966,
    0.040322315,
    0.0024614458,
    0.041073665,
    -0.022728262,
    0.019738525,
    -0.0046763555,
    0.0030073468,
    -0.00481332,
    -0.008609191,
    0.00921966,
    -0.0050402894,
    -0.011473702,
    0.07839059,
    0.032714922,
    0.028081613,
    -0.003711735,
    -0.014494746,
    0.016388768,
    0.07563565,
    0.03835003,
    -0.0473662,
    -0.00962664,
    -0.04670877,
    -0.12359667,
    -0.025639733,
    0.03647166,
    -0.037817825,
    -0.09441934,
    0.0023303514,
    -0.09191485,
    -0.015793951,
    0.008030026,
    -0.017077504,
    -0.049025424,
    0.05491098,
    -0.08214733,
    0.0041050185,
    0.04564436,
    -0.10174497,
    0.0120059075,
    -0.050246365,
    -0.06436544,
    0.0020505525,
    0.037160397,
    0.01227201,
    -0.016780095,
    -0.008437007,
    0.008945731,
    -0.008241343,
    0.05916862,
    -0.016279196,
    0.021710813,
    0.010307549,
    -0.012185917,
    -0.035689007,
    -0.06536724,
    0.0025416678,
    0.052625634,
    0.028410329,
    0.0051889936,
    0.0051694275,
    0.0011671323,
    -0.026813714,
    -0.0042224163,
    -0.018501932,
    -0.01505043,
    0.006108612,
    0.023996161,
    0.019315893,
    0.005032463,
    0.025404938,
    0.029881718,
    -0.03406109,
    -0.00998666,
    0.018314095,
    0.015386971,
    -0.014573012,
    0.019065443,
    -0.019472424,
    -0.0009024975,
    0.009446629,
    0.046113953,
    -0.0519369,
    0.041574564,
    -0.02235259,
    0.00035610743,
    -0.04426689,
    -0.10036751,
    0.0032010535,
    -0.03421762,
    0.025952796,
    -0.014886073,
    0.019143708,
    -0.041699786,
    -0.007466516,
    -0.0023068716,
    -0.03050784,
    -0.008264823,
    0.010784968,
    0.033434965,
    -0.0034065,
    0.0005772071,
    0.015911348,
    0.053001307,
    -0.02709547,
    -0.010800621,
    0.044016443,
    -0.022368241,
    0.08133337,
    -0.018642811,
    0.053658735,
    -0.029631268,
    0.032621004,
    0.0020094633,
    -0.033372354,
    -0.03365411,
    0.046270486,
    -0.0011759371,
    0.03402978,
    -0.03204184,
    0.012037213,
    -0.0065586376,
    -0.027987694,
    0.035970762,
    0.029412124,
    0.0300539,
    -0.04044754,
    -0.025357978,
    0.008867466,
    -0.03509419,
    -0.033121902,
    -0.010745835,
    -0.016357461,
    0.034311537,
    -0.016216584,
    -0.018517585,
    0.00040380037,
    0.01227201,
    0.006210357,
    0.00091619394,
    0.07150324,
    -2.4366209e-05,
    -0.06208009,
    -0.023510916,
    0.027987694,
    -0.011919815,
    0.064866334,
    0.024512712,
    0.036909945,
    0.05678935,
    0.058479883,
    -0.029631268,
    0.035939455,
    0.017406218,
    0.022149099,
    -0.03800566,
    0.027111122,
    -0.02449706,
    -0.022947405,
    -0.009978835,
    -0.020348996,
    -0.0346246,
    0.04818016,
    -0.01482346,
    -0.030163473,
    -0.020442914,
    -0.008186557,
    -0.025498856,
    -0.029318206,
    0.061923556,
    0.03606468,
    -0.105564326,
    0.016733136,
    -0.038381334,
    0.03803697,
    0.02169516,
    0.12353405,
    -0.018329749,
    -0.0043437276,
    -0.020114198,
    -0.025811918,
    -0.040416233,
    0.021335138,
    0.020865547,
    0.110448085,
    0.054065716,
    -0.008155251,
    0.033841945,
    -0.007983067,
    -0.02185169,
    -0.055224042,
    0.05281347,
    -0.0188463,
    0.0029114715,
    -0.0044259066,
    -0.05663282,
    -0.027784204,
    0.021460364,
    -0.036816027,
    0.027408531,
    -0.010980631,
    -0.011379784,
    0.0041793706,
    -0.0065390714,
    -0.03647166,
    0.010972804,
    -0.004860279,
    0.038381334,
    0.024215303,
    0.034374148,
    -0.004868106,
    -0.034655903,
    0.009211834,
    0.030132165,
    -0.04858714,
    0.035375945,
    -0.013516429,
    0.020145506,
    -0.03706648,
    0.046082646,
    0.017500136,
    -0.012710296,
    0.009736212,
    0.0336228,
    -0.024935346,
    -0.003107135,
    0.016498338,
    0.0076621794,
    -0.0672456,
    0.016936624,
    -0.028723389,
    0.0417624,
    -0.014987818,
    0.04339032,
    -0.10068057,
    -0.0075330413,
    0.054817062,
    0.0208812,
    -0.08033157,
    0.07839059,
    0.018126259,
    0.021882996,
    0.14851636,
    -0.010878886,
    -0.012866826,
    -0.07100234,
    -0.038631786,
    0.04467387,
    0.0064686327,
    -0.0038839187,
    -0.07119018,
    0.0023714406,
    0.00039695215,
    0.079455,
    0.09360538,
    -0.009368365,
    0.06611858,
    0.024528366,
    0.04695922,
    0.00581903,
    0.040009256,
    -0.032840148,
    -0.0020388127,
    -0.05384657,
    -0.014025154,
    0.040165786,
    -0.00024567987,
    0.029631268,
    0.058761638,
    -0.039195295,
    0.008303955,
    -0.036659498,
    0.030226083,
    -0.032840148,
    -0.023667447,
    -0.041136276,
    -0.012929439,
    -0.0038623959,
    -0.04054146,
    -0.05970082,
    -0.01665487,
    0.011317172,
    0.023761366,
    -0.079580225,
    0.09592203,
    0.009360538,
    0.0175784,
    0.044454727,
    -0.03249578,
    0.014189511,
    -0.026578918,
    0.08133337,
    0.033810638,
    0.03612729,
    -0.0062534027,
    0.027674634,
    -0.063175805,
    0.027267653,
    -0.0009333145,
    0.039758805,
    0.004946371,
    0.03622121,
    -0.03590815,
    -0.07225458,
    0.048962813,
    0.044893015,
    -0.009204007,
