{
  "chunk_index": 346,
  "token_start": 155700,
  "token_end": 156200,
  "text": "000 đồng, cấm kinh doanh, cấm hoạt động trong\nmột số lĩnh vực nhất định hoặc cấm huy động vốn từ 01 năm đến 03 năm.\n\nĐiều 245. Tội vi phạm234 quy định về quản lý khu bảo tồn thiên nhiên\n\n1. Người nào vi phạm235 quy định về quản lý khu bảo tồn thiên nhiên thuộc một trong các trường hợp sau đây, thì bị phạt tiền từ\n50.000.000 đồng đến 300.000.000 đồng, phạt cải tạo không giam giữ đến 03 năm hoặc phạt tù từ 06 tháng đến 03 năm:\n\na) Gây thiệt hại về tài sản từ 50.000.000 đồng đến dưới 200.000.000 đồng;\n\nb) Gây thiệt hại đến cảnh quan, hệ sinh thái tự nhiên trong phân khu bảo vệ nghiêm ngặt của khu bảo tồn thiên nhiên có tổng diện tích\ntừ 300 mét vuông (m2) đến dưới 500 mét vuông (m2);\n\nc) Đã bị xử phạt vi phạm hành chính về một trong những hành vi này mà còn vi phạm hoặc đã bị kết án về tội này, chưa được xóa án\ntích mà còn vi phạm.\n\n2. Phạm tội thuộc một trong các trường hợp sau đây, thì bị phạt tù từ 03 năm đến 07 năm:\n\na) Gây thiệt hại về tài",
  "embedding": [
    0.00021959201,
    0.028236711,
    -0.18244268,
    -0.14698562,
    -0.00043540663,
    0.028687984,
    0.05215411,
    0.034909084,
    0.02394963,
    0.024836058,
    -0.048898507,
    -0.08522587,
    0.011442959,
    0.054829504,
    0.0046134465,
    -0.022386298,
    0.062404424,
    -0.006277511,
    -0.002635104,
    -0.010169729,
    -0.015077308,
    0.045771837,
    0.021789974,
    0.012369678,
    -0.039647438,
    -0.0042266427,
    -0.0156172225,
    -0.0021536134,
    0.09057666,
    -0.03079929,
    -0.14569627,
    0.025367914,
    0.08226038,
    -0.03600503,
    0.005266179,
    -0.012901534,
    0.024497604,
    0.028059427,
    0.044901527,
    -0.01552858,
    -0.010903046,
    -0.011813647,
    0.06820649,
    0.02677008,
    0.11262451,
    -0.036133967,
    -0.006624023,
    -0.024143033,
    -0.060792737,
    -0.015182068,
    0.02830118,
    0.013473682,
    0.0784568,
    -0.0025988412,
    0.09180155,
    -0.117459565,
    -0.02639939,
    -0.007466128,
    0.036972042,
    0.07961721,
    0.0007378493,
    9.418281e-05,
    0.07458875,
    -0.023353308,
    -0.015165951,
    -0.041613694,
    0.034199946,
    0.011072272,
    0.022869803,
    -0.064338446,
    -0.08728883,
    0.006241248,
    -0.014078064,
    0.053507924,
    0.077554256,
    -0.02432032,
    0.0116685955,
    0.035199188,
    0.0420005,
    -0.011998991,
    -0.0027640387,
    -0.041452523,
    0.013707376,
    -0.06440291,
    -0.0069342726,
    0.074846625,
    0.015593047,
    0.0051775365,
    0.01153966,
    0.018808357,
    0.01742231,
    0.040002007,
    0.00776429,
    0.048898507,
    -0.022450764,
    0.0018977585,
    -0.011958699,
    0.0059511447,
    -0.0012198436,
    0.002854696,
    -0.0015411733,
    -0.013312514,
    0.10108485,
    -0.05096146,
    -0.030251317,
    -0.03294283,
    -0.04254847,
    0.035747163,
    0.034038775,
    0.022176778,
    -0.014327874,
    -0.0083807595,
    -0.055957686,
    -0.041549224,
    -0.025013342,
    0.031266678,
    0.023788463,
    -0.08664416,
    0.018614955,
    -0.012700073,
    -0.021854442,
    0.04519163,
    -0.0042024674,
    0.023321074,
    0.013425332,
    -0.1298373,
    0.0040231673,
    0.0076917643,
    -0.06011583,
    0.027414752,
    -0.0022281539,
    -0.066981606,
    0.035585992,
    0.0023107526,
    -0.07181666,
    0.020516744,
    0.020484509,
    0.010645176,
    -0.02921984,
    0.06108284,
    -0.056408957,
    0.018276501,
    0.018808357,
    0.025319563,
    -0.0144245755,
    -0.030622005,
    0.009484763,
    0.0301385,
    0.02175774,
    0.0018544444,
    -0.008670863,
    -0.022144545,
    -0.020968014,
    0.0018403422,
    -0.015601106,
    -0.02385293,
    -0.04090455,
    0.039034996,
    0.03273331,
    -0.013086878,
    0.0016761519,
    0.04116242,
    0.002844623,
    -0.0071881125,
    0.0061284304,
    0.042290602,
    -0.034876853,
    0.040098708,
    -0.04464366,
    -0.09064113,
    0.07181666,
    -0.026093172,
    0.003952656,
    0.020774612,
    -0.024481487,
    -0.0026995714,
    -9.15229e-06,
    -0.030299667,
    -0.0052782665,
    0.0033019385,
    0.03855149,
    0.026963482,
    0.06395164,
    0.0025988412,
    0.023740113,
    -0.016012086,
    0.01108033,
    0.05354016,
    0.010177787,
    0.03661747,
    -0.004996222,
    0.002205993,
    0.0034812384,
    -0.012949885,
    -0.0015230419,
    0.0006764038,
    0.014368167,
    -0.051316034,
    0.016253838,
    -0.0076998225,
    -0.013006293,
    0.048866272,
    0.01751901,
    -0.008284058,
    0.008453285,
    -0.030380253,
    0.0070914114,
    0.0108385775,
    0.05276655,
    -0.015899267,
    0.04954318,
    0.012450262,
    0.007176025,
    0.08967412,
    0.013038527,
    0.07420195,
    -0.033845372,
    -0.051154863,
    0.03581163,
    0.04106572,
    -0.029107021,
    -0.009581464,
    0.014940315,
    0.050671358,
    0.023723995,
    0.0068818927,
    0.0037975316,
    0.05898765,
    0.04973658,
    -0.011144798,
    0.038067985,
    0.013973304,
    -0.07774766,
    0.005290354,
    -0.042387303,
    0.02140317,
    0.04615864,
    -0.00016595314,
    0.0481249,
    -0.0047182064,
    0.072267935,
    -0.016100727,
    -0.024223618,
    -0.0023973805,
    -0.039679673,
    -0.015899267,
    -0.0046859724,
    0.021806091,
    0.016922686,
    -8.952404e-05,
    -0.0076031215,
    -0.015850917,
    -0.019936537,
    -0.06968924,
    -0.064338446,
    0.0054354058,
    0.005540165,
    0.045771837,
    -0.046706617,
    0.02017829,
    0.0056973044,
    -0.061534114,
    0.0072566094,
    -0.009823217,
    0.0180831,
    0.0072203465,
    0.12635607,
    0.02901032,
    -0.015109542,
    -0.040098708,
    0.014513219,
    -0.07852127,
    0.0008919666,
    0.024787707,
    0.058310743,
    0.029429357,
    0.0024578187,
    -0.011886173,
    0.0086466875,
    0.01843767,
    -0.05924552,
    -0.024014099,
    0.033265166,
    -0.026641143,
    0.027511453,
    -0.036101732,
    -0.032040287,
    0.032443207,
    -0.016132962,
    -0.028655749,
    0.0023671614,
    0.13306066,
    0.014795263,
    -0.0021636863,
    -0.028736334,
    -0.038067985,
    0.028607398,
    0.0021334672,
    0.011281791,
    -0.014287583,
    -0.019517498,
    0.018905059,
    0.046190877,
    -0.017390076,
    0.05540971,
    -0.055441946,
    0.00038781157,
    -0.0241108,
    -0.0901254,
    -0.00520977,
    0.030364135,
    0.018663306,
    0.008046335,
    -0.033329636,
    -0.093606636,
    0.026882896,
    0.025174512,
    0.04735129,
    -0.019565849,
    -0.07607151,
    0.047415756,
    0.044160154,
    0.030315785,
    0.002451775,
    0.0054998733,
    -0.027463103,
    0.041613694,
    0.03855149,
    -0.022789218,
    0.015955675,
    -0.035779394,
    0.054313768,
    0.07690958,
    -0.015746158,
    -0.02319214,
    -0.050703593,
    -0.029042553,
    -0.017390076,
    -0.02538403,
    0.0040030214,
    -0.034812383,
    -0.008453285,
    -0.07852127,
    -0.12558246,
    0.04951095,
    -0.001713422,
    0.03207252,
    -0.033136234,
    -0.059696794,
    -0.0034369172,
    0.03748778,
    0.0008672877,
    0.09857062,
    0.052379746,
    0.007945605,
    0.06846435,
    0.0394218,
    -0.024529837,
    0.04396675,
    -0.06627247,
    -0.010435657,
    0.010347014,
    -0.010338956,
    0.015665572,
    -0.08664416,
    0.039002765,
    -0.014996724,
    -0.015391586,
    -0.0226764,
    0.011926465,
    -0.0072122877,
    -0.055957686,
    0.020033238,
    -0.084645666,
    0.061469644,
    -0.024900524,
    -0.035166956,
    -0.021741623,
    -0.031637367,
    0.02441702,
    -0.038390324,
    0.037874583,
    -0.0006351044,
    0.038132455,
    -0.055667583,
    -0.00076001,
    0.009468646,
    -0.00618081,
    0.1535613,
    0.012144042,
    0.028655749,
    -0.03371644,
    -0.05260538,
    0.055087376,
    0.08599948,
    -0.0664014,
    -0.0076434137,
    0.036488537,
    -0.008920673,
