{
  "chunk_index": 402,
  "token_start": 180900,
  "token_end": 181400,
  "text": "ạm quy định về điều khiển phương tiện giao thông đường sắt trong trường hợp có khả năng thực tế dẫn đến hậu quả quy định\ntại một trong các điểm a, b và c khoản 3 Điều này nếu không được ngăn chặn kịp thời, thì bị phạt tiền từ 10.000.000 đồng đến\n50.000.000 đồng, phạt cải tạo không giam giữ đến 02 năm hoặc phạt tù từ 03 tháng đến 01 năm.\n\n5. Người phạm tội còn có thể bị cấm đảm nhiệm chức vụ, cấm hành nghề hoặc làm công việc nhất định từ 01 năm đến 05 năm.\n\nĐiều 268. Tội cản trở giao thông đường sắt 274\n\n1. Người nào đặt chướng ngại vật trên đường sắt; làm xê dịch ray, tà vẹt; khoan, đào, xẻ trái phép nền đường sắt; mở đường ngang, xây\ncống hoặc công trình khác trái phép qua đường sắt; làm hỏng, thay đổi, chuyển dịch, che khuất tín hiệu, biển hiệu, mốc hiệu của công\ntrình giao thông đường sắt; để súc vật đi qua đường sắt không đúng quy định hoặc để súc vật kéo xe quađường sắt mà không có người\nđiều khiển; đưa trái phép phương tiện tự tạo, phương tiện không được phép chạy trên đường sắt;",
  "embedding": [
    0.0001085454,
    0.028036978,
    -0.14026281,
    -0.12205982,
    0.0008040761,
    0.0980593,
    0.06657808,
    0.011252195,
    0.0412061,
    0.081414774,
    -0.13402891,
    0.045881525,
    0.017392589,
    -0.064583234,
    0.05149204,
    -0.099368416,
    0.08714996,
    0.046006203,
    0.087087624,
    0.0025325231,
    -0.014891236,
    0.040863235,
    -0.015327609,
    -0.03740342,
    -0.018467937,
    0.20709026,
    -0.0423282,
    -0.045788016,
    -0.09132668,
    -0.060032487,
    -0.09643848,
    -0.015717227,
    -0.061996166,
    0.029455192,
    -5.037651e-05,
    -0.029455192,
    -0.013192497,
    0.0032007196,
    0.018452352,
    -0.10335811,
    -0.045694508,
    -0.00017191935,
    0.02303427,
    0.0028364258,
    0.023657661,
    -0.03469167,
    0.0011289208,
    0.07530555,
    -0.025652511,
    -0.049871225,
    0.008096281,
    0.009413194,
    0.09618913,
    -0.0043559396,
    0.072126254,
    -0.13377956,
    -0.024561578,
    -0.012966518,
    0.115140185,
    0.034504652,
    0.012966518,
    0.022519974,
    0.0067209266,
    -0.036187805,
    -0.021834245,
    -0.00050309545,
    0.07387175,
    0.020509541,
    0.0052793366,
    -0.025948621,
    -0.14973836,
    -0.01703414,
    -0.03525272,
    0.0412061,
    -0.0069079436,
    -0.03453582,
    -0.017969225,
    0.0071962615,
    0.11956626,
    -0.02823958,
    -0.049933564,
    -0.031013668,
    0.0084703155,
    0.027335664,
    0.017189987,
    0.09593977,
    0.020353694,
    -0.0041689225,
    -0.036686517,
    0.053112853,
    -0.003539688,
    -0.048125733,
    0.048156902,
    0.0031091592,
    0.02250439,
    -0.0295487,
    -0.049964733,
    -0.0048624445,
    -0.014314599,
    -0.0025831736,
    -0.0034013733,
    -0.03718523,
    -0.029486362,
    0.030421447,
    -0.051710226,
    0.02446807,
    -0.018358843,
    0.056198634,
    0.024062866,
    0.01634841,
    -0.03796447,
    0.010278148,
    -0.030686388,
    0.028457766,
    -0.059720792,
    0.010698936,
    -0.06601703,
    -0.014010697,
    -0.02725774,
    0.06321178,
    -0.03986581,
    0.07592894,
    -0.022395296,
    -0.0059962356,
    0.078796536,
    -0.046536084,
    -0.008571616,
    -0.023221288,
    -0.07063012,
    0.020353694,
    -0.022971932,
    -0.0038163175,
    0.013691209,
    -0.00949891,
    0.10784652,
    0.016956216,
    0.042639896,
    0.026681105,
    -0.035751432,
    0.024982367,
    -0.036094297,
    -0.04547632,
    0.022925178,
    0.021569304,
    -0.0244369,
    -0.042733405,
    -0.0178913,
    -0.03335138,
    0.011634021,
    0.0055520697,
    -0.0084079765,
    0.02817724,
    -0.005057254,
    0.042608727,
    -0.042016506,
    -0.01425226,
    -0.021210855,
    0.01028594,
    0.0539856,
    0.041580133,
    0.030686388,
    0.029673379,
    0.026104469,
    0.038463183,
    0.015483457,
    0.011485966,
    -0.01828092,
    0.051180344,
    -0.0372164,
    -0.060936403,
    0.007917057,
    -0.04828158,
    0.012958726,
    0.0054897307,
    0.013215874,
    -0.034785178,
    -0.028753877,
    -0.06695212,
    -0.023190118,
    -0.062027335,
    0.02303427,
    0.00019931444,
    0.07181456,
    -0.040052827,
    0.03341372,
    0.026712274,
    -0.03528389,
    0.008096281,
    -0.008127451,
    0.061996166,
    -0.0060975365,
    -0.0053806375,
    0.019465363,
    -0.0033682557,
    0.008969028,
    0.028114902,
    0.035065703,
    -0.021740736,
    0.115763575,
    -0.005949481,
    -0.0045585413,
    0.036717687,
    0.022551144,
    0.045071118,
    0.027304495,
    -0.0026260316,
    0.0027331768,
    -0.013044442,
    0.034379974,
    0.019184837,
    0.015748397,
    0.03914891,
    -0.03403711,
    0.042858083,
    0.035533246,
    0.07804847,
    -0.05199075,
    -0.027117478,
    0.02420313,
    0.05139853,
    0.0055053155,
    -0.008556032,
    0.028348673,
    0.0018448457,
    -0.021304363,
    -0.008641748,
    -0.02663435,
    0.033195533,
    0.0013967839,
    -0.006919632,
    0.0244369,
    0.031979922,
    -0.020618634,
    -0.030437032,
    -0.035408568,
    0.06464557,
    0.08858376,
    -0.016815953,
    0.028520105,
    0.024125205,
    0.07592894,
    0.009187214,
    0.00448841,
    0.022348542,
    -0.053580396,
    0.03989698,
    0.023735585,
    0.020758897,
    0.04369966,
    -0.025636926,
    -0.04229703,
    -0.02636941,
    -0.036967043,
    -0.03344489,
    0.011408042,
    -0.01205481,
    0.026883706,
    0.00914046,
    0.0039643724,
    0.077549756,
    0.051118005,
    -0.06882229,
    -0.009802813,
    -0.002285115,
    0.006526117,
    0.063336454,
    0.027507097,
    -0.010098923,
    0.011984679,
    -0.046006203,
    0.00835343,
    -0.035657924,
    0.022940762,
    -0.02601096,
    0.01762636,
    0.00593,
    -0.024997951,
    0.014532786,
    -0.024078451,
    0.020166676,
    0.01962121,
    0.026914876,
    0.010348279,
    -0.015343194,
    0.044759423,
    -0.0110418005,
    0.0321046,
    0.0100677535,
    -0.01090933,
    -0.033538397,
    0.008992405,
    -0.01546008,
    0.010971669,
    -0.0037968366,
    -0.054951854,
    0.064583234,
    -0.05990781,
    -0.018499106,
    -0.014992537,
    0.03456699,
    -0.027070723,
    0.004546853,
    0.031637058,
    0.007426137,
    -0.003950736,
    0.056915533,
    -0.028909724,
    0.045850355,
    -0.018234165,
    0.028426597,
    0.015880868,
    0.020478372,
    0.03581377,
    0.014563955,
    0.005368949,
    0.011797661,
    0.015545796,
    0.095129356,
    -0.022192694,
    -0.0023903123,
    -0.021429041,
    0.0013948358,
    -0.0020435513,
    0.0126392385,
    0.0026084988,
    0.0067559923,
    0.019122498,
    0.008072904,
    0.021896584,
    0.04899848,
    -0.06807422,
    0.011431419,
    0.054234955,
    0.016332826,
    -0.009545664,
    -0.010145677,
    -0.002076669,
    0.010332694,
    -0.011665191,
    0.009452156,
    -0.046349067,
    -0.02794347,
    0.092635795,
    -0.008267714,
    0.041985337,
    -0.033133194,
    0.06255721,
    0.020587465,
    -0.06682744,
    -0.005844284,
    0.020509541,
    -0.034847517,
    -0.060718216,
    -0.021756321,
    -0.07006907,
    0.01444707,
    -0.01254573,
    0.051242683,
    0.10080221,
    -0.03338255,
    -0.007250808,
    0.051616717,
    0.07250029,
    0.022940762,
    -0.031761736,
    -0.022722576,
    -0.030670803,
    0.045226965,
    -0.0758666,
    -0.011447004,
    -0.008065112,
    0.023236873,
    0.040956743,
    -0.04491527,
    0.13103664,
    -0.01320029,
    0.00018726061,
    -0.0012087928,
    -0.035065703,
    -0.009483325,
    -0.030468201,
    0.11370639,
    -0.051055666,
    0.0024623917,
    -0.053798582,
    -0.01637958,
    -0.0386502,
    -0.06180915,
    0.045382813,
    0.049715377,
    0.022364127,
    0.027491512,
    0.009132667,
    0.02440573,
    0.071502864,
    0.019387439,
    0.0020903056,
    0.045320474,
