{
  "chunk_index": 132,
  "token_start": 59400,
  "token_end": 59900,
  "text": " khỏe của nạn nhân mà tỷ lệ tổn thương cơ thể 61% trở lên;\n\fb) Biết mình bị nhiễm HIV mà vẫn phạm tội.\n\n4. Người phạm tội còn có thể bị cấm đảm nhiệm chức vụ, cấm hành nghề hoặc làm công việc nhất định từ 01 năm đến 05 năm.\n\nĐiều 146. Tội dâm ô đối với người dưới 16 tuổi\n\n1. Người nào đủ 18 tuổi trở lên mà có hành vi dâm ô đối với người dưới 16 tuổi không nhằm mục đích giao cấu hoặc không nhằm thực\nhiện các hành vi quan hệ tình dục khác, thì bị phạt tù từ 06 tháng đến 03 năm.\n\n2. Phạm tội thuộc một trong các trường hợp sau đây, thì bị phạt tù từ 03 năm đến 07 năm:\n\na) Phạm tội có tổ chức;\n\nb) Phạm tội 02 lần trở lên;\n\nc) Đối với 02 người trở lên;\n\nd) Đối với người mà người phạm tội có trách nhiệm chăm sóc, giáo dục, chữa bệnh;\n\nđ) Gây rối loạn tâm thần và hành vi của nạn nhân mà tỷ lệ ổ\n                                                          t n thương cơ thể từ 31% đến 60%59;\n\ne) Tái phạm nguy hiểm.\n\n3. Phạm tội thuộc một trong các trường hợp sau đây, thì bị phạt tù từ 07 năm đến 12",
  "embedding": [
    -0.00039007512,
    0.018900849,
    -0.032703143,
    -0.1765487,
    -0.00049024547,
    0.046339512,
    -0.02045455,
    0.023969233,
    0.011215308,
    0.055450536,
    0.093825445,
    0.0006821012,
    0.0014330252,
    -0.032974664,
    -0.11663317,
    -0.07982705,
    0.21975064,
    -0.092679024,
    0.065587305,
    0.0075120693,
    -0.024346344,
    -0.049658097,
    0.07469833,
    -0.12314966,
    0.04522326,
    0.029067786,
    -0.039038625,
    -0.047335085,
    0.13250203,
    0.078016914,
    -0.06468223,
    0.012701129,
    -0.012293848,
    0.044016503,
    -0.007021824,
    -0.025387174,
    0.013711789,
    0.011200224,
    -0.060971454,
    -0.023230093,
    -0.033276353,
    0.02274739,
    0.039642002,
    9.427797e-05,
    0.08519712,
    0.025824623,
    -0.0052154576,
    0.025673779,
    -0.044499204,
    -0.022264687,
    0.018237133,
    0.037258655,
    0.014797871,
    -0.0028019415,
    0.05475665,
    -0.08730895,
    -0.027876113,
    -0.015295659,
    -0.0146922795,
    -0.020137776,
    0.033246186,
    0.06763879,
    0.10402255,
    -0.0532482,
    -0.01095133,
    -0.05035198,
    -0.04573613,
    -0.083628334,
    0.012497488,
    -0.026035806,
    -0.11162513,
    -0.023516698,
    -0.0032733313,
    0.06438054,
    0.0050872397,
    -0.019655073,
    -0.012278764,
    0.01594429,
    -0.023818389,
    0.006207262,
    0.04745576,
    -0.0032846448,
    -0.034724463,
    0.01884051,
    0.021057928,
    0.057260673,
    -0.057411518,
    0.026201734,
    -0.06365649,
    -0.003548623,
    0.037530176,
    0.039491158,
    0.026126312,
    -0.08199921,
    -0.0008386026,
    -0.010913619,
    -0.037590515,
    -0.019836087,
    -0.003612732,
    -0.016502418,
    0.013598655,
    -0.04724458,
    0.038224064,
    0.041059945,
    0.059644017,
    -0.010257443,
    -0.036655277,
    0.008379427,
    -0.00083577423,
    0.016321404,
    -0.011177597,
    0.043714814,
    -0.016426995,
    -0.05843726,
    -0.0019129001,
    0.020394212,
    -0.00805511,
    -0.0054304115,
    -0.010981498,
    -0.028751012,
    -0.018855596,
    0.0492659,
    0.018961187,
    -0.005615196,
    0.0045064874,
    -0.02605089,
    0.011818687,
    -0.026141398,
    -0.11723655,
    -0.051588908,
    -0.05732101,
    -0.017060542,
    -0.01786002,
    0.020937253,
    0.027695099,
    -0.009812452,
    -0.02648834,
    0.055691887,
    -0.01239944,
    0.04323211,
    -0.032944497,
    0.0024493418,
    0.04468022,
    -0.0010078315,
    -0.008485018,
    0.032069597,
    -0.01745274,
    0.008085279,
    -0.008447306,
    0.018191878,
    0.025869876,
    0.008884757,
    -0.011381238,
    -0.009337291,
    -0.009292037,
    0.0057396432,
    -0.01927796,
    0.04377515,
    0.027423577,
    0.011524539,
    -0.009993466,
    0.047606606,
    -0.058919962,
    -0.11476269,
    -0.025930215,
    0.03258247,
    0.0051551196,
    0.022641798,
    -0.057079658,
    0.005030673,
    -0.0038540836,
    0.007353682,
    -0.011102174,
    0.0013302623,
    0.02015286,
    -0.010664725,
    -0.0266241,
    -0.06293243,
    -0.020167945,
    -0.0036146175,
    0.026518509,
    0.0028962195,
    0.07403461,
    -0.01859916,
    -0.008869672,
    -0.003703239,
    -0.014571604,
    0.025900045,
    0.057743374,
    0.058527768,
    0.04718424,
    0.03599156,
    -0.017709175,
    0.010227275,
    -0.009480594,
    0.014390591,
    0.028886773,
    -0.008447306,
    0.088334695,
    -0.029882347,
    0.013168748,
    0.02624699,
    0.068483524,
    -0.005373845,
    0.024934638,
    -0.031556726,
    0.04718424,
    0.029339306,
    0.070897035,
    0.01304053,
    0.0083492575,
    -0.05934233,
    -0.03164723,
    -0.016215812,
    -0.021238942,
    0.02911304,
    -0.02170656,
    -0.024104994,
    0.034121085,
    -0.020348959,
    0.000700014,
    -0.011954447,
    -0.02847949,
    0.031224865,
    0.0064825537,
    0.008884757,
    0.020937253,
    0.012075123,
    0.0015018481,
    0.0070293657,
    0.09165328,
    -0.021525547,
    -0.054545466,
    -0.024135161,
    0.0045178006,
    -0.014971343,
    0.048994377,
    -0.0056868475,
    0.032310948,
    0.057200335,
    0.14360422,
    -0.01101921,
    -0.01941372,
    -0.012610622,
    -0.004679959,
    -0.015099561,
    0.0077534206,
    -0.043835487,
    0.03036505,
    0.0039747595,
    -0.055420365,
    -0.031043852,
    0.0033280125,
    -0.010325324,
    0.009095939,
    -0.022460785,
    0.028192885,
    0.004721441,
    -0.022430615,
    0.087670974,
    -0.005287109,
    -0.0374095,
    0.042115856,
    -0.012173172,
    0.020831661,
    0.025734117,
    0.0945495,
    0.042538222,
    -0.036353588,
    -0.001614039,
    0.06190669,
    -0.0038069447,
    -0.0007928778,
    0.02059031,
    0.04317177,
    0.05059333,
    0.025658693,
    -0.03366855,
    -0.01088345,
    -0.050231304,
    -0.06468223,
    0.018222047,
    0.03490548,
    0.01216563,
    0.007002968,
    -0.04549478,
    0.04700323,
    0.035207167,
    -0.015431419,
    -0.000433443,
    0.043081265,
    0.00047351114,
    -0.01556718,
    0.019051693,
    0.012014785,
    0.07632745,
    0.002534192,
    -0.0030150097,
    0.047938466,
    0.022506038,
    -0.011780976,
    -0.045675796,
    -0.0068898345,
    0.033276353,
    -0.010611929,
    -0.015174983,
    -0.048360832,
    0.062389392,
    -0.037288826,
    0.112711206,
    -0.01887068,
    0.031737737,
    0.023471445,
    0.0023362082,
    -0.03535801,
    0.07825826,
    0.043322615,
    0.014420759,
    -0.07729286,
    0.047938466,
    -0.013598655,
    0.027242564,
    -0.040999606,
    0.039732512,
    0.044469036,
    0.022973657,
    0.075241365,
    0.02949015,
    -0.054605804,
    0.13841516,
    -0.034814972,
    0.030727077,
    0.14722449,
    -0.022053504,
    -0.019368468,
    -0.043654475,
    -0.05152857,
    0.0012039298,
    -0.017030373,
    0.0061695506,
    -0.049386576,
    -0.016743768,
    0.07886164,
    0.0173924,
    -0.010973956,
    0.0011153085,
    0.11313357,
    -0.015793446,
    -0.0038880238,
    0.04461988,
    0.013809838,
    -0.03994369,
    0.019624904,
    0.034483112,
    -0.045977484,
    0.045675796,
    -0.009676691,
    -0.0027114346,
    -8.066659e-05,
    0.001712088,
    0.031224865,
    -0.049989954,
    -0.0048873704,
    -0.009488136,
    -0.034392606,
    0.07674982,
    -0.01058176,
    -0.0017168019,
    -0.04006437,
    -0.022385363,
    -0.055209182,
    -0.001917614,
    0.007342369,
    -0.0062939976,
    0.054847155,
    -0.047123905,
    0.073491566,
    -0.020499803,
    0.003450574,
    0.043020926,
    0.037077643,
    0.08519712,
    0.036745783,
    0.05240347,
    0.0026001865,
    0.0004845888,
    -0.03053098,
    -0.05991554,
    -0.019685242,
    0.02271722,
    0.034181423,
    0.013832465,
    -0.0112228505,
    -0.004721441,
    0.0073310556,
