{
  "chunk_index": 490,
  "token_start": 220500,
  "token_end": 221000,
  "text": ";\n\nc) Gây thiệt hại về tài sản từ 500.000.000 đồng đến dưới 1.500.000.000 đồng.\n\n3. Phạm tội thuộc một trong các trường hợp sau đây, thì bị phạt tù từ 06 năm đến 10 năm:\n\na) Làm chết 03 người trở lên;\n\nb) Gây thương tích hoặc gây tổn hại cho sức khỏe của 03 người trở lên màtổng tỷ lệ tổn thương cơ thể của những người này 201% trở\nlên;\n\nc) Gây thiệt hại về tài sản 1.500.000.000 đồng trở lên.\n\n4. Vi phạm quy định về an toàn vận hành công trình điện lực trong trường hợp có khả năng thực tế dẫn đến hậu quả quy định tại một\ntrong các điểm a, b và c khoản 3 Điều này nếu không được ngăn chặn kịp thời, thì bị phạt tiền từ 20.000.000 đồng đến 100.000.000\nđồng, phạt cải tạo không giam giữ đến 02 năm hoặc phạt tù từ 03 tháng đến 02 năm.\n\n5. Người phạm tội còn có thể bị cấm đảm nhiệm chức vụ, cấm hành nghề hoặc làm công việc nhất định từ 01 năm đến 05 năm.\n\nĐiều 315. Tội vi phạm quy định về khám bệnh, chữa bệnh, sản xuất, pha chế, cấp phát, bán thuốc hoặc d",
  "embedding": [
    -0.0001698787,
    0.031578146,
    -0.102955796,
    -0.13665465,
    6.5988286e-05,
    0.05798526,
    0.04592921,
    0.011242634,
    0.011322523,
    -0.0073098904,
    -0.1385139,
    -0.07890179,
    0.005806515,
    0.023850651,
    -0.09958591,
    -0.16372992,
    0.10092224,
    0.005145611,
    0.05162315,
    0.008112417,
    -0.011583979,
    0.08122585,
    -0.028193736,
    -0.09284614,
    -0.00530539,
    0.083956614,
    -0.040700074,
    -0.06954745,
    0.03802741,
    0.032943532,
    -0.06780441,
    0.043866605,
    0.019638294,
    -0.051390745,
    -0.0036985213,
    0.0004053485,
    0.0435761,
    0.0043793977,
    0.040671024,
    -0.11155481,
    -0.012230358,
    0.114111274,
    -0.011983427,
    0.025462966,
    0.048195165,
    -0.11724876,
    -0.0040888907,
    -0.025622746,
    -0.039363742,
    -0.04160065,
    0.017227083,
    0.019493042,
    0.09586742,
    -0.025767999,
    0.07431177,
    -0.12898526,
    0.04810801,
    -0.003226447,
    0.016631544,
    0.10214237,
    0.007792859,
    -0.01743044,
    0.07065138,
    -0.05075163,
    -0.019957853,
    -0.02717696,
    -0.00042100865,
    -0.034337964,
    0.028716648,
    -0.06681669,
    -0.077565454,
    -0.031810552,
    -0.04040957,
    0.039334692,
    0.09935351,
    -0.0036404198,
    -0.02514341,
    -0.01209963,
    0.1150409,
    0.027133385,
    -0.0039944756,
    -0.05676513,
    -0.0002961813,
    -0.02363277,
    -0.0034588529,
    0.09005727,
    -0.024504293,
    -0.0046081725,
    -0.053889107,
    0.023298688,
    0.027293162,
    -0.036691073,
    0.04241407,
    -0.0911031,
    0.017415915,
    -0.0036313415,
    -0.03608101,
    -0.030677574,
    0.041368242,
    -0.025375815,
    0.00075849646,
    -0.06321439,
    0.02817921,
    0.01507733,
    0.023574669,
    -0.0018646938,
    -0.01626841,
    0.007647605,
    0.03454132,
    0.013007466,
    -0.002393054,
    0.0043031396,
    -0.06559655,
    -0.029195987,
    0.004978569,
    0.024911003,
    -0.03802741,
    -0.098946795,
    -0.013327023,
    0.057781905,
    -0.013159982,
    0.052901383,
    0.026465217,
    -0.031229537,
    0.081516355,
    -0.057723805,
    -0.003324493,
    0.014125919,
    -0.06379541,
    0.015934328,
    -0.02595683,
    -0.012034266,
    0.007981689,
    0.0011266237,
    -0.047410794,
    -0.0016504447,
    0.042181663,
    0.0025274137,
    -0.029544596,
    0.0594959,
    -0.0059408746,
    -0.011511353,
    0.02780155,
    0.04241407,
    -0.036778226,
    0.0013481355,
    0.02931219,
    -0.04200736,
    0.012194045,
    -0.007186425,
    0.03448322,
    0.028077533,
    -0.007495089,
    0.03300163,
    -0.036342464,
    0.0005642197,
    0.0025455705,
    -0.005653999,
    0.007938113,
    -0.042297866,
    -0.0068596043,
    0.025535593,
    -0.036807276,
    -0.024475241,
    -0.021366814,
    0.011177269,
    -0.029370291,
    0.024911003,
    -0.020074056,
    -0.014975652,
    0.015367838,
    0.010160494,
    -0.007041171,
    0.0011447804,
    0.0049277307,
    0.001731242,
    0.0066090417,
    -0.073963165,
    -0.0024130265,
    -0.018040504,
    0.00630764,
    0.020291936,
    0.07367266,
    -0.02520151,
    -0.007988951,
    -0.019449465,
    0.004858735,
    0.021715423,
    0.05595171,
    0.053424295,
    0.02833899,
    -0.0007757453,
    -0.013573955,
    0.031868655,
    -0.028687598,
    -0.024591444,
    -0.01711088,
    -0.030648522,
    0.16361372,
    -0.023531092,
    0.04604541,
    0.007698444,
    0.06187806,
    0.042268816,
    -0.024344513,
    -0.026450692,
    0.02858592,
    0.03419271,
    0.053279042,
    0.013065567,
    -0.0042631947,
    0.013312498,
    -0.028164685,
    0.008613542,
    -0.018534368,
    0.056213167,
    -0.018403638,
    -0.03837602,
    0.021134408,
    0.0010839554,
    -0.014772298,
    -0.017779049,
    -0.0012264856,
    0.002316796,
    -0.0065654656,
    0.0075895037,
    -0.010952126,
    0.023327738,
    0.043372743,
    0.019522091,
    0.102897696,
    0.03093903,
    -0.035761453,
    -0.025245087,
    -0.020132158,
    0.012215833,
    0.026334489,
    0.015513091,
    0.0026708518,
    0.005178293,
    0.14978558,
    -0.012375612,
    0.01467062,
    -0.027133385,
    0.015019229,
    -0.010988439,
    -0.020727698,
    -0.050896883,
    0.008678907,
    -0.006358479,
    -0.016311986,
    -0.023240587,
    0.015789073,
    -0.019376839,
    -0.029283138,
    -0.007938113,
    0.022732198,
    0.022586944,
    0.046219714,
    0.026755724,
    0.05827577,
    -0.16593778,
    0.011010228,
    -0.034948032,
    0.026319964,
    0.027932279,
    0.06559655,
    0.0072554206,
    0.034744676,
    -0.008845948,
    0.03213011,
    -0.029806051,
    0.03300163,
    0.0050039887,
    0.107603915,
    0.008983939,
    0.012949364,
    -0.005730257,
    0.0016504447,
    -0.018403638,
    -0.031229537,
    0.020727698,
    0.03730114,
    -0.037068736,
    -0.021758998,
    -0.047352694,
    0.07297544,
    0.010240383,
    0.0021824362,
    0.0026781145,
    0.009586741,
    0.06466693,
    -0.05476063,
    -0.018345537,
    -0.003309968,
    0.024068533,
    -0.0029522807,
    0.005592266,
    0.03053232,
    0.010443739,
    0.02059697,
    -0.021512067,
    -0.0011774625,
    0.03965425,
    -0.019493042,
    0.021889728,
    -0.021134408,
    -0.022340013,
    -0.07210392,
    -0.013871725,
    0.049851056,
    0.034308914,
    0.022485267,
    0.031229537,
    -0.04206546,
    0.007858223,
    0.02119251,
    0.026421642,
    -0.015120906,
    -0.058421023,
    0.020233834,
    0.075183295,
    -0.047149338,
    0.026871927,
    -0.019856175,
    0.0397414,
    0.0673977,
    0.010864974,
    0.0033117835,
    0.038346965,
    -0.044650976,
    0.0077783335,
    0.048689026,
    0.024736699,
    -0.0207858,
    -0.033873156,
    -0.0318396,
    0.015062804,
    -0.024170209,
    0.0056104227,
    -0.03128764,
    -0.022252861,
    0.06966366,
    0.018316487,
    0.025099833,
    -0.014961127,
    0.06693289,
    0.06181996,
    -0.038782727,
    0.030677574,
    0.038957033,
    0.011380624,
    0.059234444,
    0.052843284,
    -0.0316653,
    0.01071972,
    -0.011620293,
    0.03454132,
    0.07675204,
    -0.0053961733,
    0.009412438,
    0.011140956,
    0.016733222,
    0.01745949,
    -0.009790096,
    0.012114155,
    0.0074369875,
    0.0154985655,
    -0.06489933,
    -0.04842757,
    0.0006309456,
    0.01686395,
    0.0100079775,
    -0.08430523,
    0.08959246,
    -0.03855032,
    0.0043757665,
    0.020669596,
    -0.042268816,
    -0.0031520044,
    0.0056721554,
    0.09633223,
    -0.016311986,
    0.08052863,
    -0.011002965,
    -0.05432487,
    -0.08105154,
    -0.026770249,
    0.031607196,
    0.04290793,
    -0.010545416,
    -0.0038855355,
    -0.038230766,
    -0.046277817,
    0.0793085,
    -0.01139515,
    -0.01467062,
    0.06507364,
    -0.034715626,
