{
  "chunk_index": 659,
  "token_start": 296550,
  "token_end": 297050,
  "text": " Hình sự số 100/2015/QH13, có hiệu lực kể từ ngày 01 tháng 01 năm 2018.\n\n176 Từ “theo” được bổ sung theo quy định tại điểm k khoản 1 Điều 2 của Luật số 12/2017/QH14 sửa đổi, bổ sung một số điều của Bộ\nluật Hình sự số 100/2015/QH13, có hiệu lực kể từ ngày 01 tháng 01 năm 2018.\n\n177 Cụm từ “hoặc xử phạt vi phạm hành chính” được bổ sung theo quy định tại điểm k khoản 1 Điều 2 của Luật ốs 12/2017/QH14 sửa\nđổi, bổ sung một số điều của Bộ luật Hình sự số 100/2015/QH13, có hiệu lực kể từ ngày 01 tháng 01 năm 2018.\n\n178 Từ “của” được bổ sung theo quy định tại điểm 1 khoản 1 Điều 2 của Luật số 12/2017/QH14 sửa đổi, bổ sung một số điều của Bộ\nluật Hình sự số 100/2015/QH13, có hiệu lực kể từ ngày 01 tháng 01 năm 2018.\n\n179 Từ “từ” được bãi bỏ theo quy định tại điểm h khoản 3 Điều 2 của Luật số 12/2017/QH14 sửa đổi, bổ sung một số điều của Bộ luật\nHình sự số 100/2015/QH13, có hiệu lực kể từ ngày 01 tháng 01 năm 2018.\n\n180 Khoản này được sửa đổi, bổ sung theo quy định tại điểm a khoản ",
  "embedding": [
    -0.00014273885,
    -0.036120016,
    -0.044510227,
    -0.037091855,
    0.00034292755,
    -0.03121223,
    0.04992013,
    -0.05824555,
    0.023664279,
    0.034727048,
    -0.036832698,
    -0.019452978,
    0.0033751158,
    0.013306095,
    -0.11292769,
    -0.17544933,
    0.060221624,
    0.01972833,
    0.061063882,
    0.0007430519,
    -0.0016126453,
    0.05390467,
    0.09096413,
    -0.023226952,
    -0.059541337,
    0.045482066,
    -0.018319165,
    0.031843923,
    0.036443964,
    -0.0029195664,
    -0.027373465,
    -0.040655266,
    0.1008121,
    -0.052252542,
    0.004154612,
    0.015014913,
    0.05594553,
    -0.007730169,
    -0.03663833,
    -0.027114308,
    -0.005903922,
    -0.021218484,
    -0.040849634,
    0.0003064836,
    0.03482423,
    0.03929469,
    -0.001038653,
    0.045190513,
    -0.058375128,
    0.0010017029,
    0.012358553,
    0.04943421,
    -0.07055551,
    -0.029608695,
    0.0019639246,
    -0.2366104,
    0.0009925918,
    0.008070313,
    -0.0021137497,
    0.05516806,
    -0.011815943,
    -0.00206617,
    0.009434937,
    -0.048300397,
    -0.02131567,
    -0.029851655,
    0.0543258,
    -0.030207995,
    0.008131053,
    -0.010034238,
    -0.109040335,
    0.08215279,
    -0.05111873,
    -0.015679002,
    0.054455377,
    -0.03048335,
    -0.031649556,
    0.0027818892,
    0.095888115,
    -0.014504697,
    0.028507277,
    -0.08429083,
    -0.012301862,
    0.007159214,
    0.017023379,
    0.008503592,
    0.03579607,
    0.0019882207,
    -0.015727594,
    -0.016011048,
    0.03566649,
    -0.0069000567,
    0.05264128,
    0.052284937,
    0.004130316,
    0.0040716003,
    -0.022076942,
    -0.023162162,
    0.00034925464,
    -0.0024660414,
    0.009524022,
    -0.054617353,
    0.01062544,
    -0.017331129,
    -0.0072402004,
    -0.028636856,
    -0.013176518,
    -0.019890305,
    0.025640352,
    0.02027904,
    0.007556048,
    0.027227689,
    -0.021040315,
    -0.058472313,
    -0.017493103,
    0.0058350833,
    0.11986014,
    0.017152958,
    -0.003609977,
    0.03385239,
    -0.0093215555,
    0.036832698,
    0.03845243,
    0.044218674,
    0.02136426,
    -0.047425743,
    -0.016796617,
    0.037091855,
    -0.12057283,
    -0.009451134,
    0.032572802,
    0.01612443,
    0.033334076,
    -0.011184247,
    0.016683236,
    -0.0033224747,
    0.011370516,
    0.033658024,
    -0.023858648,
    0.02667698,
    -0.021639615,
    -0.03599044,
    0.012277566,
    0.019355793,
    -0.045546856,
    -0.08759509,
    0.019339597,
    0.04671306,
    0.013565253,
    -0.006815021,
    0.034143943,
    -0.018918466,
    -0.022724835,
    -0.002607768,
    -0.024862882,
    -0.03929469,
    -0.0003796246,
    -0.06248925,
    -0.018448744,
    0.02789178,
    -0.03712425,
    -6.108793e-05,
    -0.07658091,
    0.013597648,
    0.018788887,
    0.04376515,
    -0.051766623,
    -0.01671563,
    -0.023858648,
    -0.056787793,
    0.034856625,
    -0.014326527,
    -0.023664279,
    0.0009161607,
    -0.0073859766,
    -0.01134622,
    0.021461444,
    -0.026774164,
    -0.006693541,
    -0.0446722,
    -0.021412853,
    -0.029057985,
    0.06537237,
    -0.0057217022,
    -0.035698887,
    0.03718904,
    0.002318241,
    0.03880877,
    0.019906502,
    0.041562315,
    -0.05487651,
    -0.07437808,
    0.002348611,
    0.0464863,
    -0.038549613,
    -0.0069567477,
    -0.042404573,
    0.05050323,
    0.025348801,
    0.006167128,
    -0.012237073,
    0.024830487,
    0.06900057,
    -0.002927665,
    0.021591023,
    -0.030645324,
    -0.0012573167,
    -0.002775815,
    0.021169893,
    -0.030774903,
    0.011305727,
    -0.05963852,
    -0.04635672,
    -0.018497335,
    -0.00022220693,
    0.05095676,
    -0.036735512,
    -0.021169893,
    0.016683236,
    0.04418628,
    0.0027677165,
    -0.025575563,
    -0.048429977,
    0.04250176,
    -0.0068838596,
    0.027907977,
    -0.008454999,
    0.006604456,
    0.039100323,
    0.026142469,
    0.10301493,
    -0.012731091,
    -0.034046758,
    0.023210755,
    -0.010390579,
    -0.011783548,
    -0.027211493,
    0.018124796,
    -0.0026361132,
    0.09809095,
    -0.0049239844,
    -0.003186822,
    0.0301756,
    0.015460338,
    0.0074588642,
    -0.011313826,
    0.00917578,
    -0.0022797724,
    0.002787963,
    0.008414506,
    -0.07275835,
    -0.002927665,
    -0.0020489607,
    -0.012650104,
    -0.007701824,
    0.0070053395,
    -0.0043530287,
    -0.04000737,
    -0.0013706979,
    0.0038529367,
    0.011994113,
    -0.057921603,
    -0.020052278,
    -0.007920488,
    0.08318942,
    -0.06666815,
    0.036929883,
    0.0313904,
    -0.00826468,
    -0.019550161,
    -0.018902268,
    -0.06342869,
    0.037318617,
    0.028426291,
    0.13968566,
    0.013354688,
    0.00065700366,
    0.018740295,
    0.036541145,
    -0.020230448,
    -0.027454453,
    -0.029527709,
    0.00016792062,
    0.017509298,
    0.060221624,
    -0.015768088,
    0.05763005,
    0.012204678,
    -0.0028709744,
    -0.0029114676,
    0.020019883,
    -0.08636409,
    0.018788887,
    0.0030046022,
    -0.10327409,
    0.07612739,
    0.025008656,
    -0.02227131,
    0.0112895295,
    0.028410094,
    0.036249593,
    0.014537091,
    -0.02027904,
    0.041918654,
    -0.045417275,
    -0.018545927,
    0.014196948,
    0.008301125,
    0.02384245,
    0.06138783,
    -0.024798092,
    0.0120589025,
    0.04081724,
    -0.03602283,
    0.029446721,
    0.010714525,
    0.022076942,
    0.05769484,
    0.010552552,
    0.027972765,
    0.04664827,
    0.12024888,
    -0.06530758,
    0.009694094,
    -0.06660336,
    0.04110879,
    -0.021299472,
    0.0057500475,
    -0.0023324136,
    0.11571363,
    0.025543168,
    0.031341806,
    0.03336647,
    -0.0050657107,
    0.0045716926,
    -0.043376412,
    -0.032184068,
    0.11435305,
    -0.006005155,
    0.018707901,
    -0.06012444,
    -0.031795334,
    0.07645133,
    -0.03296154,
    -0.021752996,
    0.052446913,
    0.111307964,
    -0.03174674,
    0.0047458136,
    0.043246835,
    0.13838987,
    -0.004996872,
    -0.04544967,
    0.04726377,
    -0.01908044,
    0.042825706,
    0.009208174,
    0.0020034057,
    0.053159595,
    -0.047717296,
    0.010609242,
    -0.06744563,
    -0.02661219,
    0.03326929,
    -0.006122586,
    -0.041659497,
    -0.007171362,
    0.055815954,
    0.021591023,
    -0.07074988,
    -0.017071972,
    -0.04272852,
    0.0075317523,
    -0.033010133,
    -0.051215917,
    0.042825706,
    0.033819996,
    0.065696314,
    -0.00694055,
    -0.008827537,
    -0.0057743434,
    0.11623194,
    -0.0018718024,
    0.09083455,
    -0.005940366,
    -8.313779e-05,
    -0.05714413,
    -0.07651612,
    0.023550898,
    -0.029608695,
    0.043376412,
    0.008584578,
    0.012747288,
    -0.08338378,
    0.03543973,
    -0.021591023,
    0.008009573,
