{
  "chunk_index": 248,
  "token_start": 111600,
  "token_end": 112100,
  "text": "ạm tội thuộc một trong các trường hợp quy định tại các điểm a, b và đ khoản 2 Điều này hoặc chiếm đoạt số tiền bảo hiểm từ\n1.000.000.000 đồng đến dưới 3.000.000.000 đồng hoặc gây thiệt hại từ 2.000.000.000 đồng đến dưới 5.000.000.000 đồng, thì bị phạt\ntiền từ 1.000.000.000 đồng đến 3.000.000.000 đồng;\n\nc) Phạm tội thuộc trường hợp quy định tại khoản 3 Điều này chiếm đoạt số tiền bảo hiểm 3.000.000.000 đồng trở lên hoặc gây thiệt hại\n5.000.000.000 đồng trở lên, thì bị phạt tiền từ 3.000.000.000 đồng đến 7.000.000.000 đồng;\n\nd) Pháp nhân thương mại còn có thể bị cấm kinh doanh, cấm hoạt động trong một số lĩnh vực nhất định hoặc cấm huy động vốn từ 01\nnăm đến 03 năm.\n\nĐiều 214. Tội gian lận bảo hiểm xã hội, bảo hiểm thất nghiệp\n\n1. Người nào thực hiện một trong các hành vi sau đây, chiếm đoạt tiền bảo hiểm xã hội, bảo hiểm thất nghiệp từ 10.000.000 đồng đến\ndưới 100.000.000 đồng hoặc gây thiệt hại từ 20.000.000 đ",
  "embedding": [
    -0.00038653647,
    0.12164663,
    -0.02745955,
    -0.08048204,
    -0.0019481437,
    0.063594006,
    0.036612734,
    0.023649847,
    0.03369361,
    -0.009581981,
    -0.1452635,
    -0.018157937,
    0.0052940035,
    -0.10106434,
    -0.12270213,
    -0.078502975,
    0.054820146,
    -0.014570878,
    0.18392126,
    0.005578494,
    -0.007924513,
    0.066826485,
    0.12184454,
    -0.052808095,
    -0.06735423,
    0.123031974,
    -0.02618965,
    -0.07164221,
    0.056799214,
    -0.0072524548,
    -0.03931746,
    0.048882946,
    0.07863492,
    0.010480807,
    -0.01206406,
    -0.014554386,
    0.04047191,
    0.009276875,
    -0.047464617,
    -0.057392932,
    -0.035161417,
    0.029999351,
    0.054787163,
    0.0021501735,
    0.018075475,
    -0.039515365,
    -0.029455109,
    0.07078462,
    -0.0065515353,
    -0.040570866,
    0.024309535,
    0.011486833,
    0.13424669,
    2.7927259e-05,
    -0.01306184,
    -0.14697868,
    0.004085948,
    -0.00053238956,
    0.05617251,
    0.067288265,
    0.016145885,
    0.030988885,
    0.020879153,
    0.011495079,
    -0.017316833,
    -0.03694258,
    -0.0029521077,
    -0.10924448,
    0.006840149,
    -0.053401817,
    -0.08912397,
    -0.07210399,
    -0.0073885154,
    4.8735805e-05,
    0.11610524,
    -0.023122095,
    -0.057986654,
    -0.026470017,
    0.06768408,
    0.014925461,
    -0.021703765,
    -0.029603539,
    -0.0005375434,
    -0.07184012,
    0.015824286,
    0.081735454,
    0.020202972,
    -0.030395165,
    0.011907385,
    0.04297873,
    0.03021375,
    0.04014207,
    0.03479859,
    -0.087342806,
    -0.0061309836,
    -0.004316839,
    -0.05409449,
    0.0060691377,
    -0.0005081666,
    -0.0341389,
    -0.0022532498,
    -0.06049347,
    0.0589432,
    0.0022965418,
    -0.018487781,
    -0.021274967,
    -0.049509652,
    -0.008468756,
    0.016187117,
    0.014307003,
    -0.0071452553,
    0.01787757,
    0.0138122365,
    -0.039878193,
    0.0065103048,
    -0.025183624,
    0.0003509751,
    -0.05099395,
    0.022215024,
    -0.004514746,
    -0.011371387,
    0.088662185,
    -0.013993651,
    -0.035524245,
    -0.01414208,
    -0.057162043,
    -0.02294068,
    -0.0415604,
    -0.11320261,
    -0.005941323,
    0.0003739096,
    -0.059569906,
    -0.021472873,
    0.013366946,
    -0.065210246,
    -0.012410397,
    0.020598786,
    -0.028036777,
    -0.033033922,
    0.020005066,
    -0.028531544,
    0.014636847,
    0.011948615,
    -0.051554687,
    -0.042780824,
    0.0050012665,
    0.042549934,
    -0.023056127,
    -0.013383438,
    -0.004815729,
    0.060625408,
    0.018652704,
    -0.010909605,
    0.04591435,
    -0.023930214,
    0.006831903,
    -0.062076725,
    0.053830612,
    -0.0356232,
    0.016607668,
    0.010975574,
    0.042648885,
    -0.020417372,
    -0.009045984,
    0.020582294,
    0.021357428,
    0.0028098624,
    0.05475418,
    -0.026799861,
    -0.06550711,
    0.023633353,
    -0.021258473,
    -0.018322859,
    0.024589904,
    -0.02115952,
    0.005285757,
    0.016731359,
    -0.061351065,
    0.0019398977,
    0.007660637,
    0.0008045112,
    0.026816353,
    0.14209698,
    -0.032374233,
    0.0134164225,
    0.0018718672,
    -0.0042838547,
    0.020104019,
    0.047695506,
    0.05373166,
    -0.007899774,
    -0.0345677,
    -0.0015110999,
    0.016500467,
    -0.0045683454,
    -0.0059248307,
    0.020169988,
    -0.053764645,
    0.10752929,
    -0.05686518,
    0.01615413,
    0.047332678,
    0.045947332,
    0.015543919,
    -0.037074514,
    -0.011000312,
    0.0030922918,
    0.06174688,
    0.012542335,
    -0.021736749,
    0.0464421,
    -0.041395478,
    0.035359323,
    0.029801445,
    0.0089635225,
    0.06619978,
    -0.040438928,
    -0.040438928,
    0.051851545,
    0.056370415,
    -0.014117342,
    -0.056667276,
    -0.015362505,
    -0.04165935,
    -0.009326352,
    -0.0027830624,
    -0.01692102,
    0.020268941,
    0.05884425,
    0.00816365,
    0.039086565,
    0.06313223,
    -0.03219282,
    -0.007833806,
    -0.021357428,
    0.0046384376,
    0.0020481278,
    0.012690765,
    0.041758306,
    -0.002972723,
    0.115445554,
    -0.024359012,
    0.00811005,
    0.0005442433,
    -0.039020598,
    -0.030922916,
    -0.03628289,
    -0.030164273,
    0.017943537,
    -0.020153495,
    -0.053104956,
    -0.0109425895,
    -0.02835013,
    -0.01988962,
    0.07929461,
    0.0020635894,
    0.008180142,
    0.013581345,
    -0.01142911,
    0.094071634,
    0.045815393,
    -0.12501104,
    0.0012637165,
    -0.018487781,
    -0.0028923235,
    0.09024544,
    0.034171883,
    0.017382802,
    -0.0010616868,
    -0.0426159,
    0.03496351,
    0.025134146,
    0.006093876,
    -0.008279095,
    0.03918552,
    0.055644758,
    0.010950835,
    -0.03539231,
    0.0025830944,
    0.028449083,
    -0.07408306,
    -0.044924814,
    0.069861054,
    -0.022841727,
    -0.03148365,
    -0.04037296,
    0.07771135,
    0.021687273,
    0.008188388,
    -0.060823314,
    -0.0013255624,
    0.028465575,
    -0.0056692013,
    -0.0068483953,
    -0.018900087,
    0.012558827,
    0.03522739,
    -0.028416099,
    0.032638106,
    0.021885179,
    -0.029570553,
    -0.0038014571,
    0.034336805,
    0.024886763,
    0.04743163,
    0.049245775,
    -0.0018935133,
    -0.04185726,
    -0.12481314,
    -0.03338026,
    0.00029351,
    0.043704387,
    -0.016846806,
    -0.017118927,
    -0.0014337925,
    0.046112254,
    0.01840532,
    -0.026222633,
    -0.038987614,
    -0.018141445,
    0.0062794136,
    0.084110335,
    0.010035518,
    0.022792252,
    -0.05402852,
    0.028515052,
    0.0653092,
    0.009738658,
    0.0207802,
    0.07876685,
    0.055545803,
    -0.002937677,
    0.040933695,
    0.012113537,
    0.014043127,
    -0.021176014,
    -0.0030263227,
    0.042253073,
    -0.054391347,
    0.012492858,
    -0.058250528,
    -0.015280044,
    -0.023864245,
    -0.04779446,
    0.019774174,
    -0.029801445,
    0.032687586,
    -0.005137327,
    -0.063791916,
    0.012377413,
    -0.03694258,
    0.0038055803,
    0.0371075,
    0.0132185165,
    -0.012154767,
    0.039746255,
    0.0031500144,
    0.017135419,
    0.07467678,
    -0.036711685,
    0.011643508,
    -0.009408813,
    -0.026700908,
    -0.01202283,
    -0.0045683454,
    0.030362181,
    -0.03638184,
    0.021984132,
    -0.026948292,
    -0.047233723,
    -0.02894385,
    -0.0033912132,
    0.0107446825,
    -0.005879477,
    0.070520744,
    -0.0237488,
    -0.07408306,
    -0.0048775747,
    -0.021934655,
    -0.010810652,
    -0.0042921007,
    0.08853025,
    -0.03948238,
    0.03638184,
    -0.008423403,
    -0.027360596,
    0.0115363095,
    -0.0015770687,
    -0.0027748165,
    0.01569235,
    -0.0059372,
    0.033973977,
    0.019345377,
    -0.0044075465,
    0.007656514,
    -0.03182999,
    -0.032473184,
    0.058448434,
    0.029570553,
    -0.0033912132,
