{
  "chunk_index": 399,
  "token_start": 179550,
  "token_end": 180050,
  "text": "ung đông dân cư;\n\ni) Tháo dỡ thiết bị an toàn khỏi phương tiện đua;\n\nk) Tái phạm nguy hiểm.\n\n3. Phạm tội thuộc một trong các trường hợp sau đây, thì bị phạt tù từ 07 năm đến 15 năm:\n\na) Làm chết 02 người;\n\nb) Gây thương tích hoặc gây tổn hại cho sức khỏe của 02 người trở lên màtổng tỷ lệ tổn thương cơ thể của những người này từ 122%\nđến 200%;\n\nc) Gây thiệt hại về tài sản từ 500.000.000 đồng đến dưới 1.500.000.000 đồng.\n\n4. Phạm tội thuộc một trong các trường hợp sau đây, thì bị phạt tù từ 12 năm đến 20 năm:\n\na) Làm chết 03 người trở lên;\n\nb) Gây thương tích hoặc gây tổn hại cho sức khỏe của 03 người trở lên mà tổng tỷ lệ tổn thương cơ thể của những người này 201% trở\nlên;\n\nc) Gây thiệt hại về tài sản 1.500.000.000 đồng trở lên.\n\n5. Người phạm tội còn có thể bị phạt tiền từ 10.000.000 đồng đến 50.000.000 đồng.\n\nĐiều 267. Tội vi phạm quy định về điều khiển phương tiện giao thông đường sắt273\n\n1. Người nào chỉ huy, điều khiển phương tiện giao thông đường sắt mà vi phạm quy đị",
  "embedding": [
    0.00019459032,
    0.011023604,
    -0.08941011,
    -0.1871763,
    0.0021131253,
    0.07501193,
    0.04959015,
    -0.01592477,
    0.04910807,
    0.043065976,
    -0.1295836,
    -0.014382108,
    0.008436432,
    -0.116278134,
    -0.07668315,
    -0.08092547,
    0.14860976,
    0.013064418,
    0.025566407,
    0.0064920355,
    -0.025791379,
    0.12746243,
    -0.014157137,
    -0.076747425,
    -0.0430017,
    0.11055744,
    -0.048690267,
    -0.072248,
    0.0019443968,
    0.0046882457,
    -0.12032762,
    0.018961886,
    -0.012646614,
    0.022513222,
    -0.0010696191,
    0.007203106,
    0.061963584,
    0.0035593708,
    0.036284693,
    -0.083432294,
    -0.07179806,
    0.041812565,
    0.0011338966,
    -0.0026996583,
    -0.025711032,
    -0.038437992,
    -0.016422922,
    0.015008815,
    -0.025084324,
    -0.04878668,
    0.0062590293,
    0.028603522,
    0.047886796,
    -0.011481582,
    0.02280247,
    -0.16236517,
    0.026385946,
    0.0027538924,
    0.09300966,
    0.1221274,
    0.016792517,
    -0.019058302,
    0.018785123,
    -0.06717007,
    -0.026209183,
    -0.017869167,
    0.082082465,
    0.056467853,
    0.007769552,
    -0.029117743,
    -0.10130146,
    -0.041105513,
    -0.038148742,
    0.025903864,
    0.079125695,
    -0.01566766,
    -0.038084466,
    0.01325725,
    0.058203347,
    -0.015643556,
    -0.0033745728,
    -0.009031,
    -0.0056966003,
    0.027655428,
    -0.014100893,
    0.07372638,
    0.009858574,
    -0.0020789779,
    -0.05444311,
    0.02095449,
    0.025421781,
    -0.07192661,
    0.047179744,
    -0.033617172,
    0.026241321,
    0.0068214578,
    -0.015547139,
    -0.019942118,
    -0.009617533,
    -0.015547139,
    0.01671217,
    -0.026980514,
    -0.024907561,
    0.020777727,
    0.014928468,
    0.015233786,
    -0.006765215,
    0.04345164,
    0.017290669,
    0.019942118,
    -0.020584894,
    0.052675474,
    -0.0065281913,
    0.0022175764,
    -0.03313509,
    0.031174624,
    -0.03602758,
    -0.061963584,
    -0.026691264,
    0.027542941,
    -0.03734527,
    0.050618593,
    -0.0015175535,
    -0.013699159,
    0.075976096,
    -0.06627018,
    -0.00398521,
    -0.015201647,
    -0.07886859,
    0.023172067,
    -0.022738192,
    0.0055519757,
    0.0118190395,
    0.012381468,
    0.06437399,
    -0.0030069854,
    0.063634805,
    -0.00092901185,
    0.0019092449,
    0.059842426,
    -0.03075682,
    -0.032042373,
    0.02763936,
    0.03477417,
    -0.025164671,
    -0.04669766,
    -0.009031,
    -0.0030572023,
    0.012582336,
    -0.0036296744,
    0.038020186,
    0.007853917,
    -0.014277657,
    0.044994306,
    -0.054828774,
    -0.0034950932,
    0.008171287,
    0.022529291,
    0.03773094,
    0.007596806,
    0.023509525,
    0.0339707,
    0.022866748,
    0.030097976,
    -0.016503269,
    0.018286971,
    -0.015989047,
    0.031383526,
    -0.031431735,
    -0.011184298,
    0.005784982,
    -0.0069660824,
    -0.0022617672,
    0.015322167,
    -0.010798633,
    -0.04158759,
    -0.053800333,
    -0.08516779,
    0.0053270045,
    -0.05354322,
    -0.015201647,
    0.035352666,
    0.14745276,
    -0.046247717,
    0.0015416575,
    0.036670357,
    -0.009537186,
    0.030596128,
    0.002201507,
    0.07179806,
    0.005057842,
    -0.0142937265,
    0.0031978094,
    0.013401875,
    -0.0035975357,
    -0.009472908,
    0.012566267,
    0.020392062,
    0.15876561,
    0.009231867,
    0.025277158,
    -0.01381968,
    -0.011176264,
    0.03289405,
    0.0086373,
    -0.027446525,
    -0.010372794,
    0.032251276,
    0.04701905,
    -0.004828853,
    -0.0056966003,
    0.018881539,
    -0.029021326,
    0.0019885877,
    0.011120021,
    0.067362905,
    -0.04644055,
    -0.018752983,
    -0.004394979,
    2.4527797e-05,
    -0.0030330983,
    -0.029374853,
    0.009963024,
    0.02119553,
    -0.0050739115,
    0.012252913,
    -0.03451706,
    0.0054676114,
    -0.0032681131,
    0.014084824,
    0.07938281,
    0.010051406,
    -0.015844423,
    -0.030805029,
    -0.0006457888,
    0.01830304,
    0.06896984,
    -0.009191694,
    0.028796354,
    0.011353027,
    0.09442376,
    0.014631184,
    -0.0014964624,
    -0.0112967845,
    -0.015852457,
    -0.021532988,
    0.008918514,
    -0.023236344,
    0.041619733,
    -0.03898435,
    -0.033231508,
    -0.009786261,
    0.0068053887,
    -0.024457619,
    -0.0042824936,
    -0.00024882454,
    -0.00030958693,
    -0.03289405,
    -0.009159555,
    0.019411828,
    0.049815122,
    -0.15362342,
    -0.005519837,
    -0.020102812,
    0.013176903,
    0.05643571,
    0.023300622,
    0.005407351,
    0.0094568385,
    -0.023027442,
    0.06922695,
    -0.018110208,
    0.05309328,
    0.0019152709,
    0.07726165,
    -0.008717647,
    -0.02543785,
    0.00465209,
    -0.015225751,
    0.023461316,
    -0.018640498,
    0.023975536,
    0.013883957,
    -0.007946315,
    0.0124537805,
    0.016165812,
    0.011642276,
    0.006905822,
    -0.020327784,
    -0.011465513,
    0.011489617,
    0.018994024,
    -0.0038707154,
    -0.00969788,
    -0.021822238,
    0.048979513,
    -0.020568825,
    -0.005198449,
    0.016776448,
    0.017997721,
    0.0056162532,
    -0.00954522,
    0.005684548,
    0.07044823,
    -0.003324356,
    0.08291808,
    -0.040784124,
    0.006994204,
    -0.023172067,
    0.012968001,
    0.03583475,
    0.0018118243,
    0.016792517,
    0.004804749,
    0.004885096,
    0.02760722,
    0.014840086,
    0.07758304,
    -0.034806307,
    -0.045155,
    -0.009119381,
    0.04033418,
    -0.028539244,
    0.03525625,
    -0.07951137,
    0.02305958,
    0.038630825,
    0.02627346,
    -0.037473828,
    0.062188555,
    -0.07327644,
    -0.015836388,
    0.04116979,
    0.0046601244,
    0.0035995443,
    -0.033102952,
    -0.018528013,
    0.023380969,
    -0.028908841,
    0.015611417,
    -0.017885236,
    -0.07976847,
    0.06614163,
    0.075397596,
    0.043901585,
    -0.04329095,
    0.048947375,
    0.027414387,
    -0.028619591,
    0.0031315233,
    0.04165187,
    -0.021147324,
    0.03551336,
    0.01830304,
    -0.027237624,
    0.037763078,
    0.01086291,
    0.06099942,
    0.08491068,
    -0.046472687,
    0.01618188,
    0.0056524095,
    0.01101557,
    0.012831411,
    0.0025249035,
    -0.035095558,
    -0.014398177,
    0.04001279,
    -0.09853753,
    -0.03692747,
    -0.01209222,
    0.01633454,
    0.036670357,
    -0.05126137,
    0.15066664,
    -0.006781284,
    0.023814842,
    0.023943398,
    -0.03641325,
    -0.003422781,
    -0.0316085,
    0.09223832,
    -0.023959467,
    0.03416353,
    -0.012759099,
    -0.025887795,
    -0.061610058,
    -0.05489305,
    0.024811145,
    0.08349657,
    0.009762157,
    -0.015884597,
    -0.016583616,
    -0.011778866,
    0.075397596,
    -0.017724542,
    -0.0038446025,
