{
  "chunk_index": 496,
  "token_start": 223200,
  "token_end": 223700,
  "text": "ng chất, hóa chất, phụ gia thực phẩm hoặc chất hỗ tr\nphẩm cấm sử dụng hoặc ngoài danh mục được phép sử dụng trị giá từ 10.000.000 đồng đến dưới 100.000.000 đồng hoặc thu lợi bất\nchính từ 5.000.000 đồng đến dưới 20.000.000 đồng hoặc đã bị xử phạt vi phạm hành chính về một trong các hành vi quy định tại Điều\nnày hoặc đã bị kết án về tội này, chưa được xóa án tích mà còn vi phạm;\n\nđ) Nhập khẩu, cung cấp hoặc bán thực phẩm mà biết là có sử dụng chất, hóa chất, phụ gia thực phẩm hoặc chất hỗ trợ chế biến thực\nphẩm chưa được phép sử dụng hoặc chưa được phép lưu hành tại Việt Nam trị giá từ 100.000.000 đồng đến dưới 300.000.000 đồng\nhoặc thu lợi bất chính từ 50.000.000 đồng đến dưới 100.000.000 đồng; thực phẩm trị giá từ 50.000.000 đồng đến dưới 100.000.000\nđồng hoặc thu lợi bất chính từ 20.000.000 đồng đến dưới 50.000.000 đồng nhưng đã bị xử phạt vi phạm hành chính về một trong các\nhành vi quy định tại Điều này hoặc đã bị kết án về tội này, chưa được xóa án tích mà còn vi phạm",
  "embedding": [
    -0.000806061,
    0.11026423,
    -0.07652862,
    -0.10803269,
    -0.0043071965,
    0.026204161,
    0.028107531,
    0.026745638,
    0.0031627128,
    0.061334476,
    -0.15161331,
    0.042235136,
    0.0027422484,
    -0.068849504,
    0.024760226,
    -0.08512661,
    0.0004963531,
    -0.10350398,
    0.0558869,
    -0.0014931614,
    0.0072730086,
    0.10803269,
    0.12371909,
    -0.12929793,
    -0.14754403,
    0.08473281,
    -0.024235157,
    0.07449398,
    0.029403793,
    -0.030716462,
    0.08512661,
    0.0069530453,
    -0.008097529,
    -0.027582465,
    -0.0017280062,
    -0.040331766,
    -0.027762957,
    -0.008745659,
    0.04443386,
    -0.055689998,
    0.015267985,
    -0.08361704,
    0.071999915,
    0.028255207,
    0.10731072,
    -0.017704628,
    -0.011362794,
    -0.012117579,
    -0.03527799,
    -0.019903349,
    0.03152047,
    0.016137628,
    0.021117568,
    -0.014135808,
    0.10435721,
    -0.033604335,
    0.06487868,
    -0.009672732,
    -0.08086043,
    0.09083672,
    -0.0008896411,
    0.041316267,
    0.024530508,
    -0.018032795,
    -0.008901539,
    -0.02814035,
    -0.024940718,
    0.04568089,
    0.0047625285,
    -0.033308983,
    -0.016679104,
    -0.031028222,
    -0.023250656,
    0.05014397,
    0.067011766,
    -0.051062837,
    -0.011370998,
    -0.03073287,
    0.16736534,
    -0.009484036,
    0.0028406985,
    -0.040331766,
    0.014422954,
    -0.05063622,
    0.024563326,
    0.061826725,
    0.0245141,
    0.032783918,
    0.030191395,
    0.0014511149,
    0.045057375,
    0.032357298,
    0.027664507,
    0.045943428,
    -0.0046148533,
    0.010000899,
    0.026745638,
    0.024251565,
    -0.02029715,
    0.030273438,
    -0.0205925,
    -0.03577024,
    0.07173738,
    0.009508649,
    -0.043285273,
    -0.0051112063,
    0.0009491215,
    -0.0023812642,
    -0.013635353,
    -0.010411109,
    0.004475382,
    -0.004783039,
    -0.0811886,
    -0.04571371,
    -0.0566745,
    -0.011387407,
    -0.0068874117,
    -0.03165174,
    -0.044532306,
    -0.021544186,
    -0.004594343,
    0.042957105,
    -0.008737455,
    0.055985346,
    0.026762046,
    -0.07915396,
    -0.042464852,
    0.0067274305,
    -0.119715445,
    -0.029666327,
    -0.00335346,
    -0.029584285,
    -0.011420223,
    -0.026072895,
    -0.041513167,
    -0.012076558,
    0.0017413379,
    -0.008556963,
    -0.04371189,
    0.034391936,
    0.0053491276,
    0.009484036,
    0.03053597,
    0.067799374,
    -0.027697323,
    -0.01206015,
    0.040856835,
    0.03184864,
    0.013184123,
    0.019542364,
    0.017195968,
    -0.0403974,
    0.018377371,
    0.0068381866,
    -0.030880546,
    -0.031881455,
    -0.032029133,
    0.058085617,
    -0.004331809,
    0.011321773,
    0.027270706,
    0.029305343,
    -0.08709561,
    -0.0014911103,
    -0.003400634,
    -0.0024366425,
    -0.009016397,
    0.04699356,
    -0.02912485,
    -0.05293339,
    -0.007498624,
    0.0148741845,
    -0.014398342,
    -0.0047707325,
    0.0070309853,
    0.01849223,
    -0.015957136,
    -0.067471206,
    -0.0245141,
    -0.023070164,
    -0.016285304,
    0.057593368,
    0.007252498,
    -0.0014490639,
    -0.00625569,
    -0.02512121,
    -0.062220525,
    0.04771553,
    0.030388296,
    0.0407912,
    -0.08545478,
    0.06287686,
    0.0060793,
    -0.00562807,
    0.010870543,
    0.020822218,
    -0.0036467595,
    -0.010247025,
    0.062023625,
    0.000274071,
    0.010575192,
    0.050504953,
    0.044860475,
    0.015907912,
    -0.014783938,
    -0.034654472,
    0.0075847674,
    0.034523204,
    -0.003453961,
    0.0075683594,
    0.016867802,
    0.009754774,
    -0.01035368,
    -0.03324335,
    -0.022003619,
    0.013520494,
    0.013700986,
    -0.024448466,
    0.017310826,
    -0.0030950282,
    0.013052856,
    -0.021905169,
    -0.0008434926,
    -0.0030006801,
    -0.025449377,
    0.022528687,
    0.002375111,
    0.029075626,
    -0.017721036,
    0.039511345,
    0.037739243,
    0.046107512,
    -0.033522293,
    0.0056608864,
    -0.037903327,
    0.024169523,
    0.039806698,
    0.014956227,
    -0.0048609786,
    0.018344553,
    0.059332654,
    -0.03445757,
    0.011420223,
    -0.0032406524,
    -0.027336339,
    -0.006309017,
    -0.011674553,
    0.036754742,
    -0.0064320797,
    0.009680936,
    -0.021921579,
    -0.0007132512,
    -0.010731072,
    -0.054738313,
    -0.04253049,
    0.019115748,
    -0.008909743,
    -0.027566057,
    0.031487655,
    0.037542343,
    0.028353658,
    -0.07154048,
    -0.015136719,
    -0.03143843,
    0.022971714,
    0.017540544,
    0.018278921,
    0.0018131245,
    0.062023625,
    0.009664528,
    0.028698234,
    -0.0582497,
    0.044335406,
    0.015350027,
    0.050373685,
    -0.009951674,
    0.009229707,
    0.022545096,
    0.009697345,
    0.008499534,
    -0.04463076,
    -0.11144563,
    -0.036951642,
    -0.049290735,
    -0.010460334,
    0.012626238,
    0.087686315,
    0.02379213,
    -0.009697345,
    -0.01251138,
    -0.018229695,
    0.014390138,
    -0.036886007,
    -0.025793953,
    0.06533812,
    0.050078336,
    -0.037903327,
    -0.020953484,
    0.030092945,
    -0.007855506,
    -0.0030211904,
    0.021150384,
    -0.011280752,
    -0.0025166331,
    -0.012683667,
    0.048010882,
    0.030978996,
    0.018443003,
    -0.08269817,
    -0.010329067,
    0.03325976,
    -0.006444386,
    -0.0066453884,
    -0.018410187,
    -0.016867802,
    0.0048609786,
    -0.014012746,
    -0.019329056,
    -0.02541656,
    -0.0580528,
    0.041053735,
    -0.032701876,
    -0.04029895,
    0.016761146,
    -0.051850438,
    0.0019720807,
    0.030322662,
    0.051883254,
    -0.008770272,
    0.08670181,
    -0.0502096,
    0.028468516,
    0.07029344,
    0.0027053296,
    -0.01616224,
    -0.04269457,
    -0.058610685,
    0.027631689,
    -0.026696412,
    0.011535082,
    -0.009812203,
    0.0016839086,
    0.0055173133,
    -0.12956047,
    0.049651716,
    0.0022869161,
    0.052014522,
    0.029190484,
    0.060546875,
    -0.0066412864,
    0.055394646,
    0.039839514,
    0.024103891,
    -0.006066994,
    0.049061015,
    -0.014045562,
    0.014652671,
    0.04892975,
    0.050800305,
    -0.1663152,
    -0.0067725535,
    -0.002682768,
    -0.017146744,
    0.026138527,
    -0.112101965,
    0.042071052,
    -0.003222193,
    0.043350905,
    0.03596714,
    -0.0091394605,
    -0.0129297925,
    0.014734713,
    0.07764439,
    -0.11722137,
    -0.011198711,
    0.014742917,
    0.014496792,
    0.048142146,
    0.0138896825,
    -0.022430237,
    -0.016424775,
    -0.011961699,
    -0.06258151,
    0.024973534,
    0.009615303,
    -0.055591546,
    -0.020756584,
    0.029649919,
    0.056772947,
    0.0138650695,
    -5.5314144e-05,
    0.06674924,
    -0.03416222,
    -0.01174839,
    -0.025236068,
    -0.08729251,
