{
  "chunk_index": 531,
  "token_start": 238950,
  "token_end": 239450,
  "text": " di tích lịch sử - văn hóa, danh lam, thắng cảnh gây hậu quả nghiêm\ntrọng\n\n1. Người nào vi phạm các quy định về bảo vệ và sử dụng các di tích lịch sử - văn hóa, danh lam, thắng cảnh, gây hư hại di tích lịch sử -\nvăn hóa, danh lam, thắng cảnh có giá trị từ 100.000.000 đồng đến dưới 500.000.000 đồng; hủy hoại, làm thay đổi yếu tố gốc cấu thành\ndi tích lịch sử - văn hóa, danh lam thắng cảnh cấp tỉnh hoặc đã bị xử phạt vi phạm hành chính về hành vi này hoặc đã bị kết án về tội\nnày, chưa được xóa án tích mà còn vi phạm, thì bị phạt cảnh cáo, phạt tiền từ 10.000.000 đồng đến 100.000.000 đồng, phạt cải tạo\nkhông giam giữ đến 03 năm hoặc phạt tù từ 06 tháng đến 03 năm.\n\n2. Phạm tội trong trường hợp gây hư hại di tích lịch sử - văn hóa, danh lam, thắng cảnh có giá trị từ 500.000.000 đồng trở lên hoặc hủy\nhoại, làm thay đổi yếu tố gốc cấu thành di tích lịch sử - văn hóa, danh lam thắng cảnh cấp quốc gia hoặc cấp quốc gia đặc biệt, thì bị\nphạ",
  "embedding": [
    0.00030688973,
    -0.025353506,
    -0.1342773,
    -0.11476473,
    0.0015434748,
    -0.048203755,
    0.042972587,
    -0.0549112,
    0.05513585,
    0.017570943,
    -0.13530427,
    -0.03141909,
    0.0031310776,
    0.0091786105,
    0.0752261,
    -0.15147917,
    -0.06977028,
    0.020363037,
    -0.043389797,
    0.004517096,
    -0.03196467,
    0.007393435,
    0.028996065,
    0.0068358188,
    -0.03475677,
    -0.028017228,
    -0.01220338,
    -0.030343974,
    0.14095265,
    -0.046727475,
    -0.13113219,
    0.06441074,
    0.030167462,
    -0.01965699,
    0.0017430536,
    -0.01631129,
    0.022015829,
    0.0058128526,
    0.08119541,
    -0.007754482,
    0.005263259,
    0.027263042,
    0.031403046,
    0.003790991,
    0.02118141,
    -0.04765817,
    -0.020154431,
    0.009772332,
    -0.045475844,
    -0.019400246,
    0.0065830857,
    -0.004400759,
    0.049808405,
    0.0017751466,
    0.10173495,
    -0.08132377,
    0.024117922,
    0.0063463994,
    0.09409681,
    0.049583755,
    -0.0106227975,
    0.03623305,
    -0.0075859935,
    -0.04993678,
    -0.012877334,
    -0.0059853527,
    0.026524901,
    0.0025353506,
    0.0110801235,
    -0.04887771,
    -0.08267169,
    -0.09987356,
    -0.031916533,
    0.016062569,
    -0.0036425607,
    -0.03825491,
    0.0005500949,
    0.040597703,
    0.061907485,
    -0.01684885,
    -0.046663288,
    -0.05417306,
    0.043453984,
    -0.012147217,
    -0.06855074,
    0.09063076,
    0.07939819,
    0.0034018627,
    -0.010269774,
    0.024888156,
    0.0031651766,
    -0.0066753533,
    0.015926173,
    -0.007353319,
    0.013085939,
    0.015396638,
    -0.03196467,
    0.0077023306,
    0.0017440564,
    -0.03279909,
    0.022834202,
    -0.034820955,
    0.0070644817,
    -0.012708846,
    0.0010279804,
    -0.00428041,
    0.009082331,
    0.02155048,
    0.05141306,
    0.046021428,
    -0.0106227975,
    -0.021630712,
    -0.08620192,
    0.0046133753,
    -0.00848861,
    -0.0029986938,
    0.054301433,
    -0.02265769,
    0.02861095,
    0.027712345,
    -0.0022886354,
    0.06473167,
    0.01795606,
    0.0021783153,
    0.020427223,
    -0.050321896,
    0.018630013,
    -0.0007692302,
    -0.07355726,
    0.017282104,
    -0.028161647,
    -0.056130737,
    -0.01692908,
    0.014361638,
    -0.0131421015,
    0.011754078,
    -0.0062822136,
    0.00897803,
    0.009764309,
    0.053595386,
    -0.017651174,
    0.020250712,
    0.028161647,
    -0.0063704695,
    -0.05892283,
    0.0039374153,
    -0.0062420974,
    0.019897688,
    0.025481878,
    0.00055460795,
    0.012556404,
    -0.029493509,
    -0.017378384,
    0.007590005,
    -0.06977028,
    -0.017763501,
    -0.036521886,
    0.025257226,
    0.045668405,
    -0.028017228,
    -0.0006754583,
    0.040501423,
    0.030440252,
    -0.047626078,
    0.01970513,
    0.05099585,
    -0.01896699,
    0.04438468,
    -0.014626405,
    -0.064699575,
    0.050931662,
    0.009258843,
    -0.0016247104,
    0.049391195,
    0.00085096713,
    -0.036393512,
    0.008673145,
    -0.088448435,
    -0.01928792,
    -0.05523213,
    -0.0021321818,
    0.055713527,
    0.106099606,
    -0.0140728,
    0.011272682,
    -0.022128154,
    0.01552501,
    -0.005889074,
    0.023187226,
    0.039699096,
    0.023588387,
    -0.051284686,
    -0.00054257305,
    -0.0029124438,
    -0.022449085,
    -0.023684667,
    0.0030849439,
    0.014963382,
    0.055264223,
    0.022063969,
    0.009202681,
    0.020667922,
    0.003919363,
    0.011184426,
    0.00629826,
    -0.020010013,
    0.036618166,
    0.044352587,
    0.026926065,
    0.0036907,
    0.043678634,
    -0.0065028532,
    0.0057286085,
    0.01562129,
    0.019833501,
    0.06325539,
    0.0034439848,
    -0.00890582,
    -0.0027279088,
    -0.02413397,
    -0.0055841897,
    0.015757686,
    0.015196057,
    0.023508156,
    -0.008777448,
    -0.019528618,
    -0.012131171,
    0.04563631,
    0.03501351,
    0.0065429695,
    0.08556006,
    0.0072730863,
    -0.04448096,
    0.01112024,
    -0.058954924,
    0.08434052,
    0.09961681,
    -0.020587688,
    0.016913034,
    0.023010714,
    0.14313498,
    -0.0039614853,
    0.0034881127,
    0.031370953,
    -0.052568406,
    -0.014899196,
    0.006145818,
    0.03427537,
    0.011898496,
    0.002551397,
    -0.007742447,
    -0.007646168,
    0.008504657,
    -0.03491723,
    -0.05038608,
    0.015998382,
    0.010799309,
    -0.026139785,
    -0.0069842488,
    0.018501641,
    0.029862579,
    -0.114636354,
    0.011537449,
    0.0032754964,
    0.036618166,
    0.05619492,
    0.066368416,
    0.030247694,
    0.0046294215,
    -0.0706047,
    0.093775876,
    0.014802917,
    0.0013268468,
    0.015982335,
    0.13594614,
    0.019673036,
    0.028675135,
    0.019721176,
    0.0071407026,
    -0.021293735,
    -0.02496839,
    -0.06062376,
    -0.02039513,
    -0.035527002,
    0.026364436,
    -0.031579558,
    0.012444078,
    0.025546065,
    0.0150917545,
    -0.02044327,
    -0.014313498,
    0.11803822,
    0.025481878,
    -0.01518001,
    -0.06713865,
    -0.0006634234,
    0.0040998864,
    -0.002637647,
    -0.036618166,
    -0.04640654,
    -0.02256141,
    0.01997792,
    0.02386118,
    0.009804425,
    0.03982747,
    0.034146998,
    0.040020026,
    -0.039121423,
    -0.08042517,
    -0.04682375,
    0.028755369,
    -0.0029345078,
    0.013551288,
    -0.02413397,
    -0.06887168,
    -0.006145818,
    0.006318318,
    0.056900967,
    0.017057454,
    -0.032430023,
    0.04088654,
    0.0973703,
    0.0054357597,
    0.008312099,
    0.018373268,
    -0.005636341,
    0.050546546,
    0.025465831,
    0.091015875,
    0.03036002,
    -0.051701896,
    -0.006964191,
    0.059628878,
    0.015541057,
    -0.018437454,
    -0.027744437,
    -0.024519086,
    0.009419309,
    -0.021710945,
    -0.03077723,
    -0.038287003,
    -0.02666932,
    -0.032044906,
    -0.15301964,
    0.03353723,
    -0.0019075304,
    0.09897495,
    -0.026637226,
    -0.07098982,
    0.071952604,
    0.0724661,
    0.014377684,
    0.044320494,
    0.019352106,
    -0.022128154,
    -8.8005145e-05,
    0.018806525,
    -0.016961174,
    0.08247913,
    -0.10494426,
    0.0095236115,
    -0.04887771,
    0.030616764,
    -0.012933497,
    -0.017330244,
    0.02224048,
    0.005776748,
    0.019576758,
    -0.002595525,
    -0.020170478,
    0.0031150312,
    -0.012997683,
    0.01559722,
    -0.085752614,
    0.12516287,
    -0.056836784,
    0.020748153,
    0.04878143,
    -0.039538633,
    -0.0037508747,
    -0.018148616,
    0.110785194,
    -0.010430239,
    0.046149798,
    -0.051284686,
    -0.0117219845,
    -0.025000483,
    -0.00241099,
    0.083377734,
    -0.027054437,
    0.028402345,
    -0.03498142,
    -0.0260756,
    0.039795376,
    0.058345154,
    -0.039281886,
    -0.0071607605,
    0.050129335,
    -0.013695707,
    0.012748962,
