{
  "chunk_index": 710,
  "token_start": 319500,
  "token_end": 320000,
  "text": " t khoản 1 Điều 2 của Luật số 12/2017/QH14 sửa đổi, bổ sung một số điều\ncủa Bộ luật Hình sự số 100/2015/QH13, có hiệu lực kể từ ngày 01 tháng 01 năm 2018.\n\n385 Cụm từ “; người thực hiện tội phạm ít nghiêm trọng hoặc tội phạm nghiêm trọng” được bổ sung theo quy định tại điểm t khoản 1\nĐiều 2 của Luật số 12/2017/QH14 sửa đổi, bổ sung một số điều của Bộ luật Hình sự số 100/2015/QH13, có hiệu lực kể từ ngày 01\ntháng 01 năm 2018.\n\n386 Cụm từ “; người thực hiện tội phạm rất nghiêm trọng hoặc tội phạmđặc biệt nghiêm trọng” được bổ sung theo quy định tại điểm t\nkhoản 1 Điều 2 của Luật số 12/2017/QH14 sửa đổi, bổ sung một số điều của Bộ luật Hình sự số 100/2015/QH13, có hiệu lực kể từ ngày\n01 tháng 01 năm 2018.\n\n387 Khoản này được sửa đổi, bổ sung theo quy định tại điểm a khoản 133 Điều 1 của Luật số 12/2017/QH14 sửa đổi, bổ sung một số\nđiều của Bộ luật Hình sự số 100/2015/QH13, có hiệu lực kể từ ngày 01 tháng 01 năm 2018.\n\n388 Khoản này được sửa đổi, bổ sung theo quy định tại điểm b khoản ",
  "embedding": [
    -5.6318902e-05,
    -0.05819305,
    -0.028933246,
    -0.0773948,
    0.0018215943,
    0.027643332,
    -0.0063393526,
    0.0003949339,
    0.02197751,
    0.06541003,
    -0.026255451,
    -0.00047835987,
    0.0026920817,
    -0.014352326,
    -0.09476781,
    -0.15870832,
    0.06864298,
    -0.009225329,
    0.06230771,
    0.011258167,
    -0.006098514,
    0.039775047,
    0.09182876,
    0.0031125282,
    -0.03830553,
    0.050257634,
    -0.01213988,
    0.026402403,
    0.034582738,
    0.007988482,
    -0.028508717,
    -0.0031227332,
    -0.009266149,
    -0.025732953,
    -0.0008250751,
    0.005061685,
    0.03967708,
    -0.0054576397,
    -0.007988482,
    -0.032802984,
    -0.039121926,
    -0.019936508,
    -0.028116845,
    -0.023169456,
    0.033635713,
    0.022826567,
    -0.010809147,
    0.09287376,
    -0.03079464,
    0.021536654,
    0.010474423,
    0.03588898,
    -0.03219885,
    -0.0072822953,
    -0.02906387,
    -0.21592169,
    0.053719174,
    0.007947662,
    0.019495651,
    -0.018760892,
    0.010735671,
    0.00048320723,
    0.035954293,
    -0.030206831,
    -0.014931971,
    -0.03566039,
    0.05646228,
    -0.06505082,
    0.02281024,
    -0.0052780313,
    -0.09248189,
    0.023202112,
    -0.034876645,
    -0.02699021,
    0.100058086,
    -0.019773228,
    -0.024443042,
    0.025912562,
    -0.009543725,
    -0.013935962,
    0.08353413,
    -0.044444863,
    -0.0020838631,
    0.02996191,
    -0.0024675715,
    0.033603057,
    0.05760524,
    0.016915824,
    0.016899496,
    -0.022010166,
    0.025651313,
    0.00024249656,
    0.073018886,
    -0.00806604,
    0.0054168194,
    -0.029047541,
    -0.008029302,
    -0.01900581,
    -0.009119197,
    -0.0037513617,
    0.011992929,
    -0.018826203,
    0.012719525,
    0.007996646,
    -0.024753273,
    -0.03530117,
    -0.014205375,
    0.00621281,
    0.00057046005,
    0.011788828,
    0.034190867,
    0.04705734,
    0.02485124,
    -0.109267086,
    -0.020067133,
    0.0026777948,
    0.14159656,
    -0.014229867,
    -0.02494921,
    0.06230771,
    -0.027512709,
    0.031594712,
    0.015789192,
    -0.013209365,
    0.019691588,
    -0.05104138,
    -0.024671633,
    0.034746017,
    -0.11442674,
    0.011421448,
    0.00038906603,
    -0.0041758902,
    -0.0073516895,
    -0.0103274705,
    0.024965538,
    -0.017373009,
    0.018124098,
    0.005090259,
    -0.023806248,
    0.032035567,
    -0.040983323,
    -0.0063924184,
    -0.01828738,
    0.05554791,
    -0.051400594,
    -0.072235145,
    -0.0044044824,
    0.048037026,
    0.003981995,
    -0.028769964,
    -0.0066169286,
    -0.030468078,
    -0.0403302,
    -0.0009409019,
    -0.024802256,
    -0.07275764,
    0.021177437,
    -0.07099421,
    -0.022255087,
    0.02246735,
    -0.014785019,
    0.007082277,
    -0.02419812,
    -0.014131898,
    0.015781028,
    0.05398042,
    -0.044967357,
    -0.011796992,
    -0.04189769,
    -0.02535741,
    0.05433964,
    -0.02831278,
    -0.023120472,
    0.02370828,
    -0.04140785,
    0.004931061,
    0.025210457,
    -0.045816414,
    -0.005220883,
    -0.07399857,
    -0.020132445,
    -0.027104508,
    -0.00024326194,
    0.00070363545,
    -0.0349093,
    0.03283564,
    0.014972791,
    -0.024671633,
    0.034386802,
    0.02535741,
    -0.05564588,
    -0.017421994,
    0.006780209,
    0.069949225,
    -0.06420176,
    0.022402039,
    -0.03974239,
    0.049049363,
    0.033292826,
    -0.0033819403,
    0.017683242,
    0.019609949,
    0.04222425,
    -0.022287743,
    0.015674897,
    -0.025798267,
    -0.024720617,
    0.0036329837,
    0.027529037,
    -0.03810959,
    0.031790648,
    -0.06034835,
    -0.07746011,
    -0.0161729,
    0.022973519,
    0.044085644,
    -0.028965902,
    -0.02525944,
    0.029031213,
    0.02165095,
    -0.016074933,
    -0.022402039,
    -0.032786656,
    0.04388971,
    -0.019316044,
    0.00596789,
    0.0054739676,
    0.018711908,
    0.024638977,
    0.004788191,
    0.08079103,
    -0.033635713,
    -0.043693773,
    -0.011111216,
    0.013748189,
    0.00041151704,
    0.004963717,
    0.021177437,
    -0.016670905,
    0.08516693,
    -0.0018552708,
    0.0018664964,
    0.035954293,
    0.018744564,
    -0.0033452024,
    -0.010580555,
    0.016221885,
    -0.016719889,
    0.029227149,
    0.0025369655,
    -0.10240932,
    0.00061740313,
    0.0047841086,
    -0.0016787242,
    0.008359944,
    0,
    -0.001480747,
    -0.023545,
    0.01588716,
    0.004853503,
    -0.0053719175,
    -0.051139347,
    -0.025814595,
    -0.004584091,
    0.06351598,
    -0.029243477,
    0.08973878,
    0.0014736035,
    -0.031709008,
    -0.013478777,
    0.0072537214,
    -0.06707549,
    0.021830559,
    0.027871924,
    0.19123372,
    0.02568397,
    -0.018564954,
    0.0051514893,
    0.014621738,
    -0.016483132,
    -0.004845339,
    -0.041048635,
    0.011927616,
    0.009658022,
    0.055449944,
    -0.004108537,
    0.030566046,
    -0.008449748,
    -0.026124826,
    -0.015470795,
    0.027790284,
    -0.061230063,
    0.055286665,
    0.013756354,
    -0.076415114,
    0.079223536,
    0.026533026,
    -0.009698842,
    0.019952836,
    0.0335704,
    0.010711179,
    0.0120174205,
    -0.015389156,
    0.04989842,
    -0.06025038,
    0.014344162,
    -0.006188318,
    0.028998557,
    -0.0277413,
    0.08470975,
    -0.021993838,
    -0.018662922,
    0.043236587,
    -0.025226785,
    -0.011339808,
    0.030468078,
    0.027447395,
    0.023479687,
    0.028965902,
    0.01655661,
    0.038403496,
    0.1147533,
    -0.079550095,
    0.0072455574,
    -0.06462629,
    0.024181793,
    -0.019250732,
    0.008670176,
    -0.010964263,
    0.113055184,
    -0.009282477,
    -0.0043514166,
    0.023496015,
    -0.034517426,
    -0.0072169835,
    -0.05153122,
    -0.06296083,
    0.049865764,
    -0.018695578,
    0.05531932,
    -0.054306984,
    -0.04117926,
    0.05104138,
    -0.0454572,
    -0.030892607,
    0.021275405,
    0.061393343,
    -0.041211914,
    -0.00959271,
    -0.017748553,
    0.103127755,
    -0.06883892,
    -0.067206115,
    0.08562412,
    -0.012327652,
    0.05760524,
    -0.0058740037,
    0.002988027,
    0.051825125,
    -0.0036023685,
    0.027137164,
    -0.067206115,
    -0.038207557,
    0.050486226,
    -0.02281024,
    -0.02617381,
    -0.038044278,
    0.07484763,
    0.053392615,
    -0.027920907,
    -0.05489479,
    -0.068773605,
    -0.00039467876,
    -0.04692672,
    0.0045595984,
    0.022777583,
    0.0009465147,
    0.07053703,
    0.0035105236,
    -0.02494921,
    0.05045357,
    0.10704648,
    0.0026288107,
    0.0806604,
    -0.019218076,
    0.004902487,
    -0.030549718,
    -0.06325474,
    0.00814768,
    0.013650222,
    -0.0030717081,
    -0.018369019,
    0.014205375,
    -0.08484037,
    0.059238043,
    -0.033962276,
