{
  "chunk_index": 619,
  "token_start": 278550,
  "token_end": 279050,
  "text": "ể từ ngày 01 tháng 01 năm 2018.\n\n23 Khoản này được sửa đổi, bổ sung theo quy định tại khoản 9 Điều 1 của Luật số 12/2017/QH14 sửa đổi, bổ sung một số điều của Bộ\nluật Hình sự số 100/2015/QH13, có hiệu lực kể từ ngày 01 tháng 01 năm 2018.\n\n24 Điều này được sửa đổi, bổ sung theo quy định tại khoản 10 Điều 1 của Luật số 12/2017/QH14 sửa đổi, bổ sung một số điều của Bộ\nluật Hình sự số 100/2015/QH13, có hiệu lực kể từ ngày 01 tháng 01 năm 2018.\n\n25 Điều này được sửa đổi, bổ sung theo quy định tại khoản 11 Điều 1 của Luật số 12/2017/QH14 sửa đổi, bổ sung một số điều của Bộ\nluật Hình sự số 100/2015/QH13, có hiệu lực kể từ ngày 01 tháng 01 năm 2018.\n\n26 Cụm từ “Cấm vay vốn ngân hàng, tổ chức tín dụng hoặc các quỹ đầu tư” được thay thế bằng cụm từ “Cấm vay vốn của tổ chức tín\ndụng, chi nhánh ngân hàng nước ngoài hoặc quỹ đầu tư” theo quy định tại điểm c khoản 2 Điều 2 của Luật số 12/2017/QH14 sửa đổi,\nbổ sung một số điều của Bộ luật Hình sự số 100/2015/QH13, có hiệu lực kể từ ngày ",
  "embedding": [
    -0.0006545854,
    0.05779715,
    -0.030912353,
    -0.021617994,
    -0.0023494076,
    0.03117053,
    -0.025043137,
    -0.01771092,
    -0.00254304,
    0.0648884,
    -0.13080952,
    -0.114492744,
    0.008898489,
    -0.044957165,
    -0.12957026,
    -0.07896764,
    0.10650648,
    -0.024647266,
    0.103339516,
    0.0017717374,
    0.0123838745,
    0.047057003,
    0.13838269,
    -0.088124305,
    -0.023562925,
    0.017452743,
    -0.028692033,
    -0.000599185,
    -0.02943214,
    0.00352196,
    -0.029294446,
    -0.042616364,
    0.07373526,
    -0.033322003,
    -0.0033519939,
    0.014518134,
    0.041170575,
    -0.0053055305,
    -0.0093287835,
    0.05700541,
    0.011833098,
    -0.08041342,
    -0.03320152,
    -0.013063739,
    0.11779741,
    0.07669568,
    0.007065435,
    0.09225513,
    -0.05583501,
    0.012108486,
    0.033511333,
    0.0398969,
    -0.024371877,
    -0.032186024,
    -0.009208301,
    -0.17500935,
    0.052702464,
    -0.0032336628,
    0.0022934694,
    0.051325522,
    -0.008016385,
    0.041273843,
    0.011333955,
    -0.062100094,
    -0.013657546,
    -0.042134434,
    0.004599848,
    -0.001626513,
    0.0030679994,
    -0.034819428,
    -0.132393,
    -0.02488823,
    -0.021032793,
    -0.0078916,
    0.045680057,
    -0.013571487,
    -0.035766076,
    -0.004707421,
    0.03948382,
    -0.0014199717,
    0.02943214,
    -0.07972495,
    -0.0022396827,
    -0.027538845,
    0.026867585,
    0.06578342,
    -0.0049268715,
    0.0021654568,
    -0.05635136,
    -0.008803824,
    0.03734956,
    -0.01438044,
    0.038933042,
    0.024853807,
    -0.022994936,
    0.013055134,
    -0.005253895,
    -0.02700528,
    -0.0031454524,
    -0.011531891,
    0.014294381,
    -0.039655935,
    0.009647202,
    -0.009191089,
    -0.037108593,
    -0.05449249,
    -0.032013908,
    0.010602456,
    0.02361456,
    0.018055156,
    0.007512941,
    0.04251309,
    0.048468366,
    -0.023425229,
    -0.034939907,
    0.0076635443,
    0.1014118,
    0.010249614,
    0.0220655,
    -0.020791829,
    -0.013175616,
    0.06671285,
    0.040413253,
    0.045370247,
    0.03621358,
    -0.12433788,
    0.020068932,
    0.023993218,
    -0.09149781,
    0.0138985105,
    0.037039746,
    -0.022375312,
    0.046058718,
    -0.013924329,
    -0.010834814,
    0.0022160164,
    -0.031308223,
    0.016566336,
    -0.04850279,
    0.015576659,
    -0.03542184,
    -0.0042577637,
    0.019862391,
    0.0058390955,
    -0.03717744,
    -0.064613014,
    0.00958696,
    -0.0075000324,
    -0.009259936,
    0.020516438,
    0.039346125,
    0.0023494076,
    -0.05208284,
    -0.014053416,
    0.014044811,
    -0.06967328,
    -0.010593849,
    -0.044888318,
    0.027848657,
    0.039828055,
    -0.0147246765,
    -0.010903661,
    0.0029109418,
    0.00597679,
    0.023184264,
    0.031859,
    -0.094389394,
    -0.001895447,
    -0.062203366,
    -0.12791793,
    0.028106833,
    -0.03242699,
    -0.020843463,
    0.0306886,
    -0.029156752,
    0.011222079,
    0.023528501,
    -0.005344257,
    0.005499163,
    0.006501749,
    -0.01017216,
    -0.036144733,
    0.10685072,
    -0.008059415,
    -0.011058567,
    0.024337454,
    -0.01819285,
    0.026729891,
    0.034509614,
    0.05459576,
    -0.08495734,
    -0.02595536,
    0.02158357,
    0.014457894,
    -0.018261697,
    0.0009848364,
    -0.03531857,
    0.020654134,
    -0.021790111,
    -0.015645506,
    -0.02208271,
    0.008691948,
    0.072564855,
    -0.009638595,
    -0.012960468,
    -0.025972573,
    -0.008016385,
    -0.007749603,
    0.017401107,
    -0.056902137,
    -0.010180767,
    -0.10919152,
    -0.021032793,
    0.032323718,
    0.021136064,
    0.060826425,
    -0.05673002,
    -0.019122286,
    0.034148168,
    0.043339256,
    0.01907065,
    -0.021187698,
    -0.023511289,
    0.071256764,
    -0.013158404,
    0.03734956,
    0.0051635336,
    0.019793544,
    0.01984518,
    0.017151536,
    0.06612765,
    -0.0035972616,
    -0.0398969,
    -0.0015770291,
    -0.0017954035,
    -0.0023063782,
    0.0631328,
    0.024010431,
    0.019569792,
    0.020877887,
    0.02815847,
    -0.01965585,
    -0.0074699116,
    0.019914027,
    -0.031325437,
    0.0011478105,
    0.019604215,
    0.014535346,
    -0.02091231,
    0.00520226,
    -0.08660967,
    -0.0052495925,
    0.0030142127,
    -0.0429606,
    0.008059415,
    -0.010602456,
    -0.026368443,
    0.002984092,
    -0.01195358,
    0.06419993,
    0.01302071,
    -0.048330672,
    0.013769423,
    0.01214291,
    0.04974204,
    0.12440673,
    0.074286036,
    0.03196227,
    0.0039974353,
    0.025439007,
    0.013528458,
    -0.077797234,
    0.06185913,
    0.023683406,
    0.093356684,
    -0.019139497,
    -0.012900228,
    -0.008889884,
    0.01157492,
    0.0060284254,
    -0.017099902,
    -0.021170488,
    0.039139584,
    0.0035112028,
    0.04044768,
    -0.043408103,
    0.052805733,
    -0.015998347,
    -0.03786591,
    0.00027700205,
    0.011772856,
    -0.08440656,
    0.060860846,
    0.01006889,
    0.0049225683,
    0.07166985,
    0.012401086,
    -0.030723024,
    0.03370066,
    0.03366624,
    0.037280712,
    0.0018040094,
    -0.015060306,
    0.014475105,
    -0.026179114,
    -0.020877887,
    -0.004948386,
    -0.009070607,
    -0.02817568,
    0.12103322,
    -0.036523394,
    0.014888188,
    0.011006932,
    -0.05683329,
    -0.023218688,
    0.0238211,
    0.03387278,
    0.0404821,
    -0.0011305987,
    0.010877844,
    0.035834923,
    0.0751122,
    -0.049191263,
    0.02729788,
    0.0025408887,
    0.032203235,
    0.017547408,
    0.017426925,
    -0.07339102,
    0.11958744,
    -0.004724633,
    0.056385785,
    0.020000085,
    -0.0072332495,
    0.022134347,
    -0.0244063,
    -0.009087819,
    0.073528714,
    -0.019346038,
    -0.0044578505,
    -0.04626526,
    0.0058390955,
    0.048674908,
    -0.03690205,
    -0.06285741,
    0.04037883,
    0.0140103875,
    -0.03717744,
    -0.044027727,
    -0.040137865,
    0.10182488,
    -0.014079235,
    -0.0965925,
    0.03108447,
    -0.04268521,
    0.049604345,
    -0.04808971,
    -0.0069406494,
    0.01917392,
    -0.01965585,
    0.017512985,
    -0.04974204,
    -0.05142879,
    0.02777981,
    0.011833098,
    0.0138985105,
    -0.0136317285,
    0.017134326,
    0.0739418,
    -0.076833375,
    -0.038451113,
    -0.04908799,
    0.00324442,
    0.0014124415,
    0.00881243,
    0.0327368,
    -0.028640399,
    0.017607648,
    -0.014027599,
    -0.0140103875,
    0.033941627,
    0.03370066,
    -0.011187656,
    0.10017255,
    -0.013666152,
    -0.0014640768,
    -0.042547517,
    -0.021927806,
    0.046161987,
    0.011153232,
    0.014698858,
    0.030912353,
    0.029862436,
    -0.08839969,
    0.052254956,
    0.02380389,
    0.003864044,
    0.08901931,
    -0.0019341735,
