{
  "chunk_index": 548,
  "token_start": 246600,
  "token_end": 247100,
  "text": "5.000.000.000 đồng trở lên.\n\n5. Người phạm tội còn bị cấm đảm nhiệm chức vụ nhất định từ 01 năm đến 05 năm, có thể bị phạt tiền từ 30.000.000 đồng đến\n100.000.000 đồng.\n\nĐiều 359. Tội giả mạo trong công tác\n\n1. Người nào vì vụ lợi hoặc động cơ cá nhân khác mà lợi dụng chức vụ, quyền hạn thực hiện một trong các hành vi sau đây, thì bị phạt\ntù từ 01 năm đến 05 năm:\n\na) Sửa chữa, làm sai lệch nội dung giấy tờ, tài liệu;\n\nb) Làm, cấp giấy tờ giả;\n\nc) Giả mạo chữ ký của người có chức vụ, quyền hạn.\n\n2. Phạm tội thuộc một trong các trường hợp sau đây, thì bị phạt tù từ 03 năm đến 10 năm:\n\na) Có tổ chức;\n\nb) Người phạm tội là người có trách nhiệm lập hoặc cấp các giấy tờ, tài liệu;\n\nc) Làm, cấp giấy tờ giả với số lượng từ 02 giấy tờ giả đến 05 giấy tờ giả.\n\n3. Phạm tội thuộc một trong các trường hợp sau đây, thì bị phạt tù từ 07 năm đến 15 năm:\n\na) Làm, cấp giấy tờ giả với số lượng từ 06 giấy tờ giả364 đến 10 giấy tờ giả;\n\nb) Để thực hiện tội phạm ít n",
  "embedding": [
    -0.0003955777,
    -0.029753648,
    -0.12100024,
    -0.080915034,
    -0.0015571024,
    0.012549897,
    0.079736054,
    -0.036920585,
    0.025316972,
    0.0520301,
    -0.08054272,
    0.018320678,
    0.005173536,
    0.028341979,
    -0.059290115,
    -0.16009262,
    0.0726622,
    0.0031975864,
    0.1634434,
    0.0065735704,
    -0.0021911901,
    0.04504932,
    0.154508,
    -0.01948414,
    -0.051192407,
    0.13005975,
    -0.035648532,
    0.004576291,
    0.032763142,
    -0.0071048858,
    -0.014589836,
    -0.056249596,
    -0.071297064,
    -0.030156983,
    -0.004114784,
    -0.04281547,
    -0.006817898,
    0.0065541794,
    -0.005448889,
    -0.054108825,
    -0.04880343,
    -0.04424265,
    0.043404955,
    0.011417458,
    0.09450429,
    -0.021066451,
    -0.003847187,
    0.041698545,
    -0.029133134,
    -0.035307247,
    0.023579534,
    0.025642743,
    0.016366057,
    0.00794258,
    0.025828896,
    -0.08308683,
    0.0293348,
    -0.0011237122,
    0.013263487,
    0.08277658,
    0.028248902,
    0.015117274,
    0.07427553,
    -0.013449642,
    -0.016226443,
    -0.060469095,
    0.053581387,
    -0.10288123,
    -0.0013282879,
    -0.065526284,
    -0.12968743,
    -0.10083353,
    -0.015582658,
    0.035865713,
    -0.00499126,
    -0.028155824,
    -0.01061079,
    -0.026232231,
    0.04427368,
    -0.0127825895,
    0.010277264,
    0.0044017714,
    -0.0024723606,
    -0.09363557,
    0.0430947,
    0.09785506,
    0.01156483,
    0.022462608,
    0.012813615,
    0.05507062,
    0.019266961,
    0.087182224,
    0.04902061,
    0.0104866875,
    0.0045219962,
    0.0034554875,
    -0.028062748,
    -0.005328664,
    0.009214633,
    -0.0075043417,
    -0.0035291736,
    -0.04266034,
    -0.010137648,
    0.04808984,
    -0.030575829,
    0.0020341226,
    -0.03921649,
    0.011495022,
    0.026185693,
    0.022540173,
    -0.009819634,
    -0.01039361,
    -0.0035408083,
    0.0116191255,
    -0.023657098,
    0.010401366,
    -0.016241955,
    0.014116694,
    0.029257236,
    -0.053209078,
    -0.010641816,
    0.039619822,
    0.0019022634,
    0.02519287,
    0.049858302,
    -0.025766846,
    -0.022400556,
    0.00878803,
    -0.0683186,
    0.030591343,
    -0.0031878909,
    -0.081659645,
    -0.03921649,
    0.015745543,
    -0.046476502,
    0.023626072,
    0.06633295,
    0.009470595,
    -0.08798889,
    0.043777265,
    -0.03394212,
    -0.010129891,
    0.020383887,
    0.027938645,
    -0.015303427,
    0.0034942697,
    0.018894652,
    0.00857085,
    0.01126233,
    0.0031239004,
    0.03847187,
    0.0075353673,
    -0.004048854,
    -0.009121557,
    -0.028776338,
    -0.00028504865,
    -0.052464463,
    0.06558833,
    0.024293125,
    0.02339338,
    0.04281547,
    0.0072638923,
    -0.10300533,
    -0.059879605,
    -0.012371499,
    0.024665434,
    -0.028466081,
    0.049423944,
    -0.0597555,
    0.0005710668,
    0.002549925,
    0.030560317,
    -0.032608014,
    0.0072095976,
    -0.000101500096,
    -0.00898194,
    -0.030436214,
    -0.048741378,
    -0.0210044,
    -0.02050799,
    0.014628618,
    0.014884581,
    0.07669553,
    0.01742093,
    -0.018646447,
    -0.029179672,
    -0.02447928,
    -0.017545035,
    0.007845624,
    0.052123178,
    0.031491086,
    0.04712804,
    0.02122158,
    0.026092615,
    -0.027861081,
    0.021175042,
    0.037075713,
    -0.020849273,
    0.06875295,
    -0.00021851304,
    0.03906136,
    0.013884001,
    0.09152582,
    0.00826835,
    -0.0025285948,
    -0.009393032,
    -0.0022726327,
    0.015412018,
    0.02404492,
    0.0035873468,
    0.04880343,
    -0.07024219,
    -0.02682172,
    0.109520726,
    0.017482983,
    0.050416764,
    -0.019297987,
    -0.031258393,
    0.021686966,
    -0.042132903,
    -0.023486456,
    -0.039743923,
    0.005960813,
    -0.0025033862,
    0.0017626476,
    0.0036920586,
    -0.016319519,
    -0.025099793,
    0.04836907,
    0.01659875,
    0.048307016,
    0.038192637,
    -0.029210698,
    -0.04228803,
    -0.010548739,
    -0.008299375,
    0.1104515,
    4.6871835e-05,
    0.06416115,
    0.018212087,
    0.17312342,
    -0.0072483798,
    0.00053373905,
    0.0050804587,
    -0.040767774,
    -0.027194027,
    0.0050455546,
    -0.030281086,
    0.043591112,
    -0.0309016,
    -0.049641125,
    -0.010207456,
    0.005832832,
    -0.002515021,
    0.07123501,
    -0.0072095976,
    -0.0007717643,
    -0.068877056,
    0.00813649,
    0.022990044,
    0.041667517,
    -0.109272525,
    0.0076788613,
    -0.023052096,
    0.031196343,
    0.0041807136,
    0.04042649,
    0.017110674,
    0.039837003,
    0.014713939,
    0.065774485,
    -0.02671313,
    0.04172957,
    0.021826582,
    0.06354064,
    0.04114008,
    0.025068767,
    -0.028605698,
    -0.008547581,
    -0.0027108707,
    -0.042412136,
    0.0011285599,
    0.043280855,
    0.00974207,
    0.042846493,
    0.0011518291,
    0.12317204,
    -0.0139150275,
    0.0052782474,
    -0.041884698,
    0.009664506,
    -0.0420088,
    0.026682103,
    -0.002098113,
    0.030172495,
    0.03602084,
    -0.0012895057,
    0.030219033,
    -0.0061081853,
    0.03248391,
    -0.04151239,
    -0.019561704,
    0.02475851,
    0.02078722,
    -0.039837003,
    0.011394189,
    0.02219889,
    0.017638111,
    -0.013030794,
    0.072289884,
    -0.01725029,
    0.03580366,
    0.034097247,
    0.005960813,
    -0.0041690785,
    0.014310605,
    0.011828549,
    0.037572127,
    -0.033880066,
    -0.0046693683,
    -0.016459135,
    0.11783562,
    -0.0037211452,
    0.018537857,
    0.034314428,
    0.058514472,
    0.039837003,
    0.047903683,
    -0.0024180657,
    0.033600837,
    0.033259552,
    0.028978005,
    0.03204955,
    -0.012317204,
    -0.0064455895,
    0.0049369647,
    -0.04576291,
    0.03940264,
    -0.0062090186,
    0.0021582253,
    -0.037075713,
    0.031351473,
    -0.021780042,
    -0.092208385,
    0.0020166705,
    -0.026030565,
    0.04675573,
    0.016086826,
    -0.033849042,
    0.022617737,
    -0.000120164,
    -0.046507526,
    -0.016490161,
    -0.05060292,
    0.0033158718,
    -0.0029125377,
    -0.024603382,
    0.034531604,
    0.1126233,
    -0.029427879,
    -0.005367446,
    -0.00985066,
    0.0024141874,
    0.020539016,
    -0.006309852,
    -0.035555456,
    -0.0121853445,
    0.04408752,
    0.004052732,
    -0.02057004,
    -0.032514937,
    -0.050695997,
    0.044645984,
    -0.05978653,
    0.06459551,
    -0.0397129,
    0.015683493,
    0.04185367,
    -0.01898773,
    -0.0018731768,
    0.019127345,
    0.12366845,
    -0.025658255,
    0.028466081,
    -0.027612874,
    -0.020368373,
    -0.022493634,
    -0.0375411,
    0.07533041,
    0.022664275,
    0.009835147,
    0.026077103,
    0.007477194,
    0.022695301,
    0.04390137,
    -0.020306323,
    -0.017002085,
    0.067946285,
