{
  "chunk_index": 225,
  "token_start": 101250,
  "token_end": 101750,
  "text": "i còn có thể bị phạt tiền từ 20.000.000 đồng đến 100.000.000 đồng, cấm đảm nhiệm chức vụ, cấm hành nghề hoặc\nlàm công việc nhất định từ 01 năm đến 05 năm hoặc tịch thu một phần hoặc toàn bộ tài sản.\n\n5.153 Pháp nhân thương mại phạm tội quy định tại Điều này, thì bị phạt như sau:\n\na) Thực hiện một trong các hành vi quy định tại khoản 1 Điều này trốn thuế với số tiền từ 200.000.000 đồng đến dưới 300.000.000 đồng\nhoặc từ 100.000.000 đồng đến dưới 200.000.000 đồng nhưng đã bị xử phạt vi phạm hành chính về hành vi trốn thuế hoặc đã bị kết án\nvề tội này hoặc về một trong các tội quy định tại các điều 188, 189, 190, 191, 192, 193, 194, 195 và 196 của Bộ luật này, chưa được\nxóa án tích mà còn vi phạm, thì bị phạt tiền từ 300.000.000 đồng đến 1.000.000.000 đồng;\n\nb) Phạm tội thuộc một trong các trường hợp quy định tại các điểm a, b, d và đ khoản 2 Điều này, thì bị phạt tiền từ 1.000.000.000 đồng\nđến 3.000.000.000 đồng;\n\nc) Phạm tội thuộc trường hợp quy đị",
  "embedding": [
    0.00027335604,
    0.008663203,
    -0.065062426,
    -0.1512735,
    0.0011997147,
    0.03298584,
    0.09005017,
    -0.014506024,
    0.016172996,
    0.06526448,
    -0.12945132,
    -0.04068085,
    -0.0013691481,
    -0.013495738,
    -0.07732056,
    -0.06637579,
    0.027092505,
    -0.0909931,
    0.17242216,
    0.0074256025,
    0.00080928125,
    0.0503796,
    0.17255686,
    -0.040983938,
    -0.06273876,
    0.10890884,
    -0.008052822,
    0.11571143,
    -0.014522863,
    -0.07671439,
    -0.008608479,
    0.05071636,
    0.00638164,
    0.031251516,
    -0.011938213,
    -0.015726786,
    -0.034888547,
    0.026351629,
    0.048729464,
    -0.0665105,
    -0.017343244,
    -0.05623926,
    0.04913358,
    0.0014964862,
    -0.0005856502,
    -0.053141046,
    -0.0057670497,
    0.055835143,
    0.0113825565,
    -0.032969,
    0.0062258877,
    0.017797872,
    0.04475567,
    0.0058849165,
    0.053881925,
    -0.17067099,
    -0.010683775,
    -0.019835284,
    0.037212204,
    0.09752628,
    0.023169227,
    -0.023960618,
    0.052804284,
    -0.022647247,
    -0.034181345,
    -0.028085953,
    0.017595816,
    -0.06738608,
    0.034164507,
    -0.024364732,
    -0.08089024,
    -0.028506905,
    -0.016013034,
    0.05330943,
    0.047449768,
    -0.021620123,
    -0.04798859,
    -0.01897654,
    0.043846417,
    0.029247781,
    0.012965338,
    -0.013941947,
    -0.030123362,
    -0.041084968,
    0.008465355,
    0.040310413,
    -0.056980133,
    -0.009025223,
    -0.051457237,
    0.01959955,
    0.017259054,
    0.08991546,
    0.021350712,
    0.026907286,
    0.030982107,
    -0.007699222,
    -0.0061416975,
    0.032228127,
    0.043172892,
    -0.0016617101,
    -0.0020910816,
    -0.044924054,
    0.039266452,
    0.00081506936,
    -0.035595745,
    0.007349831,
    -0.02013837,
    0.016004615,
    0.019616388,
    0.008330651,
    -0.0017069625,
    -0.0021384389,
    -0.019448007,
    -0.04185952,
    0.021822179,
    0.0024583628,
    0.008562175,
    -0.030123362,
    -0.040007327,
    -0.02313555,
    0.0039338013,
    0.028170142,
    -0.03690912,
    0.019565873,
    0.006987812,
    -0.07462646,
    0.015179548,
    -0.024145838,
    -0.08735607,
    -0.015331091,
    -0.05169297,
    -0.060246725,
    0.0044284207,
    2.1984904e-05,
    -0.079879954,
    -0.015154291,
    0.02811963,
    -0.02490355,
    -0.05044695,
    0.03549472,
    -0.005775469,
    -0.006756288,
    0.027294561,
    0.0020584578,
    -0.021131817,
    -0.028826829,
    0.023472313,
    0.06314288,
    -0.003767525,
    -0.01764633,
    0.022512542,
    -0.0056786495,
    0.008414841,
    0.017099092,
    -0.016375054,
    -0.03704382,
    -0.03943483,
    0.08095759,
    -0.008562175,
    0.02741243,
    0.052534875,
    0.015196387,
    -0.0052619064,
    -0.011424651,
    0.009446175,
    0.031285193,
    0.059741583,
    0.0539156,
    -0.03182401,
    -0.011458328,
    0.033490982,
    -0.01666972,
    -0.009176766,
    -0.0067436597,
    -0.004352649,
    -0.0006424788,
    0.027867058,
    -0.037380584,
    0.008814746,
    -0.02207475,
    0.04388009,
    0.074357055,
    0.09159927,
    0.014640729,
    -0.014952234,
    -0.02741243,
    -0.04842638,
    0.03643765,
    0.012207624,
    0.016838102,
    -0.03194188,
    0.018555587,
    -0.018420883,
    0.03485487,
    -0.005657602,
    -0.001813253,
    0.029129915,
    -0.043071862,
    0.0044031637,
    0.009404079,
    -0.02747978,
    0.02704199,
    0.078532904,
    -0.007522422,
    -0.0111215655,
    -0.020542484,
    0.013630443,
    0.037986755,
    0.009614556,
    -0.022226293,
    0.06314288,
    -0.050884742,
    0.010725871,
    -0.030308582,
    -0.023219742,
    0.053006344,
    -0.0050851065,
    -0.046439484,
    0.023169227,
    0.0006366907,
    0.042263635,
    -0.06408581,
    0.035663098,
    0.00042910848,
    0.03136938,
    -0.019431168,
    0.0018500864,
    -0.013765148,
    0.021350712,
    0.0072277547,
    0.057316896,
    0.028136468,
    -0.042970832,
    0.0052198116,
    -0.009260955,
    -0.0015985672,
    0.06859843,
    -0.026385304,
    -0.008730556,
    0.027681839,
    0.06944033,
    -0.034787517,
    -0.037380584,
    -0.019010216,
    0.0050345925,
    -0.012367586,
    -0.012738024,
    0.023186065,
    0.021047626,
    -0.020424617,
    -0.023388123,
    -0.026503172,
    -0.010801642,
    -0.03485487,
    0.035966184,
    0.049234606,
    0.0066468404,
    0.042903483,
    0.0022457817,
    0.10298183,
    0.013377871,
    -0.108033255,
    0.0011628814,
    -0.045159787,
    0.019229112,
    0.06469198,
    0.038862336,
    0.024179513,
    0.033794068,
    0.015558406,
    0.10628209,
    -0.015373186,
    0.021535931,
    0.0133357765,
    0.070181206,
    0.087490775,
    0.010574328,
    -0.01463231,
    -0.03370988,
    -0.038525574,
    -0.10264506,
    -0.032026067,
    -0.022899818,
    -0.04495773,
    0.020188883,
    0.03599986,
    0.037346907,
    -0.015002748,
    -0.010069185,
    -0.019801607,
    0.010675356,
    0.07516529,
    0.0133862905,
    0.010448041,
    -0.04913358,
    -0.01597094,
    -0.0150280055,
    -0.025492884,
    -0.012022404,
    -0.013563091,
    -0.027159857,
    -0.037649993,
    0.03158828,
    -0.05637396,
    -0.011601452,
    -0.013419966,
    -0.004891468,
    -0.03372672,
    -0.07173031,
    -0.008187527,
    0.0027088295,
    0.0010965813,
    -0.010591165,
    -0.055262648,
    0.02047513,
    0.07294265,
    0.01870713,
    0.020256236,
    -0.06829534,
    -0.04637213,
    0.03369304,
    0.1008939,
    -0.0075771455,
    0.027378753,
    -0.015726786,
    -0.0036686014,
    0.041017614,
    0.042432014,
    0.019885797,
    0.014758595,
    0.00842326,
    -0.0050682686,
    0.052804284,
    -0.0042453064,
    -0.008360118,
    -0.020491969,
    -0.051356208,
    0.01586149,
    -0.012620157,
    0.012839052,
    -0.10567592,
    0.030729534,
    -0.04815697,
    -0.09786304,
    0.06570227,
    -0.040512472,
    -0.00037333227,
    0.045462873,
    0.03552839,
    0.027513457,
    0.018319855,
    0.009597718,
    0.034450755,
    -0.023825914,
    0.046607863,
    0.048998874,
    -0.0010450147,
    -0.032329153,
    0.043408625,
    -0.06583697,
    0.020592997,
    -0.032396507,
    -0.007253012,
    -0.019818446,
    -0.025610752,
    -0.012342328,
    -0.008646365,
    0.017031739,
    -0.028624771,
    0.004356859,
    -0.018100958,
    -0.033272088,
    0.01667814,
    -0.05071636,
    0.033389956,
    -0.047483444,
    -0.016021453,
    0.06277244,
    -0.005682859,
    -0.014026138,
    -0.017082253,
    0.14992645,
    -0.01808412,
    0.013327357,
    0.00921886,
    -0.009050479,
    0.0070383265,
    0.03246386,
    0.08183317,
    0.012645414,
    0.026755743,
    0.023741722,
    0.008263298,
    0.058461886,
    -0.014430253,
    -0.0029992869,
    -0.027563972,
    0.069777094,
