{
  "chunk_index": 164,
  "token_start": 73800,
  "token_end": 74300,
  "text": " thì bị phạt tù từ 01 năm đến 05 năm.\n\n2. Phạm tội thuộc một trong các trường hợp sau đây, thì bị phạt tù từ 03 năm đến 10 năm:\n\na) Có tổ chức;\n\nb) Có tính chất chuyên nghiệp;\n\nc) Chiếm đoạt tài sản trị giá từ 50.000.000 đồng đến dưới 200.000.000 đồng;\n\nd) Dùng thủ đoạn nguy hiểm;\n\nđ) Hành hung để tẩu thoát;\n\ne) Gây thương tích hoặc gây tổn hại cho sức khỏe của người khác mà tỷ lệ tổn thương cơ thể từ 11% đến 30%;\n\ng) Phạm tội đối với người dưới 16 tuổi, phụ nữ mà biết là có thai, người già yếu hoặc người không có khả năng tự vệ;\n\nh) Gây ảnh hưởng xấu đến an ninh, trật tự, an toàn xã hội;\n\ni) Tái phạm nguy hiểm.\n\n3. Phạm tội thuộc một trong các trường hợp sau đây, thì bị phạt tù từ 07 năm đến 15 năm:\n\na) Chiếm đoạt tài sản trị giá từ 200.000.000 đồng đến dưới 500.000.000 đồng;\n\nb) Gây thương tích hoặc gây tổn hại cho sức khỏe của người khác mà tỷ lệ ổ\n                                                                         t n thương cơ thể từ 31% đến 60%;\n\nc) Lợi dụng thiên tai, dịch bệnh.\n\n4. Phạm tội thuộc một trong các trường h",
  "embedding": [
    -0.00035374728,
    -0.037388593,
    -0.07502769,
    -0.18086809,
    -0.00015742487,
    0.052419182,
    0.016815472,
    0.003135287,
    0.019758962,
    0.08517334,
    -0.076405495,
    -0.053515162,
    -0.0022252318,
    -0.06300322,
    -0.14930385,
    -0.09538162,
    0.12876205,
    0.011977501,
    0.06939122,
    0.012321952,
    -0.024737844,
    0.02536412,
    0.0855491,
    -0.060529437,
    0.014466942,
    0.042461414,
    -0.018944805,
    -0.021246364,
    0.025285834,
    -0.012298467,
    -0.038359318,
    0.02810407,
    0.004951483,
    0.027978815,
    -0.0037361193,
    -0.02545806,
    0.045811985,
    0.021340305,
    0.004837971,
    -0.090684555,
    -0.06200118,
    0.07039326,
    -0.00065807754,
    0.017159922,
    0.009488059,
    -0.02251457,
    -0.014114663,
    0.06124965,
    -0.024487335,
    -0.002683195,
    0.0007290227,
    0.01667456,
    -0.025082296,
    -0.011954016,
    0.019336227,
    -0.07271048,
    0.05307677,
    -0.001312241,
    -0.0031783434,
    0.09162397,
    0.029231366,
    0.0011879646,
    0.043526083,
    -0.045999866,
    -0.03145464,
    -0.033818826,
    -0.0045561474,
    -0.01986856,
    0.020432208,
    -0.084296554,
    -0.100830205,
    -0.059527397,
    -0.048191827,
    0.03798355,
    0.08379553,
    -0.0020158212,
    -0.03989369,
    0.00030481958,
    0.062189065,
    0.037670415,
    0.05282626,
    -0.009722913,
    -0.020056443,
    -0.050101966,
    0.024690874,
    0.1154224,
    0.00022090857,
    0.0075426945,
    -0.03889165,
    0.015085389,
    0.040269453,
    0.0041451547,
    0.049663574,
    -0.11717597,
    0.01532807,
    -0.0050258534,
    -0.010631011,
    0.0023759292,
    -0.010317873,
    -0.020588776,
    0.020635746,
    -0.021215051,
    0.035760276,
    0.013472731,
    0.008415564,
    0.014756594,
    -0.007828432,
    0.017347805,
    0.032284454,
    0.008196368,
    0.008243339,
    0.0013415975,
    -0.025598973,
    -0.09594526,
    0.03441379,
    0.026178276,
    0.0055699293,
    -0.1197437,
    -0.02880863,
    -0.02321913,
    -0.012447207,
    0.054955594,
    -0.016408393,
    0.0016566919,
    0.027665678,
    -0.066385105,
    -0.024095913,
    -0.018913493,
    -0.016549306,
    0.013112623,
    -0.04593724,
    -0.05101006,
    -0.06701138,
    0.024252482,
    -0.08016314,
    -0.024706531,
    -0.010826722,
    -0.037482534,
    -0.020166041,
    0.007069074,
    -0.02545806,
    0.01572732,
    0.03266022,
    -0.010795408,
    -0.039298728,
    0.007170844,
    0.044528123,
    -0.03651181,
    -0.008689559,
    0.0074918093,
    0.029622786,
    -0.013676271,
    -0.0060083214,
    0.022733767,
    -0.04199171,
    -0.0014521742,
    -0.002154776,
    0.050289847,
    -0.0027242943,
    0.020009473,
    0.017410433,
    0.008212025,
    -0.027650021,
    -0.040363394,
    -0.023360042,
    0.019758962,
    -0.009652456,
    0.0394553,
    -0.029591473,
    -0.016596276,
    0.026068678,
    -0.011758305,
    -0.016095256,
    0.02116808,
    0.008392079,
    0.0063449442,
    -0.042868495,
    -0.045248337,
    -0.013065653,
    -0.07953687,
    -0.000860149,
    0.04869285,
    0.0770944,
    -0.03469561,
    -0.021246364,
    -0.028119728,
    -0.022890335,
    0.031141503,
    0.06337898,
    0.014913163,
    0.0065523977,
    -0.014764423,
    -0.042398788,
    0.06782553,
    0.0049397405,
    -0.018114991,
    -0.014983619,
    -0.020025128,
    0.11241628,
    -0.05107269,
    0.020526148,
    0.05802434,
    0.047283728,
    -0.014498256,
    -0.031673837,
    -0.021183737,
    0.027743964,
    0.031094532,
    0.029372277,
    -0.006235346,
    0.00018482438,
    -0.05266969,
    -0.0070025325,
    -0.026898492,
    -0.0035678078,
    0.063034534,
    -0.017567001,
    -0.0019179658,
    -0.008548648,
    -0.018929148,
    -0.033630945,
    -0.041522004,
    0.005053253,
    0.0030902736,
    -0.009018354,
    -0.0008997804,
    -0.03139201,
    -0.0017604186,
    -0.03698151,
    0.032221828,
    0.07853483,
    0.018208932,
    -0.021903953,
    0.011124202,
    0.012611604,
    0.031016247,
    -0.031814747,
    -0.0031842147,
    -0.008352937,
    0.023626208,
    0.10546464,
    -0.017786197,
    -0.020150384,
    0.012447207,
    0.010278732,
    -0.045060456,
    0.014615683,
    -0.07552871,
    0.0021880467,
    -0.025896452,
    -0.033474375,
    -0.057679888,
    0.019038746,
    -0.024753502,
    0.038328003,
    -0.0020353922,
    0.021606471,
    -0.00818854,
    -0.011272942,
    0.059496082,
    0.03186172,
    -0.10239589,
    -0.00848602,
    -0.04208565,
    -0.015461153,
    0.02796316,
    0.02641313,
    -0.013950266,
    0.02956016,
    -0.011797447,
    0.12575594,
    0.0009599615,
    0.025755541,
    0.0037126339,
    0.022311032,
    0.03594816,
    -0.0112338,
    0.0044622063,
    -0.02137162,
    0.02251457,
    -0.01507756,
    0.0232661,
    0.07922373,
    -0.022827707,
    -0.03788961,
    -0.0096368,
    0.074213535,
    0.033380434,
    -0.0015206729,
    0.0048184,
    0.0168781,
    0.020526148,
    0.011601736,
    -0.01467831,
    -0.02641313,
    0.038234062,
    -0.017050324,
    0.032566275,
    0.027978815,
    0.00012990304,
    -0.026053023,
    -0.0618133,
    0.0029317478,
    0.032018285,
    0.002755608,
    0.024502993,
    -0.02511361,
    -0.012611604,
    -0.08072679,
    0.0014463029,
    0.013417932,
    0.04368265,
    -0.0043017236,
    -0.022859022,
    0.019680679,
    0.01957108,
    0.018584698,
    0.030765738,
    -0.06325373,
    0.021903953,
    0.03175212,
    0.05915163,
    -0.054705083,
    0.023375697,
    -0.052387867,
    0.029262679,
    0.074464045,
    0.0034386388,
    -0.054423258,
    0.107280836,
    0.005855667,
    -0.026428787,
    0.059026375,
    0.017144267,
    0.009777712,
    -0.050602984,
    -0.058619298,
    0.05392224,
    -0.0328481,
    0.01343359,
    -0.05620814,
    -0.05420406,
    0.032159198,
    0.018130649,
    0.053389907,
    -0.06738714,
    0.04982014,
    0.029325306,
    0.07747016,
    -0.0022389316,
    0.035916846,
    -0.05630208,
    0.1094728,
    -0.042210907,
    0.000787736,
    0.0011361012,
    0.007448753,
    0.023031248,
    0.072585225,
    -0.063159786,
    -0.010176961,
    0.008493849,
    -0.025598973,
    -0.016831128,
    -0.03550977,
    -0.0050571673,
    -0.006795079,
    -0.0006937948,
    -0.015414183,
    -0.048097886,
    -0.019085716,
    -0.08273087,
    0.03814012,
    -0.07590447,
    0.15068166,
    0.0017418261,
    0.02251457,
    0.032127883,
    -0.01907006,
    0.012220182,
    -0.03035866,
    0.030029865,
    -0.005061081,
    0.041208867,
    0.01118683,
    -0.012768173,
    -0.05987185,
    -0.023641864,
    0.018756922,
    0.050602984,
    -0.022060521,
    0.001812282,
    -0.009010525,
