{
  "chunk_index": 46,
  "token_start": 20700,
  "token_end": 21200,
  "text": " án\n\n1. Trong trường hợp một người đang phải chấp hành một bản án mà lại bị xét xử về tội đã phạm trước khi có bản án này, thì Tòa án\nquyết định hình phạt đối với tội đang bị xét xử, sau đó quyết định hình phạt chung theo quy định tại Điều 55 của Bộ luật này.\n\nThời gian đã chấp hành hình phạt của bản án trước được trừ vào thời hạn chấp hành hình phạt chung.\n\n2. Khi xét xử một người đang phải chấp hành một bản án mà lại thực hiện hành vi phạm tội mới, Tòa án quyết định hình phạt đối với tội\nmới, sau đó tổng hợp với phân hình phạt chưa chấp hành của bản án trước rồi quyết định hình phạt chung theo quy định tại Điều 55\ncủa Bộ luật này.\n\n3. Trong trường hợp một người phải chấp hành nhiều bản án đã có hiệu ự\n                                                                     l c pháp luật mà các hình phạt của các bản án chưa được tổng\nhợp, thì Chánh án Tòa án có thẩm quyền ra quyết định tổng hợp hình phạt của các bản án theo quy định tại khoản 1 và khoản 2 Điều\nnày.\n\nĐiều 57. Quyết định hình phạt trong trường hợp chuẩn bị phạm tội, phạm",
  "embedding": [
    -0.0009523546,
    -0.06311578,
    -0.04028388,
    0.027457336,
    -0.0025095413,
    0.020469984,
    0.03219758,
    -0.098413385,
    -0.0071185683,
    0.052355923,
    -0.049633153,
    -0.03395262,
    0.00018670352,
    -0.040939968,
    -0.06180361,
    -0.16218527,
    0.114881225,
    0.1294464,
    0.05711257,
    0.009382077,
    -0.00066582806,
    0.007048859,
    0.092442974,
    0.020994857,
    0.0024603347,
    0.07964923,
    -0.03131186,
    -0.018731348,
    0.012096645,
    0.06669147,
    -0.116390236,
    -0.04153045,
    0.016664667,
    -0.06327981,
    0.002169195,
    -0.022848308,
    -0.03477273,
    0.0037233066,
    0.11757119,
    0.000562289,
    -0.048878647,
    -0.104186974,
    0.049173888,
    0.007918177,
    0.03191874,
    0.04740245,
    0.003770463,
    0.030196508,
    -0.04733684,
    -0.002411128,
    0.018960979,
    0.014351953,
    -0.018911773,
    0.018354097,
    0.024997,
    -0.12885593,
    0.040447902,
    0.0043342896,
    -0.027654162,
    -0.04989559,
    0.0022819603,
    0.0005159014,
    0.08548843,
    0.0008908462,
    -0.0183705,
    -0.005088792,
    -0.043203477,
    -0.009742925,
    0.010267797,
    -0.011358545,
    -0.06334542,
    0.09690438,
    0.027391726,
    -0.010743462,
    0.07138251,
    -0.02558748,
    -0.0084717525,
    -0.022061002,
    0.017107528,
    0.01792764,
    0.09644512,
    -0.016221806,
    -0.031426676,
    0.038381223,
    0.03742989,
    0.012432891,
    -0.010431819,
    0.033493355,
    -0.004732044,
    -0.0055111498,
    0.06042582,
    -0.04536857,
    -0.01014478,
    -0.021355705,
    -0.0038811779,
    -0.051207766,
    0.028966341,
    -0.060393017,
    -0.04861621,
    0.024504934,
    -0.02007633,
    -0.04130082,
    0.0077664563,
    0.043859567,
    -0.030311324,
    0.011506165,
    -0.018977381,
    -0.01381888,
    0.019797493,
    -0.012670724,
    0.016845092,
    0.050617285,
    0.045007724,
    -0.06459199,
    0.024029268,
    0.070529595,
    0.049042672,
    -0.06656025,
    0.0117193945,
    0.0801741,
    -0.02265148,
    0.007249786,
    -0.010226791,
    -0.01932183,
    -0.015614924,
    0.014392958,
    -0.03418225,
    0.019125002,
    -0.020765224,
    0.042547386,
    0.025456263,
    -0.018780556,
    -0.034018226,
    -0.018649338,
    -0.010645048,
    -0.033690184,
    -0.005904803,
    -0.00793868,
    0.029868463,
    0.04461407,
    -0.04425322,
    -0.021437716,
    0.028064217,
    0.09893826,
    -0.011661987,
    0.045827836,
    0.027408129,
    -0.06357505,
    0.03592089,
    0.019813895,
    0.043269087,
    -0.042383365,
    -0.0455654,
    0.027736174,
    0.004227675,
    -0.010874679,
    -0.008660378,
    -0.0029072955,
    -0.018190075,
    0.045762226,
    0.017812824,
    0.047730494,
    -0.021158878,
    -0.03756111,
    0.008512758,
    0.0047525465,
    0.018354097,
    0.065740146,
    -0.046352707,
    -0.029802855,
    0.022208622,
    -0.03985742,
    -0.009062232,
    -0.005371731,
    -0.032378003,
    -0.0039098817,
    -0.005314323,
    -0.08365138,
    -0.025472665,
    -0.04402359,
    0.013974701,
    0.002831435,
    -0.00816011,
    -0.029113961,
    0.0033850104,
    -0.011432355,
    -0.016631862,
    0.029130362,
    0.06409992,
    0.06662586,
    -0.07925558,
    0.008377439,
    0.033280127,
    0.023028733,
    -0.018862566,
    0.018321292,
    -0.003534681,
    0.10136579,
    0.02375043,
    0.01940384,
    0.027703369,
    -0.024357313,
    0.055603564,
    -0.030606564,
    -0.015942968,
    -0.03428066,
    0.0029872563,
    -0.009808535,
    -0.018714946,
    -0.030704977,
    0.024865782,
    -0.048550606,
    -0.045762226,
    -0.06308298,
    0.008693183,
    0.02007633,
    -0.07492539,
    -0.018928176,
    0.0051462,
    0.06354225,
    -0.030852597,
    0.007184177,
    0.009619908,
    0.0009128867,
    -0.04307226,
    -0.047369644,
    0.019272622,
    0.02088004,
    0.0035879882,
    -0.026620822,
    0.060622647,
    0.015992176,
    -0.033165313,
    -0.030262116,
    0.014138724,
    -0.016106991,
    -0.023914453,
    0.014196131,
    0.008016591,
    0.015819952,
    0.11251931,
    0.03572406,
    0.06564173,
    0.024373716,
    -0.025275838,
    -0.040316686,
    -0.0053102225,
    -0.01109611,
    -0.021831369,
    -0.020830834,
    -0.104252584,
    -0.019354632,
    -0.03277166,
    -0.03572406,
    -0.06849572,
    0.002888843,
    0.023487994,
    -0.048025735,
    0.011604578,
    0.022946721,
    0.0742693,
    0.09126201,
    -0.0006012443,
    -0.014983438,
    0.051437397,
    0.022667883,
    -0.03592089,
    -0.048780236,
    -0.02814623,
    -0.014967036,
    0.06724915,
    -0.022700688,
    -0.0041354126,
    0.015565718,
    0.060917888,
    -0.0033542563,
    -0.006712613,
    -0.015139259,
    -0.02375043,
    -0.0026633122,
    -0.05894962,
    0.014466768,
    -0.059146445,
    0.048878647,
    0.052355923,
    -0.0045762225,
    0.008520959,
    0.020109136,
    -0.008980222,
    -0.018944576,
    0.05307762,
    0.09395198,
    -0.007044758,
    0.031065825,
    -0.06659306,
    -0.035231993,
    0.021191683,
    -0.02991767,
    -0.036576975,
    -0.0050477865,
    -0.02926158,
    -0.03690502,
    0.0013665109,
    0.04786171,
    -0.07492539,
    0.08785035,
    0.009455887,
    0.028818721,
    0.04579503,
    0.061475564,
    0.02411128,
    0.0024664856,
    0.040939968,
    -0.012965964,
    0.05409456,
    0.0102513945,
    0.07289152,
    0.005306122,
    -0.027293313,
    0.03779074,
    -0.03388701,
    -0.00962811,
    0.064821616,
    -0.009611707,
    0.045237355,
    0.044187613,
    -0.0036864015,
    0.006868434,
    -0.035560038,
    0.109370075,
    -0.0010999746,
    0.026128754,
    0.07754975,
    0.031295456,
    -0.038906094,
    -0.021454118,
    -0.07853388,
    0.03242721,
    -0.043761153,
    0.061344344,
    -0.046516728,
    0.0183705,
    0.07013594,
    0.0020830834,
    0.015426299,
    -0.01800965,
    0.09723242,
    -0.009513294,
    0.09670755,
    0.10792668,
    -0.03167271,
    -0.018288488,
    0.0639687,
    0.054061756,
    0.013047975,
    0.058326334,
    0.0065321885,
    -0.0025854018,
    0.04477809,
    -0.054389797,
    0.006675708,
    -0.033165313,
    -0.018829761,
    0.032099165,
    0.057637442,
    -0.02580071,
    -0.04294104,
    0.031180643,
    0.017222343,
    -0.05160142,
    0.020322364,
    -0.0067946245,
    0.045827836,
    -0.06554332,
    -0.013244802,
    0.052651163,
    0.026325582,
    -0.05350408,
    -0.015787147,
    0.028753111,
    -0.01632842,
    0.08660378,
    -0.04668075,
    -0.04248178,
    -0.042842627,
    -0.07269469,
    -0.026030341,
    0.08857205,
    -0.05616124,
    0.004457306,
    -0.017451974,
    -0.042678606,
    -0.003426016,
    -0.019239817,
    0.037757937,
