{
  "chunk_index": 255,
  "token_start": 114750,
  "token_end": 115250,
  "text": "500.000.000 đồng đến 1.000.000.000 đồng;\n\nc) Phạm tội thuộc trường hợp quy định tại khoản 3 Điều này, thì bị phạt tiền từ 1.000.000.000 đồng đến 3.000.000.000 đồng.\n\nMục 3. CÁC TỘI PHẠM KHÁC XÂM PHẠM TRẬT TỰ QUẢN LÝ KINH TẾ\n\nĐiều 217. Tội vi phạm quy định về cạnh tranh\n\n1.165 Người nào thực hiện một trong các hành vi sau đây gây thiệt hại cho người khác từ 1.000.000.000 đồng đến dưới 5.000.000.000\nđồng hoặc thu lợi bất chính từ 500.000.000 đồng đến dưới 3.000.000.000 đồng, thì bị phạt tiền từ 200.000.000 đồng đến 1.000.000.000\nđồng, phạt cải tạo không giam giữ đến 02 năm hoặc phạt tù từ 03 tháng đến 02 năm:\n\na) Thỏa thuận ngăn cản, kìm hãm không cho doanh nghiệp khác tham gia thị trường hoặc phát triển kinh doanh;\n\nb) Thỏa thuận loại bỏ khỏi thị trường doanh nghiệp không phải là các bên của thỏa thuận;\n\nc) Thỏa thuận hạn chế cạnh tranh khi các bên tham gia thỏa thuận có thị phần kết hợp trên thị trường liên quan 30% trở lên thuộc một\ntrong các trường hợp: thỏa",
  "embedding": [
    -0.00034268753,
    0.08926038,
    -0.036776807,
    -0.10234934,
    -0.0016450997,
    0.072787434,
    0.053409375,
    0.010966001,
    0.0334886,
    0.04909959,
    -0.067041054,
    -0.05663373,
    0.009210164,
    -0.090984285,
    -0.05589947,
    -0.15042736,
    0.012011522,
    0.0019942718,
    0.12603718,
    -0.00392669,
    -0.0031505306,
    0.12016311,
    0.03109428,
    -0.04287435,
    -0.0786615,
    0.073617466,
    -0.029801344,
    0.011309188,
    -0.085301764,
    -0.030615415,
    0.00060356903,
    0.030104626,
    0.05360092,
    -0.043704383,
    -0.0093458425,
    0.034446333,
    0.05989001,
    0.005650603,
    0.046449874,
    -0.058836505,
    -0.00029405285,
    0.06455096,
    0.064072095,
    0.017350864,
    0.00992048,
    0.055324834,
    0.0019463854,
    0.042172015,
    0.013743416,
    -0.041629303,
    0.03200412,
    0.01266597,
    0.13420981,
    -0.02620986,
    0.14251013,
    -0.12814419,
    0.025284056,
    -0.009712972,
    0.03181258,
    0.03591485,
    0.013216665,
    0.05130237,
    0.061709695,
    -0.0031804596,
    -0.021405252,
    -0.032147784,
    0.01162045,
    0.0023304748,
    0.018627835,
    -0.0485888,
    -0.103817865,
    -0.08051311,
    0.008898902,
    0.0046769115,
    0.106882595,
    -0.013950924,
    -0.026784498,
    -0.052802812,
    0.07495829,
    -0.004004506,
    0.00031774666,
    -0.004489356,
    0.019793073,
    -0.03923498,
    -0.019505754,
    0.037670687,
    -0.010926096,
    -0.022762034,
    -0.028779767,
    0.051366217,
    0.04523675,
    0.052675113,
    0.0266568,
    0.052068554,
    0.0021808296,
    -0.012115276,
    -0.0062491843,
    0.026050238,
    -0.027885886,
    -0.013926981,
    -0.0071709985,
    -0.03968192,
    0.07265973,
    0.0057942625,
    -0.024054969,
    0.002799363,
    -0.010950039,
    0.027327212,
    0.023608029,
    -0.028332828,
    -0.0006185335,
    -0.0042539146,
    0.017638182,
    -0.07214894,
    0.015610988,
    0.012258936,
    -0.039203055,
    -0.0580384,
    -0.0015084237,
    0.008483886,
    0.009808745,
    0.06538099,
    -0.012298841,
    0.004385602,
    0.0025579354,
    -0.020830613,
    -0.04494943,
    0.01621755,
    -0.09577294,
    0.011540638,
    0.009074486,
    -0.063050516,
    0.052068554,
    0.0076817875,
    -0.026002351,
    -0.0050679846,
    0.049929623,
    0.009361804,
    -0.025587335,
    0.043512836,
    0.0010515071,
    -0.029865194,
    0.04561984,
    0.070680425,
    -0.009266032,
    -0.057112593,
    0.010566947,
    -0.0075700525,
    -0.00932988,
    -8.224251e-05,
    0.026050238,
    -0.024390174,
    0.019266322,
    0.006173364,
    -0.02946614,
    -0.04405555,
    -0.016568718,
    0.05768723,
    0.021979889,
    0.06570023,
    0.023496293,
    -0.002673661,
    -0.047662996,
    -0.0035715324,
    -0.040767346,
    0.021197744,
    -0.04501328,
    0.059634615,
    -0.007043301,
    -0.025746958,
    0.029370368,
    -0.0053832373,
    -0.021261591,
    -0.0061055245,
    -0.024246516,
    0.009872593,
    -0.020750802,
    -0.064742506,
    -0.027183551,
    -0.07151046,
    0.003848875,
    0.006524531,
    0.1064995,
    -0.0003072715,
    -0.007083207,
    0.03181258,
    -0.046417948,
    0.0173349,
    0.015020389,
    0.036266018,
    -0.009912499,
    -0.0059578745,
    -0.0012699891,
    0.006005761,
    0.033552453,
    -0.028827654,
    -0.024039006,
    0.033871695,
    0.03428671,
    -0.012849536,
    0.016552756,
    0.045555994,
    -0.011748146,
    0.032227594,
    -0.008499848,
    -0.03435056,
    0.008228491,
    0.04427902,
    0.0064965975,
    -0.0024681482,
    0.00917824,
    -0.065349065,
    0.023639953,
    0.015802534,
    0.01990481,
    0.07457519,
    -0.017350864,
    -0.033648226,
    0.021054083,
    -0.012562216,
    0.018085122,
    -0.074319795,
    0.030838884,
    0.021868154,
    0.000734758,
    0.0027135664,
    0.010503098,
    0.02649718,
    0.0025818788,
    0.0073864874,
    0.037574913,
    0.056314487,
    -0.04702451,
    -0.00999231,
    -0.027997622,
    0.043289367,
    -0.03198816,
    0.0039805626,
    0.009361804,
    -0.0016710382,
    0.023193013,
    -0.003154521,
    -0.0054351143,
    0.001188183,
    -0.036904503,
    -0.015419442,
    -0.010391364,
    -0.0075780335,
    0.04724798,
    -0.0041661225,
    -0.04893997,
    -0.025699072,
    0.023017429,
    -0.039554223,
    -0.025347903,
    0.055356756,
    -0.0036234094,
    0.01939402,
    0.041852772,
    0.015036351,
    0.048237637,
    -0.07240434,
    0.014780956,
    -0.025523487,
    -0.0050161076,
    0.017973388,
    0.10254089,
    0.045715615,
    -0.003471769,
    -0.028891502,
    0.08996271,
    -0.0038588513,
    -0.04344899,
    -0.005558821,
    0.058549188,
    0.00747827,
    0.06646641,
    0.028380712,
    0.011213414,
    0.009433635,
    -0.03575523,
    -0.0124425,
    -0.06043272,
    -0.014988464,
    0.010742531,
    -0.060815815,
    0.12022696,
    -0.0011013887,
    0.020702915,
    -0.045907162,
    -0.01894708,
    0.022490678,
    -0.044310946,
    0.017542409,
    0.021373326,
    -0.00858764,
    -0.0043496876,
    -0.013655624,
    0.027598567,
    0.008627545,
    0.003553575,
    0.007885305,
    -0.015754648,
    -0.0041182362,
    0.047279906,
    0.02954595,
    -0.014573448,
    -0.016536793,
    -0.12393018,
    -0.012626065,
    0.04153353,
    0.029529989,
    -0.0064367396,
    -4.8697046e-05,
    0.035627533,
    0.050600033,
    0.012506349,
    0.03843687,
    -0.039873466,
    -0.0359787,
    0.016871998,
    0.090218104,
    -0.032530874,
    0.0068118502,
    0.022426829,
    -0.004800618,
    0.04973808,
    0.045715615,
    0.050600033,
    0.06352938,
    -0.035882927,
    0.023496293,
    -0.013926981,
    0.01725509,
    0.007905258,
    0.011420922,
    -0.025204245,
    0.022299131,
    -0.03760684,
    0.00888294,
    -0.043864004,
    -0.03072715,
    -0.036138322,
    -0.111862786,
    0.06072004,
    -0.07744838,
    -0.044981357,
    0.030439831,
    -0.010024234,
    0.064742506,
    0.07393671,
    0.018787457,
    0.109819636,
    0.011883825,
    0.04325744,
    0.021325441,
    -0.006189326,
    -0.0057902723,
    0.087919556,
    -0.081406996,
    0.006396834,
    0.012490387,
    0.038468797,
    0.015587045,
    -0.03923498,
    -0.029929042,
    -0.046545647,
    0.030423868,
    -0.012051428,
    0.018196858,
    -0.047343753,
    0.05506944,
    0.03655334,
    -0.052930508,
    0.019234398,
    -0.017143356,
    -0.019346133,
    0.032977816,
    -0.006117496,
    0.00087791856,
    0.011660355,
    0.010207798,
    -0.0672326,
    0.021963926,
    0.0022307113,
    0.014972502,
    0.01518001,
    0.045555994,
    0.07527753,
    0.011037831,
    0.002220735,
    -0.030822923,
    0.006197307,
    -0.04702451,
    0.06850957,
    0.0173349,
    -0.021820268,
    0.021868154,
