{
  "chunk_index": 675,
  "token_start": 303750,
  "token_end": 304250,
  "text": "o quy định tại khoản 65 Điều 1 của Luật số 12/2017/QH14 sửa đổi, bổ sung một số điều của\nBộ luật Hình sự số 100/2015/QH13, có hiệu lực kể từ ngày 01 tháng 01 năm 2018.\n\f240 Khoản này được sửa đổi, bổ sung theo quy định tại khoản 65 Điều 1 của Luật số 12/2017/QH14 sửa đổi, bổ sung một số điều của\nBộ luật Hình sự số 100/2015/QH13, có hiệu lực kể từ ngày 01 tháng 01 năm 2018.\n\n241 Khoản này được sửa đổi, bổ sung theo quy định tại khoản 65 Điều 1 của Luật số 12/2017/QH14 sửa đổi, bổ sung một số điều của\nBộ luật Hình sự số 100/2015/QH13, có hiệu lực kể từ ngày 01 tháng 01 năm 2018.\n\n242 Khoản này được sửa đổi, bổ sung theo quy định tại khoản 66 Điều 1 của Luật số 12/2017/QH14 sửa đổi, bổ sung một số điều của\nBộ luật Hình sự số 100/2015/QH13, có hiệu lực kể từ ngày 01 tháng 01 năm 2018.\n\n243 Khoản này được sửa đổi, bổ sung theo quy định tại khoản 66 Điều 1 của Luật số 12/2017/QH14 sửa đổi, bổ sung một số điều của\nBộ luật Hình sự số 100/2015/QH13, có hiệu lực kể từ ngày 01 tháng 01 năm 2018.\n\n244 Khoản",
  "embedding": [
    0.00011425247,
    -0.055964183,
    -0.047655683,
    -0.025955629,
    0.002300881,
    0.00024024682,
    -0.017545803,
    -0.013619528,
    0.028522482,
    0.07254741,
    -0.05876746,
    -0.007924319,
    0.00070134655,
    -0.004774856,
    -0.116724335,
    -0.18116589,
    0.04421069,
    0.00947372,
    0.053836398,
    0.0071348427,
    -0.005644547,
    0.049141753,
    0.07329045,
    -0.0018301504,
    -0.041677613,
    0.06998056,
    -0.012471198,
    0.022966594,
    -0.009591931,
    0.026175162,
    -0.051505964,
    -0.0064002494,
    0.041914035,
    -0.04978347,
    0.0028201626,
    -0.0042935708,
    0.06602896,
    -0.008941773,
    0.016448135,
    -0.011137109,
    -0.008620916,
    -0.02490862,
    -0.049074207,
    -0.017410705,
    0.06467798,
    0.05086425,
    -0.011103335,
    0.069575265,
    -0.061942253,
    0.021716941,
    0.014776301,
    0.052586745,
    -0.08423336,
    -0.013399994,
    -0.02588808,
    -0.15684833,
    -0.0018164295,
    0.01013232,
    0.008975548,
    -0.00014090259,
    0.0028370498,
    0.029653925,
    0.011196215,
    -0.038198847,
    -0.014565211,
    -0.015004278,
    0.06653557,
    -0.08200425,
    0.018170629,
    -0.03139331,
    -0.110442296,
    0.066704445,
    -0.042623296,
    -0.021345422,
    0.07464143,
    -0.03058272,
    -0.0323221,
    0.019825574,
    0.02605695,
    -0.0048086303,
    0.06592763,
    -0.11456277,
    -0.00980302,
    -0.048196074,
    0.007920098,
    0.036780324,
    0.05177616,
    0.001681332,
    -0.051303316,
    -0.02262885,
    0.022915931,
    -0.026394695,
    0.07707319,
    0.019082537,
    0.00537013,
    -0.014134588,
    -0.021345422,
    -0.04066438,
    0.0024655315,
    -0.024165586,
    0.016237045,
    -0.022105346,
    -0.009634148,
    0.026884424,
    -0.001615894,
    -0.03512538,
    -0.01906565,
    0.01275828,
    0.0047241943,
    0.0129355965,
    0.013577309,
    0.028674468,
    0.033639304,
    -0.081531405,
    -0.017832885,
    -0.033048254,
    0.13651614,
    0.013011589,
    -0.0016496684,
    0.05508605,
    -0.0070335194,
    0.033217125,
    0.018592808,
    0.0067042187,
    0.044008046,
    -0.093892835,
    -0.021125888,
    0.022882158,
    -0.10098546,
    -0.0050788256,
    -0.010064772,
    0.0131720165,
    0.056335703,
    -0.0053447993,
    -0.013670189,
    -0.02739104,
    -1.0851346e-05,
    0.008190293,
    -0.05140464,
    0.030751593,
    -0.029687699,
    -0.003548423,
    0.0131973475,
    -0.0025225256,
    -0.026344033,
    -0.035868414,
    0.010672711,
    0.044075593,
    0.010520726,
    0.012876491,
    0.0022037798,
    -0.012597852,
    -0.032423425,
    0.007067294,
    -0.03137642,
    -0.07038585,
    0.019217635,
    -0.056437027,
    -0.02534769,
    0.012960927,
    -0.002262885,
    -0.026783101,
    -0.012032131,
    0.043535203,
    0.02099079,
    0.029839685,
    -0.041610062,
    -0.019943785,
    -0.050458957,
    -0.06413759,
    0.029485052,
    -0.044818632,
    -0.011213101,
    0.031832375,
    -0.02842116,
    -0.0022523305,
    0.023371886,
    -0.011576177,
    0.008194515,
    -0.09544646,
    -0.020061996,
    -0.036273707,
    0.008680021,
    -0.022510638,
    -0.024334457,
    0.03215323,
    -0.0068350947,
    -0.009456833,
    0.025533449,
    0.021531181,
    -0.087813444,
    -0.037253167,
    0.0076583456,
    0.045156375,
    -0.060861472,
    0.010638936,
    -0.02685065,
    0.040157765,
    0.03759091,
    0.0012179894,
    0.015249142,
    0.004228133,
    0.06582631,
    -0.008975548,
    0.006725328,
    -0.033267785,
    -0.029670812,
    -0.012091236,
    0.0007820885,
    -0.036881648,
    0.007882101,
    -0.06268529,
    -0.076195054,
    -0.036239933,
    0.017545803,
    0.050425183,
    -0.036881648,
    -0.023067916,
    0.026411582,
    0.040765703,
    -0.017613351,
    -0.020180205,
    -0.060253534,
    0.057821777,
    -0.021446746,
    0.034855183,
    -0.0061173886,
    0.024705974,
    0.039009433,
    0.00914442,
    0.08436846,
    -0.02359142,
    -0.050357632,
    -0.0036603007,
    0.002220667,
    -0.010655824,
    -0.0066071176,
    0.047993425,
    -0.019318959,
    0.084300905,
    -0.009448389,
    -0.019876236,
    0.035091605,
    0.015958404,
    -0.013138242,
    0.003510427,
    -0.0036476355,
    -0.008055195,
    0.0017889879,
    0.015485563,
    -0.080450624,
    -0.004044485,
    0.002030686,
    -0.02183515,
    -0.047757003,
    -0.024368232,
    0.018930553,
    -0.030548947,
    0.00024539215,
    0.02654668,
    0.003278228,
    -0.065421015,
    -0.03184926,
    0.0052941376,
    0.090920694,
    -0.024182472,
    0.049040433,
    0.014168362,
    -0.013450656,
    0.0049563935,
    0.011871702,
    -0.07302026,
    -0.005235032,
    0.03674655,
    0.16346811,
    0.036982972,
    -0.006889978,
    0.026327146,
    0.033622418,
    -0.036645226,
    -0.0042006914,
    -0.03022809,
    0.039921343,
    0.02473975,
    0.06656934,
    0.0060413964,
    0.041677613,
    0.0033689965,
    -0.016152607,
    -0.004500439,
    0.018626584,
    -0.0790321,
    0.018187515,
    -0.004038152,
    -0.08659757,
    0.072142124,
    0.045291472,
    -0.006632448,
    0.022763947,
    0.008148074,
    0.045831863,
    0.015156263,
    -0.0072783837,
    0.052586745,
    -0.021767601,
    -0.02750925,
    -0.0046228715,
    0.007510583,
    -0.019758025,
    0.073358,
    -0.011854815,
    -0.025330802,
    0.042218003,
    -0.05316091,
    -0.02485796,
    0.0076583456,
    0.033639304,
    0.053059585,
    0.024570877,
    0.011770379,
    0.05103312,
    0.11631904,
    -0.042521972,
    -0.0076583456,
    -0.020484176,
    0.03336911,
    -0.0014227467,
    -0.0041711386,
    -0.042623296,
    0.11287405,
    -0.0097101405,
    0.003888278,
    0.0110948915,
    -0.03348732,
    -0.016448135,
    -0.054140367,
    -0.037084293,
    0.075992405,
    -0.008224067,
    0.03637503,
    -0.04019154,
    -0.03742204,
    0.060287308,
    -0.06515082,
    -0.057348937,
    0.047317937,
    0.07714073,
    -0.042319328,
    0.0040698154,
    -0.0038608364,
    0.09159618,
    -0.05454566,
    -0.07295271,
    0.08896177,
    -0.0039431616,
    0.031241322,
    -0.012513416,
    0.012251664,
    0.038773015,
    -0.026090726,
    0.013020032,
    -0.04181271,
    -0.010537613,
    0.045055054,
    0.029687699,
    -0.026107613,
    -0.047520585,
    0.07025076,
    0.03590219,
    -0.024047375,
    -0.03301448,
    -0.067143515,
    -0.021548068,
    -0.028691355,
    -0.016887201,
    0.014936729,
    0.034584988,
    0.05295826,
    0.011111778,
    -0.03691542,
    0.034010824,
    0.07774867,
    -0.024503328,
    0.07531691,
    -0.0065184594,
    -0.018812342,
    -0.06494818,
    -0.053127136,
    -0.050661605,
    0.0008163906,
    0.016397472,
    -0.015510894,
    0.015823308,
    -0.09450078,
