{
  "chunk_index": 595,
  "token_start": 267750,
  "token_end": 268250,
  "text": " với 02 người trở lên;\n\ng) Gây rối loạn tâm thần và hành vi của nạn nhân mà tỷ lệ ổ\n                                                          t n thương cơ thể 61% trở lên402;\n\nh) Làm nạn nhân tự sát.\n\nĐiều 398. Tội hành hung đồng đội\n\n1. Người nào trong quan hệ công tác mà cố ý gây thương tích hoặc gây tổn hại cho sức khỏe của đồng đội mà không thuộc trường hợp\nquy định tại Điều 134403 của Bộ luật này, thì bị phạt cải tạo không giam giữ đến 02 năm hoặc phạt tù từ 03 tháng đến 02 năm.\n\n2. Phạm tội thuộc một trong các trường hợp sau đây, thì bị phạt tù từ 02 năm đến 07 năm:\n\na) Là chỉ huy hoặc sĩ quan;\n\nb) Đối với chỉ huy hoặc cấp trên;\n\nc) Vì lý do công vụ của nạn nhân;\n\nd) Trong khu vực có chiến sự;\n\nđ) Gây hậu quả nghiêm trọng, rất nghiêm trọng hoặc đặc biệt nghiêm trọng.\n\nĐiều 399. Tội đầu hàng địch\n\n1. Người nào đầu hàng địch, thì bị phạt tù từ 03 năm đến 10 năm.\n\n2. Phạm tội thuộc một trong các trường hợp sau đây, thì bị phạt tù từ 07 năm đến 15 năm:\n\fa) Là chỉ huy hoặc sĩ quan;\n\nb) Giao nộp cho địch v",
  "embedding": [
    -0.0001932777,
    0.029908538,
    -0.02735518,
    -0.22743566,
    0.0014002598,
    0.09111127,
    -0.009154721,
    0.046894595,
    0.03046903,
    0.059972767,
    0.013366205,
    -0.010034384,
    0.003612067,
    0.036992546,
    0.03253974,
    -0.11209863,
    0.10506133,
    0.005963024,
    0.027059363,
    0.016036332,
    -0.0367123,
    0.05788649,
    0.06570225,
    -0.087000996,
    0.120256916,
    0.0942874,
    -0.050319828,
    -0.035404485,
    0.0688161,
    0.04785989,
    -0.0014498868,
    -0.03275771,
    -0.04680118,
    0.015351284,
    0.0007103472,
    0.008306197,
    0.13700944,
    0.009722999,
    0.09111127,
    -0.051191706,
    -0.0072202417,
    0.03839378,
    0.009956538,
    -0.015483623,
    0.026483301,
    -0.015102177,
    -0.0101278,
    0.022466434,
    -0.032446325,
    -0.035809286,
    -0.0031508277,
    0.033380482,
    0.024241328,
    0.006667533,
    0.027043795,
    -0.12648462,
    0.07902954,
    -0.009940969,
    -0.017826796,
    0.04711256,
    0.03636978,
    -0.0048225764,
    0.016690241,
    -0.081333786,
    -0.017453134,
    -0.03674344,
    -0.007333119,
    0.0038339288,
    0.009940969,
    -0.021423293,
    -0.08955435,
    -0.03406553,
    0.012875773,
    0.051067155,
    0.03587156,
    0.001576387,
    -0.030375615,
    -0.0034894592,
    0.01941486,
    0.016581256,
    0.062494986,
    0.0254713,
    -0.031621154,
    -0.008890044,
    0.011349986,
    0.05097374,
    0.028429458,
    0.02818035,
    -0.02649887,
    0.027635425,
    0.03674344,
    -0.018823229,
    0.03951477,
    -0.111600414,
    0.020208891,
    -0.0011550441,
    -0.018869936,
    -0.046645485,
    -0.01692378,
    -0.019290306,
    0.05570679,
    -0.024490437,
    0.01418359,
    0.020753816,
    0.01709504,
    -0.0164567,
    -0.038705166,
    0.025798254,
    0.012665588,
    -0.015686024,
    -0.016363285,
    0.06545314,
    -0.05679664,
    -0.07579113,
    0.002508596,
    0.005262408,
    0.019913075,
    -0.017250733,
    0.017375289,
    -0.038487196,
    -0.0043126834,
    0.014393776,
    -0.006130394,
    0.023042496,
    0.025019791,
    -0.0156471,
    -0.03362959,
    -0.014378206,
    -0.061280586,
    0.029597152,
    -0.046022717,
    0.0063639325,
    0.055052884,
    0.039919566,
    0.030624723,
    -0.025626993,
    0.0096840765,
    0.023509573,
    -0.023494005,
    0.02881869,
    -0.016518978,
    -0.0009336687,
    0.01981966,
    0.07386054,
    -0.04985275,
    -0.01709504,
    -0.018947782,
    -0.01776452,
    0.025300037,
    0.012346419,
    0.055987038,
    -0.0062627327,
    -0.03805126,
    0.007449888,
    -0.015429131,
    0.02173468,
    0.017406426,
    0.02316705,
    0.032446325,
    -0.007274734,
    -0.016238732,
    0.033318203,
    -0.0101355845,
    -0.059412275,
    -0.009458322,
    -0.012829065,
    0.0020804417,
    -0.009248137,
    -0.031885833,
    0.05763738,
    0.022777818,
    0.009224783,
    -0.046863455,
    -0.030795984,
    -0.02651444,
    -0.05237497,
    -0.03294454,
    -0.07622707,
    -0.037895564,
    -0.07330005,
    0.012759004,
    0.017982488,
    0.12131563,
    -0.06887838,
    -0.009886476,
    -0.015896209,
    -0.044995144,
    0.0005055142,
    0.036307503,
    0.017515412,
    -0.022030495,
    0.0367123,
    -0.027448595,
    0.033255927,
    -0.02002206,
    -0.018745381,
    -0.058571532,
    -0.015748302,
    0.08837108,
    0.024443729,
    0.038891997,
    -0.003674344,
    0.044714898,
    -0.0105870925,
    -0.011817064,
    -0.022404157,
    -0.008905614,
    0.027526442,
    0.0063639325,
    -0.023244897,
    0.018480705,
    5.7898164e-05,
    -0.03253974,
    -0.013599743,
    0.027386319,
    0.0451197,
    -0.047641918,
    -0.024614992,
    -0.015686024,
    0.036618885,
    -0.00197243,
    -0.013895559,
    -0.02150114,
    0.04695687,
    -0.010781708,
    0.012276357,
    0.01579501,
    -0.027728843,
    0.0070567643,
    0.028616289,
    0.13003442,
    0.004865392,
    0.018745381,
    -0.040137537,
    0.017702242,
    0.028258197,
    0.024288036,
    -0.040480062,
    0.016129747,
    0.10468767,
    0.14934029,
    0.02774441,
    -0.01482193,
    0.02111191,
    -0.024708407,
    -0.018107042,
    -0.008018166,
    -0.061062615,
    0.016783657,
    -0.05841584,
    -0.03213494,
    -0.029176783,
    -0.002642881,
    -0.011567956,
    -0.10263252,
    -0.004433345,
    -0.00856309,
    -0.066449575,
    -0.020426862,
    0.10425173,
    0.021407725,
    -0.06280637,
    0.00788972,
    -0.0125098955,
    0.057232577,
    -0.11035487,
    0.10001689,
    0.025813824,
    0.011396694,
    -0.020738246,
    0.09067534,
    0.0045501147,
    0.013693159,
    -0.031013954,
    0.028896537,
    -0.023416158,
    0.013023681,
    0.028164782,
    0.02690367,
    0.015826147,
    -0.0086642895,
    -0.019103475,
    0.04443465,
    -0.010143369,
    0.02463056,
    0.027977949,
    0.022466434,
    0.052717496,
    0.033754144,
    0.015771655,
    0.010789493,
    0.0156081775,
    0.013607528,
    0.026062932,
    -0.023929944,
    0.08413625,
    -0.018869936,
    0.013397343,
    0.013848851,
    0.0312942,
    0.04216154,
    -0.039078828,
    0.0031177432,
    0.02421019,
    -0.023789821,
    0.025595853,
    0.012299711,
    0.0254713,
    -0.022186188,
    0.03238405,
    -0.017219596,
    0.023058066,
    0.05947455,
    0.016378855,
    0.048949733,
    -0.0010022707,
    0.05324685,
    0.035186514,
    -0.04947909,
    0.0042893295,
    0.022014925,
    0.046084993,
    0.009333768,
    0.0012212134,
    -0.053745065,
    0.058135595,
    0.027946811,
    -0.032695435,
    -0.13190272,
    0.03926566,
    -0.036805715,
    0.009559522,
    0.005375285,
    0.025128776,
    -0.05116057,
    -0.022373019,
    -0.056858916,
    0.06336687,
    -0.012478758,
    -0.0059279935,
    -0.017375289,
    -0.06757056,
    0.1243672,
    0.0056672087,
    0.03758418,
    -0.015016546,
    0.040106397,
    -0.025206622,
    0.01712618,
    0.04427896,
    -0.02484853,
    -0.069314316,
    0.050693493,
    -0.023680836,
    -0.106555976,
    -0.00093074946,
    0.012089526,
    0.019897508,
    0.011723649,
    0.0635537,
    0.00814272,
    -9.2259994e-05,
    0.046427514,
    -0.011279925,
    -0.001241648,
    -9.511841e-05,
    -0.04088486,
    0.04779761,
    -0.059567966,
    -0.024895238,
    -0.035933837,
    -0.06545314,
    0.03677458,
    -0.00017004544,
    0.053527094,
    0.0010567631,
    0.03026663,
    0.0022458648,
    -0.052312694,
    0.034937408,
    0.024770683,
    0.08015052,
    -0.0050989306,
    0.044403512,
    -0.0066208253,
    -0.010213431,
    -0.05050666,
    -0.058602672,
    -0.066325024,
    0.019990923,
    0.007017841,
    -0.08226794,
    -0.007745704,
    -0.03948363,
    0.055675652,
    -0.010781708,
