{
  "chunk_index": 270,
  "token_start": 121500,
  "token_end": 122000,
  "text": "ặc hàng hóa vi phạm trị giá từ 100.000.000 đồng đến dưới 500.000.000 đồng, thì bị phạt tiền từ 50.000.000 đồng đến\n300.000.000 đồng hoặc phạt cải tạo không giam giữ đến 03 năm:\n\na) Sao chép tác phẩm, bản ghi âm, bản ghi hình;\n\nb) Phân phối đến công chúng bản sao tác phẩm, bản sao bản ghi âm, bản sao bản ghi hình.\n\n2. Phạm tội thuộc một trong các trường hợp sau đây, thì bị phạt tiền từ 300.000.000 đồng đến 1.000.000.000 đồng hoặc phạt tù từ 06\ntháng đến 03 năm:\n\na) Có tổ chức;\n\nb) Phạm tội 02 lần trở lên;\n\nc) Thu lợi bất chính 300.000.000 đồng trở lên;\n\nd) Gây thiệt hại cho chủ thể quyền tác giả, quyền liên quan 500.000.000 đồng trở lên;\n\nđ) Hàng hóa vi phạm trị giá 500.000.000 đồng trở lên.\n\n3. Người phạm tội còn có thể bị phạt tiền từ 20.000.000 đồng đến 200.000.000 đồng, cấm đảm nhiệm chức vụ, cấm hành nghề hoặc\nlàm công việc nhất định từ 01 năm đến 05 năm.\n\n4. Pháp nhân thương mại phạm tội quy định tại Điều này, thì bị phạt như sau:\n\na)181 Thực",
  "embedding": [
    -0.00020056724,
    0.022324678,
    -0.10448011,
    -0.107072055,
    -0.001190868,
    0.0019728874,
    0.08911357,
    -0.07387046,
    0.020149294,
    0.054955427,
    -0.035454117,
    -0.025271473,
    0.00092473073,
    -0.14638324,
    -0.041100856,
    -0.16156463,
    -0.010992628,
    -0.12490711,
    0.08874329,
    -0.0024338064,
    -0.010714919,
    0.08522565,
    0.11497132,
    -0.097815104,
    -0.016353944,
    0.0693037,
    -0.027030293,
    0.03650324,
    0.08849644,
    -0.078869216,
    -0.0011021555,
    0.0315662,
    0.04665503,
    -0.039712314,
    0.0016527512,
    -0.033942148,
    0.01198775,
    -0.008740104,
    -0.006541578,
    -0.06473693,
    0.022278393,
    -0.028480548,
    0.021584122,
    -0.0035099268,
    0.02803313,
    0.012944302,
    -0.001001872,
    0.030316511,
    -0.038817476,
    -0.03332502,
    0.013337722,
    0.021028705,
    0.014880547,
    -0.0020153152,
    0.10997257,
    -0.08405311,
    -0.0139934225,
    -0.009550086,
    -0.00038835796,
    0.007868407,
    0.01406285,
    -0.007721839,
    0.03783007,
    -0.040576298,
    -0.016724223,
    -0.021013277,
    0.12163632,
    -0.01595281,
    0.02442292,
    -0.031087924,
    -0.07140194,
    -0.07331504,
    -0.039496318,
    0.03508384,
    0.08183144,
    -0.037243795,
    -0.023389226,
    0.0018060695,
    0.09213751,
    0.026459448,
    0.03693523,
    -0.022988092,
    -0.010159503,
    -0.077696666,
    -0.0152585395,
    0.07942463,
    -0.023512652,
    0.033633586,
    0.02564175,
    0.014903689,
    -0.006854,
    0.09139695,
    0.039187755,
    0.061497003,
    0.0155748185,
    0.01397028,
    -0.00422734,
    -0.004964039,
    0.010730348,
    0.01700193,
    -0.020427004,
    -0.051684637,
    -0.0048946124,
    -0.011617472,
    -0.050758943,
    0.009503802,
    -0.023744076,
    0.052641187,
    0.022262964,
    0.02520976,
    0.0120957475,
    -0.0322759,
    -0.016107094,
    -0.033973005,
    -0.012203746,
    0.038292915,
    -0.0023431655,
    -0.03764493,
    -0.005982304,
    0.01498083,
    0.00048382027,
    0.050913226,
    -0.022864666,
    0.03005423,
    0.024978336,
    -0.063101545,
    -0.021753833,
    0.025811462,
    -0.048969265,
    0.010591494,
    0.019408738,
    -0.065786056,
    0.03764493,
    0.007590699,
    -0.04301396,
    0.01587567,
    0.04264368,
    0.0071317083,
    -0.058503922,
    0.0117254695,
    -0.015158256,
    -0.02502462,
    0.046037897,
    -0.03708951,
    -0.019100172,
    -0.06195985,
    0.045359053,
    -0.003830063,
    0.011100626,
    0.0043353382,
    0.021815546,
    0.008176972,
    0.045081347,
    0.023697792,
    -0.026135456,
    -0.0017096429,
    -0.03955803,
    0.097074546,
    -0.002275667,
    -0.005018038,
    -0.0011812254,
    0.030779358,
    -0.07967148,
    -0.027631996,
    -0.04011345,
    0.011139196,
    -0.040607154,
    0.036102105,
    -0.039280325,
    -0.05227091,
    0.028418835,
    -0.005191606,
    -0.009094954,
    0.023404654,
    -0.0047287587,
    -0.01445627,
    -0.021198414,
    -0.022077825,
    0.006425866,
    -0.021553265,
    0.020133866,
    0.09966649,
    0.1125028,
    0.028711973,
    -0.025703464,
    -0.0053420314,
    -0.03199819,
    0.01640023,
    0.03375701,
    0.041100856,
    0.0019844586,
    0.031843908,
    -0.0034539995,
    0.029051395,
    -0.014649123,
    0.022988092,
    0.007714125,
    0.01746478,
    0.06967398,
    -0.033386733,
    -0.008470109,
    0.03341759,
    -0.01331458,
    0.032893028,
    -0.0012275102,
    -0.049123548,
    0.038632337,
    0.005615883,
    0.011540331,
    -0.0017674989,
    0.048012715,
    -0.045852758,
    -0.00656472,
    0.05535656,
    -0.02451549,
    0.049956672,
    0.0031897905,
    -0.027647424,
    0.0178042,
    -0.013368579,
    0.035299834,
    -0.056868527,
    -0.015212255,
    0.005681453,
    0.009712083,
    -0.011956894,
    -0.006252298,
    0.015790815,
    0.039372895,
    0.0025823032,
    0.07424074,
    0.054184012,
    -0.0146259805,
    -0.014595124,
    -0.0004061969,
    0.009596371,
    0.073068194,
    0.035670113,
    0.021182988,
    0.0356084,
    0.024314921,
    -0.013368579,
    -0.01110834,
    -0.015397393,
    0.03121135,
    -0.028619403,
    -0.00017055449,
    0.010144074,
    0.021722976,
    0.019424167,
    -0.05165378,
    -0.011702327,
    0.03409643,
    -0.044309933,
    -0.0056351684,
    0.01587567,
    0.00013909531,
    -0.022278393,
    0.011470904,
    0.026922297,
    0.04107,
    -0.08504051,
    0.010344641,
    -0.034867845,
    0.0050334665,
    0.044032224,
    0.052486904,
    0.054245725,
    0.04140942,
    -0.031936478,
    0.044093937,
    -0.02530233,
    0.038200345,
    0.0064605796,
    0.035361547,
    0.04434079,
    0.050666373,
    0.0382312,
    -0.0009999435,
    -0.021182988,
    -0.06899513,
    -0.05088237,
    -0.062114134,
    -0.031782195,
    0.044741925,
    -0.0034154288,
    0.13095498,
    -0.027739992,
    -0.0025861603,
    -0.04205741,
    -0.009665798,
    -0.009750654,
    0.003612139,
    0.015759958,
    0.02380579,
    -0.02212411,
    -0.005920591,
    0.0044394787,
    -0.006734431,
    -0.004084629,
    0.0014618266,
    -0.014865119,
    0.0006306297,
    -0.044896208,
    0.056559965,
    0.0066302903,
    0.026166312,
    0.004636189,
    -0.09152038,
    -0.04838299,
    0.022509817,
    0.019239027,
    -0.015173684,
    -0.0034096432,
    0.04255111,
    0.026305165,
    0.024176067,
    0.064243235,
    -0.0108846305,
    -0.039990023,
    0.04301396,
    0.07621555,
    -0.023420082,
    0.022772096,
    -0.013923995,
    0.033078168,
    0.053566884,
    0.048105285,
    -0.011278051,
    0.045513336,
    -0.050820656,
    0.012273173,
    0.07096995,
    -0.009982077,
    0.012797733,
    -0.051314358,
    -0.017912198,
    0.040082593,
    0.024052642,
    -0.018699039,
    -0.03502213,
    -0.026413163,
    -0.041563705,
    -0.06374953,
    0.04557505,
    -0.003924561,
    0.0650455,
    0.0020288147,
    0.06276212,
    0.05430744,
    0.0040962,
    0.016492799,
    0.0089869555,
    0.020936135,
    0.14008851,
    0.07016768,
    0.010151789,
    -0.014039707,
    0.089792415,
    -0.041039143,
    0.0123426,
    -0.009611799,
    0.030177657,
    0.011872038,
    -0.06627976,
    0.00951923,
    -0.020442432,
    0.02451549,
    -0.02072014,
    -0.019455023,
    -0.003452071,
    -0.013700286,
    0.0076524117,
    -0.098617375,
    0.043908797,
    -0.013384007,
    -0.06418152,
    0.008794103,
    -0.006545435,
    0.0014531483,
    -0.015243111,
    0.039588887,
    -0.015829384,
    0.027709136,
    0.0023084518,
    -0.0077526956,
    0.0052108914,
    0.09904937,
    0.068254575,
    0.040854007,
    0.05427658,
    0.04970982,
    -0.024608059,
    -0.009349519,
    0.03351016,
    -0.023944644,
    0.0076909824,
    0.06973569,
    0.024978336,
