{
  "chunk_index": 577,
  "token_start": 259650,
  "token_end": 260150,
  "text": ") Đã bị xử lý kỷ luật về hành vi này mà còn vi phạm;\n\nb) Dẫn đến người bị kết án, người phải chấp hành án bỏ trốn;\n\nc) Dẫn đến hết thời hiệu thi hành án;\n\nd) Dẫn đến người bị kết án, người phải chấp hành án, người có nghĩa vụ thi hành án tẩu tán tài sản và không thi hành được nghĩa vụ thi\nhành án với số tiền từ 50.000.000 đồng đến dưới 200.000.000 đồng.\n\n2. Phạm tội thuộc một trong những trường hợp sau đây, thì bị phạt tù từ 02 năm đến 07 năm:\n\na) Phạm tội 02 lần trở lên;\n\nb) Dẫn đến người bị kết án, người phải chấp hành án tiếp tục thực hiện tội phạm ít nghiêm trọng hoặc tội phạm nghiêm trọng;\n\nc) Dẫn đến người bị kết án, người phải thi hành án, người có nghĩa vụ thi hành án tẩu tán tài sản và không thi hành được nghĩa vụ thi\nhành án với số tiền từ 200.000.000 đồng đến dưới 1.000.000.000 đồng.\n\n3. Phạm tội thuộc một trong những trường hợp sau đây, thì bị phạt tù từ 05 năm đến 10 năm:\n\na) Dẫn đến người bị kết án, người phải chấp hành án tiếp tục",
  "embedding": [
    -0.00012329273,
    -0.028446222,
    -0.008962621,
    -0.2121346,
    -0.0001699301,
    0.08377206,
    0.03604837,
    -0.0316289,
    0.021817015,
    0.07222867,
    -0.104748055,
    -0.09808587,
    0.0016933747,
    -0.06358761,
    -0.077769496,
    -0.06672082,
    0.114972204,
    0.096172966,
    0.08634459,
    0.0124916015,
    -0.019442374,
    0.021718072,
    0.15395589,
    -0.025049165,
    -0.03220607,
    0.1350907,
    -0.019277468,
    0.042842485,
    0.0019726837,
    -0.008068008,
    -0.10692481,
    0.013546998,
    0.049999386,
    0.039445426,
    -0.0036011268,
    -0.030029316,
    0.03314603,
    0.01932694,
    0.03072192,
    -0.009556281,
    -0.0597618,
    -0.03515788,
    0.026401391,
    0.011724791,
    0,
    -0.04660233,
    -0.008030904,
    -0.06503878,
    -0.03420143,
    -0.01813962,
    0.0008162829,
    0.014058205,
    0.026978562,
    0.011403224,
    0.008364839,
    -0.18997128,
    0.015929883,
    -0.01846943,
    0.034366332,
    -0.021008978,
    0.045217123,
    -0.04330422,
    0.0023973156,
    -0.05623282,
    -0.03624626,
    -0.030936297,
    -0.025016185,
    -0.049273804,
    0.029155316,
    -0.045810785,
    -0.082188964,
    0.059563916,
    -0.05036218,
    0.031991694,
    0.08687229,
    -0.012170035,
    -0.041754104,
    -0.007519697,
    0.11365296,
    0.032667805,
    0.01406645,
    0.0084308,
    -0.044326633,
    -0.007231112,
    0.018337507,
    0.02371343,
    -0.045250107,
    -0.008426677,
    -0.026104562,
    0.022789959,
    0.027291883,
    -0.009828376,
    0.051516518,
    -0.024043242,
    0.01812313,
    -0.023944298,
    0.005623282,
    -0.0051285652,
    0.021553166,
    0.016853355,
    0.011477432,
    -0.043172296,
    0.03522384,
    0.011205338,
    0.017760336,
    0.012046357,
    -0.01052098,
    0.01198864,
    -0.0042999145,
    0.014379771,
    -0.0053553106,
    0.031216636,
    0.019227996,
    -0.06965614,
    0.010199414,
    0.04449154,
    0.0463055,
    -0.038488973,
    -0.020910034,
    -0.014198375,
    -0.026005618,
    0.045250107,
    -0.017348073,
    0.0026137542,
    0.0010574574,
    -0.05267086,
    0.009374885,
    -0.0312826,
    -0.06398339,
    0.012392658,
    -0.05059305,
    -0.018353997,
    -0.070249796,
    -0.0054212725,
    -0.05883833,
    0.0045678862,
    0.02168509,
    0.0026364287,
    -0.025082147,
    0.0037412965,
    -0.012978073,
    -0.002116976,
    0.02720943,
    0.055837046,
    -0.020827582,
    -0.019260978,
    0.032107126,
    -0.0028281317,
    0.009638734,
    -0.014792035,
    0.02338362,
    -0.009292432,
    -0.049603615,
    0.02046479,
    -0.030672448,
    -0.035256825,
    -0.04363403,
    0.011263055,
    0.000532336,
    0.008171074,
    0.016210224,
    0.018832223,
    -0.012252488,
    0.04366701,
    -0.007964942,
    0.009209979,
    -0.013382092,
    0.038917728,
    -0.02752275,
    -0.053132594,
    0.016952299,
    -0.018997129,
    -0.030276675,
    -0.0095068095,
    0.00036433837,
    -0.0055243387,
    0.024488486,
    -0.071041346,
    -0.025313014,
    -0.06827093,
    0.028759543,
    0.047393877,
    0.08819153,
    0.005516093,
    -0.010586942,
    -0.04304037,
    -0.006517895,
    0.03139803,
    0.07302021,
    0.0124833565,
    0.04745984,
    -0.053990103,
    -0.0057552066,
    0.028528674,
    -0.015006413,
    -0.00068590435,
    -0.003834056,
    -0.0032156599,
    0.047855616,
    0.012920356,
    0.035322785,
    0.037202712,
    0.06207048,
    -0.046140596,
    -0.014693092,
    -0.0018881694,
    0.012681243,
    0.00028188556,
    0.038258106,
    -0.0037021313,
    -0.006909546,
    -0.047228973,
    -0.009762414,
    -0.09577719,
    -0.027621694,
    0.0277866,
    -0.016737921,
    -0.05336346,
    0.0067322724,
    0.048548218,
    -0.01787577,
    -0.039973125,
    0.0019541318,
    -0.032008182,
    -0.032140106,
    -0.021784034,
    0.0076516215,
    0.0073671592,
    0.010916753,
    0.005648018,
    0.041061502,
    0.013225432,
    -0.036378182,
    0.0095233,
    -0.001161554,
    0.025890185,
    0.023070298,
    -0.011263055,
    -0.028215354,
    0.025609845,
    0.12295364,
    -0.006921914,
    -0.0069054235,
    0.02864411,
    0.012038111,
    -0.026500335,
    -0.014808525,
    0.014181884,
    -0.004353509,
    -0.014264337,
    -0.060685273,
    -0.05474867,
    -0.008987357,
    -0.01787577,
    0.012912111,
    0.023103278,
    -0.008542112,
    0.043963842,
    -0.016820375,
    0.1733488,
    0.043963842,
    -0.0062499233,
    0.020646185,
    -0.009457338,
    0.0073053194,
    -0.035256825,
    0.053957123,
    0.035025958,
    0.017133696,
    -0.016004091,
    0.11860013,
    -0.04297441,
    -0.006484914,
    0.004633848,
    0.0040958435,
    0.045777805,
    0.036675014,
    0.0074042627,
    -0.04214988,
    0.011790752,
    -0.03161241,
    -0.029138826,
    0.04247969,
    0.0005421273,
    0.056133877,
    0.0030734288,
    -0.034927014,
    0.02021743,
    0.015435168,
    -0.043930862,
    0.02869358,
    0.007057961,
    0.00446482,
    -0.00021502149,
    -0.005029622,
    -0.012417394,
    0.019458864,
    -0.023812374,
    -0.009564526,
    0.027440296,
    0.0098943375,
    -0.023169242,
    -0.01478379,
    -0.018222073,
    0.023235204,
    0.026846636,
    0.015789714,
    -0.06454407,
    -0.012837904,
    0.032305013,
    0.01843645,
    0.051120747,
    0.024686374,
    0.0027188817,
    0.05125267,
    -0.015558846,
    0.046866182,
    0.064247236,
    -0.039775237,
    -0.036444146,
    0.046140596,
    0.054253954,
    0.06820497,
    0.04010505,
    -0.04092958,
    0.011230074,
    0.01024064,
    0.026434373,
    0.009927319,
    0.048548218,
    0.009993281,
    0.037928294,
    0.07757161,
    0.01614426,
    -0.020250412,
    -0.015509374,
    -0.024224637,
    0.033047087,
    -0.05415501,
    0.03716973,
    -0.062499236,
    -0.0017057427,
    0.031150674,
    -0.010347828,
    0.0463055,
    -0.008356593,
    0.034465276,
    0.050790936,
    0.0128626395,
    -0.036510106,
    0.03604837,
    -0.018617846,
    0.012920356,
    -0.05178037,
    0.019244486,
    0.04188603,
    0.028248334,
    -0.004650339,
    0.039346483,
    -0.07203078,
    -0.02544494,
    -0.042875465,
    -0.042050935,
    -0.022229278,
    0.02633543,
    0.017760336,
    -0.0032651315,
    -0.02925426,
    0.06807304,
    -0.055177424,
    -0.0051450557,
    -0.0896427,
    0.06457704,
    -0.056925423,
    0.12823062,
    0.04597569,
    -0.009762414,
    0.0057098577,
    0.0002891002,
    0.02227875,
    -0.04449154,
    0.15817748,
    -0.0027044523,
    0.011831979,
    -0.021437733,
    -0.08001221,
    -0.06754535,
    -0.03664203,
    0.04076467,
    -0.023037316,
    -0.038225126,
    -0.0802101,
    0.026896108,
    0.0022983723,
    -0.0136129595,
    0.016622487,
    -0.012672998,
    0.0807378,
    0.043732975,
    0.005821169,
