{
  "chunk_index": 185,
  "token_start": 83250,
  "token_end": 83750,
  "text": " từ 300.000.000 đồng đến dưới 500.000.000 đồng;\n\nd) Thu lợi bất chính từ 100.000.000 đồng đến dưới 500.000.000 đồng;\n\nđ) Vật phạm pháp là bảo vật quốc gia;\n\ne) Lợi dụng chức vụ, quyền hạn;\n\ng) Lợi dụng danh nghĩa cơ quan, tổ chức;\n\nh) Phạm tội 02 lần trở lên;\n\ni) Tái phạm nguy hiểm.\n\n3. Phạm tội thuộc một trong các trường hợp sau đây, thì bị phạt tiền từ 1.500.000.000 đồng đến 5.000.000.000 đồng hoặc phạt tù từ 07\nnăm đến 15 năm:\n\na) Vật phạm pháp trị giá từ 500.000.000 đồng đến dưới 1.000.000.000 đồng;\n\fb) Thu lợi bất chính từ 500.000.000 đồng đến dưới 1.000.000.000 đồng.\n\n4. Phạm tội thuộc một trong các trường hợp sau đây, thì bị phạt tù từ 12 năm đến 20 năm:\n\na) Vật phạm pháp trị giá 1.000.000.000 đồng trở lên;\n\nb) Thu lợi bất chính 1.000.000.000 đồng trở lên;\n\nc) Lợi dụng chiến tranh, thiên tai, dịch bệnh hoặc hoàn cảnh đặc biệt khó khăn khác.\n\n5. Người phạm tội còn có thể bị phạt tiền từ 20.000.000 đồng đến 100",
  "embedding": [
    -0.00039484844,
    -0.017292578,
    -0.042247374,
    -0.10757155,
    -0.001469531,
    0.013378836,
    0.04233752,
    -0.038761817,
    0.02481958,
    0.049849495,
    -0.14074445,
    -0.06730734,
    -0.0036527002,
    -0.020868279,
    -0.08773992,
    -0.14699441,
    0.019065404,
    -0.020958424,
    0.05456702,
    0.007083797,
    -0.008533609,
    0.050149977,
    0.11971091,
    0.012514958,
    -0.04720528,
    0.070191935,
    -0.025014892,
    -0.0062236753,
    0.042668045,
    0.014670896,
    -0.03957311,
    0.015414583,
    -0.019516123,
    -0.007737339,
    -0.004349436,
    -0.01795363,
    0.040594738,
    0.007759875,
    -0.01718741,
    -0.061267707,
    -0.027614037,
    0.019170573,
    0.039062295,
    0.0072039887,
    0.0063513787,
    -0.07271596,
    -0.01039658,
    0.01691698,
    -0.06586504,
    -0.0072265244,
    0.019876698,
    0.023151921,
    0.041826703,
    -0.004386996,
    0.060997274,
    -0.13533583,
    0.064362645,
    0.006794586,
    0.032722183,
    0.030183135,
    0.006618054,
    0.0012742196,
    0.03088926,
    -0.035126016,
    -0.01715736,
    -0.041766606,
    0.013221084,
    -0.046003364,
    0.018779948,
    -0.021649525,
    -0.106429726,
    -0.11880947,
    -0.011200362,
    0.007925139,
    0.11051624,
    -0.023347232,
    -0.017863488,
    -0.005772956,
    0.08449475,
    0.020041961,
    0.05438673,
    -0.0019549928,
    -0.0050442945,
    -0.08792021,
    0.019005308,
    0.14843673,
    -0.019561196,
    0.0092998305,
    -0.047565855,
    0.051171605,
    0.021228855,
    0.09849708,
    0.038671672,
    -0.04564279,
    0.005953244,
    -0.023933167,
    -0.016075637,
    0.00052912504,
    -0.0046198675,
    -0.010261364,
    0.0133563,
    -0.06006579,
    0.00443958,
    -0.024729436,
    -0.0072039887,
    0.0176832,
    0.007365496,
    0.018163966,
    0.02250589,
    0.00823313,
    0.00077138643,
    -0.0006328843,
    -0.06989146,
    -0.092066824,
    0.009945861,
    0.022626083,
    0.020252297,
    -0.06862944,
    -0.004815179,
    -0.048136767,
    0.004522212,
    0.045131974,
    -0.023722831,
    0.0054424293,
    -0.005848076,
    -0.07590104,
    -0.01237223,
    -0.020612873,
    -0.08617743,
    -0.00039437893,
    -0.05270405,
    -0.045071878,
    -0.02250589,
    0.018569613,
    -0.07409817,
    0.021604454,
    0.021874884,
    0.011170314,
    -0.017938608,
    0.029206578,
    -0.006370159,
    0.015226783,
    0.035035875,
    -0.0105768675,
    -0.05324491,
    -0.020657944,
    0.04053464,
    -0.020597849,
    -0.009712989,
    -0.024188574,
    0.0094425585,
    -0.040865168,
    -0.008503561,
    -0.00011755074,
    -0.021784741,
    -0.018028751,
    -0.010697059,
    0.038942102,
    0.0037466,
    -0.002216034,
    0.015151663,
    0.013897163,
    -0.059585024,
    -0.032722183,
    0.0071138446,
    0.019230668,
    -0.042187277,
    0.044831496,
    -0.015985493,
    -0.005295946,
    0.013296204,
    0.005915684,
    0.0068020974,
    -0.010456676,
    0.017788367,
    0.008338298,
    -0.0045409915,
    -0.09164615,
    -0.023076802,
    -0.077343345,
    -0.005964512,
    0.029026289,
    0.13725889,
    -0.0050856103,
    -0.0059832917,
    -0.01658645,
    -0.03449501,
    0.008240642,
    0.045342308,
    0.028335188,
    0.017022146,
    0.009540214,
    -0.028064756,
    0.051321846,
    -0.000115614064,
    0.044891592,
    0.0021559382,
    0.022520915,
    0.066646285,
    -0.009502654,
    0.03810076,
    0.04906825,
    0.06274006,
    -0.006982385,
    -0.021078615,
    -0.03449501,
    0.023933167,
    0.029507056,
    0.010073565,
    -0.018028751,
    0.016105684,
    -0.01992177,
    -0.014475585,
    0.021258902,
    -0.010261364,
    0.020823207,
    -0.015061519,
    -0.035997406,
    0.022340627,
    -0.011388161,
    0.0010770301,
    0.0016385505,
    -0.011598497,
    0.014310321,
    -0.02800466,
    0.0042517805,
    0.0049992227,
    0.009502654,
    0.00857868,
    0.00823313,
    0.013371324,
    0.028966194,
    -0.013671803,
    0.018584637,
    0.010351508,
    0.01639114,
    0.04302862,
    0.021033542,
    -0.020402538,
    0.00956275,
    0.114302285,
    -0.023046754,
    -0.030513661,
    0.020823207,
    -0.0053485297,
    -0.021634502,
    0.016195828,
    -0.01920062,
    0.014670896,
    -0.03635798,
    -0.037199322,
    -0.028545523,
    0.018614685,
    -0.018960238,
    0.029416913,
    0.009329879,
    0.005190778,
    -0.063341014,
    -0.015624918,
    0.032361608,
    0.038431287,
    -0.11856908,
    -0.0031437634,
    -0.03290247,
    0.02223546,
    0.09020385,
    0.04116565,
    0.025360443,
    0.027043127,
    -0.0019587488,
    0.06346121,
    -0.039783444,
    -0.002976622,
    0.022746274,
    0.051381942,
    0.017142337,
    0.021950005,
    0.021995077,
    -0.00060095836,
    -0.011613521,
    -0.03347338,
    -0.04362958,
    0.017322626,
    -0.019380908,
    -0.02204015,
    0.008743945,
    0.10264369,
    0.008661313,
    0.006313819,
    -0.037710138,
    0.0072490606,
    0.031129643,
    -0.004165393,
    -0.0020939643,
    -0.018960238,
    0.07091309,
    -0.0009699844,
    0.022100244,
    -0.00054743554,
    -0.026577383,
    -0.023843024,
    0.018599661,
    0.019290764,
    0.011448257,
    0.0021108664,
    0.051351894,
    -0.014738504,
    -0.021754693,
    -0.07187462,
    -0.023978239,
    0.015685014,
    0.015745109,
    0.0057654446,
    -0.023797952,
    -0.021889908,
    0.037019037,
    -0.0033897809,
    0.065624654,
    -0.041466128,
    -0.033022664,
    0.048287004,
    0.06628571,
    -0.013461468,
    0.055378314,
    -0.016045589,
    0.041556273,
    0.028350212,
    0.029281696,
    0.0072753523,
    0.09543219,
    0.021709621,
    -0.0072002327,
    0.105888866,
    0.026036521,
    0.0031193495,
    -0.013371324,
    -0.061027322,
    0.040504593,
    -0.02887605,
    0.021198807,
    -0.02648724,
    -0.0019906745,
    -0.023662737,
    -0.06676648,
    0.06580494,
    -0.054807402,
    0.058833826,
    -0.004747571,
    0.012627638,
    -0.037710138,
    0.042097133,
    0.005495013,
    0.0851558,
    -0.01897526,
    0.048196863,
    0.04618365,
    0.030979404,
    0.012184431,
    0.13798004,
    -0.19567205,
    -0.038461335,
    -0.04230747,
    -0.008503561,
    -0.012357207,
    -0.067006856,
    0.034464963,
    -0.03251185,
    0.03626784,
    0.030348398,
    -0.048857916,
    -0.022325603,
    -0.06165833,
    0.08455484,
    -0.032181323,
    0.12031186,
    -0.0023456158,
    -0.027268486,
    0.096453816,
    -0.023212017,
    0.0020150885,
    -0.03389405,
    0.07698277,
    -0.042818286,
    0.09074471,
    -0.002221668,
    -0.047746144,
    -0.05688071,
    0.03389405,
    0.035486594,
    0.015639942,
    0.032001033,
    0.042908426,
    -0.027103223,
    -0.0083082495,
    -0.028861025,
    -0.07554047,
    -0.010343996,
    0.0548675,
    -0.01271027,
