{
  "chunk_index": 345,
  "token_start": 155250,
  "token_end": 155750,
  "text": "ấm đảm nhiệm chức vụ, cấm hành nghề hoặc\nlàm công việc nhất định từ 01 năm đến 05 năm.\n\n5. Pháp nhân thương mại phạm tội quy định tại Điều này, thì bị phạt như sau:\n\na) Phạm tội thuộc trường hợp quy định tại khoản 1 Điều này, thì bị phạt tiền từ 1.000.000.000 đồng đến 5.000.000.000đồng;\n\nb)233 Phạm tội thuộc một trong các trường hợp quy định tại các điểm a, b, c, d, đ, g, h, i và k khoản 2 Điều này, thì bị phạt tiền từ\n5.000.000.000 đồng đến 10.000.000.000 đồng;\n\nc) Phạm tội thuộc trường hợp quy định tại khoản 3 Điều này, thì bị phạt tiền từ 10.000.000.000 đồng đến 15.000.000.000 đồng hoặc\nđình chỉ hoạt động có thời hạn từ 06 tháng đến 03 năm;\n\nd) Phạm tội thuộc trường hợp quy định tại Điều 79 của Bộ luật này, thì bị đình chỉ hoạt động vĩnh viễn;\n\nđ) Pháp nhân thương mại còn có thể bị phạt tiền từ 300.000.000 đồng đến 600.000.000 đồng, cấm kinh doanh, cấm hoạt động trong\nmột số lĩnh vực nhất định hoặc cấm huy động v",
  "embedding": [
    -3.487143e-05,
    0.00677545,
    -0.11052278,
    -0.102252804,
    0.0002980036,
    0.046254165,
    0.07353226,
    0.007648926,
    0.010305416,
    0.083981924,
    -0.0784045,
    -0.020883292,
    0.0011108773,
    -0.032518953,
    -0.0518957,
    -0.11924151,
    0.12238282,
    -0.10032955,
    0.18668348,
    0.0026324487,
    0.010169186,
    0.08353317,
    0.10750969,
    -0.034041528,
    -0.014897175,
    0.1299476,
    -0.01852731,
    0.08891827,
    -0.05619096,
    0.009744467,
    -0.0036842262,
    -0.0013542887,
    -0.010048982,
    0.0029329564,
    -0.015770651,
    -0.009808576,
    -0.024986224,
    0.022614216,
    0.03259909,
    -0.03327223,
    -0.008478328,
    -0.06545462,
    0.01726117,
    -0.008887018,
    0.00968036,
    -0.05679999,
    -0.0046839155,
    0.117831126,
    -0.033047847,
    -0.036317375,
    0.027887128,
    0.010778215,
    0.071288474,
    0.0016197372,
    0.06135168,
    -0.1346275,
    0.004463543,
    -0.011715799,
    0.009127425,
    0.054235656,
    0.017132953,
    0.020434532,
    0.05013272,
    -0.032887578,
    -0.027454397,
    -0.043978322,
    0.04058058,
    -0.021620538,
    0.017357333,
    -0.063242875,
    -0.122446924,
    -0.042023014,
    -0.002514249,
    0.09103384,
    0.023944465,
    -0.0080415895,
    -0.028319858,
    -0.03551602,
    0.031300895,
    0.00984063,
    0.008999208,
    -0.009624264,
    -0.01770993,
    -0.06471737,
    0.030146947,
    0.038400896,
    -0.06157606,
    0.0126613965,
    0.036317375,
    0.03336839,
    0.03413769,
    0.056864098,
    0.0271018,
    0.05250473,
    0.0043353266,
    -0.0045076176,
    -0.012509139,
    0.045324594,
    0.0056455405,
    -0.00096913776,
    -0.01036151,
    -0.0768659,
    0.043337237,
    -0.0003443319,
    -0.025114441,
    0.016411735,
    -0.03891376,
    -0.014079794,
    0.02947381,
    0.016235437,
    0.013102142,
    0.027662748,
    -0.0127816005,
    -0.06439683,
    0.011667717,
    -0.0011960212,
    0.0057376963,
    -0.04045236,
    -0.016732277,
    -0.07750698,
    -0.015602367,
    0.033079904,
    -0.026140176,
    0.015369974,
    0.0055093104,
    -0.06465326,
    0.019248528,
    -0.019809477,
    -0.106035195,
    0.0039667035,
    -0.017084872,
    -0.098149866,
    0.00688764,
    0.008454287,
    -0.0853282,
    0.027181936,
    0.057248745,
    -0.02056275,
    -0.0760966,
    0.037343107,
    -0.044234753,
    0.010217266,
    0.017902253,
    0.02485801,
    -0.016748304,
    -0.020402478,
    0.036413535,
    0.043625724,
    0.005421161,
    -0.014496498,
    0.035099316,
    0.00026569903,
    0.016267492,
    0.012461059,
    -0.014608688,
    -0.031204734,
    -0.06026184,
    0.06423656,
    0.0077651227,
    0.036734078,
    0.046863195,
    0.021957107,
    -0.03490699,
    -0.047087576,
    -0.002618425,
    0.039009925,
    0.01968126,
    0.036926404,
    -0.03122076,
    -0.058691185,
    0.023239274,
    -0.0027105806,
    0.00071170274,
    0.0026264384,
    -0.006599152,
    0.019937694,
    0.022726405,
    -0.056479447,
    -0.0032795423,
    -0.067377865,
    0.037086673,
    0.0054532154,
    0.08885416,
    0.021748753,
    -0.029970648,
    0.024665684,
    -0.043080803,
    0.032695252,
    -0.0039827307,
    0.04227945,
    -0.012685438,
    0.004311286,
    -0.0003152828,
    0.029938594,
    0.01891196,
    0.010489727,
    0.036541753,
    -0.030114893,
    0.07340405,
    -0.008406206,
    -0.016315572,
    0.0426641,
    0.063627526,
    0.01033747,
    -0.00972844,
    -0.03106049,
    0.008726748,
    0.030755976,
    -0.01379932,
    -0.03458645,
    0.041029338,
    -0.050581478,
    -0.0038465003,
    0.06974987,
    -0.0068756193,
    0.06692911,
    -0.0201781,
    -0.03458645,
    0.019040177,
    -0.0047360035,
    0.009415912,
    -0.06859592,
    0.013590968,
    0.010289389,
    0.066288024,
    -0.011427311,
    0.0076809805,
    -0.007873305,
    0.048850555,
    0.001865152,
    0.07340405,
    0.040324144,
    -0.050453264,
    0.00920756,
    -0.007316364,
    -0.016700223,
    0.0930212,
    0.0041950895,
    0.037855975,
    0.022229567,
    0.061672222,
    -0.012276747,
    -0.034330014,
    -0.007216195,
    -0.007757109,
    0.016275505,
    0.029105186,
    0.0015396018,
    0.031797737,
    0.008454287,
    -0.04711963,
    -0.01990564,
    -0.0138634285,
    -0.029425727,
    0.027774937,
    0.025531147,
    -0.006126353,
    0.04542076,
    0.008366139,
    0.08558463,
    0.042183287,
    -0.05356252,
    0.012933858,
    -0.0388176,
    0.053626627,
    0.05029299,
    0.047376063,
    0.012869749,
    -0.0027766924,
    0.030932274,
    0.092957094,
    -0.012797628,
    0.016147288,
    0.002087528,
    0.08552052,
    0.050100666,
    0.022934759,
    -0.011186905,
    -0.04849796,
    -0.037311055,
    -0.08295619,
    -0.00043899188,
    0.005252877,
    -0.03160541,
    0.013270427,
    -0.056223013,
    0.037439268,
    -0.0043994347,
    0.021267941,
    0.008718734,
    -0.0073644454,
    0.09821398,
    -0.0014043733,
    -0.034009475,
    -0.029409701,
    -0.037952136,
    0.010882391,
    0.015458123,
    0.01780609,
    0.003029119,
    -0.0024341135,
    -0.013534873,
    0.019120311,
    -0.043497507,
    0.016668169,
    -0.042984642,
    -0.027133854,
    -0.010762188,
    -0.0853282,
    0.011283068,
    -0.005966082,
    0.018960042,
    0.00843826,
    -0.012044354,
    0.022197513,
    0.05696026,
    0.023623923,
    0.011162864,
    -0.061608113,
    -0.02599593,
    0.008582504,
    0.09731646,
    -0.050613534,
    0.010289389,
    0.010970539,
    0.0154260695,
    0.08186635,
    0.022614216,
    0.03166952,
    -0.002093538,
    0.006599152,
    0.014985324,
    0.09603429,
    0.0036822227,
    -0.0013973614,
    -0.024809927,
    -0.018783743,
    0.006807504,
    -0.039651006,
    0.007841251,
    -0.061383735,
    0.031028436,
    -0.054876737,
    -0.060614433,
    0.04090112,
    -0.02187697,
    0.02133205,
    0.0014965291,
    0.016275505,
    -0.023191191,
    0.06987809,
    0.014167943,
    0.060293894,
    -0.024489386,
    0.010193226,
    0.04519638,
    0.014865121,
    0.007825224,
    0.011956206,
    -0.015193677,
    0.033945367,
    -7.6566896e-05,
    0.02237381,
    0.009600224,
    -0.078468606,
    -0.018687582,
    -0.011771894,
    0.006619186,
    -0.02078713,
    -0.005709649,
    -0.01748555,
    -0.073468156,
    0.03551602,
    -0.08834129,
    0.023832275,
    -0.054011274,
    -0.075776055,
    0.05442798,
    0.00677545,
    -0.023127083,
    -0.0059941295,
    0.11109975,
    -0.014921216,
    0.02138013,
    -0.0079213865,
    -0.010289389,
    -0.023992546,
    -0.011451352,
    0.09770111,
    0.022790514,
    0.016003044,
    0.04705552,
    0.0073083504,
    -0.03884965,
    0.056671772,
    0.020995481,
    -0.03490699,
    0.06103114,
    -0.0017619777,
    -0.08449479,
    0.020915346,
    -0.0052128094,
