{
  "chunk_index": 9,
  "token_start": 4050,
  "token_end": 4550,
  "text": " người phạm tội, thì được áp dụng đối với hành vi phạm tội đã thực\nhiện trước khi điều luật đó có hiệu lực thi hành.\n\nChương III\n\n                                                              TỘI PHẠM\n\nĐiều 8. Khái niệm tội phạm\n\n1. Tội phạm là hành vi nguy hiểm cho xã hội được quy định trong Bộ luật Hình sự, do người có năng lực trách nhiệm hình sự hoặc pháp\nnhân thương mại thực hiện một cách cố ý hoặc vô ý, xâm phạm độc lập, chủ quyền, thống nhất, toàn vẹn lãnh thổ Tổ quốc, xâm phạm\nchế độ chính trị, chế độ kinh tế, nền văn hóa, quốc phòng, an ninh, trật tự, an toàn xã hội, quyền, lợi ích hợp pháp của tổ chức, xâm\nphạm quyền con người, quyền, lợi ích hợp pháp của công dân, xâm phạm những lĩnh vực khác của trật tự pháp luật xã hội chủ nghĩa\nmà theo quy định của Bộ luật này phải bị xử lý hình sự.\n\f2. Những hành vi tuy có dấu hiệu của tội phạm nhưng tính chất nguy hiểm cho xã hội không đáng kể thì không phải là tội phạm và được\nxử lý bằng các biện pháp khác.\n\nĐiều 9. Phân loại tội phạm5\n\n1. Căn c",
  "embedding": [
    -0.00039230392,
    -0.014985557,
    -0.061874807,
    -0.11060806,
    0.0005080575,
    -0.01533181,
    0.038490575,
    0.021661013,
    0.03678346,
    -0.044996932,
    0.02111345,
    -0.050569206,
    0.012529568,
    -0.06680289,
    -0.024688724,
    -0.21155322,
    0.08664405,
    -0.015009713,
    0.0429033,
    0.009155603,
    -0.020517569,
    0.021467755,
    0.15653907,
    0.019164763,
    0.013423387,
    0.05118119,
    -0.02257899,
    -0.00032637472,
    0.05018269,
    -0.039005928,
    -0.056946725,
    -0.023029925,
    0.029101452,
    -0.03919919,
    0.0017584475,
    0.012980503,
    0.013052975,
    0.0049160034,
    0.030373733,
    0.0016859757,
    -0.053661335,
    -0.016048476,
    0.041550495,
    0.01832731,
    -0.0056527997,
    -0.11679232,
    0.0045013037,
    0.10590544,
    -0.058138482,
    -0.021210078,
    0.022031425,
    0.01539623,
    0.047283817,
    0.011595487,
    0.06963734,
    -0.18114728,
    0.02557449,
    0.0057051405,
    0.063292034,
    0.005544092,
    0.00447312,
    0.0037403498,
    -0.037492074,
    -0.047026142,
    -0.019728433,
    -0.02311045,
    0.028102951,
    -0.018568885,
    0.038232896,
    -0.0046381946,
    -0.13888817,
    0.0060352897,
    -0.0100574745,
    0.01789248,
    0.039263606,
    -0.042581204,
    -0.016974505,
    0.00039079407,
    -0.031887587,
    0.0449003,
    0.081168406,
    -0.038490575,
    -0.007428359,
    0.06496694,
    -0.0449003,
    0.07105457,
    0.11112341,
    0.01533181,
    0.01203837,
    0.015806904,
    0.0154606495,
    0.02913366,
    0.018101843,
    -0.002774059,
    -0.0109835025,
    -0.045769963,
    -0.054047853,
    -0.040616415,
    -0.02786138,
    -0.005081078,
    0.015066081,
    -0.037524283,
    0.12986945,
    0.036171477,
    -0.03488309,
    -0.008052422,
    -0.037749752,
    0.01948686,
    0.0021197998,
    0.031501073,
    0.018182367,
    0.021741537,
    0.040358737,
    -0.15666792,
    0.0019245287,
    0.01606458,
    -0.019406335,
    -0.0035813143,
    0.010846612,
    0.026830668,
    -0.018262891,
    0.0057252715,
    -0.020968506,
    -0.041840382,
    -0.011418333,
    -0.027764749,
    -0.010331256,
    0.027490966,
    -0.07356692,
    0.021290602,
    0.024479361,
    -0.016410835,
    0.002925042,
    -0.02314266,
    -0.022659514,
    0.06912199,
    0.03784638,
    -0.02398011,
    -0.0575265,
    0.05333924,
    -0.063292034,
    -0.017264392,
    -0.017731432,
    -0.015025819,
    -0.024962507,
    -0.06567555,
    0.01463125,
    -0.009872269,
    0.028843774,
    0.0089703975,
    -0.030486468,
    -0.043418657,
    -0.053822383,
    -0.03475425,
    -0.00072874414,
    -0.029294709,
    0.009993055,
    -0.06235795,
    0.015412334,
    -0.010266838,
    0.00447312,
    0.008841558,
    -0.022417942,
    -0.059362452,
    -0.0032310341,
    0.041292816,
    0.0031404444,
    0.04000443,
    -0.012183313,
    -0.099012576,
    0.027184974,
    -0.015533121,
    0.002520408,
    0.014711774,
    -0.016620198,
    -0.026621304,
    -0.0044771465,
    -0.05137445,
    -0.005081078,
    -0.06332424,
    -0.012674511,
    0.008833506,
    0.013987056,
    -0.0006567756,
    -0.01852057,
    0.0031646015,
    -0.029310813,
    0.055851594,
    0.049474075,
    0.018713828,
    -0.0023150712,
    -0.0492164,
    0.0022224684,
    0.07034595,
    -0.03246736,
    0.0100977365,
    0.034464363,
    -0.034399945,
    0.06348529,
    -0.018552778,
    0.03894151,
    -0.0018087751,
    -0.0059547657,
    0.0038913328,
    -0.033401445,
    -0.04618869,
    0.03987559,
    0.007396149,
    0.013326758,
    -0.031903695,
    0.05002164,
    0.014574883,
    -0.012296048,
    -0.016265891,
    0.028908193,
    0.03884488,
    -0.023432547,
    -0.054530997,
    0.0018580962,
    0.024624305,
    -0.01583106,
    -0.040390946,
    0.008205418,
    0.043193188,
    0.025316812,
    -0.03022879,
    0.0013578396,
    0.006913004,
    0.016265891,
    0.0056608524,
    -0.04696172,
    -0.002522421,
    -0.0024519623,
    -0.011410281,
    -0.015750537,
    -0.017683117,
    -0.02607374,
    0.005821901,
    0.028360628,
    0.01692619,
    0.07704557,
    -0.012449044,
    0.030921299,
    0.063968435,
    -0.056946725,
    -0.018101843,
    -0.00794774,
    0.011426386,
    -0.015251286,
    -0.008640248,
    -0.04235574,
    -0.03584938,
    -0.025381232,
    -0.067833595,
    -0.023690224,
    -0.030083846,
    0.022417942,
    0.0022587043,
    0.046639625,
    0.044320527,
    0.024656514,
    0.0105406195,
    -0.00016645865,
    -0.0012169222,
    0.06635195,
    0.020968506,
    0.083616346,
    0.0014786259,
    -0.015468702,
    -0.0060795783,
    0.0015047962,
    0.0074404376,
    0.03787859,
    0.022868877,
    0.09592044,
    0.011289495,
    0.027474862,
    0.0014011214,
    0.018939296,
    -0.0020734984,
    -0.023641909,
    0.01533181,
    0.02098461,
    -0.004754955,
    0.009155603,
    -0.006208417,
    0.025622806,
    -0.0068526105,
    0.0071586026,
    0.012296048,
    0.052856095,
    0.05649579,
    0.032612305,
    0.02357749,
    -0.049635127,
    0.0349153,
    -0.022498466,
    0.028747145,
    0.015557278,
    0.0021459702,
    0.0028706882,
    0.0292625,
    0.006647274,
    0.039778963,
    -0.043869592,
    -0.04109956,
    -0.01832731,
    0.0047267713,
    0.018504465,
    0.020292101,
    0.04225911,
    0.043676335,
    0.013197918,
    0.02251457,
    0.012489306,
    0.023513071,
    0.009397176,
    0.03175875,
    -0.009791745,
    0.014446044,
    0.0029169896,
    0.04312877,
    -0.11434438,
    0.046865094,
    -0.097466506,
    -0.0051897857,
    0.016104843,
    0.009364966,
    -0.00447312,
    0.046542995,
    -0.045608915,
    0.011514963,
    0.104037285,
    -0.028602201,
    -0.011635749,
    -0.045866594,
    -0.022659514,
    0.078205116,
    -0.024769248,
    -0.036976717,
    -0.028521677,
    -0.08722383,
    0.078656055,
    0.088641055,
    0.035495073,
    0.021693224,
    0.053983435,
    -0.038748253,
    -0.0070941835,
    -0.08806128,
    0.049635127,
    -0.031984217,
    -0.026379732,
    0.048056852,
    0.053532496,
    0.048668835,
    -0.06274447,
    -0.013697169,
    0.093408085,
    -0.02398011,
    0.005274336,
    -0.02111345,
    0.023947902,
    0.0066593527,
    -0.028553886,
    -0.016684618,
    -0.030872984,
    0.00017790818,
    0.036461364,
    -0.051728755,
    0.018262891,
    -0.1316732,
    0.009179761,
    -0.08825454,
    0.0266052,
    -0.010685563,
    -0.07363134,
    -0.017183868,
    -0.06412949,
    -0.007698115,
    -0.013600539,
    0.07904257,
    -0.0422269,
    0.017409336,
    -0.005713193,
    -0.006703641,
    -0.023786852,
    -0.08316541,
    0.043966223,
    0.017731432,
    0.025655014,
    0.051471077,
    -0.032080848,
    -0.043225396,
    0.056109272,
    0.02464041,
