{
  "chunk_index": 388,
  "token_start": 174600,
  "token_end": 175100,
  "text": "ng.\n\n2. Phạm tội thuộc một trong các trường hợp sau đây, thì bị phạt tiền từ 100.000.000 đồng đến 300.000.000 đồng hoặc phạt tù từ 02 năm\nđến 07 năm:\n\na) Tại đèo, dốc, đường cao tốc hoặc đoạn đường nguy hiểm;\n\nb) Làm chết 02 người;\n\nc) Gây thương tích hoặc gây tổn hại cho sức khỏe của 02 người trở lên mà tổng tỷ lệ tổn thương cơ thể của những người này từ 122%\nđến 200%;\n\nd) Gây thiệt hại về tài sản từ 500.000.000 đồng đến dưới 1.500.000.000 đồng.\n\n3. Phạm tội thuộc một trong các trường hợp sau đây, thì bị phạt tù từ 05 năm đến 10 năm:\n\na) Làm chết 03 người trở lên;\n\nb) Gây thương tích hoặc gây tổn hại cho sức khỏe của 03 người trở lên mà tổng tỷ lệ tổn thương cơ thể của những người này 201% trở\nlên;\n\nc) Gây thiệt hại về tài sản 1.500.000.000 đồng trở lên.\n\n4. Cản trở giao thông đường bộ trong trường hợp có khả năng thực tế dẫn đến hậu quả quy định tại một trong các điểm a, b và c khoản\n3 Điều này nếu không được ngăn chặn kịp thời, thì bị phạt tiền từ 5.000.000 đồng đến",
  "embedding": [
    -5.3994372e-05,
    -0.055198494,
    -0.036268927,
    -0.1689288,
    0.0004613413,
    0.03917411,
    0.083241165,
    0.0147705665,
    0.03253806,
    0.012912777,
    -0.11033583,
    -0.0032874448,
    0.0060282564,
    -0.12746112,
    -0.07834822,
    -0.06868466,
    0.024877548,
    0.002071855,
    0.07608523,
    0.0042201616,
    -0.014151303,
    0.15975453,
    -0.05473978,
    -0.10042762,
    -0.023853088,
    0.13321033,
    -0.040947802,
    -0.015779736,
    -0.0051949276,
    -0.009678849,
    -0.09284356,
    -0.004552729,
    -0.07106997,
    -0.0340671,
    -0.0074235094,
    0.0023719298,
    0.012163546,
    0.011184958,
    0.05207924,
    -0.12697183,
    -0.01732407,
    0.06207919,
    -0.006349356,
    0.016299611,
    -0.019724669,
    -0.036880545,
    -0.0076031717,
    0.053608287,
    -0.022950953,
    -0.048715346,
    0.0075840587,
    0.025902007,
    0.036177184,
    -0.009281298,
    0.014128367,
    -0.14152832,
    -0.031987604,
    -0.00562306,
    0.020825582,
    0.072232045,
    0.0104357265,
    -0.024739934,
    0.045198545,
    -0.047645014,
    -0.025902007,
    -0.031987604,
    0.023837797,
    -0.030397397,
    0.02912829,
    -0.05853181,
    -0.10207899,
    -0.08929618,
    -0.04122303,
    0.058959942,
    0.08911269,
    -0.010282822,
    -0.028531963,
    0.006307307,
    0.0026777384,
    -0.008899037,
    -0.012522872,
    -0.040305603,
    0.012614614,
    0.06415869,
    0.0057644965,
    0.05473978,
    -0.004954103,
    0.006261436,
    -0.037492163,
    0.030061008,
    0.033883616,
    -0.052782603,
    0.03541266,
    -0.0146023715,
    0.019204793,
    0.0006364646,
    0.0068654083,
    -0.019235374,
    0.033119097,
    -0.008348581,
    0.010282822,
    -0.022752177,
    0.01454121,
    0.056666374,
    0.05308841,
    -0.004315727,
    -0.0029587003,
    0.035106853,
    0.012033577,
    -0.0037232225,
    -0.016880646,
    0.03318026,
    -0.03776739,
    -0.038715396,
    -0.016850065,
    0.049663354,
    -0.041008964,
    -0.078164734,
    -0.019999897,
    0.04155942,
    -0.022079397,
    0.044434022,
    -0.029495262,
    -0.00056240155,
    0.048990574,
    -0.06807304,
    -0.0023088567,
    -0.01038221,
    -0.060458403,
    0.0025687942,
    -0.038103778,
    -0.02977049,
    -0.014021334,
    -0.030320944,
    0.105198234,
    -0.022033526,
    -0.0016886381,
    -0.024663482,
    0.021452488,
    0.053271897,
    -0.016085545,
    -0.028868353,
    0.048073146,
    0.032323994,
    -0.01698768,
    -0.05568779,
    0.023486119,
    -0.0553514,
    -0.0046368265,
    -0.022935662,
    0.043791823,
    -0.0010712865,
    -0.021559522,
    0.041314773,
    -0.057277992,
    -0.038593072,
    -0.008593228,
    0.0694186,
    -0.0027446342,
    0.024143606,
    -0.0030924918,
    0.02252282,
    0.008432678,
    0.040733736,
    0.0002506199,
    0.030749077,
    -0.021421907,
    0.03568789,
    -0.016850065,
    -0.034158845,
    0.022400497,
    -0.0063646464,
    0.0051146527,
    0.008975489,
    -0.004189581,
    0.0022094687,
    -0.042385105,
    -0.079571456,
    0.0122170625,
    -0.054067,
    -0.007649043,
    0.007809593,
    0.11700246,
    -0.025106905,
    -0.035259757,
    -0.0057071573,
    -0.0058065453,
    -0.011162022,
    0.0117124785,
    0.067155614,
    0.0010751091,
    -0.03397536,
    -0.02108552,
    0.04746153,
    0.010374565,
    -0.019969316,
    0.014762921,
    -0.0019017486,
    0.06709446,
    -0.020902034,
    0.012606969,
    -0.0081498055,
    0.029831652,
    0.022354625,
    -0.021406617,
    -0.029831652,
    0.013432653,
    0.033853035,
    0.062874295,
    0.009067232,
    0.022400497,
    -0.007866932,
    -0.053547125,
    -0.015106956,
    0.028898934,
    0.05403642,
    -0.02457174,
    -0.007874577,
    -0.017048841,
    0.032721546,
    -0.023241471,
    -0.028929515,
    0.040305603,
    0.028394349,
    0.01420482,
    -0.005091717,
    -0.0073852832,
    0.0017230416,
    -0.024403544,
    0.027155824,
    0.08006075,
    0.0129204225,
    -0.039112948,
    -0.050122067,
    -0.015764445,
    -0.007477026,
    0.082262576,
    0.013730817,
    -0.025015162,
    -0.0023203245,
    0.120305195,
    -0.0013321796,
    -0.0043271948,
    -0.0059365137,
    -0.005030555,
    -0.027645119,
    0.014403596,
    -0.018990729,
    0.03440349,
    -0.025122195,
    -0.03321084,
    -0.029005967,
    0.015267505,
    -0.012981584,
    -0.02249224,
    -0.020810291,
    0.028715448,
    0.011506057,
    -0.0022935662,
    0.07369993,
    0.060611308,
    -0.13895953,
    0.0104357265,
    -0.028272025,
    0.0147705665,
    0.032996774,
    0.03538208,
    0.015825607,
    0.013860785,
    -0.031987604,
    0.0070756515,
    -0.029953975,
    -0.0008978356,
    0.0012557275,
    0.09908206,
    0.00519875,
    -0.015779736,
    -0.007209443,
    -0.04633004,
    0.017507555,
    -0.047400367,
    0.045473773,
    -0.017905107,
    -0.05883762,
    -0.014564145,
    0.0617428,
    0.017721621,
    0.007270605,
    -0.0015672703,
    -0.004181936,
    0.0056765764,
    0.023883669,
    -0.016299611,
    -0.022950953,
    -0.057675544,
    0.08532066,
    -0.03366955,
    -0.00042669888,
    -0.005481623,
    0.029678747,
    -0.0024942532,
    -0.00046970326,
    0.018761372,
    0.0065672444,
    0.041467678,
    0.04715572,
    -0.007427332,
    -0.015649768,
    -0.053608287,
    -0.046177134,
    0.061528735,
    0.011590155,
    0.013394427,
    -0.0037346904,
    0.015519798,
    0.051865175,
    0.012209417,
    0.11155906,
    -0.03473988,
    -0.060336083,
    -7.615356e-05,
    0.028853063,
    -0.040641993,
    0.013279748,
    -0.099265546,
    -0.007786657,
    0.05434223,
    0.016743034,
    -0.015290441,
    0.07626872,
    0.008608518,
    -0.02359315,
    0.039755147,
    0.03733926,
    -0.014327143,
    -0.021284293,
    -0.02318031,
    0.014426531,
    -0.050427876,
    0.022232302,
    -0.049785677,
    -0.04571842,
    0.03253806,
    0.011941834,
    0.115901545,
    -0.04850128,
    -0.021605393,
    0.030213911,
    -0.087889455,
    0.04507622,
    -0.027109953,
    0.014013689,
    0.051620528,
    0.03571847,
    -0.0048279567,
    0.0026643593,
    0.008486195,
    0.022400497,
    0.11584038,
    -0.030733787,
    0.00055905676,
    -0.010779761,
    0.029403519,
    -0.0024579384,
    -0.041467678,
    -0.014931116,
    -0.014426531,
    0.05568779,
    -0.085565306,
    -0.05571837,
    0.0021330165,
    -0.009051941,
    0.035626728,
    -0.09975484,
    0.13553447,
    -0.01700297,
    0.011016763,
    0.025336262,
    -0.04746153,
    0.00039468452,
    -0.057461478,
    0.122935146,
    -0.054953847,
    0.030886691,
    -0.013776688,
    -0.029617585,
    -0.047308624,
    -0.026758272,
    0.031345405,
    -0.010458662,
    0.014013689,
    -0.023715474,
    -0.020351578,
    -0.005084072,
