{
  "chunk_index": 35,
  "token_start": 15750,
  "token_end": 16250,
  "text": " buộc công khai xin lỗi;\n\nc) Bắt buộc chữa bệnh.\n\f2. Biện pháp tư pháp đối với pháp nhân thương mại phạm tội bao gồm:\n\na) Tịch thu vật, tiền trực tiếp liên quan đến tội phạm;\n\nb) Trả lại tài sản, sửa chữa hoặc bồi thường thiệt hại; buộc công khai xin lỗi;\n\nc) Khôi phục lại tình trạng ban đầu;\n\nd) Thực hiện một số biện pháp nhằm khắc phục, ngăn chặn hậu quả tiếp tục xảy ra.\n\nĐiều 47. Tịch thu vật, tiền trực tiếp liên quan đến tội phạm\n\n1. Việc tịch thu sung vào ngân sách nhà nước hoặc tịch thu tiêu hủy được áp dụng đối với:\n\na) Công cụ, phương tiện dùng vào việc phạm tội;\n\nb) Vật hoặc tiền do phạm tội hoặc do mua bán, đổi chác những thứ ấy mà có; khoản thu lợi bất chính từ việc phạm tội;\n\nc) Vật thuộc loại Nhà nước cấm tàng trữ,13 cấm lưu hành.\n\n2. Đối với vật, tiền bị người phạm tội chiếm đoạt hoặc sử dụng trái phép, thì không tịch thu mà trả lại cho chủ sở hữu hoặc người quản\nlý hợp pháp.\n\n3. Vật, tiền là tài sản của người khác, nếu người này có lỗi trong việc để",
  "embedding": [
    -0.00028678018,
    0.046192784,
    -0.12194895,
    -0.093309425,
    -0.0005600875,
    0.040557265,
    0.013334317,
    -0.066394426,
    0.016460028,
    0.08394768,
    -0.11991646,
    -0.019493354,
    0.004730911,
    -0.041296348,
    -0.09694325,
    -0.1343902,
    0.018276945,
    -0.04807129,
    0.08610335,
    0.005735604,
    0.0037820342,
    0.044714615,
    0.16875763,
    -0.058849607,
    -0.051889893,
    0.09133853,
    -0.033689935,
    0.05894199,
    0.025205862,
    -0.074709125,
    -0.020694368,
    -0.0326429,
    0.06430035,
    0.030410249,
    -0.007198375,
    0.0043806154,
    0.014820185,
    0.0035433713,
    0.014265872,
    -0.027546296,
    -0.013087955,
    0.022064753,
    0.057956547,
    0.01056275,
    -0.008607255,
    -0.05395317,
    0.0024058742,
    0.055985652,
    -0.03603037,
    -0.030672008,
    0.029778948,
    0.011694473,
    0.10026913,
    0.011555894,
    0.072122335,
    -0.19166926,
    0.04101919,
    -0.0083070025,
    0.021448849,
    -0.013588377,
    -0.0159981,
    -0.029009068,
    -0.035044923,
    -0.054384302,
    -0.012271883,
    -0.008391689,
    0.050812062,
    0.0053198687,
    0.014535329,
    0.003949483,
    -0.005589327,
    0.06565534,
    0.007898966,
    0.04493018,
    0.04730141,
    -0.033967093,
    -0.033258803,
    -0.022588272,
    0.11923897,
    0.03000991,
    0.05222864,
    0.016629402,
    -0.042158615,
    -0.100330725,
    0.034583,
    0.050011385,
    -0.044437457,
    0.024266608,
    0.0249595,
    0.021741403,
    0.034860153,
    0.007821978,
    0.019431764,
    0.06522421,
    -0.004068814,
    0.00063082017,
    -0.029224634,
    0.014281269,
    -0.019308584,
    -0.0047270614,
    -0.008314701,
    -0.03316642,
    0.06497785,
    0.011086268,
    -0.00972358,
    0.044529844,
    -0.03886353,
    -0.0058664833,
    0.060882088,
    0.019631933,
    -0.022757644,
    0.019416366,
    -0.008869015,
    -0.061775148,
    0.050719675,
    0.025821766,
    -0.053737603,
    0.0067710923,
    0.013534485,
    -0.025205862,
    0.0022576724,
    0.0007453398,
    -0.024297403,
    -0.011602087,
    -0.019154608,
    -0.048533216,
    -0.010547352,
    0.0046539227,
    -0.074955486,
    0.017383885,
    0.006490086,
    -0.05235182,
    0.025713982,
    0.005173592,
    -0.08339337,
    -0.007117538,
    -0.014897172,
    0.00011903062,
    -2.7562295e-05,
    0.048779577,
    -0.039079096,
    -0.01376545,
    0.021402657,
    -0.021802993,
    0.0016879613,
    -0.0639924,
    0.017614847,
    0.0224035,
    0.007675701,
    0.0011817653,
    0.060758907,
    -0.03886353,
    0.0127030155,
    -0.0046115797,
    0.0074716825,
    0.0034914045,
    0.00991605,
    0.051766712,
    -0.02964037,
    0.0017861209,
    0.033197213,
    0.0057009594,
    -0.08524108,
    -0.020632776,
    0.0063900016,
    0.023958657,
    -0.03994136,
    0.071260065,
    -0.016798776,
    -0.024051042,
    0.01798439,
    -0.011232545,
    -0.021294873,
    -0.009885255,
    0.007671851,
    0.0025944947,
    0.006497785,
    -0.05395317,
    -0.020725163,
    -0.05989664,
    0.031195527,
    -0.0046192785,
    0.03424425,
    -0.013072558,
    -0.014712402,
    -0.013465196,
    -0.07076734,
    0.03387471,
    0.047578566,
    0.028624129,
    -0.04012613,
    -0.002386627,
    -0.010008437,
    0.05804893,
    -0.045669265,
    -0.009900653,
    0.008884412,
    0.040156927,
    -0.011679076,
    -0.044591434,
    0.008314701,
    0.03077979,
    0.03239654,
    -0.011317232,
    0.004011073,
    0.0027369224,
    0.02956338,
    0.0358456,
    -0.015351402,
    -0.03578401,
    0.011517401,
    -0.0780966,
    -0.035229694,
    -0.03815524,
    -0.011371124,
    0.04108078,
    -0.024574561,
    -0.05306011,
    0.022557477,
    0.015497679,
    0.021094704,
    0.008345496,
    -0.009677388,
    0.024220416,
    -0.007637207,
    -0.037662517,
    0.024697741,
    0.0013905952,
    0.0028851242,
    -0.006971261,
    0.06811896,
    0.026653236,
    -0.045515288,
    -0.011024677,
    0.0017947821,
    -0.050842855,
    -0.0069866586,
    0.012310376,
    0.046716303,
    0.021987764,
    0.048594806,
    -0.0008877675,
    0.020448005,
    0.0041573504,
    0.005562381,
    -0.048779577,
    -0.015312907,
    -0.0034933293,
    0.041327145,
    -0.010208605,
    -0.055585317,
    -0.022957813,
    -0.010539654,
    -0.039325457,
    -0.049703434,
    0.0040611154,
    0.014104197,
    -0.035106514,
    -0.0035857148,
    0.11431174,
    0.05031934,
    -0.05946551,
    -0.0065747728,
    -0.052598182,
    0.06291457,
    0.07834296,
    0.060758907,
    -0.041696686,
    0.025575405,
    -0.020509595,
    0.069720306,
    0.024405187,
    0.021525837,
    -0.014412148,
    0.035630032,
    -0.023727693,
    0.0032585158,
    0.01376545,
    0.03692343,
    -0.024882512,
    -0.051674325,
    -0.05924994,
    -0.043913938,
    -0.023650706,
    0.016506221,
    0.07452436,
    0.12699936,
    -0.0127030155,
    0.025267452,
    0.021895379,
    0.037354562,
    -0.032735284,
    0.014666209,
    0.0019939884,
    -0.03541447,
    0.0505657,
    0.019724319,
    -0.01869268,
    0.012071714,
    -0.035876393,
    -0.024343597,
    0.014904872,
    0.03809365,
    -0.023512127,
    0.017014341,
    -0.005173592,
    -0.028762706,
    0.009831364,
    -0.10827588,
    0.023758488,
    0.0058472366,
    0.032026995,
    0.0020382565,
    0.014927967,
    -0.0198321,
    -0.03174984,
    0.011771461,
    0.020648174,
    -0.040280107,
    -0.08123771,
    -0.006120544,
    0.098544605,
    -0.0072484175,
    0.028470151,
    -0.05912676,
    0.030117694,
    0.049179915,
    0.032427333,
    0.012664521,
    0.05906517,
    0.0062668207,
    -0.011147859,
    0.04006454,
    0.0021075457,
    -0.0098082675,
    -0.05989664,
    -0.034336634,
    0.05543134,
    -0.006409249,
    -0.009831364,
    -0.041296348,
    -0.02029403,
    0.055031,
    -0.04148112,
    0.1062434,
    -0.0045923325,
    0.06497785,
    0.043298036,
    0.07754228,
    -0.022172537,
    0.021895379,
    0.0339363,
    0.05995823,
    0.019678125,
    0.04274372,
    0.037785698,
    0.042220205,
    -0.003481781,
    0.03720059,
    -0.08856696,
    -0.0105319545,
    -0.022603668,
    0.0016946978,
    0.018831259,
    -0.0017129824,
    -0.012549039,
    -0.0048002,
    0.027469309,
    0.029270826,
    -0.024682343,
    0.03039485,
    -0.016952751,
    0.07797342,
    -0.07538662,
    0.06066652,
    0.005639369,
    -0.021017715,
    0.02726914,
    -0.008930605,
    0.048502423,
    -0.00013412748,
    0.05644758,
    -0.023512127,
    0.022264922,
    0.00017478675,
    -0.0044691516,
    -0.0332896,
    0.040680446,
    0.047239818,
    0.06393081,
    0.030056104,
    0.031595863,
    -0.017014341,
    0.026468465,
    0.024020247,
    0.03858637,
    -0.009061485,
    0.047732543,
