{
  "chunk_index": 492,
  "token_start": 221400,
  "token_end": 221900,
  "text": "02 người trở lên mà tổng tỷ lệ tổn thương cơ th\n\nc) Gây thiệt hại về tài sản từ 500.000.000 đồng đến dưới 1.500.000.000 đồng.\n\n3. Phạm tội thuộc một trong các trường hợp sau đây, thì bị phạt tù từ 07 năm đến 15 năm:\n\na) Làm chết 03 người trở lên;\n\nb) Gây tổn hại cho sức khỏe của 03 người trở lên mà tổng tỷ lệ tổn thương cơ thể của những người này 201% trở lên;\n\nc) Gây thiệt hại về tài sản 1.500.000.000 đồng trở lên.\n\n4. Người phạm tội còn có thể bị phạt tiền từ 10.000.000 đồng đến 50.000.000 đồng, cấm đảm nhiệm chức vụ, cấm hành nghề hoặc làm\ncông việc nhất định từ 01 năm đến 05 năm.\n\nĐiều 316. Tội phá thai trái phép\n\n1.328 Người nào thực hiện việc phá thai trái phép cho người khác thuộc một trong các trường hợp sau đây, thì bị phạt cải tạo không\ngiam giữ đến 03 năm hoặc phạt tù từ 01 năm đến 03 năm:\n\na) Làm chết người;\n\nb) Gây tổn hại cho sức khỏe của 01 người mà tỷ lệ tổn thương có thể 61 % trở lên;\n\nc) Gây tổn hại cho sức khỏe của 02 người trở l",
  "embedding": [
    -0.0002774988,
    0.020067964,
    -0.051376384,
    -0.13068905,
    -0.00026344822,
    0.031113587,
    -0.014762468,
    0.06708305,
    0.019438498,
    0.060069006,
    -0.123974755,
    -0.051796027,
    0.0006004278,
    -0.036359135,
    -0.16006412,
    -0.13908193,
    0.13152835,
    -0.03638911,
    0.106349714,
    0.0029393795,
    -0.016725801,
    0.033451602,
    0.05970931,
    -0.13704365,
    0.011540203,
    0.035100203,
    -0.025793104,
    -0.10293262,
    0.087705545,
    -0.0060548596,
    -0.107189,
    0.021341883,
    0.012394478,
    0.002712697,
    0.0066356165,
    -0.018254504,
    0.0024785209,
    0.0027407983,
    -0.0054179006,
    -0.13596457,
    -0.017460177,
    0.11666096,
    0.012956501,
    0.011202989,
    0.0015277655,
    -0.06186748,
    -0.014470216,
    0.007853333,
    -0.03890697,
    0.0043687914,
    0.017250355,
    0.028670661,
    0.038067684,
    -0.027171932,
    -0.010018994,
    -0.16989577,
    0.03087379,
    0.009629325,
    0.013608447,
    0.09316091,
    0.009007353,
    -0.069301166,
    0.03423094,
    -0.048618726,
    -0.012844096,
    -0.016965598,
    -0.0383974,
    -0.053864274,
    0.023365164,
    -0.06438534,
    -0.032822136,
    -0.0638458,
    -0.057910837,
    0.004765954,
    0.07493638,
    -0.014133002,
    -0.016066361,
    0.011787493,
    0.08722595,
    0.019438498,
    -0.0193186,
    -0.00932958,
    0.005713899,
    0.0033983649,
    0.023290228,
    0.006999058,
    0.022465928,
    0.012559338,
    -0.04930814,
    -0.0094719585,
    0.033751346,
    -0.017430203,
    0.0319229,
    -0.04918824,
    0.0069953115,
    0.011914885,
    -0.01064846,
    -0.026722314,
    0.024699032,
    -0.017759923,
    -0.008100623,
    -0.04313338,
    0.067262895,
    0.024848904,
    0.04825903,
    0.014867378,
    -0.010760864,
    0.01771496,
    0.01942351,
    0.003531377,
    -0.020277785,
    0.022331042,
    -0.01804468,
    -0.051406357,
    0.0049008396,
    0.026062874,
    -0.00037070093,
    -0.09861628,
    -0.03300198,
    -0.04313338,
    -0.030633993,
    0.058630228,
    0.044512212,
    -0.0113079,
    0.051646154,
    -0.06534453,
    0.013398625,
    0.006047366,
    -0.09537903,
    0.02284061,
    -0.07883307,
    -0.020292772,
    0.020202849,
    0.0069091343,
    -0.03572967,
    -0.017010558,
    0.016695825,
    0.008894948,
    0.0072500953,
    0.045441423,
    -0.011322888,
    -0.0077858903,
    0.020592518,
    0.01711547,
    -0.033871245,
    -0.00010760396,
    0.0084003685,
    0.006897894,
    -0.0040952736,
    -0.015361958,
    0.07241852,
    -0.040975213,
    0.0008065028,
    0.028266003,
    -0.053444628,
    0.0015006011,
    0.037018575,
    0.03037921,
    -0.011735038,
    -0.01826949,
    -0.03064898,
    0.024189465,
    -0.030619007,
    -0.03450071,
    -0.021117073,
    0.01810463,
    0.0027108237,
    0.03542992,
    0.008190547,
    0.0420543,
    0.01678575,
    0.015451882,
    -0.029584885,
    0.0105810175,
    0.00045406766,
    -0.019723257,
    -0.04448224,
    -0.06774249,
    0.010048969,
    0.0009109454,
    -0.004327576,
    0.019843154,
    0.08800529,
    -0.04055557,
    -0.05563277,
    -0.014784949,
    -0.014455228,
    0.037018575,
    0.058630228,
    0.03542992,
    -0.016935622,
    -0.001123109,
    -0.030184375,
    0.034380812,
    -0.039446514,
    -0.06510473,
    -0.04325328,
    -0.0096593,
    0.095738724,
    -0.03731832,
    0.061507784,
    0.014200444,
    0.06840193,
    0.020682441,
    -0.035130177,
    -0.02372486,
    0.041454807,
    0.033481576,
    0.03411104,
    -0.009884109,
    0.020937225,
    -0.057071548,
    -0.04568122,
    -0.034650583,
    -0.025748141,
    0.054134045,
    -0.016815724,
    -0.025628243,
    0.02481893,
    0.004275121,
    -0.017550102,
    -0.020067964,
    -0.040405698,
    0.026272696,
    0.0042189183,
    -0.012514376,
    -0.0078008776,
    0.018419363,
    0.017430203,
    0.026887175,
    0.08542748,
    0.021656616,
    -0.017220382,
    -0.022690738,
    -0.010843295,
    -0.019843154,
    0.016051373,
    0.03378132,
    0.012574325,
    0.021221984,
    0.17073506,
    -0.023290228,
    -0.009644313,
    -0.029300125,
    0.0027370513,
    -0.030094452,
    -0.0075086257,
    -0.05311491,
    0.0060436195,
    -0.0032784669,
    -0.044991806,
    -0.0018809033,
    0.00875257,
    -0.014305356,
    -0.042473942,
    0.011577671,
    0.0013141969,
    -0.03153323,
    0.006800477,
    0.08710605,
    0.05839043,
    -0.10640966,
    -0.006249694,
    -0.04744972,
    -0.0074936384,
    -0.021206997,
    0.11738035,
    -0.014432748,
    0.016111322,
    -0.0044437274,
    0.076734856,
    -0.033361677,
    0.03830748,
    0.00036437815,
    0.080811396,
    0.029974554,
    0.007973231,
    -0.0029150252,
    0.013136348,
    -0.027246868,
    -0.048139133,
    -0.002424192,
    0.07002056,
    0.0034695545,
    -0.023574986,
    0.02212122,
    0.01227458,
    0.027306817,
    0.008760063,
    0.006500731,
    0.017640024,
    0.05575267,
    -0.01367589,
    -0.015676692,
    -0.014567633,
    0.0704402,
    0.0010519195,
    0.032012824,
    0.01942351,
    0.027441703,
    0.006448276,
    -0.06588407,
    -0.01705552,
    0.06444529,
    0.010513575,
    -0.01987313,
    -0.027546614,
    -0.0015511832,
    -0.06348611,
    0.038936947,
    0.03869715,
    0.014695025,
    0.0039678817,
    0.019573383,
    -0.03587954,
    0.022196157,
    0.06504478,
    0.032492414,
    -0.04918824,
    -0.0067705023,
    0.011397824,
    0.022031296,
    -0.10329231,
    -0.011570178,
    -0.037797913,
    0.006377086,
    0.06972081,
    0.026482519,
    -0.07667491,
    0.08183053,
    -0.004057805,
    0.0018106503,
    0.090702996,
    0.025238574,
    0.010805827,
    -0.045321524,
    -0.028191067,
    0.027531628,
    -0.0336914,
    -0.033601474,
    -0.031892926,
    -0.07038025,
    0.052425493,
    -0.0060173916,
    0.003960388,
    -0.015586767,
    0.09843643,
    0.052425493,
    -0.068581775,
    0.03477048,
    -0.02652748,
    0.034051094,
    0.1008344,
    0.046550483,
    -0.025553307,
    0.015496844,
    -0.027696487,
    0.028475827,
    0.067442745,
    -0.031773027,
    0.009756717,
    -0.002652748,
    -0.049338114,
    -0.014672544,
    -0.035489872,
    -0.00043627026,
    0.006320884,
    0.029360075,
    -0.044722036,
    -0.06129796,
    -0.014927328,
    0.03231257,
    -0.00885748,
    -0.06108814,
    0.09537903,
    -0.012716704,
    -0.010573524,
    0.041844476,
    -0.047030073,
    0.010341221,
    -0.04741974,
    0.044722036,
    -0.016411068,
    0.08656651,
    -0.012844096,
    -0.021386843,
    -0.065404475,
    -0.012079745,
    0.004544892,
    0.034980305,
    -0.03231257,
    -0.013795788,
    -0.03285211,
    0.007066501,
    0.047869362,
    -0.031083612,
    -0.002767026,
    0.06378585,
    0.02415949,
