{
  "chunk_index": 138,
  "token_start": 62100,
  "token_end": 62600,
  "text": "ết hoặc tự sát;\n\nđ) Đối với 06 người trở lên;\n\ne) Tái phạm nguy hiểm.\n\n4. Người phạm tội còn có thể bị phạt tiền từ 20.000.000 đồng đến 100.000.000 đồng, phạt quản chế, cấm cư trú từ 01 năm đến 05 năm\nhoặc tịch thu một phần hoặc toàn bộ tài sản.\n\nĐiều 151. Tội mua bán người dưới 16 tuổi70\n\n1. Người nào thực hiện một trong các hành vi sau đây, thì bị phạt tù từ 07 năm đến 12 năm:\n\na) Chuyển giao hoặc tiếp nhận người dưới 16 tuổi để giao, nhận tiền, tài sản hoặc lợi ích vật chất khác, trừ trường hợp vì mục đích\n\fnhân đạo;\n\nb) Chuyển giao hoặc tiếp nhận người dưới 16 tuổi để bóc lột tình dục, cưỡng bức lao động, lấy bộ phận cơ thể hoặc vì mục đích vô\nnhân đạo khác;\n\nc) Tuyển mộ, vận chuyển, chứa chấp người dưới 16 tuổi để thực hiện hành vi quy định tại điểm a hoặc điểm b khoản này.\n\n2. Phạm tội thuộc một trong các trường hợp sau đây, thì bị phạt tù từ 12 năm đến 20 năm:\n\na) Lợi dụng chức vụ, quyền hạn;\n\nb) Lợi dụng hoạt động cho, nhận con nuôi để phạm tộ",
  "embedding": [
    -5.692134e-05,
    0.023122165,
    -0.054399516,
    -0.1609543,
    0.0005210587,
    0.08376451,
    -0.015014393,
    0.00013310456,
    0.0184598,
    0.08079324,
    -0.073396675,
    -0.12264388,
    0.005096991,
    -0.078327715,
    -0.06593689,
    -0.017969858,
    0.16019566,
    -0.06966678,
    0.056485727,
    0.0040894463,
    -0.016879339,
    -0.03051873,
    0.15564394,
    -0.094321996,
    0.053893767,
    -0.01534629,
    -0.030945454,
    -0.03906903,
    0.051807556,
    0.032557525,
    -0.054842047,
    -0.038816158,
    -0.050163876,
    0.018443996,
    -0.001582438,
    0.003561967,
    0.008352743,
    0.00964082,
    0.049816176,
    -0.037077647,
    -0.064925395,
    0.018159512,
    0.07611507,
    -0.017337672,
    0.015472727,
    0.027010102,
    -0.009490677,
    0.047319043,
    0.015362095,
    -0.02672562,
    0.021652335,
    0.012928182,
    -0.037077647,
    0.009798867,
    0.051839165,
    -0.09059211,
    0.024655214,
    -0.017574742,
    0.029491428,
    -0.03499144,
    0.025508663,
    0.02037216,
    0.101212814,
    -0.018064685,
    -0.029301774,
    -0.04624433,
    0.08079324,
    -0.052755836,
    0.003670624,
    -0.012185365,
    -0.065494366,
    0.043051798,
    0.022758659,
    -0.022632223,
    0.07086793,
    -0.010755046,
    0.0020190408,
    -0.0030542435,
    0.04968974,
    -0.0044687577,
    0.015828332,
    0.007673145,
    -0.012683211,
    -0.03397994,
    0.024623604,
    0.097862236,
    -0.0041368604,
    0.034770172,
    -0.065494366,
    -0.009474873,
    0.047224216,
    0.015441118,
    0.024702627,
    -0.07579898,
    -0.013994995,
    -0.014176748,
    -0.042324785,
    0.0077877287,
    -0.019487102,
    -0.007756119,
    0.026267285,
    -0.0010470564,
    0.05221848,
    0.041092023,
    0.036540292,
    0.014469134,
    -0.0184598,
    0.038120754,
    0.006811793,
    0.008850589,
    -0.0321308,
    0.03910064,
    -0.0009181499,
    -0.08958061,
    -0.03151442,
    0.054936875,
    -0.047793183,
    -0.073080584,
    -0.03530753,
    -0.07251161,
    -0.036382243,
    0.030471316,
    -0.014247868,
    -0.011576887,
    0.019660952,
    -0.07447139,
    0.011181772,
    -0.026883665,
    -0.1370577,
    0.006851305,
    -0.03878455,
    -0.03236787,
    0.010130764,
    0.008494985,
    0.036887992,
    -0.06147999,
    -0.012967695,
    0.032209825,
    0.0027895162,
    0.010320419,
    -0.004607048,
    -0.0013552465,
    0.03957478,
    -0.00053587556,
    -0.019423883,
    0.01480103,
    -0.032273043,
    0.017116409,
    -0.018775893,
    0.007479538,
    -0.014745714,
    -0.004931043,
    -0.035086267,
    -0.010517977,
    -0.026962688,
    0.0047334847,
    -0.004832264,
    0.037267305,
    0.030186832,
    0.05171273,
    0.003164876,
    0.0015923158,
    -0.056169633,
    -0.0014372331,
    -0.019250032,
    0.05187078,
    -0.014484938,
    0.04254605,
    -0.016752902,
    0.005669909,
    0.05038514,
    -0.016294567,
    -0.009419556,
    -0.00097445387,
    -0.020767275,
    -0.0056066904,
    -0.028558956,
    -0.053577676,
    -0.011750738,
    -0.04381042,
    0.030376488,
    0.0023904494,
    0.035433967,
    -0.01790664,
    0.0034631882,
    -0.008574009,
    -0.0152277555,
    0.015283071,
    0.027025906,
    0.05481044,
    0.0164052,
    0.021446874,
    -0.019581929,
    0.022964118,
    -0.0083843535,
    0.013007206,
    0.025066134,
    -0.0009626004,
    0.09286797,
    -0.0406811,
    0.082563356,
    0.020783082,
    0.06675873,
    0.01828595,
    -0.0063692634,
    -0.041028805,
    0.05082767,
    0.01250936,
    0.02286929,
    -4.917337e-05,
    -0.014690398,
    -0.05806619,
    -0.028717002,
    0.055189747,
    0.035908107,
    0.03663512,
    -0.017827615,
    -0.0103520285,
    0.018554628,
    -0.045296054,
    -0.0009092598,
    -0.00604922,
    0.037267305,
    0.015259365,
    0.017306063,
    -0.0061321943,
    -0.01261209,
    0.006855256,
    0.008977027,
    0.0044490015,
    0.08629325,
    0.022268716,
    -0.042103518,
    -0.0068750116,
    -0.021478483,
    0.04121846,
    0.11189674,
    0.03404316,
    0.02539803,
    0.08926452,
    0.14363243,
    0.011363525,
    -0.011237088,
    0.012058929,
    -0.008257916,
    -0.05032192,
    -0.0074913916,
    0.0050732843,
    0.026030216,
    0.02987074,
    -0.012090538,
    -0.045264445,
    0.013489246,
    -0.017543133,
    0.07940243,
    -0.009459067,
    0.013315395,
    -0.0034770174,
    -0.022632223,
    0.06606333,
    -0.010502173,
    -0.060816195,
    0.035971325,
    -0.010154471,
    -0.023975614,
    0.045232832,
    0.07712656,
    0.020229919,
    -0.057971362,
    0.012430337,
    0.04965813,
    -0.009838378,
    -0.008811078,
    0.010502173,
    0.090465665,
    0.08363807,
    0.021446874,
    -0.008621423,
    0.0047295336,
    -0.026804643,
    -0.030171027,
    0.01828595,
    -0.017938249,
    0.0024536678,
    -0.022347739,
    -0.017100602,
    0.08837946,
    0.03397994,
    -0.035086267,
    -0.037678223,
    0.038910985,
    -0.03995409,
    0.020071873,
    0.016484223,
    -0.043115016,
    0.05917251,
    0.0032695816,
    0.0077679725,
    0.046054676,
    -0.0023983517,
    -0.041344896,
    -0.008708348,
    0.043241452,
    -0.0051799654,
    -0.043146625,
    0.0019212497,
    -0.037583396,
    0.0680231,
    -0.048172493,
    0.06438804,
    -0.03113511,
    0.048077665,
    0.027563265,
    0.0071041784,
    -0.003544187,
    0.025745733,
    0.0680231,
    0.017890835,
    -0.07263805,
    0.019423883,
    -0.011047432,
    0.018918134,
    -0.073775984,
    0.039732825,
    -0.118534684,
    0.0478564,
    0.0328104,
    0.08035071,
    -0.052281696,
    0.09381625,
    -0.024117857,
    0.015235658,
    0.1647474,
    -0.0067248675,
    -0.019645147,
    -0.054968484,
    -0.052250087,
    0.031530224,
    -0.025777342,
    0.04254605,
    0.008056407,
    0.012746429,
    0.022505784,
    0.025998607,
    0.0153146805,
    -0.05509492,
    0.045517318,
    0.021936819,
    -0.004828313,
    -0.045643754,
    0.0033644093,
    -0.07516679,
    0.018254342,
    -0.0005240221,
    0.00034424447,
    -0.029064704,
    0.02498711,
    -0.010802461,
    0.07333346,
    -0.00022064737,
    0.022758659,
    -0.020451184,
    -0.0060926825,
    0.00642458,
    -0.028037403,
    0.023833374,
    -0.022000037,
    0.0036449414,
    0.017954053,
    -0.03363224,
    -0.001413526,
    -0.052724227,
    -0.009632918,
    -0.083890945,
    0.12454044,
    -0.006278387,
    -0.01377373,
    0.004302809,
    -0.006890816,
    0.029412406,
    -0.01209844,
    -7.544239e-05,
    0.009696137,
    0.033284537,
    0.056169633,
    -0.07693691,
    -0.077632315,
    0.02960206,
    0.040649492,
    0.08370129,
    -0.01558336,
    -0.0032794594,
    -0.06935069,
    -0.009704039,
    -0.030708384,
    0.08439669,
    0.010944703,
    0.08275301,
