{
  "chunk_index": 77,
  "token_start": 34650,
  "token_end": 35150,
  "text": "ng đối với hình phạt tiền thì các khoản tiền được cộng lại thành hình phạt chung;\n\nb) Nếu các hình phạt đã tuyên là khác loại thì pháp nhân thương mại bị kết án phải chấp hành tất cả các hình phạt đã tuyên.\n\nĐiều 87. Tổng hợp hình phạt của nhiều bản án\n\n1. Trường hợp pháp nhân thương mại đang chấp hành một bản án mà lại bị xét xử về tội đã phạm trước khi có bản án này, thì Tòa án\nquyết định hình phạt đối với tội đang bị xét xử, sau đó quyết định hình phạt chung theo quy định tại Điều 86 của Bộ luật này.\n\nThời gian đã chấp hành hình phạt của bản án trước về đình chỉ hoạt động có thời hạn, cấm kinh doanh, cấm hoạt động trong một số\nlĩnh vực nhất định hoặc cấm huy động vốn được trừ vào thời hạn chấp hành hình phạt chung.\n\n2. Khi xét xử một pháp nhân thương mại đang phải chấp hành một bản án mà lại thực hiện hành vi phạm tội mới, Tòa án quyết định\nhình phạt đối với tội mới, sau đó tổng hợp với phần hình phạt chưa chấp hành của bản án trước rồi quyết định hình phạt chung theo quy\nđịnh tại Đ",
  "embedding": [
    -0.00088546413,
    -0.009869258,
    -0.047610488,
    -0.022681108,
    -0.002808275,
    0.06295165,
    0.053429548,
    -0.10447857,
    -0.013134213,
    0.05157803,
    -0.07763155,
    -0.025425322,
    0.00027793448,
    -0.06658856,
    -0.11062826,
    -0.11962135,
    0.109967,
    -0.015241968,
    0.13635115,
    0.0051371385,
    0.0043436303,
    0.07425914,
    0.08510375,
    -0.0047445176,
    -0.053991616,
    0.061100125,
    -0.039642345,
    0.06596036,
    -0.05941392,
    -0.0021883466,
    -0.08589726,
    -0.05286748,
    0.061430756,
    -0.026070049,
    -0.009489035,
    -0.005042083,
    -0.003717503,
    0.018465595,
    0.098461136,
    -0.026731305,
    0.0027731457,
    -0.11843109,
    0.06963034,
    -0.003417871,
    0.026053518,
    0.022747234,
    0.009522097,
    0.072606,
    -0.05359486,
    -0.013960783,
    0.031409696,
    0.014117832,
    0.06348065,
    0.007930948,
    0.038617395,
    -0.17549755,
    0.016928174,
    -0.013076353,
    -0.051809467,
    -0.03574093,
    0.0011582326,
    -0.005294187,
    0.058058344,
    -0.028400978,
    -0.024879787,
    -0.031889107,
    0.0059099826,
    -0.014812152,
    0.027987693,
    -0.021590034,
    -0.068307824,
    0.055611696,
    0.015680052,
    0.06529911,
    0.11657957,
    -0.023425022,
    -0.027227247,
    -0.035575613,
    0.034782108,
    -0.0031554347,
    0.0679772,
    -0.016374372,
    0.0035997166,
    -0.0045626718,
    0.021044496,
    0.0038600864,
    -0.070754476,
    0.031029474,
    -0.011729042,
    0.036600564,
    0.045792032,
    -0.030715378,
    0.02759094,
    0.06731594,
    0.00044247377,
    -0.021044496,
    -0.008645932,
    -0.0097204745,
    -0.045296088,
    0.017589431,
    -0.03203789,
    -0.050916772,
    0.020399772,
    0.0076912427,
    -0.01019162,
    -0.0012119598,
    -0.049462005,
    -0.031541947,
    0.010952066,
    0.02177188,
    0.035906244,
    0.052107036,
    0.04483321,
    -0.033691034,
    0.044436455,
    0.020217925,
    0.07492039,
    -0.059843738,
    0.002010634,
    -0.039179463,
    -0.03086416,
    0.026169237,
    -0.03921253,
    -0.024350781,
    -0.022333948,
    -0.024449969,
    0.0021842138,
    -0.014737761,
    -0.086955264,
    0.027508281,
    -4.181287e-05,
    -0.05789303,
    0.021953724,
    -0.0181515,
    -0.021110622,
    -0.0012016275,
    0.016151197,
    -0.035211924,
    -0.0017223672,
    0.045957346,
    -0.03990685,
    -0.008786449,
    0.04212206,
    0.06675387,
    0.001059044,
    0.042551875,
    0.07478814,
    -0.014712963,
    0.042452686,
    0.008910435,
    0.0670845,
    -0.00938158,
    -0.020862652,
    -0.0027049535,
    0.014390601,
    -0.018945007,
    -0.040799543,
    0.057793844,
    -0.022862954,
    0.06172832,
    0.033624906,
    0.047114547,
    -0.032963652,
    -0.05891798,
    0.006315002,
    0.02539226,
    -0.0065340437,
    0.09052605,
    -0.07505264,
    -0.04694923,
    0.035244986,
    -0.03354225,
    -0.01955667,
    -0.030252498,
    -0.05495044,
    -0.00072634924,
    0.012762256,
    -0.043874387,
    -0.028219134,
    -0.07697029,
    0.00581906,
    0.020333646,
    0.053330358,
    0.0065712393,
    -0.009530364,
    -0.014398866,
    -0.052107036,
    0.051313527,
    0.03934478,
    0.06648937,
    -0.08001207,
    0.0342531,
    -0.00068088784,
    0.0440397,
    -0.014977466,
    0.010447857,
    0.0054718996,
    0.078557305,
    0.004190715,
    -0.002011667,
    -0.0074556703,
    0.004149386,
    0.048106432,
    0.0031781653,
    -0.0034240703,
    -0.028020756,
    7.800764e-05,
    0.0079846755,
    -0.036832,
    -0.043874387,
    0.032765273,
    -0.07492039,
    0.0036658423,
    -0.03259996,
    0.0012894507,
    0.043841325,
    -0.05415693,
    -0.038286768,
    0.03468292,
    0.06017437,
    0.018316813,
    -0.0377247,
    0.021590034,
    0.023706056,
    0.006835742,
    -0.032781806,
    0.017920058,
    -6.3284344e-05,
    0.004413889,
    -0.011332288,
    0.057330962,
    0.027078465,
    -0.040799543,
    -0.015564332,
    -0.0051660687,
    -0.0016510756,
    0.04076648,
    0.022747234,
    0.038286768,
    0.011910887,
    0.07650741,
    0.019639326,
    0.007116776,
    -0.001981704,
    0.0075383275,
    -0.0154899405,
    0.02038324,
    0.00093557505,
    0.015861897,
    0.0019910028,
    -0.072539866,
    0.000339669,
    -0.015291563,
    -0.051412717,
    -0.065530546,
    0.01782087,
    0.0016221455,
    0.030434344,
    0.000901479,
    0.05309892,
    0.05951311,
    0.020399772,
    0.006930798,
    -0.022400074,
    0.052107036,
    0.05147884,
    -0.026681712,
    -0.019622795,
    -0.03388941,
    -0.0066745607,
    0.07683804,
    0.01042306,
    0.03377369,
    -0.005376844,
    0.07465589,
    0.010613171,
    0.0022689374,
    0.0059554437,
    -0.031409696,
    -0.011836496,
    -0.08219422,
    0.023557274,
    -0.06139769,
    0.005662011,
    0.015010529,
    0.035211924,
    0.010398263,
    0.028367916,
    0.006286072,
    -0.0067406865,
    0.013671484,
    0.07148186,
    0.003645178,
    0.0052900543,
    -0.059116356,
    -0.1048092,
    0.02063121,
    -0.038485143,
    -0.014993997,
    -0.023011737,
    -0.0033972068,
    -0.03633606,
    0.017953122,
    -0.0045089447,
    -0.03703038,
    0.040799543,
    0.017275333,
    0.0013917389,
    -0.03402166,
    0.007823494,
    0.007964011,
    0.01666367,
    0.006835742,
    -0.012745724,
    0.10137066,
    0.028566293,
    0.058355913,
    -0.0077904314,
    -0.05789303,
    0.0032401583,
    -0.017903527,
    0.026516397,
    0.013539232,
    0.013613624,
    -0.046387162,
    0.015556065,
    0.0475113,
    0.03564174,
    0.0104395915,
    0.036832,
    -0.017655555,
    0.02888039,
    0.0999159,
    0.0073027546,
    -0.058422036,
    -0.0113157565,
    -0.05868654,
    0.010332137,
    -0.05554557,
    0.031955235,
    -0.04575897,
    0.016101602,
    -0.028252196,
    -0.01897807,
    0.053264234,
    -0.03121132,
    0.09118731,
    0.007728439,
    0.08530212,
    0.10923962,
    0.065067664,
    0.0065175123,
    0.09429522,
    0.030517,
    0.07359788,
    0.07458977,
    -0.008877372,
    -0.00733995,
    -0.012489487,
    -0.041857556,
    -0.0038290902,
    0.0019114454,
    0.0067034904,
    0.007873088,
    -0.0043064347,
    -0.05415693,
    -0.009480769,
    0.02864895,
    -0.041394673,
    -0.04486627,
    0.010737157,
    -0.0032215603,
    0.060835622,
    -0.07769767,
    -0.024962444,
    0.0077036414,
    -0.018316813,
    -0.015241968,
    -0.018531721,
    -0.017539836,
    0.0009810365,
    0.07558165,
    -0.06655549,
    -0.045362215,
    -0.029508583,
    -0.066819996,
    -0.014167426,
    0.08602951,
    -0.017374521,
    -0.007149839,
    -0.0017574965,
    -0.006500981,
    0.018597847,
    -0.010547046,
    0.035972368,
    0.07617678,
    -0.0073936773,
