{
  "chunk_index": 30,
  "token_start": 13500,
  "token_end": 14000,
  "text": " tại cơ sở giam giữ trong một thời hạn nhất định.\n\nTù có thời hạn đối với người phạm một tội có mức tối thiểu là 03 tháng và mức tối đa là 20 năm.\n\nThời gian tạm giữ, tạm giam được trừ vào thời hạn chấp hành hình phạt tù, cứ 01 ngày tạm giữ, tạm giam bằng 01 ngày tù.\n\n2. Không áp dụng hình phạt tù có thời hạn đối với người lần đầu phạm tội ít nghiêm trọng do vô ý và có nơi cư trú rõ ràng.\n\nĐiều 39. Tù chung thân\n\nTù chung thân là hình phạt tù không thời hạn được áp dụng đối với người phạm tội đặc biệt nghiêm trọng, nhưng chưa đến mức bị xử\nphạt tử hình.\n\nKhông áp dụng hình phạt tù chung thân đối với người dưới 18 tuổi phạm tội.\n\nĐiều 40. Tử hình\n\f1. Tử hình là hình phạt đặc biệt chỉ áp dụng đối với người phạm tội đặc biệt nghiêm trọng thuộc một trong nhóm các tội xâm phạm an\nninh quốc gia, xâm phạm tính mạng con người, các tội phạm về ma túy, tham nhũng và một số tội phạm đặc biệt nghiêm trọng khác do\nBộ luật này quy định.\n\n2. Không áp dụng hình phạ",
  "embedding": [
    -0.00032057465,
    -0.09117865,
    0.08788837,
    -0.07789099,
    0,
    0.035180658,
    -0.008747709,
    -0.0379331,
    0.0363196,
    0.09269724,
    -0.08288968,
    -0.12889029,
    -0.0008720026,
    -0.010638036,
    -0.049512345,
    -0.06397059,
    0.17843427,
    0.037553456,
    -0.016577937,
    0.010274207,
    -0.0131057445,
    0.00506592,
    0.16793069,
    -0.07131044,
    -0.0798525,
    0.041982673,
    -0.023617232,
    -0.034990836,
    0.12673895,
    0.032396577,
    -0.015225442,
    -0.033472244,
    -0.031700555,
    0.04986036,
    -0.005342746,
    -0.018586904,
    -0.013311387,
    0.0070748874,
    0.024186702,
    -0.103200816,
    -0.115159705,
    0.06327456,
    -0.0026080986,
    -0.023111034,
    0.017147407,
    -0.007359623,
    -0.031827107,
    0.053340457,
    -0.030450884,
    -0.010171386,
    0.020532597,
    0.015897734,
    0.03385189,
    0.00088633824,
    0.008557885,
    -0.15654127,
    0.113451295,
    0.0051173302,
    0.01874509,
    0.03875567,
    0.003701562,
    0.004136575,
    0.11977875,
    0.00465859,
    -0.029137937,
    -0.048626505,
    0.014742973,
    -0.014600606,
    0.01316111,
    0.03514902,
    -0.12787789,
    0.06574228,
    -0.025230734,
    0.003994207,
    0.053118996,
    -0.022272646,
    -0.021418441,
    -0.01966257,
    -0.008565795,
    0.03514902,
    0.025831841,
    0.052233152,
    -0.033345696,
    0.048025396,
    0.02619567,
    0.10168222,
    0.019978944,
    0.00025977174,
    -0.0228263,
    -0.05147386,
    0.03119436,
    0.0026377584,
    0.03132091,
    -0.0051015117,
    0.042552143,
    -0.0014019271,
    0.0071302527,
    -0.0070274314,
    -0.016372293,
    0.019931488,
    0.0039190683,
    -0.010677583,
    0.022082822,
    0.03749018,
    0.027366249,
    0.026875872,
    -0.024993453,
    0.023901967,
    0.03597159,
    0.03457955,
    0.026164033,
    0.03995789,
    -0.05201169,
    -0.1298394,
    -0.0031123178,
    0.008676524,
    -0.040337536,
    -0.054542676,
    -0.020295316,
    0.01630902,
    -0.017384687,
    0.011776978,
    0.0067308317,
    -0.041697938,
    0.0035611717,
    -0.098202124,
    0.004694182,
    0.030355973,
    -0.112185806,
    -0.00096147676,
    -0.06909583,
    -0.048468318,
    0.0053467005,
    -0.00197733,
    0.0016876513,
    -0.036920708,
    0.0050105546,
    0.028014814,
    -0.0044173556,
    0.054194666,
    -0.03540212,
    0.04239396,
    0.0036204916,
    0.0397997,
    -0.005342746,
    0.026448768,
    0.047455925,
    -0.012757734,
    0.01838126,
    -0.040464085,
    -0.0014325758,
    -0.019251287,
    -0.041128468,
    0.022288466,
    0.005635391,
    -0.033567157,
    -0.0074782628,
    0.012283175,
    -0.0037272673,
    0.030767256,
    0.030197786,
    0.02690751,
    -0.06605864,
    -0.085673764,
    -0.0024420028,
    0.03302932,
    -0.07460071,
    0.031574007,
    0.014458238,
    -0.021386802,
    0.021450078,
    0.007268666,
    0.023680506,
    0.022842119,
    -0.054700863,
    0.011903527,
    -0.012647004,
    -0.1455315,
    -0.030751439,
    -0.06311638,
    0.013865039,
    -0.013912495,
    0.018064888,
    -0.031953655,
    0.023332495,
    0.021434259,
    -0.008107054,
    -0.015431085,
    0.060110837,
    0.05998429,
    0.0069206557,
    0.02980232,
    0.014972344,
    0.029359398,
    -0.02035859,
    -0.03714217,
    0.022256829,
    0.048942875,
    0.08156092,
    0.017780153,
    0.007624585,
    -0.022573201,
    0.03480101,
    -0.040907007,
    0.018365443,
    -0.01444242,
    0.030134512,
    -0.0034543958,
    0.041603025,
    -0.039862975,
    0.03960988,
    -0.024376526,
    -0.020342773,
    -0.03900877,
    0.0003487516,
    0.028742472,
    -0.048942875,
    -0.036699247,
    0.011571337,
    -0.012741916,
    -0.034073353,
    -0.011729523,
    0.020880606,
    0.0025547105,
    -0.046190433,
    -0.036287963,
    0.0022778844,
    0.006620101,
    -0.017764334,
    0.0368258,
    0.041381564,
    -0.0015640681,
    -0.028315367,
    -0.032744586,
    0.0064579602,
    -0.0057817134,
    0.13958369,
    0.053308822,
    -0.017653603,
    0.054321215,
    0.07921976,
    -0.004041663,
    0.0113815125,
    -0.0033377332,
    -0.0060387664,
    -0.0300396,
    0.031953655,
    -0.024170883,
    0.003527557,
    0.013524938,
    -0.04296343,
    -0.015312444,
    -0.000997563,
    0.002281839,
    0.031352546,
    0.0109465,
    -0.013485392,
    0.022747206,
    -0.029849775,
    0.054922324,
    0.03878731,
    0.03236494,
    -0.004607179,
    -0.022636475,
    0.022668112,
    0.05508051,
    0.04925925,
    -0.03932514,
    -0.0087635275,
    -0.042805243,
    0.083459154,
    0.007731361,
    0.04236232,
    0.008352242,
    0.053878292,
    0.03723708,
    -0.00459927,
    -0.05716857,
    -0.027793353,
    0.017954158,
    -0.02641713,
    -0.0020643326,
    -0.027840808,
    0.043975823,
    0.0165463,
    -0.024170883,
    -0.057105295,
    0.03970479,
    -0.056440912,
    0.03676252,
    0.011049321,
    0.0078104543,
    0.016783578,
    -0.0025705292,
    -0.060585395,
    0.0130108325,
    0.002426184,
    0.030941263,
    0.024692899,
    0.024202522,
    -0.014869523,
    -0.023917785,
    -0.02035859,
    0.049797084,
    -0.08769855,
    0.024613805,
    -0.026527861,
    0.05068293,
    0.06738741,
    0.09295034,
    -0.038091287,
    -0.0011992507,
    -0.0057896227,
    0.0043975823,
    -0.06675467,
    0.044418745,
    0.04609552,
    0.015850278,
    -0.09522822,
    0.030909626,
    -0.0072449376,
    0.025341464,
    -0.0649197,
    0.0057342574,
    -0.031257637,
    -0.013683124,
    0.022573201,
    0.01316111,
    -0.091431744,
    0.09446893,
    0.02039023,
    0.045937333,
    0.13275003,
    0.01524917,
    -0.07093079,
    -0.018903276,
    -0.071563534,
    0.069918394,
    0.0050698747,
    0.05201169,
    -0.033155873,
    -0.035939954,
    -0.027223881,
    0.025373101,
    0.07169008,
    -0.01969421,
    -0.0031736149,
    0.021497533,
    0.05856061,
    0.006438187,
    0.045019854,
    -0.013762218,
    -0.03366207,
    0.013580304,
    0.026385494,
    0.03587668,
    0.039166957,
    0.03448464,
    0.025515469,
    -0.024249977,
    0.016451387,
    -0.038376022,
    -0.0010944522,
    -0.029201211,
    -0.064223684,
    0.048721414,
    -0.038724035,
    0.008557885,
    0.015359901,
    -0.05008182,
    0.0075613107,
    -0.05761149,
    0.029644134,
    -0.055112146,
    0.1460377,
    -0.0033634386,
    -0.04100192,
    -0.037521817,
    -0.0064184135,
    0.01643557,
    0.025246551,
    0.07093079,
    0.010464031,
    -0.009135265,
    -0.041982673,
    -0.01781179,
    -0.029897232,
    -0.0131057445,
    -0.009174812,
    0.038376022,
    0.000625825,
    -0.024503075,
    -0.019377835,
    -0.012828918,
    0.074917085,
    0.032143477,
    -0.0032863228,
    0.08535739,
    0.051062573,
    -0.0056433002,
