{
  "chunk_index": 151,
  "token_start": 67950,
  "token_end": 68450,
  "text": "ề bầu cử, ứng cử hoặc biểu quyết khi Nhà nước trưng cầu ý dân\n\n1. Người nào lừa gạt, mua chuộc, cưỡng ép hoặc dùng thủ đoạn khác cản trở công dân thực hiện quyền bầu cử, quyền ứng cử hoặc\nquyền biểu quyết khi Nhà nước trưng cầu ý dân, thì bị phạt cảnh cáo, phạt cải tạo không giam giữ đến 01 năm hoặc phạt tù từ 03 tháng\nđến 01 năm.\n\n2. Phạm tội thuộc một trong các trường hợp sau đây, thì bị phạt tù từ 01 năm đến 02 năm:\n\na) Có tổ chức;\n\nb) Lợi dụng chức vụ, quyền hạn;\n\fc) Dần đến hoãn ngày bầu cử, bầu cử lại hoặc hoãn việc trưng cầu ý dân.\n\n3. Người phạm tội còn có thể bị cấm đảm nhiệm chức vụ nhất định từ 01 năm đến 05 năm.\n\nĐiều 161. Tội làm sai lệch kết quả bầu cử, kết quả trưng cầu ý dân\n\n1. Người nào có trách nhiệm trong việc tổ chức, giám sát việc bầu cử, tổ chức trưng cầu ý dân mà giả mạo giấy tờ, gian lận phiếu hoặc\ndùng thủ đoạn khác để làm sai lệch kết quả bầu cử, kết quả trưng cầu ý dân, thì bị phạ",
  "embedding": [
    -0.00042254053,
    0.058003474,
    -0.071171485,
    0.017487759,
    -0.0016088658,
    0.050166905,
    0.085945345,
    0.021133048,
    0.023702417,
    0.049203392,
    0.024489285,
    0.02410388,
    0.0054839943,
    -0.008551177,
    -0.08877165,
    -0.10669299,
    0.036195967,
    0.11523614,
    0.07386932,
    -0.0024549505,
    -0.0036974805,
    0.023590006,
    0.14298531,
    -0.048946455,
    -0.013392828,
    0.07020797,
    -0.032229505,
    -0.10739957,
    -0.00525516,
    -0.05382825,
    -0.10155426,
    -0.08665192,
    -0.04223398,
    0.013344653,
    -0.0006026974,
    -0.034365293,
    0.029338967,
    0.0033883536,
    0.0068088244,
    -0.056622438,
    -0.054534826,
    -0.0033180974,
    0.07309851,
    -0.008936582,
    0.116970465,
    0.012782604,
    -0.015962197,
    0.10386669,
    -0.08286211,
    -0.03793029,
    0.01526365,
    0.021968093,
    0.029547729,
    -0.013962908,
    -0.011128574,
    -0.13033117,
    0.019671721,
    -0.008157742,
    0.06025167,
    0.013938819,
    0.0076679564,
    0.001357951,
    0.010879667,
    -0.036420785,
    -0.027604643,
    -0.025115568,
    -0.094745435,
    -0.04258727,
    -0.022546202,
    -0.00071059074,
    -0.124485865,
    -0.06731743,
    -0.018065866,
    0.006074146,
    0.03603538,
    -0.025500974,
    -0.012429316,
    0.0009047988,
    0.104701735,
    0.051997576,
    0.029226556,
    0.031169642,
    -0.02190386,
    -0.109519295,
    0.04878587,
    0.12499974,
    -0.022754962,
    -0.0002261997,
    -0.019157847,
    0.057104196,
    0.029868899,
    0.10059074,
    -0.002388709,
    0.060219552,
    0.007864674,
    0.029114148,
    -0.015897963,
    -0.07688833,
    -0.045927446,
    0.016074607,
    -0.008976729,
    -0.032695204,
    0.01238114,
    0.05366767,
    0.0510983,
    0.002173926,
    -0.0066402094,
    0.03272732,
    0.00387011,
    -0.011152661,
    -0.050712895,
    -0.015536645,
    -0.06686779,
    -0.041720107,
    -0.027411941,
    0.0062548043,
    -0.054085188,
    0.013786263,
    0.039086506,
    -0.10232507,
    0.019013321,
    0.065005004,
    -0.014348312,
    0.03226162,
    -0.013657795,
    0.02686595,
    -0.009185489,
    0.044289473,
    -0.037287947,
    -0.0060219555,
    0.017568052,
    -0.02654478,
    -0.035585742,
    0.007230361,
    0.0029507582,
    0.019703839,
    0.019254198,
    0.02278708,
    0.028825093,
    0.06413784,
    -0.024473228,
    -0.014733718,
    0.012911072,
    -0.03715948,
    -0.050712895,
    0.028230928,
    -0.03603538,
    0.01955931,
    -0.006403346,
    0.0020414428,
    0.02355789,
    0.005905531,
    -0.03439741,
    -0.003195651,
    -0.052126046,
    -0.0036011294,
    -0.053924605,
    0.015054888,
    -0.0020304027,
    0.005311365,
    -0.00087268173,
    0.032582793,
    -0.047404833,
    0.027508292,
    0.0019300367,
    0.04069236,
    -0.040403306,
    0.0061985995,
    -0.029708313,
    -0.0040367176,
    -0.00070406694,
    -0.022369556,
    -0.011851208,
    -0.004821579,
    0.011289159,
    0.0060861898,
    -0.03282367,
    -0.08832201,
    -0.032598853,
    -0.00015782542,
    -0.004040732,
    -0.03317696,
    0.026705366,
    -0.033915654,
    0.004568657,
    0.026962303,
    -0.045734745,
    0.028327279,
    0.011618359,
    0.01780893,
    -0.024585636,
    0.016443953,
    0.006323053,
    0.035200335,
    -0.011819091,
    0.04599168,
    -0.02818275,
    -0.014685542,
    0.07932922,
    -0.020635234,
    0.047404833,
    -0.006294951,
    0.07033644,
    0.00068399374,
    -0.004508437,
    -0.0051026037,
    0.05096983,
    -0.0026777629,
    0.0067205024,
    -0.024826515,
    0.01226873,
    -0.02566156,
    -0.05752172,
    -0.066289686,
    0.06461959,
    0.022208972,
    -0.04701943,
    -0.007973069,
    0.031378403,
    -0.03282367,
    -0.01792134,
    -0.011064339,
    -0.03706313,
    0.023092192,
    -0.074704364,
    0.063720316,
    -0.010638788,
    0.045734745,
    0.021357868,
    0.003045102,
    -0.0033923683,
    0.027219238,
    0.0028182752,
    -0.008085479,
    0.02697836,
    -0.03992155,
    0.08511031,
    -0.030270362,
    0.029804666,
    0.025725793,
    0.016243221,
    -0.040017903,
    0.021839624,
    0.039182857,
    -0.03712736,
    -0.060412258,
    0.018708209,
    -0.03292002,
    0.018708209,
    -0.011513979,
    -0.04159164,
    -0.03992155,
    -0.0022702771,
    -0.020137418,
    0.03452588,
    -0.0039383587,
    -0.018114042,
    -0.114272624,
    -0.047726005,
    0.029322907,
    0.05196546,
    -0.00387011,
    0.01726294,
    -0.011096456,
    0.028584216,
    -0.0039223004,
    0.0636882,
    0.0076800003,
    0.013344653,
    0.015777523,
    0.029901017,
    -0.001938066,
    0.018595798,
    -0.0005650601,
    -0.021261517,
    -0.005206984,
    -0.042651504,
    -0.03161928,
    0.007366859,
    0.01128113,
    0.013617649,
    -0.0037757661,
    -0.025806086,
    0.06172906,
    0.048721634,
    0.021759333,
    0.09500237,
    0.036452904,
    0.010004476,
    -0.013842468,
    0.00259747,
    -0.027428,
    0.03449376,
    0.001625928,
    -0.010462143,
    0.11337335,
    0.0026014848,
    0.019768072,
    -0.021470279,
    0.007977083,
    -0.021935977,
    -0.04756542,
    0.06304586,
    0.04322961,
    -0.031378403,
    0.08626652,
    0.0147578055,
    0.06330279,
    -0.10669299,
    0.033433896,
    -0.0588064,
    0.020008951,
    0.031105407,
    0.015343943,
    0.041623756,
    0.0014061265,
    -0.011305218,
    0.008286211,
    0.056622438,
    -0.00073919503,
    -0.011867267,
    0.04612015,
    -0.0448997,
    0.023734534,
    -0.005134721,
    0.022305323,
    0.057104196,
    0.043036908,
    -0.008382562,
    0.087422736,
    -0.020715527,
    0.043936186,
    0.018049808,
    0.03825146,
    0.015062918,
    -0.029162323,
    -0.05331438,
    0.080870844,
    0.029756488,
    -0.03359448,
    -0.045638394,
    0.007836571,
    0.08787237,
    -0.07656716,
    -0.009418339,
    -0.0017895245,
    0.057457484,
    0.019992892,
    -0.10341705,
    0.05581951,
    -0.011554125,
    -0.026592955,
    -0.030720001,
    -0.027171062,
    -0.10367399,
    0.039311323,
    -0.018049808,
    -0.0243287,
    0.11748434,
    -0.03658137,
    0.012461433,
    -0.01637972,
    0.057264782,
    -0.007439122,
    -0.017664403,
    -0.0012174386,
    -0.04974938,
    -0.007254449,
    0.0010508312,
    -0.041977044,
    -0.002609514,
    0.035649978,
    0.03715948,
    -0.05806771,
    -0.003089263,
    -0.016877534,
    0.07219923,
    -0.04409677,
    -0.008262123,
    0.02521192,
    0.020940347,
    0.03979308,
    0.021149108,
    0.07650292,
    -0.0045606275,
    0.0009334031,
    0.029322907,
    0.007266493,
    -0.026255725,
    -0.03295214,
    -0.019029379,
    0.024152055,
    0.019286316,
    -0.017006002,
    0.049396094,
    -0.018226452,
    0.0005113644,
    0.041174117,
    0.022433791,
    -0.06420208,
    -0.0046810666,
