{
  "chunk_index": 352,
  "token_start": 158400,
  "token_end": 158900,
  "text": " 248. Tội sản xuất trái phép chất ma túy\n\n1. Người nào sản xuất trái phép chất ma túy dưới bất kỳ hình thức nào, thì bị phạt tù từ 02 năm đến 07 năm.\n\n2.239 Phạm tội thuộc một trong các trường hợp sau đây, thì bị phạt tù từ 07 năm đến 15 năm:\n\na) Có tổ chức;\n\nb) Phạm tội 02 lần trở lên;\n\fc) Lợi dụng chức vụ, quyền hạn;\n\nd) Lợi dụng danh nghĩa cơ quan, tổ chức;\n\nđ) Nhựa thuốc phiện, nhựa cần sa hoặc cao côca có khối lượng từ 500 gam đến dưới 01 kilôgam;\n\ne) Heroine, Cocaine, Methamphetamine, Amphetamine, MDMA hoặc XLR-11 có khối lượng từ 05 gam đến dưới 30 gam;\n\ng) Các chất ma túy khác ở thể rắn có khối lượng từ 20 gam đến dưới 100 gam;\n\nh) Các chất ma túy khác ở thể lỏng có thể tích từ 100 mililít đến dưới 200 mil\n                                                                            ilít;\n\ni) Tái phạm nguy hiểm;\n\nk) Có 02 chất ma túy trở lên mà ổ\n                                t ng khối lượng hoặc thể tích của các chất đó tương đương với khối lượng hoặc thể tích chất ma túy\nquy định tại một trong các điểm từ điểm đ đến điểm h khoản này.\n\n3.240 Phạm tội thuộc một trong các trường hợp sau đây, thì bị phạt tù từ 15 n",
  "embedding": [
    -0.0005151619,
    -0.05791287,
    -0.038949955,
    -0.12752064,
    -0.0010566497,
    0.0947485,
    -0.023769714,
    0.04281522,
    0.021936193,
    0.055798538,
    -0.010175222,
    -0.06144777,
    0.0028142913,
    -0.13089035,
    -0.0077635623,
    -0.049257323,
    0.040700886,
    -0.11866687,
    0.13300468,
    -0.0012863561,
    -0.023241132,
    0.085234,
    0.123093754,
    -0.059928093,
    -0.06742736,
    0.06627109,
    -0.03234267,
    -0.031764533,
    0.07585166,
    0.057020888,
    -0.0105881775,
    -0.007003724,
    -0.09441813,
    -0.0340936,
    -0.0027833197,
    -0.05837538,
    -0.047737647,
    -0.004168785,
    -0.040370524,
    -0.13558152,
    -0.026065746,
    0.03212793,
    0.026065746,
    0.0016208501,
    0.057846796,
    0.007606639,
    -0.02381927,
    0.05982898,
    -0.055930685,
    -0.02297684,
    0.023852305,
    0.031136839,
    0.06359514,
    -0.004848097,
    0.07935352,
    -0.055269957,
    0.05252793,
    0.007846153,
    -0.07882493,
    0.022844695,
    0.027849715,
    0.0057029147,
    0.0784285,
    -0.051305585,
    -0.009415383,
    -0.032408744,
    0.049818944,
    0.008680323,
    0.018335221,
    -0.0468787,
    -0.06253797,
    0.040899105,
    -0.05051271,
    -0.0076231575,
    0.15064614,
    -0.03455611,
    -0.021936193,
    0.033399835,
    0.012809877,
    0.0063966797,
    0.077701695,
    0.00010536816,
    -0.022679511,
    -0.011372793,
    -0.0043979753,
    0.054080643,
    0.0806089,
    0.053816352,
    0.0037971253,
    -0.021159837,
    -0.010224776,
    0.010142186,
    0.028559998,
    0.016336517,
    0.024248743,
    -0.014502995,
    0.014899432,
    -0.019788824,
    -0.021820566,
    -0.0023042914,
    -0.022068338,
    -0.010026558,
    0.07829635,
    0.04529295,
    -0.0105881775,
    0.0011273683,
    -0.0054551414,
    0.036472224,
    -0.019887934,
    -0.022497812,
    0.01269425,
    0.030509148,
    -0.03290429,
    -0.017988339,
    -0.036439188,
    -0.0018335221,
    -0.048530523,
    0.005674008,
    -0.03974283,
    -0.0045342506,
    -0.026445666,
    0.06253797,
    0.011810525,
    0.009068501,
    0.067988984,
    -0.013090687,
    -0.034258783,
    0.028873844,
    -0.05520388,
    -0.020267854,
    -0.068451494,
    -0.06300048,
    0.0061489064,
    -0.03967676,
    -0.05616194,
    -0.04179109,
    0.026742993,
    -0.017624937,
    -0.056723557,
    0.028857326,
    -0.03680259,
    0.0035328337,
    0.03272259,
    0.04938947,
    -0.030542184,
    -0.028130524,
    -0.010761619,
    0.006817894,
    0.009737489,
    -0.006173684,
    -0.03660437,
    0.003326356,
    0.0216719,
    -0.013032873,
    -0.030789956,
    0.012991578,
    -0.014230444,
    0.0745302,
    -0.011513198,
    -0.004682915,
    -0.015279351,
    0.04271611,
    -0.027420241,
    -0.034225747,
    -0.020515626,
    0.03159935,
    0.014015707,
    0.010051335,
    0.0059837243,
    -0.0257519,
    0.0020843926,
    -0.028873844,
    -0.021804048,
    0.051371656,
    -0.023406314,
    -0.03604275,
    -0.03825619,
    -0.02225004,
    0.017311092,
    0.024133116,
    -0.01380097,
    0.037397243,
    0.008928097,
    -0.040502667,
    0.011017651,
    0.014882914,
    -0.010893764,
    0.05457619,
    0.04208842,
    0.0004426366,
    -0.050777,
    0.05318866,
    -0.061811168,
    0.038619593,
    -0.027304614,
    0.011851821,
    0.015758378,
    -0.046085827,
    0.090255536,
    -0.044599187,
    0.06997117,
    0.00824259,
    -0.0004958046,
    -0.01732761,
    0.008296275,
    -0.04978591,
    0.04420275,
    0.027668014,
    0.040799998,
    -0.007949392,
    0.009217165,
    -0.068517566,
    -0.05216453,
    -0.010868987,
    -0.0049843723,
    0.022679511,
    -0.01769101,
    -0.043211658,
    0.010059594,
    -0.014668177,
    -0.0017416396,
    -0.038850848,
    -0.007858542,
    0.0010860728,
    -0.027932305,
    -0.020482589,
    -0.0030785827,
    0.044334896,
    0.024446962,
    0.04697781,
    -0.0019904452,
    -0.021853602,
    0.008515141,
    0.022217002,
    0.024149634,
    -0.0016858906,
    0.066469304,
    0.03465522,
    -0.008358218,
    0.057582505,
    0.089859106,
    -0.0515038,
    -0.019887934,
    0.0135449385,
    0.0021060726,
    -0.036009714,
    0.016576031,
    -0.027948823,
    0.06124955,
    0.021275464,
    -0.055104773,
    -0.006248016,
    -0.03898299,
    -0.04106429,
    0.035084695,
    0.036736514,
    0.011818784,
    -0.06313263,
    0.0036835624,
    0.01075336,
    -0.006594898,
    0.027915787,
    -0.0033284207,
    -0.041295543,
    -0.0454251,
    0.004315384,
    0.064784445,
    -0.02808097,
    0.009894412,
    -0.031467203,
    0.01575012,
    -0.0468787,
    -0.021903155,
    0.00027048582,
    0.07856064,
    0.043376837,
    0.00089921046,
    0.0056492304,
    -0.029732792,
    0.008234331,
    -0.0372651,
    0.011744453,
    -0.011760971,
    0.05827627,
    -0.025157245,
    -0.007937004,
    0.13875303,
    -0.037562426,
    -0.040238377,
    -0.001700344,
    0.05318866,
    0.029980564,
    -0.041031253,
    0.01232259,
    -0.054510117,
    0.04450008,
    0.028840808,
    -0.00029397264,
    0.049951088,
    0.008944615,
    0.009861376,
    0.025008582,
    0.026263965,
    0.035481133,
    -0.005356032,
    -0.048034977,
    -0.03491951,
    0.054444045,
    -0.0053931978,
    0.052296676,
    0.06904615,
    0.022481294,
    0.060820077,
    0.033531982,
    -0.009423643,
    0.0075405664,
    0.06650234,
    0.028873844,
    -0.05883789,
    0.018302185,
    0.010555141,
    0.007156518,
    -0.100430764,
    -0.021159837,
    -0.020185262,
    0.038289227,
    0.062042423,
    0.087810844,
    -0.10868987,
    0.068914,
    -0.05863967,
    0.01861603,
    0.044896513,
    -0.027205504,
    -0.036406152,
    -0.037298135,
    0.013140242,
    0.035745423,
    -0.032491334,
    0.0139496345,
    0.014189148,
    -0.0069748173,
    -0.016658623,
    -0.036637407,
    -0.029997082,
    -0.021754492,
    0.046548337,
    0.074794486,
    0.023852305,
    0.00017886132,
    0.0052197566,
    0.029088581,
    -0.03650526,
    0.069905095,
    0.035348985,
    0.05708696,
    0.022398703,
    0.049620725,
    0.06570947,
    -0.039974086,
    0.02104421,
    0.014866396,
    0.02287773,
    -0.05226364,
    -0.13650654,
    0.02428178,
    -0.036736514,
    0.03344939,
    0.064784445,
    0.0083127925,
    -0.008663805,
    -0.06048971,
    0.035216838,
    0.03310251,
    0.09137878,
    -0.02984842,
    -0.026726475,
    0.024050524,
    -0.040899105,
    0.009332793,
    -0.0023476516,
    -0.004393846,
    -0.008581214,
    0.07367125,
    -0.03538202,
    -0.007866801,
    0.008498623,
    0.04641619,
    0.06617198,
