{
  "chunk_index": 693,
  "token_start": 311850,
  "token_end": 312350,
  "text": "8.\n\f317 Khoản này được sửa đổi, bổ sung theo quy định tại khoản 107 Điều 1 của Luật số 12/2017/QH14 sửa đổi, bổ sung một số điều của\nBộ luật Hình sự số 100/2015/QH13, có hiệu lực kể từ ngày 01 tháng 01 năm 2018.\n\n318 Điều này được sửa đổi, bổ sung theo quy định lại khoản 108 Điều 1 của Luật số 12/2017/QH14 sửa đổi, bổ sung một số điều của\nBộ luật Hình sự số 100/2015/QH13, có hiệu lực kể từ ngày 01 tháng 01 năm 2018.\n\n319 Điều này được sửa đổi, bổ sung theo quy định tại khoản 109 Điều 1 của Luật số 12/2017/QH14 sửa đổi, bổ sung một số điều của\nBộ luật Hình sự số 100/2015/QH13, có hiệu lực kể từ ngày 01 tháng 01 năm 2018.\n\n320 Điều này được sửa đổi, bổ sung theo quy định tại khoản 110 Điều 1 của Luật số 12/2017/QH14 sửa đổi, bổ sung một số điều của\nBộ luật Hình sự số 100/2015/QH13, có hiệu lực kể từ ngày 01 tháng 01 năm 2018.\n\n321 Điều này được sửa đổi, bổ sung theo quy định tại khoản 111 Điều 1 của Luật số 12/2017/QH14 sửa đổi, bổ sung một số điều của\nBộ luật Hình sự số 100/2015/QH13, có hiệu lực kể",
  "embedding": [
    0.0002145825,
    -0.04732804,
    -0.055374485,
    -0.008381714,
    0.0026142462,
    -0.003874686,
    -0.02641407,
    -0.024309093,
    0.030012904,
    0.080124944,
    -0.07381001,
    -0.013224011,
    0.0007612506,
    -0.015651526,
    -0.13499016,
    -0.18713927,
    0.044544037,
    0.0043839547,
    0.03880628,
    0.0095148375,
    -0.0046385895,
    0.04546072,
    0.057072047,
    0.018452503,
    -0.031404905,
    0.044442184,
    -0.009540301,
    0.017018063,
    -0.0071212742,
    0.025480412,
    -0.041861888,
    -0.019233381,
    0.04807497,
    -0.047022477,
    0.003970174,
    5.959704e-06,
    0.06834386,
    -0.013631426,
    0.024393972,
    -0.012222449,
    0.008042202,
    -0.015643038,
    -0.06230054,
    -0.020964896,
    0.031812318,
    0.029350854,
    -0.0072867866,
    0.053235557,
    -0.04430638,
    0.026719632,
    0.009353569,
    0.04305018,
    -0.087051,
    -0.020591432,
    -0.034121003,
    -0.20085558,
    0.010830448,
    0.010949277,
    0.014454744,
    0.04030013,
    -0.007880934,
    0.007825763,
    -0.0047531747,
    -0.04464589,
    -0.013826646,
    -0.015685476,
    0.060467172,
    -0.055680048,
    0.019216407,
    -0.01082196,
    -0.07740884,
    0.056800436,
    -0.027177975,
    -0.014301963,
    0.08053236,
    -0.032338563,
    -0.0353093,
    0.027568413,
    0.06012766,
    -0.027755145,
    0.04675087,
    -0.100088276,
    0.006000883,
    -0.010592789,
    0.011517961,
    0.017323624,
    0.049534872,
    0.0063149324,
    -0.023714947,
    -0.011305765,
    0.015490257,
    -0.0421335,
    0.08087187,
    0.030471245,
    -0.0011129644,
    -0.016237184,
    -0.018367626,
    -0.0408773,
    -0.006862396,
    -0.012977865,
    0.012833572,
    -0.02436002,
    -0.001892782,
    0.0069472743,
    0.005096931,
    -0.031370953,
    -0.014386841,
    0.010838936,
    0.018792016,
    0.015328988,
    0.015812794,
    0.024563728,
    0.03761798,
    -0.06545801,
    -0.012018742,
    -0.0069897133,
    0.15603994,
    -0.0050247847,
    -0.012943913,
    0.0639302,
    -0.0068581523,
    0.026821487,
    0.03890813,
    0.025752021,
    0.048957698,
    -0.0570381,
    -0.020167042,
    0.03446052,
    -0.10158213,
    0.008818837,
    0.012298839,
    0.01989543,
    0.053541116,
    -0.0060348343,
    -0.02067631,
    -0.032712027,
    0.0060348343,
    0.024410948,
    -0.039417397,
    0.021474164,
    -0.022679433,
    -0.0073971283,
    0.005920249,
    0.018079039,
    -0.029945001,
    -0.046954576,
    0.012952401,
    0.06725742,
    0.010974741,
    -0.00085939094,
    0.028451147,
    -0.020048212,
    -0.026515925,
    0.0061706393,
    -0.013257963,
    -0.062164735,
    0.021932507,
    -0.06043322,
    -0.020778164,
    0.025310656,
    -0.026889388,
    -0.009803423,
    -0.03592042,
    0.030012904,
    0.024105387,
    0.033815444,
    -0.05058736,
    -0.03917974,
    -0.04135262,
    -0.031370953,
    0.02734773,
    -0.028502073,
    -0.011110546,
    0.022866165,
    -0.028094659,
    -0.018197868,
    0.021796701,
    0.0026503194,
    -0.0020795139,
    -0.07455694,
    -0.033187345,
    -0.03269505,
    0.02979222,
    -0.016194746,
    -0.04573233,
    0.032898758,
    0.0183846,
    0.010804985,
    0.02870578,
    0.023647044,
    -0.088069536,
    -0.058803562,
    0.0066671763,
    0.037414275,
    -0.062877715,
    0.009438447,
    -0.04298228,
    0.060535077,
    0.016585184,
    -0.0077578602,
    -0.008818837,
    0.0033951248,
    0.092279494,
    0.00015848337,
    -0.0063319076,
    -0.02300197,
    -0.038568616,
    -0.015235622,
    0.014930061,
    -0.032610174,
    -0.0012455864,
    -0.07992124,
    -0.07238406,
    -0.06396415,
    0.007163713,
    0.035580907,
    -0.034222856,
    -0.019182455,
    0.0183846,
    0.039111838,
    -0.022747336,
    -0.018486455,
    -0.0529979,
    0.05910912,
    -0.023426361,
    0.03350988,
    0.005601956,
    0.03250832,
    0.039824814,
    0.02638012,
    0.094723985,
    -0.018028112,
    -0.064643174,
    -0.003384515,
    0.0064337617,
    -0.014369866,
    -0.012247913,
    0.030437294,
    -0.043763157,
    0.08189041,
    -0.018554358,
    -0.015252599,
    0.04515516,
    0.0023808312,
    -0.015761867,
    -0.0037155398,
    -0.0069260546,
    -0.007991275,
    0.015719429,
    -0.005648639,
    -0.08868066,
    0.0071297623,
    -0.008640593,
    -0.0001936282,
    -0.020506553,
    -0.011178449,
    0.0150658665,
    -0.031320028,
    0.0032381003,
    0.020065188,
    0.009625179,
    -0.064812936,
    -0.036497593,
    0.013368304,
    0.060229514,
    -0.042031646,
    0.049025603,
    0.031252123,
    -0.016415428,
    0.009744008,
    -0.010185374,
    -0.08732261,
    0.026312217,
    0.027534463,
    0.15033613,
    0.011848985,
    -0.01874109,
    0.026244314,
    0.031642564,
    -0.03250832,
    -0.0048380527,
    -0.03979086,
    0.051334288,
    0.0024911729,
    0.063251175,
    -0.0038959058,
    0.033425003,
    -0.017450942,
    0.009633667,
    -0.019725675,
    0.016865283,
    -0.08093978,
    0.021576019,
    -0.002300197,
    -0.07686563,
    0.07421743,
    0.041861888,
    -0.024292119,
    0.015795818,
    0.02417329,
    0.04400082,
    0.018452503,
    -0.0057971757,
    0.055680048,
    -0.05089292,
    -0.010270253,
    0.0058905417,
    -0.0060136146,
    -0.0091923,
    0.06902289,
    -0.010609765,
    -0.015031915,
    0.04196374,
    -0.044510085,
    -0.024529777,
    0.023952605,
    0.030895635,
    0.0408094,
    0.03386637,
    0.018707138,
    0.03673525,
    0.1224282,
    -0.02571807,
    -0.0023850752,
    -0.059923954,
    0.028841585,
    -0.011433083,
    -0.019216407,
    -0.025650168,
    0.11394039,
    -0.0046258573,
    0.0075583966,
    0.004553711,
    -0.04305018,
    -0.016958648,
    -0.049059555,
    -0.009226251,
    0.08834115,
    -0.01947104,
    0.016169282,
    -0.0503497,
    -0.017162357,
    0.06885313,
    -0.053303458,
    -0.04135262,
    0.058973316,
    0.08745842,
    -0.020591432,
    0.017026551,
    -0.0062427856,
    0.11495893,
    -0.035139542,
    -0.08671149,
    0.07964963,
    -0.029350854,
    0.025514362,
    -0.017162357,
    0.013886061,
    0.030318465,
    -0.019810554,
    0.03917974,
    -0.04108101,
    -0.02532763,
    0.06922659,
    0.026176412,
    -0.017323624,
    -0.024275143,
    0.09078564,
    0.034732126,
    -0.056732535,
    -0.028179536,
    -0.046615064,
    -0.014268012,
    -0.04681877,
    -0.0025039045,
    0.025650168,
    0.020353774,
    0.04053779,
    0.00469376,
    -0.008216202,
    0.019844504,
    0.09465608,
    -0.030318465,
    0.09139676,
    -0.0025930265,
    -0.0074862503,
    -0.057207853,
    -0.04647926,
    -0.0132409865,
    -0.0076517626,
    0.012163035,
    -0.003344198,
    0.014964012,
    -0.09730428,
    0.061417807,
