{
  "chunk_index": 409,
  "token_start": 184050,
  "token_end": 184550,
  "text": "ở lên.\n\n4. Người phạm tội còn có thể bị cấm đảm nhiệm chức vụ, cấm hành nghề hoặc làm công việc nhất định từ 01 năm đến 05 năm.\n\nĐiều 271. Tội giao cho người không đủ điều kiện điều khiển phương tiện giao thông đường sắt277\n\n1. Người nào giao cho người không có giấy phép lái tàu hoặc người đang trong tình trạng có sử dụng rượu, bia mà trong máu hoặc hơi\nthở có nồng độ cồn vượt quá mức quy định, có sử dụng chất ma túy, chất kích thích mạnh khác hoặc không đủ các điều kiện khác theo\nquy định của pháp luật điều khiển phương tiện giao thông đường sắt gây thiệt hại cho người khác thuộc một trong các trường hợp sau\nđây hoặc đã bị xử lý kỷ luật hoặc xử phạt vi phạm hành chính về hành vi này mà còn vi phạm, thì bị phạt tiền từ 30.000.000 đồng đến\n100.000.000 đồng, phạt cải tạo không giam giữ đến 03 năm hoặc phạt tù từ 06 tháng đến 03 năm:\n\na) Làm chết người;\n\nb) Gây thương tích hoặc gây tổn hại cho sức khỏe của 01 người mà tỷ lệ tổn thương cơ thể 61% trở lên;\n\nc) Gây thương tích hoặc gây tổn hại",
  "embedding": [
    -0.0003732374,
    0.025102317,
    -0.13424818,
    -0.16365726,
    -0.00094979664,
    0.1231121,
    0.034023482,
    0.04236016,
    0.016904073,
    0.08256693,
    -0.069708146,
    0.06638578,
    0.015112149,
    -0.10539281,
    -0.03992991,
    -0.052173443,
    0.17313215,
    -0.0033127521,
    0.08096728,
    0.009205721,
    -0.014942954,
    0.013397131,
    0.08570472,
    -0.061986726,
    -0.022995075,
    0.15848914,
    -0.038853217,
    -0.044144392,
    -0.072538316,
    0.0075368476,
    -0.09468742,
    -0.0037895732,
    -0.051835053,
    0.04094508,
    -0.00489126,
    -0.02793248,
    -0.041252706,
    0.0028167046,
    0.010428536,
    -0.1121606,
    -0.04925099,
    -0.002193761,
    0.042883124,
    0.001999572,
    0.04029906,
    -0.053834625,
    -0.008467417,
    0.035346277,
    -0.020795546,
    -0.070200354,
    0.018472968,
    0.015004479,
    0.051742766,
    0.0030012804,
    0.029270655,
    -0.14544578,
    0.010820759,
    -0.013404822,
    0.103670105,
    0.08484337,
    0.01756547,
    0.008021359,
    0.082197785,
    -0.043898292,
    -0.015419775,
    -0.023917954,
    0.030316586,
    0.04829735,
    -0.00552574,
    -0.032916028,
    -0.08287456,
    -0.028117055,
    -0.05177353,
    0.07869084,
    0.011666733,
    -0.026948076,
    -0.026025197,
    -0.00045471033,
    0.08755048,
    -0.01828839,
    -0.05620335,
    -0.006248662,
    -0.027194176,
    0.023071982,
    0.013958549,
    0.07869084,
    -0.002893611,
    0.0019688092,
    0.016857928,
    0.05155819,
    0.015681257,
    -0.03350052,
    0.0430677,
    0.019072838,
    0.021164699,
    -0.025748333,
    -0.021149317,
    -0.0008060774,
    -0.0009824819,
    -0.0027263393,
    0.008229007,
    -0.049650908,
    -0.008052122,
    0.024117913,
    -0.048451163,
    0.012489634,
    -0.029978195,
    0.053588524,
    0.004341378,
    1.4772978e-05,
    -0.04165262,
    0.048328113,
    0.006587051,
    0.012897238,
    -0.03679212,
    0.0028397765,
    -0.060571644,
    -0.017734664,
    -0.029378325,
    -0.011905143,
    -0.035592377,
    0.055834197,
    -0.023133507,
    -0.0038261039,
    0.07438407,
    -0.041929483,
    -0.008821188,
    -0.010789997,
    -0.070692554,
    0.0032992936,
    -0.019395847,
    -0.024102531,
    0.043806005,
    0.007752186,
    0.09991707,
    0.007110016,
    0.055095892,
    0.018549874,
    -0.036176868,
    0.05992563,
    -0.039283894,
    -0.040975843,
    0.008690447,
    0.035315514,
    -0.01326639,
    -0.056295637,
    -0.026794262,
    0.041375756,
    0.0071907677,
    -0.009874809,
    -0.005425761,
    0.004745138,
    -0.026901932,
    0.02361033,
    -0.018088434,
    -0.025794476,
    -0.012581921,
    0.028378539,
    0.041037366,
    0.015350559,
    0.03050116,
    0.031747047,
    -0.009336462,
    -0.009205721,
    -0.042298634,
    0.016781023,
    0.010482371,
    0.03273145,
    -0.03734585,
    -0.071184754,
    -0.032854505,
    0.019103602,
    -0.010959191,
    0.01665797,
    0.005456524,
    -0.035315514,
    -0.041929483,
    -0.10859213,
    -0.02222601,
    -0.030424254,
    0.0047528283,
    0.023410372,
    0.06287884,
    -0.038668644,
    0.01733475,
    0.028117055,
    -0.031870097,
    0.03608458,
    -0.011497538,
    0.054665215,
    -0.010851522,
    0.046359304,
    0.04386753,
    -0.0027013447,
    -0.004202946,
    0.011728258,
    0.020072624,
    0.006421702,
    0.14507663,
    -0.0040452876,
    0.013366369,
    0.014189269,
    0.041498806,
    0.013066432,
    0.021518469,
    -0.01919589,
    -0.005145052,
    0.016227294,
    0.030685736,
    0.008390511,
    0.016704116,
    0.0032973709,
    -0.02014953,
    0.018719068,
    0.030331966,
    0.05155819,
    -0.049435567,
    -0.02873231,
    0.034300346,
    -0.041252706,
    -0.0024379394,
    -0.007644517,
    0.016427252,
    0.0077406503,
    0.0051719695,
    0.0051065986,
    -0.019149745,
    0.0228105,
    0.019488135,
    0.015019861,
    0.048666503,
    0.024333252,
    -0.01140525,
    -0.020211056,
    0.0009483546,
    0.031747047,
    0.116467364,
    -0.013943168,
    0.054634456,
    0.030901074,
    0.07807559,
    0.013804737,
    -0.0127511155,
    0.011074551,
    -0.029178368,
    -0.005260412,
    0.022718212,
    -0.0047297566,
    0.027178796,
    -0.024886979,
    -0.035561617,
    -0.01756547,
    -0.017796189,
    -0.028070912,
    0.008252079,
    -0.022672068,
    0.015104458,
    -0.0015083308,
    0.009282628,
    0.0703234,
    0.030162772,
    -0.09720995,
    -0.01443537,
    -0.020441776,
    0.0007690661,
    0.079798296,
    0.0346695,
    0.0013170256,
    -0.00041962168,
    0.023318084,
    0.08299761,
    -0.040760502,
    0.052880984,
    -0.026578924,
    0.06595511,
    0.026086722,
    -0.014404608,
    -0.012281985,
    -0.0458671,
    -0.020226438,
    -0.014766069,
    0.039529998,
    0.0059756436,
    -0.0009743106,
    0.025502231,
    -0.059310377,
    0.047312945,
    -0.018934406,
    -0.04386753,
    -0.0099440245,
    0.018426822,
    0.026948076,
    -0.0034358026,
    -0.019734235,
    -0.026409728,
    0.05481903,
    -0.03143942,
    -0.013012598,
    0.02199529,
    0.058079872,
    -0.010759234,
    0.0023283476,
    0.024625495,
    0.035592377,
    -0.013143339,
    0.05365005,
    -0.046482354,
    0.03139328,
    0.01082845,
    0.08145948,
    0.0075945277,
    0.007921381,
    0.017796189,
    0.032639164,
    -0.0057410784,
    -0.006156374,
    0.016427252,
    0.059402663,
    -0.048112772,
    0.0037857278,
    -0.016950216,
    0.01268959,
    0.010159363,
    0.025763715,
    0.009059599,
    0.029116841,
    0.02908608,
    0.011589826,
    0.013220246,
    0.048143536,
    -0.037438136,
    0.021164699,
    0.05691089,
    0.025702188,
    0.02491774,
    -0.030639593,
    -0.0054449877,
    0.01733475,
    0.010313177,
    0.0129356915,
    -0.036269158,
    -0.013835499,
    0.101762824,
    0.01816534,
    0.024133293,
    -0.005387308,
    0.07149238,
    0.015542826,
    -0.06527833,
    -0.031485565,
    0.068969846,
    -0.014604565,
    -0.0146199465,
    -0.0019784225,
    -0.08047508,
    0.0026167473,
    -0.01466609,
    0.051712003,
    0.06675494,
    -0.010051694,
    0.028070912,
    0.04703608,
    0.027301846,
    0.03633068,
    -0.025871383,
    -0.0057218517,
    -0.009890189,
    0.0037107437,
    -0.024825454,
    -0.019949574,
    -0.023025839,
    -0.052111916,
    0.055588096,
    -0.04023754,
    0.13720138,
    -0.020749403,
    -0.006890832,
    0.00430677,
    -0.008875023,
    0.019257415,
    -0.0044029034,
    0.1136372,
    -0.04399058,
    0.029270655,
    -0.026840406,
    -0.06004868,
    -0.04783591,
    -0.07973677,
    0.06669341,
    0.05365005,
    -0.011782092,
    0.017196318,
    -0.02479469,
    0.00401837,
    0.07826016,
    0.00965947,
    -0.013297153,
