{
  "chunk_index": 335,
  "token_start": 150750,
  "token_end": 151250,
  "text": "ăm đến 03 năm hoặc cấm huy động vốn từ 01 năm đến 03 năm.\n\nĐiều 243. Tội hủy hoại rừng\n\n1.225 Người nào đốt, phá rừng trái phép hoặc có hành vi khác hủy hoại rừng thuộc một trong các trường hợp sau đây, thì bị phạt tiền từ\n50.000.000 đồng đến 500.000.000 đồng, phạt cải tạo không giam giữ đến 03 năm hoặc phạt tù từ 01 năm đến 05 năm:\n\na) Cây trồng chưa thành rừng hoặc rừng khoanh nuôi tái sinh thuộc rừng chưa có trữ lượng có diện tích từ 30.000 mét vuông (m2) đến\ndưới 50.000 mét vuông (m2);\n\nb) Rừng sản xuất có diện tích từ 5.000 mét vuông (m2) đến dưới 10.000 mét vuông (m2);\n\nc) Rừng phòng hộ có diện tích từ 3.000 mét vuông (m2) đến dưới 7.000 mét vuông (m2);\n\nd) Rừng đặc dụng có diện tích từ 1.000 mét vuông (m2) đến dưới 3.000 mét vuông (m2);\n\nđ) Gây thiệt hại về lâm sản trị giá từ 50.000.000 đồng đến dưới 100.000.000 đồng trong trường hợpừng\n                                                                                                 r bị thiệt hại không tính được\nbằng diện tích;\n\ne) Thực vật thuộc Danh mục loài nguy cấp, quý, hiếm được ưu tiên b",
  "embedding": [
    -0.00035966252,
    -0.05194715,
    -0.10945322,
    -0.030414322,
    -0.0016013844,
    0.030510165,
    0.056739323,
    0.04696329,
    0.036356617,
    -0.022858663,
    -0.16548969,
    -0.15884455,
    0.01156511,
    0.035366233,
    0.008985324,
    -0.06421511,
    0.059518784,
    -0.011964457,
    0.031516522,
    0.001092216,
    -0.009576358,
    0.123701945,
    0.03584545,
    -0.064949915,
    -0.034759223,
    0.0025777894,
    -0.027315384,
    0.040733468,
    0.061499547,
    -0.009648241,
    -0.13418083,
    0.00070335116,
    -0.004137242,
    -0.02019102,
    -0.0005266398,
    -0.012347831,
    -0.028832905,
    0.012140171,
    0.032970145,
    -0.08843156,
    -0.033896632,
    -0.0138174305,
    0.04156411,
    0.006349629,
    0.09667409,
    -0.0833838,
    -0.010942128,
    -0.001313854,
    -0.0937349,
    -0.006589237,
    0.036037136,
    0.032043662,
    0.040573727,
    -0.014759892,
    0.025190853,
    -0.14133714,
    0.0016682751,
    0.006996572,
    0.021261273,
    0.086770274,
    -0.011341475,
    0.0077034174,
    0.0650138,
    -0.022938533,
    -0.008761689,
    -0.015199174,
    0.04686745,
    -0.04491863,
    0.0031688241,
    -0.029679522,
    -0.029983027,
    -0.028225897,
    -0.04054178,
    0.009991679,
    0.08913441,
    -0.029967053,
    0.0047642183,
    0.035653763,
    0.10114679,
    -0.0017092082,
    -0.013458018,
    -0.020622315,
    0.0064494656,
    -0.10402209,
    0.030829644,
    0.042842023,
    0.044247728,
    0.0036240804,
    -0.0325069,
    0.007998935,
    0.038720753,
    0.06792106,
    0.019504143,
    -0.01001564,
    0.008993311,
    0.02365736,
    -0.013146526,
    0.004412792,
    -0.0005590868,
    -0.00077872805,
    -0.023066323,
    -0.063576154,
    0.0053193113,
    -0.00954441,
    -0.01872142,
    -0.016437152,
    0.006697061,
    0.030190688,
    0.0387527,
    0.03629272,
    -0.018753368,
    -0.011221671,
    0.014680021,
    -0.03130886,
    -0.008801623,
    0.04648407,
    -0.02391294,
    -0.08172251,
    0.0062138503,
    -0.10906985,
    -0.0075796195,
    0.04782588,
    0.011029984,
    -0.018050516,
    0.048560683,
    -0.09546008,
    0.016221505,
    0.043544874,
    -0.033321574,
    0.010031614,
    -0.021612698,
    -0.025590202,
    0.025861757,
    0.035525974,
    0.010391028,
    0.033002093,
    0.015422809,
    0.013346201,
    -0.04562148,
    0.06664315,
    -0.0147119695,
    0.00500782,
    0.004652401,
    -0.03539818,
    -0.030909512,
    -0.04648407,
    0.025254749,
    0.023194116,
    0.057985287,
    0.026436819,
    0.0014835767,
    -0.009137075,
    -0.006920696,
    0.0049958397,
    -0.046356283,
    -0.012156145,
    -0.033193782,
    0.037730373,
    0.01843389,
    0.008402276,
    0.011341475,
    0.02444008,
    0.04491863,
    0.008110752,
    0.0179387,
    0.02170854,
    -0.059518784,
    0.059327096,
    -0.035366233,
    -0.030797696,
    0.047346663,
    0.0070005655,
    -0.029232252,
    0.046164595,
    0.007727378,
    0.0047003226,
    0.008562014,
    -0.012531531,
    -0.03939166,
    0.009352723,
    0.016189557,
    0.034503642,
    0.11328696,
    0.0144164525,
    0.017171951,
    -0.04344903,
    0.0025298677,
    0.012922891,
    0.02215581,
    0.026548635,
    -0.060924485,
    -0.013098605,
    0.0126752965,
    0.04009451,
    -0.038465172,
    0.0073120566,
    0.032570798,
    -0.043960195,
    -0.018018568,
    -0.022075942,
    0.059518784,
    0.05836866,
    0.020175045,
    -0.0075436784,
    -0.01019934,
    0.005123631,
    0.02145296,
    0.018689472,
    0.028034208,
    -0.016325334,
    0.0394875,
    -0.05325701,
    -0.035206493,
    -0.0078711435,
    0.004049386,
    0.029391991,
    -0.014168857,
    -0.026804218,
    0.002168458,
    0.013234383,
    0.013593796,
    -0.031867947,
    0.034280006,
    0.018130386,
    0.0008201604,
    -0.0018300109,
    0.014480348,
    0.035941295,
    0.038816597,
    -0.0073400107,
    0.059582677,
    0.008354354,
    -0.069390655,
    0.0358774,
    0.00825851,
    0.01827415,
    0.09641851,
    -0.010510832,
    0.05063729,
    0.053768177,
    0.08792039,
    -0.0135538615,
    -0.032666642,
    0.04507837,
    -0.0007702419,
    -0.031660285,
    0.0021185395,
    0.017475456,
    -0.027810574,
    0.018481812,
    -0.05022197,
    0.0014715963,
    0.015478717,
    -0.039104126,
    -0.07245765,
    -0.012563479,
    0.009799993,
    -0.009328762,
    -0.036101032,
    0.039775033,
    0.02190023,
    -0.06613198,
    0.00031473592,
    -0.020702185,
    0.024983192,
    0.0644068,
    0.2065107,
    -0.023305932,
    -0.017187925,
    -0.0058145025,
    0.07373556,
    -0.013705613,
    -0.0071882587,
    0.0038956369,
    0.10517221,
    0.029791338,
    0.039966717,
    -0.010311157,
    0.0149995,
    -0.016868448,
    -0.046579916,
    -0.002887284,
    0.07622749,
    -0.021341141,
    0.021117507,
    -0.0322034,
    -0.010215314,
    0.030574061,
    -0.010023627,
    -0.015686378,
    0.0060820654,
    0.10210522,
    0.0011720855,
    -0.010502845,
    -0.043672666,
    0.014344569,
    -0.0058145025,
    -0.004504642,
    0.004300975,
    -0.019232586,
    0.0085939625,
    0.0008885487,
    0.02178841,
    -0.038017903,
    -0.0035981229,
    -0.03894439,
    -0.035781555,
    -0.002300243,
    -0.019871542,
    0.019967385,
    -0.0062897266,
    -0.0094645405,
    0.0129548395,
    0.03322573,
    -0.024711637,
    0.012699258,
    0.056675427,
    0.059327096,
    -0.07367167,
    -0.020877898,
    0.027443174,
    0.065812506,
    0.0011990415,
    -0.01193251,
    -0.019344402,
    -0.00047222865,
    0.049966384,
    0.046643812,
    -0.08868714,
    0.08229758,
    0.0016582913,
    0.022012046,
    0.064598486,
    0.027459148,
    -0.011892575,
    -0.026085392,
    -0.032139502,
    0.011900562,
    0.0069406633,
    0.0024979198,
    -0.040413987,
    -0.014592165,
    -0.013362174,
    -0.11258411,
    0.051180404,
    -0.015127291,
    0.0049598985,
    0.0071283565,
    -0.09744084,
    -0.0012359811,
    0.013234383,
    -0.017922726,
    -0.012315883,
    0.022331525,
    -0.013985157,
    0.040190354,
    0.029583678,
    0.057122696,
    0.07226596,
    -0.07424673,
    0.027043827,
    0.015223134,
    -0.005223468,
    0.015159239,
    -0.09092349,
    0.031836,
    -0.009304802,
    0.0070005655,
    -0.023801124,
    -0.02451995,
    0.00048221234,
    -0.06482212,
    0.0325069,
    -0.03967919,
    0.11609837,
    0.023401776,
    -0.05265,
    -0.009097141,
    -0.073416084,
    -0.009424606,
    -0.04319345,
    0.02530267,
    -0.006944657,
    0.05060534,
    -0.018082464,
    -0.032906253,
    -0.02840161,
    0.009935771,
    0.073416084,
    0.030398348,
    0.021405037,
    -0.03498286,
    -0.041500214,
