{
  "chunk_index": 51,
  "token_start": 22950,
  "token_end": 23450,
  "text": "ạt nêu đã lập công lớn hoặc mắc bệnh hiểm nghèo và người\nđó không còn nguy hiểm cho xã hội nữa, thì theo đề nghị của Viện trưởng Viện kiểm sát, Tòa án có thể quyết định miễn chấp hành toàn\nbộ hình phạt.\n\n4. Người bị kết án phạt tù đến 03 năm, đã được tạm đình chỉ chấp hành hình phạt, nêu trong thời gian được tạm đình chỉ mà đã lập\ncông hoặc chấp hành tốt pháp luật, hoàn cảnh gia đình đặc biệt khó khăn và xét thấy người đó không còn nguy hiểm cho xã hội nữa, thì\ntheo đề nghị của Viện trưởng Viện kiểm sát, Tòa án có thể quyết định miễn chấp hành phần hình phạt còn lại.\n\n5. Người bị kết án phạt tiền đã tích cực chấp hành được một phần hình phạt nhưng bị lâm vào hoàn cảnh kinh tế đặc biệt khó khăn kéo\ndài do thiên tai, hỏa hoạn, tai nạn hoặc ốm đau gây ra mà không thể tiếp tục chấp hành được phần hình phạt còn lại hoặc lập công lớn,\nthì theo đề nghị của Viện trưởng Viện kiểm sát, Tòa án có thể quyết định miễn chấp hành phần tiền phạt còn lại.\n\n6. Người bị phạt cấm cư tr",
  "embedding": [
    -0.0007337307,
    0.042383622,
    -0.024972659,
    -0.09162996,
    -0.00202049,
    0.012748446,
    0.012049466,
    -0.018538862,
    -0.0008191175,
    0.018475318,
    -0.0691355,
    -0.033773456,
    0.009253546,
    0.012216268,
    -0.050485436,
    -0.15580904,
    0.14742129,
    0.06417909,
    0.058078904,
    0.012510158,
    -0.009039085,
    -0.029531915,
    0.16584896,
    -0.03370991,
    -0.008602222,
    0.07847642,
    -0.02892825,
    -0.022494456,
    0.030453298,
    -0.0074703516,
    -0.15161517,
    0.045211315,
    0.029150654,
    0.02632296,
    0.0030878247,
    -0.0017970941,
    0.0077801268,
    0.0076887826,
    0.046672817,
    -0.022001991,
    0.0037351758,
    0.039524157,
    -0.009547435,
    0.015639683,
    -0.010341731,
    -0.01675964,
    -0.022144966,
    0.023574697,
    -0.004098566,
    0.009777781,
    0.03243904,
    -0.0077523263,
    0.06481453,
    -0.0005669286,
    0.01912664,
    -0.14564207,
    0.029023565,
    0.0089834845,
    0.024766142,
    -0.017951084,
    0.029102996,
    -0.014742129,
    0.040922116,
    -0.008784911,
    -0.017649252,
    -0.01506779,
    -0.008451306,
    -0.15479235,
    0.026545364,
    0.0007679847,
    -0.067483366,
    0.108278394,
    -0.013248852,
    0.0023650154,
    0.04651396,
    -0.010317902,
    -0.00655294,
    -0.014321152,
    0.07593467,
    0.0074782944,
    0.036442287,
    0.0033380277,
    -0.018634178,
    0.016696097,
    0.0021843133,
    0.01668021,
    -0.020016253,
    0.025528666,
    -0.025766954,
    0.0011705933,
    0.01436881,
    -0.0063067083,
    0.008959656,
    0.0053813537,
    0.0031533542,
    -0.03803088,
    0.03142234,
    -0.038920492,
    0.0067912284,
    -0.009730123,
    -0.0045076283,
    -0.035330273,
    0.040413767,
    0.016934386,
    0.0058619026,
    0.0350761,
    -0.019063098,
    -0.0034512149,
    0.041557554,
    0.0137492595,
    -0.005377382,
    0.045465488,
    -0.008784911,
    -0.049850002,
    0.02282806,
    0.035552677,
    0.021414213,
    -0.098683305,
    -0.008578394,
    0.028880592,
    -0.04009605,
    0.034313574,
    0.006314651,
    -0.030612158,
    -0.012978792,
    -0.05019949,
    0.021175925,
    0.030310325,
    -0.05102556,
    0.009777781,
    -0.10090733,
    -0.01386046,
    -0.05417097,
    0.008181246,
    0.048547357,
    -0.0014158322,
    -0.017633365,
    -0.015417281,
    -0.030310325,
    0.023495268,
    -0.03153354,
    -0.018109944,
    0.025369806,
    0.07930249,
    0.021001179,
    -0.09105806,
    0.009062914,
    -0.05747524,
    0.0076450966,
    -0.0070215743,
    0.0350761,
    -0.027276115,
    -0.036029253,
    0.03596571,
    -0.012470443,
    0.011136026,
    -0.01197798,
    0.008769025,
    0.02978609,
    -0.01614009,
    0.016203633,
    0.022256166,
    -0.056490313,
    -0.019269615,
    0.007394893,
    0.03148588,
    -0.053916793,
    0.05782473,
    0.002688691,
    -0.016521351,
    0.03336042,
    0.019730305,
    -0.05868257,
    -0.037141267,
    -0.036887094,
    -0.0040171505,
    0.04413107,
    -0.0801921,
    -0.032296065,
    -0.044671193,
    0.002909108,
    0.022192623,
    -0.053630847,
    -0.042891968,
    -0.017633365,
    -0.0041621095,
    -0.021922562,
    0.002887265,
    0.07752326,
    0.04149401,
    0.022287939,
    0.063511886,
    0.0019132599,
    0.052391745,
    0.0064615957,
    -0.027069598,
    0.020556374,
    -0.06513225,
    0.057570554,
    -0.024368994,
    0.04724471,
    0.012788162,
    0.03418649,
    -0.010039899,
    -0.018348232,
    -0.006993774,
    0.022208508,
    0.015584082,
    0.0024444452,
    -0.0013056236,
    0.02127124,
    -0.04460765,
    -0.009841324,
    -0.024273679,
    -0.0045950008,
    0.079620205,
    -0.030087922,
    -0.015290193,
    -0.009380633,
    -0.06281291,
    -0.044353474,
    -0.01141403,
    -0.0017990798,
    -0.009547435,
    -0.022256166,
    -0.029738432,
    0.014813616,
    0.010278187,
    0.020778777,
    0.0034214288,
    0.06824589,
    0.012684903,
    -0.022176737,
    -0.025258604,
    0.008848455,
    -0.008896112,
    0.09137578,
    0.0094521195,
    0.0014456182,
    0.008042244,
    0.0791754,
    0.00066919415,
    0.019762078,
    0.031152278,
    0.013288568,
    -0.00086032157,
    0.017935198,
    -0.02519506,
    -0.01154906,
    -0.015814427,
    -0.015020132,
    -0.02753029,
    -0.05556893,
    -0.015123391,
    -0.06945322,
    0.0039019778,
    0.020190997,
    0.06970739,
    0.0068905153,
    0.086800635,
    0.033932313,
    0.023384066,
    -0.03207366,
    -0.028546989,
    0.027784465,
    0.007792041,
    0.028880592,
    -0.061542034,
    -0.054329827,
    -0.008586337,
    0.050421894,
    -0.017569821,
    0.012224211,
    0.013264739,
    0.037903793,
    -0.0022518283,
    -0.015472881,
    0.028165726,
    -0.016441923,
    0.0139240045,
    -0.0876267,
    0.03799911,
    0.033773456,
    -0.022955148,
    0.08533914,
    0.0019023384,
    -0.0867371,
    0.001775251,
    -0.015488767,
    0.004670459,
    0.049564052,
    0.094552964,
    -0.040572625,
    -0.006139906,
    -0.11317126,
    0.008066073,
    -0.033741683,
    0.037045952,
    0.03181949,
    0.03351928,
    -0.002871379,
    -0.0122877555,
    -0.010794479,
    -0.03577508,
    -0.019762078,
    0.07294812,
    0.025385693,
    0.02787978,
    0.012359242,
    0.11317126,
    0.060588878,
    0.019412588,
    0.078031614,
    0.0097142365,
    0.0014366824,
    0.0018804951,
    0.0056871576,
    0.023193436,
    -0.07517215,
    -0.042065904,
    0.027546177,
    0.05359908,
    0.071677245,
    0.035679765,
    -0.032947388,
    0.04114452,
    0.023717672,
    -0.035806853,
    0.09741243,
    0.053408444,
    0.004130338,
    0.049436968,
    0.078412876,
    0.019349044,
    -0.021334784,
    -0.017252104,
    -0.033265106,
    -0.010246415,
    -0.015663512,
    -0.01753805,
    -0.02038163,
    -0.008101816,
    0.06900842,
    0.05207403,
    0.046132695,
    -0.010746822,
    0.084195346,
    0.02519506,
    0.051470365,
    0.0119938655,
    0.0125181,
    0.005583899,
    0.049945317,
    -0.028832935,
    -0.010024012,
    0.030739246,
    -0.021350669,
    0.0036537603,
    -0.0013751244,
    -0.028086297,
    0.031327024,
    -0.022637429,
    0.012835819,
    -0.0033856856,
    -0.015544368,
    0.05264592,
    -0.016148033,
    0.06513225,
    0.01866595,
    -0.03469484,
    0.03402763,
    -0.022367368,
    0.06392492,
    -0.044480562,
    0.13267916,
    -0.018522976,
    -0.044671193,
    -0.045179542,
    -0.026116444,
    -0.009142344,
    -0.012255983,
    0.08705481,
    0.056680944,
    0.038602773,
    -0.033265106,
    -0.029611345,
    -0.03895226,
    -0.04965937,
    -0.0011745648,
    -0.040064275,
    -0.015639683,
    -0.04273311,
    0.019682648,
    0.026513591,
    0.04670459,
    0.04241539,
    -0.012541929,
    0.10294073,
