{
  "chunk_index": 491,
  "token_start": 220950,
  "token_end": 221450,
  "text": "ội vi phạm quy định về khám bệnh, chữa bệnh, sản xuất, pha chế, cấp phát, bán thuốc hoặc dịch vụ y tế khác\n                                                                                                                    327\n\n1. Người nào vi phạm quy định về khám bệnh, chữa bệnh, sản xuất, pha chế, cấp phát, bán thuốc hoặc dịch vụ y tế khác thuộc một\ntrong các trường hợp sau đây, nếu không thuộc trường hợp quy định tại Điều 259 của Bộ luật này, thì bị phạt tù từ 01 năm đến 05 năm:\n\na) Làm chết người;\n\nb) Gây tổn hại cho sức khỏe của người khác mà tỷ lệ tổn thương cơ thể 61% trở lên;\n\nc) Gây tổn hại cho sức khỏe của 02 người trở lên mà tổng tỷ lệ tổn thương cơ thể của những người này từ 61% đến 121%;\n\nd) Gây thiệt hại về tài sản từ 100.000.000 đồng đến dưới 500.000.000 đồng.\n\n2. Phạm tội thuộc một trong các trường hợp sau đây, thì bị phạt tù từ 03 năm đến 10 năm:\n\na) Làm chết 02 người;\n\f                                                                              ể của những người này từ 122% đến 200%;\nb) Gây tổn hại cho sức khỏe của 02 người trở lên mà tổng tỷ lệ tổn thương cơ th\n\nc) Gây thiệt hại về tài sản từ 500.000.000 đồng",
  "embedding": [
    -0.00038389003,
    0.068493396,
    -0.13823554,
    -0.1614621,
    -0.0006624176,
    0.06112583,
    0.024100685,
    0.157591,
    0.00919385,
    0.09203215,
    -0.038180232,
    0.03568275,
    0.0073402505,
    0.04945011,
    -0.11020132,
    -0.18044296,
    0.08816105,
    -0.056193307,
    0.06549642,
    0.0041715726,
    -0.013283473,
    0.025926968,
    0.06524667,
    -0.16183673,
    -0.06880558,
    0.065871045,
    -0.027659595,
    -0.05444507,
    0.022867555,
    0.014461972,
    -0.00583786,
    0.067806594,
    0.09771392,
    -0.056224525,
    0.004885696,
    -0.0014536115,
    0.06830609,
    0.0042886417,
    0.03861729,
    -0.09890022,
    0.034746196,
    0.064934485,
    0.05450751,
    0.030750226,
    0.07742189,
    -0.11425973,
    -0.0012828854,
    -0.045641452,
    -0.037711952,
    -0.025942577,
    0.012268872,
    0.025973795,
    0.07036651,
    -0.010965499,
    0.066870034,
    -0.1206283,
    0.011644502,
    -0.00401548,
    -0.004834966,
    0.0889103,
    0.015367309,
    -0.008795814,
    0.07904525,
    -0.06868071,
    -0.0066612484,
    -0.027441066,
    -0.028330792,
    -0.011090374,
    0.03505838,
    -0.06530911,
    -0.05506944,
    -0.035776407,
    -0.06399793,
    0.0032603825,
    0.057879105,
    -0.017185787,
    -0.028845897,
    0.021400284,
    0.1059556,
    0.008069984,
    0.01818478,
    -0.020182762,
    -0.00803096,
    -0.0315463,
    -0.007894379,
    0.03736855,
    -0.0052408064,
    0.03380964,
    -0.034340356,
    0.0004260838,
    0.021993436,
    0.022508541,
    0.007601706,
    -0.029782454,
    0.0016526296,
    -0.0036467116,
    -0.04916914,
    -0.014789767,
    0.024568962,
    -0.023679236,
    -0.014048327,
    -0.030000983,
    0.08622551,
    0.017794548,
    0.0020370074,
    -0.0033696473,
    -0.026925959,
    -0.000386329,
    0.03718124,
    -0.002056519,
    -0.0078007234,
    -0.0013755653,
    -0.007656338,
    -0.014056131,
    -0.008023156,
    0.0003321844,
    -0.013790774,
    -0.069867015,
    -0.008928492,
    0.023819719,
    -0.022211965,
    0.056911334,
    0.01938669,
    -0.0058573717,
    0.025770875,
    -0.0151331695,
    0.023289004,
    0.010606486,
    -0.039959684,
    -0.009412379,
    -0.035370566,
    -0.046390697,
    0.05222856,
    0.010294301,
    -0.054944567,
    -0.012034733,
    0.027862515,
    0.016405324,
    0.007769505,
    0.0826666,
    -0.029657578,
    -0.028471276,
    0.01575754,
    0.05553772,
    -0.015242434,
    -0.021306628,
    0.00224383,
    0.039491408,
    0.0026008915,
    -0.040958676,
    0.036806617,
    -0.013299082,
    0.0019053043,
    -0.023070475,
    -0.007605608,
    0.017997468,
    0.0011336219,
    0.019152552,
    0.024803102,
    -0.024069466,
    -0.015078537,
    0.00062632124,
    -0.09265652,
    -0.035713967,
    -0.030953147,
    0.027425455,
    0.037087582,
    0.038461197,
    -0.008038765,
    -0.05778545,
    0.00078680384,
    -0.006871973,
    -0.03718124,
    -0.00909239,
    -0.0011921566,
    -0.039741155,
    -0.01835648,
    -0.06949239,
    0.0005385192,
    0.002667231,
    0.0221027,
    0.036119808,
    0.032810647,
    -0.018013077,
    -0.014547823,
    0.028767852,
    -0.011347926,
    0.049200363,
    0.05606843,
    0.017295051,
    -0.018418917,
    0.04173914,
    -0.009131412,
    0.0074495156,
    -0.043143973,
    -0.04461124,
    -0.040459182,
    0.0074963435,
    0.116507456,
    -0.020713476,
    0.015578033,
    -0.021447113,
    0.030984364,
    -0.0035452514,
    -0.026754258,
    -0.036244683,
    0.04445515,
    0.027487893,
    0.021852953,
    -0.023476316,
    0.018122341,
    -0.062874064,
    -0.051416878,
    -0.07198987,
    -0.024116294,
    0.058253728,
    -0.03980359,
    -0.040240653,
    0.015983874,
    0.048388682,
    -0.011082569,
    -0.049356453,
    -0.016296059,
    0.01553901,
    0.01941791,
    0.025567954,
    -0.0049052075,
    0.02858054,
    0.026847914,
    -0.0038847525,
    0.04738969,
    0.034246698,
    -0.027597157,
    -0.00055022613,
    0.009209459,
    0.004651557,
    0.05257196,
    -0.014110764,
    0.0021423697,
    0.03877338,
    0.13236646,
    -0.034153044,
    0.025208943,
    -0.012737149,
    0.008827032,
    0.008311926,
    -0.018528182,
    -0.04492343,
    -0.0047022873,
    0.019074505,
    -0.016561417,
    -0.033934515,
    0.028721023,
    -0.03421548,
    -0.049200363,
    0.0055178707,
    0.022071483,
    -0.021431504,
    0.016545808,
    0.042675696,
    0.04445515,
    -0.08953467,
    -0.0060056597,
    -0.032186277,
    0.030203903,
    -0.020167153,
    0.016124357,
    0.020323247,
    0.0045344876,
    -0.014220028,
    0.04710872,
    -0.017279442,
    0.028252747,
    -0.012760564,
    0.11207443,
    0.0142590515,
    0.009084584,
    -0.0027686912,
    -0.0062163845,
    0.009037757,
    -0.059845872,
    -0.03195214,
    0.023413878,
    -0.0040974286,
    -0.02982928,
    -0.028861506,
    0.04236351,
    0.0015375114,
    0.019371081,
    0.01054405,
    -0.008140225,
    0.063436,
    -0.02544308,
    -0.0009960654,
    -0.016623853,
    0.020151544,
    0.02858054,
    0.029813671,
    -0.005303243,
    0.014337098,
    0.011262075,
    -0.031593125,
    0.027191317,
    0.04548536,
    0.04573511,
    0.0501057,
    -0.037649516,
    0.024506526,
    -0.040865023,
    0.0012516669,
    0.014383926,
    0.014625869,
    0.030828273,
    0.012401551,
    -0.051604185,
    0.014680501,
    0.024522135,
    0.010739165,
    -0.009225068,
    0.013423957,
    0.023663625,
    0.07211474,
    -0.08197979,
    0.0037969504,
    0.015632667,
    -0.009084584,
    0.050324228,
    0.047545783,
    -0.051354438,
    0.0501057,
    -0.016748728,
    -0.013876625,
    0.052259777,
    0.0067588063,
    0.011519628,
    -0.03814901,
    -0.051073473,
    0.04948133,
    0.0037930482,
    -0.018918414,
    -0.032498464,
    -0.05388314,
    0.009162631,
    -0.06992945,
    0.028034216,
    -0.028096654,
    0.03736855,
    0.04173914,
    -0.017201396,
    0.05176028,
    -0.039116785,
    0.019495955,
    0.0910956,
    0.065184236,
    0.0076485337,
    -0.0055373823,
    -0.024131903,
    0.0049052075,
    0.04798284,
    -0.011519628,
    0.0008687524,
    -0.012463988,
    0.03655687,
    -0.00040437718,
    -0.039834812,
    0.01834087,
    -0.0044096136,
    -0.0013589805,
    -0.0534773,
    -0.01334591,
    -0.005595917,
    -0.040334307,
    0.009732368,
    -0.04695263,
    0.039304096,
    -0.083790466,
    0.005252513,
    0.025848921,
    0.0057324977,
    -0.004940328,
    -0.037430987,
    0.065059364,
    -0.026972787,
    0.07554878,
    -0.04863843,
    -0.0076329242,
    -0.02461579,
    -0.035370566,
