{
  "chunk_index": 0,
  "token_start": 0,
  "token_end": 500,
  "text": "   VĂN PHÒNG QUỐC HỘI                CỘNG HÒA XÃ HỘI CHỦ NGHĨA VIỆT NAM\n          -------                         Độc lập - Tự do - Hạnh phúc\n                                                   ---------------\n      Số: 01/VBHN-VPQH                           Hà Nội, ngày 10 tháng 07 năm 2017\n\n\n                                                               BỘ LUẬT\n                                                               HÌNH SỰ\n\nBộ luật Hình sự số 100/2015/QH13 ngày 27 tháng 11 năm 2015 của Quốc hội, có hiệu lực kể từ ngày 01 tháng 01 năm 20181, được sửa\nđổi, bổ sung bởi:\n\nLuật số 12/2017/QH14 ngày 20 tháng 6 năm 2017 của Quốc hội sửa đổi, bổ sung một số điều của Bộ luật Hình sự số 100/2015/QH13,\ncó hiệu lực kể từ ngày 01 tháng 01 năm 2018.\n\nCăn cứ Hiến pháp nước Cộng hòa xã hội chủ nghĩa Việt Nam;\n\nQuốc hội ban hành Bộ luật Hình sự2.\n\nPhần thứ nhất\n\n                                                      NHỮNG QUY ĐỊNH CHUNG\n\nChương I\n\n                                                        ĐIỀU KHOẢN CƠ BẢN\n\nĐiều 1. Nhiệm vụ của Bộ luật Hình sự\n\nBộ luật Hình sự có nhiệm vụ bảo vệ chủ quyền quốc gia, an ninh của đất nước, bảo vệ chế độ xã hội chủ nghĩa, quyền con người,\nquyền công dân, bảo vệ quyền bình đẳng",
  "embedding": [
    -0.0003149749,
    -0.040349886,
    -0.07659527,
    -0.0132734245,
    -0.00029480408,
    -0.014870538,
    -0.0025301431,
    -0.022309946,
    0.049320206,
    0.10069266,
    -0.031180961,
    -0.1063198,
    0.0015381532,
    -0.009293052,
    -0.093410484,
    -0.12942415,
    0.047301054,
    -0.03929066,
    -0.015234647,
    0.008357954,
    -0.0113535775,
    0.062064014,
    0.1596783,
    0.04832718,
    0.010583984,
    0.029393518,
    -0.026182739,
    0.0026046198,
    0.039588567,
    0.040184382,
    -0.06275913,
    -0.044321984,
    0.050942145,
    -0.06898209,
    0.0035107546,
    -0.005258891,
    0.05365641,
    -0.010352278,
    0.008962044,
    0.012396253,
    -0.030585147,
    -0.022309946,
    -0.018172344,
    0.023402272,
    0.06342115,
    -0.0737486,
    -0.0015050524,
    0.08692272,
    -0.054318428,
    0.04379237,
    0.008597935,
    0.037106007,
    -0.0023460197,
    0.018602654,
    0.0037983179,
    -0.18536453,
    0.028549448,
    0.009979893,
    0.067790456,
    0.07586706,
    0.0032211225,
    0.02616619,
    -0.018255096,
    -0.057959516,
    -0.015838737,
    -0.015714608,
    0.03607988,
    -0.055145945,
    0.0031859528,
    0.02087006,
    -0.11121872,
    0.032670498,
    -0.0655065,
    -0.07725729,
    -0.066069216,
    -0.045646016,
    -0.0073938933,
    0.038694844,
    0.004783067,
    -0.014804336,
    0.04627493,
    -0.08963699,
    0.015979415,
    0.02538832,
    -0.0078076534,
    0.05044563,
    -0.010708111,
    -0.004894782,
    -0.11982493,
    -0.02288921,
    0.02780468,
    -0.036741897,
    0.05978006,
    -0.045348108,
    -0.00063046697,
    -0.033779375,
    -0.010782588,
    -0.044917796,
    0.015135345,
    -0.011047395,
    0.021333471,
    -0.030072086,
    -0.03445794,
    0.013281699,
    -0.04021748,
    -0.015921488,
    -0.030171387,
    0.007898681,
    0.018288197,
    0.0116432095,
    -0.022541652,
    -0.014638833,
    -0.020025989,
    -0.085333884,
    -0.020141842,
    0.038165234,
    0.008614485,
    0.008353816,
    0.028003285,
    0.057595406,
    -0.011651484,
    0.029161813,
    0.023468474,
    0.012760362,
    0.028036386,
    -0.055841066,
    0.0057098893,
    0.052994393,
    -0.1024139,
    0.0010737075,
    0.031296816,
    -0.008428293,
    0.07679388,
    -0.0060119345,
    -0.044421285,
    0.018288197,
    0.0055319727,
    0.0013292043,
    -0.031147862,
    0.025239367,
    -0.027473671,
    -0.029410068,
    -0.0037155657,
    -0.0031032008,
    -0.031445768,
    -0.07328519,
    0.011254275,
    0.052233078,
    0.03113131,
    0.003618332,
    0.0134554785,
    0.0014605732,
    -0.046142526,
    -0.024395296,
    -0.034292437,
    -0.039224457,
    0.026133088,
    -0.06189851,
    -0.012396253,
    -0.0032231912,
    -0.052729588,
    -0.0021618966,
    -0.066598825,
    -0.00981439,
    0.005300267,
    0.050644238,
    -0.076926276,
    -0.013248598,
    -0.01799029,
    -0.03776802,
    0.04836028,
    0.028764602,
    -0.041011903,
    0.048823692,
    -0.014680209,
    -0.03358077,
    -0.013587882,
    -0.045281906,
    -0.0093261525,
    -0.065605804,
    -0.006094686,
    -0.06997511,
    -0.008448982,
    -0.022723705,
    -0.025057312,
    0.035881277,
    -0.0046506636,
    0.008184175,
    0.019115716,
    0.034987554,
    -0.0532923,
    -0.047267955,
    0.013769937,
    0.037867326,
    -0.05676789,
    0.005238203,
    -0.037238408,
    0.021383122,
    0.010608809,
    0.009392355,
    0.008631036,
    0.0029376969,
    0.077919304,
    -0.011030844,
    0.006367768,
    -0.019032964,
    -0.001555738,
    -0.0009961275,
    0.042633843,
    -0.030171387,
    0.04826098,
    -0.04617563,
    -0.054583233,
    -0.09049761,
    0.04183942,
    0.055940367,
    -0.034027632,
    -0.023485024,
    -0.011560458,
    0.013405828,
    -0.012354877,
    -0.012776912,
    0.010567433,
    0.045215704,
    -0.014556081,
    0.021929286,
    0.0117507875,
    0.015689783,
    0.011361852,
    0.017013816,
    0.074741624,
    -0.0019488101,
    -0.050875943,
    -0.012164547,
    -0.0036638458,
    -0.011585283,
    -0.0097233625,
    0.033928327,
    0.028268091,
    0.036973603,
    -0.0058174673,
    -0.0023087815,
    0.017890988,
    0.020985913,
    -0.024395296,
    -0.017758584,
    0.0034879977,
    0.007956607,
    -0.018867461,
    -0.0070587476,
    -0.09202025,
    -0.046341132,
    0.0004191907,
    -0.016302148,
    0.014820887,
    -0.023964986,
    -0.009888867,
    -0.06792286,
    -0.017411025,
    -0.03793353,
    0.046936948,
    -0.08679032,
    -0.04134291,
    -0.008407606,
    0.07950814,
    -0.026613051,
    0.03475585,
    0.018751608,
    -0.016864862,
    -0.012288676,
    0.04051539,
    -0.07811791,
    0.039919574,
    0.041673917,
    0.097581185,
    0.036675695,
    0.0062270896,
    0.017626181,
    0.025967585,
    -0.03028724,
    -0.036642596,
    0.002509455,
    -0.00012173598,
    0.018635755,
    0.069048285,
    -0.029923132,
    0.06021037,
    -0.013149296,
    0.025305567,
    0.01003782,
    0.010972918,
    -0.029989332,
    0.03492135,
    0.01883436,
    -0.025206266,
    0.096124746,
    -0.0008083838,
    -0.0059788334,
    0.028450144,
    0.0010090575,
    0.023054713,
    0.028946657,
    0.0054947343,
    0.061070994,
    -0.027159214,
    -0.04455369,
    0.019893587,
    0.0029108024,
    0.03604678,
    0.01286794,
    0.023203667,
    0.023021612,
    0.050081525,
    0.005167864,
    -0.025951033,
    0.054285325,
    0.016335249,
    0.093940094,
    0.007745589,
    0.0013705804,
    0.02376638,
    0.11565422,
    -0.028334292,
    0.012321776,
    -0.11711066,
    0.026695803,
    -0.0021618966,
    -0.015085693,
    -0.07169635,
    0.10188429,
    -0.02451115,
    -0.012081795,
    0.07083573,
    0.0030845816,
    -0.00960751,
    -0.03654329,
    -0.026397895,
    0.11519081,
    0.021316921,
    -0.00018347675,
    -0.049816716,
    -0.028069485,
    0.06467898,
    0.010840515,
    -0.0003992785,
    0.06759185,
    0.09592614,
    -0.017857887,
    0.026927508,
    -0.02292231,
    0.08718753,
    0.022839557,
    -0.06653263,
    0.060773086,
    -0.006380181,
    0.044421285,
    -0.025752429,
    -0.006160888,
    0.049717415,
    -0.035351664,
    0.019496376,
    -0.06666503,
    0.0013985091,
    0.06626782,
    -0.011626659,
    -0.06348735,
    -0.026464097,
    0.07116674,
    0.026050337,
    -0.06898209,
    0.026315143,
    -0.016533853,
    -0.054682534,
    -0.07500643,
    0.023915334,
    0.057562307,
    -0.009293052,
    -0.008333129,
    0.019165369,
    0.014374026,
    -0.015698059,
