{
  "chunk_index": 556,
  "token_start": 250200,
  "token_end": 250700,
  "text": ". Người bị ép buộc đưa hối lộ mà chủ động khai báo trước khi bị phát giác, thì được coi là không có tội và được trả lại toàn bộ của đã\ndùng để đưa hối lộ.\n\nNgười đưa hối lộ tuy không bị ép buộc nhưng đã chủ động khai báo trước khi bị phát giác, thì có thể được miễn trách nhiệm hình sự và\nđược trả lại một phần hoặc toàn bộ của đã dùng để đưa hối lộ.\n\nĐiều 365. Tội môi giới hối lộ\n\n1. Người nào môi giới hối lộ mà của hối lộ thuộc một trong các trường hợp sau đây, thì bị phạt tiền từ 20.000.000 đồng đến dưới\n200.000.000 đồng, phạt cải tạo không giam giữ đến 03 năm hoặc phạt tù từ 06 tháng đến 03 năm:\n\na) Tiền, tài sản hoặc lợi ích vật chất trị giá từ 2.000.000 đồng đến dưới 100.000.000 đồng;\n\nb) Lợi ích phi vật chất.\n\n2. Phạm tội thuộc một trong các trường hợp sau đây, thì bị phạt tù từ 02 năm đến 07 năm:\n\na) Có tổ chức;\n\nb) Phạm tội có tính chất chuyên nghiệp;\n\fc) Dùng thủ đoạn xảo quyệt;\n\nd) Biết của hối lộ là tài sản của Nhà nước;\n\nđ) Lợi dụng chức vụ, quyền hạn;\n\ne) Phạm tội 02 l",
  "embedding": [
    -0.00086770713,
    0.05938547,
    -0.08406692,
    -0.07690793,
    -0.0033898638,
    0.061396804,
    0.05304466,
    0.05328329,
    -0.0024907296,
    0.10656658,
    -0.0418971,
    -0.015724195,
    -0.009068046,
    -0.023028063,
    -0.10636204,
    -0.0532492,
    -0.013670249,
    -0.010380526,
    -0.02045424,
    0.012996964,
    -0.012374815,
    -0.015852034,
    0.18476996,
    -0.05931729,
    -0.11727097,
    0.15913397,
    -0.034380164,
    -0.020641735,
    -0.023812143,
    0.04520387,
    -0.058703665,
    -0.039272137,
    0.008330841,
    -0.01095154,
    -0.010619159,
    -0.007908972,
    0.058908205,
    0.005062424,
    -0.08168059,
    0.05737414,
    0.018562222,
    -0.0069927927,
    0.062146794,
    0.016883269,
    0.024903035,
    0.02495417,
    -0.015766809,
    0.11522554,
    -0.056828693,
    0.0013348521,
    0.018340634,
    0.047522012,
    0.07336254,
    0.013908882,
    0.029829098,
    -0.047726557,
    -0.009425995,
    -0.013167416,
    0.013056622,
    -0.0339029,
    0.010712908,
    0.1253163,
    -0.008999865,
    0.022465572,
    -0.016900314,
    -0.024937125,
    -0.056044612,
    -0.049362894,
    0.022107622,
    -0.0042634304,
    -0.052260578,
    0.016900314,
    0.000678612,
    -0.04230618,
    -0.029965458,
    -0.028141623,
    -0.009315201,
    0.0070609734,
    0.03889714,
    0.030834764,
    0.02872116,
    0.049328804,
    -0.022482617,
    -0.0617718,
    0.014283876,
    0.066783085,
    -0.014462851,
    0.027170047,
    -0.02367578,
    0.01462478,
    0.030272273,
    0.08174877,
    0.03230065,
    0.008744187,
    0.004178204,
    0.020096289,
    -0.019141758,
    -0.025295075,
    -0.034039263,
    0.0017652434,
    0.016013963,
    -0.022022396,
    -0.019516753,
    0.070839845,
    0.019244028,
    -0.015817944,
    -0.029266605,
    0.0039630085,
    -0.0037350291,
    -0.012732764,
    -0.028670024,
    0.071521655,
    -0.052328758,
    -0.07274891,
    0.007239948,
    0.012442995,
    0.056965053,
    -0.004482887,
    0.012639015,
    -0.008501293,
    -0.005842242,
    0.056078702,
    -0.030084776,
    -0.008735664,
    -0.02101673,
    -0.0497038,
    -0.015783854,
    0.010363481,
    0.019516753,
    0.039374407,
    -0.058942296,
    -0.012246975,
    -0.024323499,
    -0.007849314,
    -0.008663222,
    0.008931684,
    -0.020914458,
    0.031329077,
    -0.0063791657,
    -0.009366336,
    0.004887711,
    -0.01373843,
    0.02751095,
    -0.031329077,
    -0.021562176,
    0.049226534,
    -0.01724974,
    -0.040635753,
    -0.008407544,
    0.0034367382,
    0.03236883,
    -0.0042250785,
    -0.002518428,
    -0.019721294,
    -0.019550843,
    0.027187092,
    -0.039169867,
    0.044044793,
    -0.011820845,
    0.0039630085,
    0.04039712,
    0.015042388,
    -0.07827155,
    0.024732582,
    0.01721565,
    0.028090486,
    -0.019482661,
    0.019857656,
    -0.012298111,
    0.0073848325,
    0.038419876,
    0.007295345,
    0.04527205,
    -0.06391949,
    -0.012579356,
    0.009928828,
    0.04534023,
    -0.102953,
    -0.044351608,
    -0.059692286,
    -0.00061682315,
    -0.006144794,
    0.057953674,
    -0.0023074937,
    -0.022567842,
    0.02751095,
    -0.09129408,
    -0.010550978,
    0.048374273,
    0.049976524,
    -0.0003291854,
    0.07820337,
    -0.020403102,
    0.016209984,
    -0.00028470808,
    0.05505599,
    0.033221092,
    0.04632885,
    0.02052242,
    -0.071248926,
    0.015417382,
    0.05580598,
    0.07288527,
    -0.025175758,
    -0.009886215,
    0.019891746,
    0.016209984,
    0.01620146,
    0.014300922,
    -0.041522104,
    0.028192759,
    -0.0010200486,
    -0.0133123,
    -0.0009992748,
    0.04094257,
    0.08140787,
    -0.01760769,
    -0.030084776,
    0.011778233,
    -0.058669575,
    0.008339363,
    0.00646013,
    0.016286688,
    0.0052669663,
    -0.090885,
    0.0094345175,
    -0.0005720795,
    0.029846143,
    -0.039067596,
    -0.034669936,
    0.1047257,
    0.049260624,
    -0.005032595,
    0.0073890937,
    0.038488057,
    -0.017846324,
    -0.00015926607,
    -0.014692961,
    0.0248519,
    0.0025269508,
    0.10404389,
    -0.02370987,
    0.03351086,
    0.043942522,
    -0.04101075,
    -0.016013963,
    -0.009852124,
    -0.007896189,
    -0.04540841,
    0.019329255,
    -0.038215335,
    -0.005859287,
    -0.021374678,
    -0.05952183,
    0.04731747,
    -0.012264021,
    -0.02659051,
    0.0015702889,
    -0.009110658,
    0.11740733,
    -0.022022396,
    -0.039953947,
    -0.00076863193,
    -0.036578994,
    -0.006268372,
    0.033289272,
    0.04029485,
    0.079430625,
    0.0065794466,
    0.0075169327,
    0.03947668,
    -0.03698808,
    -0.036204003,
    0.007551023,
    -0.04026076,
    0.047931097,
    -0.013175938,
    -0.025823476,
    0.011488464,
    0.025993928,
    0.014036721,
    -0.0073422194,
    -0.040772114,
    0.00025354733,
    0.04728338,
    0.06572629,
    0.05505599,
    0.020539464,
    0.002269142,
    0.0120339105,
    0.020147424,
    -0.009894738,
    -0.033698358,
    -0.010891882,
    -0.052294668,
    0.12913443,
    0.043431167,
    0.019226983,
    -0.014675916,
    -0.0018802985,
    -0.012945828,
    0.021357633,
    0.061192263,
    -0.050317425,
    0.008347886,
    0.086385064,
    -0.012800944,
    0.06565811,
    -0.056521878,
    -0.020880368,
    -0.044317517,
    0.019482661,
    0.024698492,
    -0.013525365,
    0.019994019,
    -0.07056712,
    0.0013135456,
    -0.07390798,
    -0.055328716,
    -0.050283335,
    -0.041453924,
    -0.0016810826,
    -0.011275399,
    0.03216429,
    -0.026079154,
    0.027664358,
    -0.0060169552,
    -0.008752709,
    0.035760827,
    0.065828554,
    -0.016474184,
    0.035317652,
    0.011130515,
    0.067192174,
    -0.0053308858,
    0.032880187,
    -0.015570789,
    0.080862425,
    0.010746998,
    -0.0015820075,
    -0.03855624,
    -0.024272364,
    0.07643067,
    -0.045101594,
    0.034124486,
    -0.06013546,
    0.0624877,
    -0.030681357,
    -0.035010837,
    0.03705626,
    0.043499347,
    -0.0050112884,
    0.06988531,
    -0.0103549585,
    -0.015519653,
    -0.015587834,
    0.009076568,
    0.0039225263,
    0.013227074,
    -0.103634804,
    -0.01285208,
    -0.027562086,
    0.010482797,
    0.013763998,
    0.08972593,
    0.06170362,
    -0.00609792,
    -0.01898835,
    0.079976074,
    0.005846503,
    0.023386013,
    -0.001554309,
    0.1171346,
    -0.08515781,
    0.071044385,
    -0.051374227,
    -0.02055651,
    -0.0028955531,
    -0.019431526,
    -0.011974252,
    0.056760512,
    0.034942657,
    -0.061328623,
    0.052465122,
    -0.01885199,
    -0.028073441,
    0.006881999,
    -0.016934404,
    -0.00020147958,
    -0.0031235327,
    -0.054306004,
    0.059794556,
    -0.0023011018,
    0.052499212,
    -0.021868989,
