{
  "chunk_index": 215,
  "token_start": 96750,
  "token_end": 97250,
  "text": "000.000.000 đồng;\n\nc) Phạm tội thuộc trường hợp quy định tại khoản 3 Điều này, thì bị phạt tiền từ 6.000.000.000 đồng đến 9.000.000.000 đồng;\n\nd) Phạm tội thuộc trường hợp quy định tại khoản 4 Điều này, thì bị phạt tiền từ 9.000.000.000 đồng đến 15.000.000.000 đồng hoặc đình\nchỉ hoạt động có thời hạn từ 06 tháng đến 03 năm;\n\nđ) Phạm tội thuộc trường hợp quy định tại Điều 79 của Bộ luật này, thì bị đình chỉ hoạt động vĩnh viễn;\n\ne) Pháp nhân thương mại còn có thể bị phạt tiền từ 100.000.000 đồng đến 300.000.000 đồng, cấm kinh doanh, cấm hoạt động trong\n\fmột số lĩnh vực nhất định hoặc cấm huy động vốn từ 01 năm đến 03 năm.\n\nĐiều 196. Tội đầu cơ\n\n1. Người nào lợi dụng tình hình khan hiếm hoặc tạo ra sự khan hiếm giả tạo trong tình hình thiên tai, dịch bệnh, chiến tranh hoặc tình\nhình khó khăn về kinh tế mua vét hàng hóa thuộc danh mục mặt hàng bình ổn giá hoặc thuộc danh mục hàng hóa được Nhà nước định\ngiá nhằm bán lại để thu lợi bất chính thu",
  "embedding": [
    -0.0009181429,
    0.06448676,
    -0.041388,
    -0.13636774,
    -0.0050017317,
    0.05031996,
    0.084673636,
    0.013095294,
    0.0060078036,
    0.11209114,
    -0.12890808,
    -0.06824931,
    0.005545665,
    -0.036611203,
    0.00042942096,
    -0.109211974,
    0.058924735,
    -0.057354283,
    0.112614624,
    -0.011025894,
    0.0015592071,
    0.11686794,
    0.11104417,
    -0.100836225,
    -0.08290687,
    0.09318026,
    -0.040766362,
    0.0013874387,
    -0.024816442,
    -0.0014702555,
    0.00017611371,
    0.017683964,
    0.015966281,
    0.0045436826,
    -0.0141504435,
    0.014125905,
    0.04096267,
    0.015042003,
    0.010036182,
    -0.03962124,
    -0.0035907773,
    -0.0053452686,
    0.056830797,
    0.028006427,
    0.023540448,
    -0.009619029,
    0.00083992694,
    0.00059965573,
    -0.045837622,
    -0.050843444,
    0.030869232,
    0.008359395,
    0.11752229,
    -0.020890307,
    0.03903232,
    -0.12498195,
    0.018272884,
    -0.0028607615,
    0.020595847,
    0.097629875,
    0.019581595,
    0.0010260093,
    0.04551044,
    -0.057452437,
    -0.030198518,
    -0.052773792,
    0.028022785,
    0.021773688,
    0.0230824,
    -0.041322567,
    -0.09481615,
    0.0017432446,
    0.008007678,
    0.013381575,
    0.102014065,
    -0.02751566,
    -0.024211163,
    -0.027499301,
    0.11758773,
    -0.009013751,
    0.024636494,
    -0.010772332,
    0.015344642,
    -0.09108632,
    0.03582598,
    0.048226018,
    -0.019467084,
    0.0069770683,
    -0.021102972,
    0.075512655,
    0.017438581,
    0.06458491,
    0.012040146,
    0.015876306,
    -0.0097989775,
    -0.0035437455,
    -0.03312676,
    0.0052675637,
    -0.032488763,
    -0.004870861,
    -0.014322212,
    -0.081401855,
    0.07512004,
    -0.004952655,
    -0.017356787,
    0.0071202083,
    -0.041060824,
    -0.013790548,
    0.048029713,
    0.016849661,
    0.022378966,
    0.02365496,
    -0.0029977674,
    -0.12903896,
    0.03091831,
    0.029167907,
    -0.05293738,
    -0.032177944,
    -0.008142639,
    -0.032325175,
    -0.021561023,
    0.08218709,
    -0.016604276,
    0.022869734,
    -0.0071202083,
    -0.043416504,
    -0.015328283,
    -0.010976817,
    -0.077999204,
    0.021691894,
    0.028922524,
    -0.03831253,
    0.011034074,
    -0.008224434,
    -0.069623455,
    0.032554198,
    0.012375503,
    0.022804298,
    -0.06949258,
    0.033535734,
    -0.026664997,
    0.007856359,
    0.04276215,
    0.053788044,
    -0.0065149297,
    -0.0364149,
    0.041878767,
    -0.040700927,
    0.013324319,
    -0.0071038497,
    0.022280814,
    -0.0062736357,
    0.003241106,
    0.03857427,
    -0.04717905,
    -0.006813479,
    -0.029887699,
    0.07721398,
    0.026272383,
    0.043252915,
    0.027319353,
    0.00635952,
    -0.08146729,
    -0.043252915,
    0.004629567,
    0.030002212,
    -0.029380573,
    0.06484666,
    -0.035498798,
    -0.07237174,
    0.014289494,
    -0.015328283,
    -0.013087115,
    -0.014436724,
    -0.01892724,
    0.007365592,
    0.018240167,
    -0.011066792,
    -0.026125154,
    -0.07453112,
    0.02304968,
    0.0042860303,
    0.04214051,
    -0.019139906,
    -0.02632146,
    -0.0138069065,
    -0.037200123,
    0.044169012,
    0.027990067,
    0.03533521,
    -0.014142264,
    0.04773525,
    -0.0020826918,
    0.0399157,
    -0.0070956703,
    -0.007602796,
    -0.014404006,
    -0.025601668,
    0.003609181,
    -0.025552591,
    -0.012792655,
    0.042238664,
    0,
    -0.009790798,
    -0.0075782575,
    -0.036611203,
    0.030394824,
    0.021233844,
    -0.023851268,
    -0.02025231,
    0.035433363,
    -0.051792257,
    -0.022820657,
    0.062131077,
    0.004535503,
    0.052577484,
    -0.036153156,
    -0.030214878,
    0.027826479,
    0.042238664,
    -0.0012013563,
    -0.07335328,
    -0.013414293,
    0.042042356,
    -0.0025765258,
    -0.0016655399,
    0.009545415,
    0.029004319,
    0.011762044,
    0.0077009494,
    -0.0034701303,
    0.056372747,
    -0.038639706,
    0.0033433489,
    0.009471799,
    -0.007823641,
    0.052413896,
    0.009111904,
    0.062065642,
    0.030443901,
    0.055685673,
    0.0006988315,
    -0.006670339,
    0.016326176,
    0.007750026,
    0.008392112,
    0.02098846,
    -0.0009851122,
    0.013774188,
    -0.018403756,
    -0.061738465,
    0.0010336776,
    0.013651497,
    -0.05709254,
    0.037036534,
    0.015001106,
    -0.0014927491,
    -0.005680626,
    0.0023924883,
    0.06625352,
    0.020350464,
    -0.06995063,
    0.010167053,
    -0.038803298,
    0.06448676,
    0.041158978,
    0.037527304,
    0.0141504435,
    -0.004331017,
    0.000946771,
    0.013586061,
    -0.025078185,
    0.023769474,
    -0.0025192697,
    0.032488763,
    0.04096267,
    0.039457653,
    -0.024342034,
    -0.018289244,
    0.010780511,
    -0.072240874,
    -0.019826978,
    0.006895274,
    -0.016260741,
    -0.027417505,
    -0.015581846,
    0.05457327,
    0.006813479,
    -0.011483943,
    -0.03356845,
    -0.01199107,
    0.014076828,
    0.011066792,
    0.0045477725,
    -0.06684244,
    -0.018943598,
    0.004609118,
    0.00034558162,
    0.008801085,
    -0.009725362,
    -0.030051287,
    -0.0043719145,
    -0.0040426916,
    -0.04302389,
    0.03239061,
    0.039686676,
    -0.0045600417,
    0.00028704747,
    -0.10940828,
    -0.024734648,
    -0.013774188,
    0.01625256,
    -0.0030550235,
    0.0037584559,
    -0.0018741158,
    0.011622994,
    0.031065539,
    0.019156264,
    -0.06164031,
    -0.0072551696,
    0.03134364,
    0.085851476,
    -0.043252915,
    0.004760438,
    -0.011696609,
    0.015581846,
    0.079962276,
    0.042402253,
    -0.026141513,
    0.07767203,
    -0.038672425,
    0.0039568073,
    0.08722562,
    0.019614313,
    0.004903578,
    -0.0033658424,
    -0.06186934,
    0.03739643,
    -0.036611203,
    -0.052054,
    -0.039523087,
    -0.04714633,
    -0.014927491,
    -0.1011634,
    0.124916516,
    -0.021070255,
    -0.038508836,
    -0.0049240272,
    0.008841982,
    -0.061771184,
    -0.0121955555,
    -0.0050794366,
    0.041289847,
    -0.012375503,
    0.07943879,
    0.04806243,
    -0.0060855085,
    0.021691894,
    0.060822368,
    -0.114839435,
    -0.0009437037,
    -0.013995034,
    0.05293738,
    -0.0038811476,
    -0.10515497,
    0.012391862,
    -0.041060824,
    0.061607596,
    -0.01137761,
    -0.002828044,
    -0.028399039,
    -0.0065599163,
    0.025405362,
    -0.04151887,
    0.033797476,
    -0.036153156,
    -0.03638218,
    -0.0019426186,
    -0.01316073,
    -0.0013301825,
    0.020203235,
    0.037952635,
    -0.017405864,
    0.06128042,
    0.022886092,
    0.016015356,
    -0.00576242,
    -0.016399791,
    0.105482146,
    0.040635493,
    0.01654702,
    0.0544424,
    -0.027302993,
    -0.039228626,
    0.056961667,
    -0.040570058,
    -0.009357288,
    0.063865125,
