{
  "chunk_index": 521,
  "token_start": 234450,
  "token_end": 234950,
  "text": "ạt tù từ 02 năm đến 07 năm:\n\na) Tự gây thương tích hoặc gây tổn hại cho sức khỏe của mình;\n\nb) Lôi kéo người khác phạm tội.\n\nĐiều 334. Tội làm trái quy định về việc thực hiện nghĩa vụ quân sự\n\n1. Người nào lợi dụng chức vụ, quyền hạn làm trái quy định về đăng ký nghĩa vụ quân sự, gọi nhập ngũ, gọi tập trung huấn luyện, thì bị\nphạt cải tạo không giam giữ đến 03 năm hoặc phạt tù từ 06 tháng đến 03 năm.\n\n2. Phạm tội trong thời chiến, thì bị phạt tù từ 02 năm đến 07 năm.\n\n3. Người phạm tội còn có thể bị cấm đảm nhiệm chức vụ nhất định từ 01 năm đến 05 năm.\n\nĐiều 335. Tội cản trở việc thực hiện nghĩa vụ quân sự\n\n1. Người nào cố ý cản trở việc đăng ký nghĩa vụ quân sự, gọi nhập ngũ, gọi tập trung huấn luyện, thì bị phạt cảnh cáo, phạt cải tạo\nkhông giam giữ đến 02 năm hoặc phạt tù từ 03 tháng đến 02 năm.\n\n2. Phạm tội trong trường hợp lợi dụng chức vụ, quyền hạn hoặc trong thời chiến, thì bị phạt t",
  "embedding": [
    -0.00028255468,
    0.024690047,
    -0.042343352,
    -0.13237675,
    -0.00035913492,
    0.07417769,
    -0.031142952,
    -0.0008752714,
    0.023245825,
    0.08407214,
    -0.05515698,
    -0.009156981,
    0.0056501334,
    0.045293253,
    0.08376486,
    -0.13827655,
    0.134835,
    0.07577555,
    -0.04464796,
    0.017837675,
    -0.01535638,
    0.024567135,
    0.17416699,
    -0.08960321,
    0.03450768,
    0.101402804,
    -0.019435538,
    -0.06993721,
    0.05973547,
    0.007586005,
    -0.050609216,
    -0.0144114895,
    0.033923846,
    0.01191483,
    -0.0027674516,
    -0.020219104,
    0.057523046,
    0.0056770206,
    0.08622311,
    -0.043142285,
    -0.043449566,
    -0.0059036408,
    0.037273213,
    -0.013873748,
    0.023921844,
    -0.045569807,
    -0.01112358,
    0.007781897,
    -0.039393455,
    0.01108517,
    0.008642284,
    0.023783566,
    0.016670007,
    0.00023814295,
    -0.018559786,
    -0.110559784,
    0.092245825,
    -0.0042097527,
    0.008688376,
    -0.012337341,
    0.020987308,
    0.0071058786,
    0.09703941,
    -0.00775501,
    -0.016393453,
    -0.041759517,
    -0.042773545,
    -0.02962191,
    0.015978623,
    -0.025980627,
    -0.14995323,
    -0.030436205,
    -0.029114896,
    0.0042404807,
    0.059827656,
    0.012268203,
    -0.0060534403,
    0.030098196,
    0.012506346,
    0.05024048,
    0.020633934,
    0.01014028,
    -0.030405477,
    -0.06692585,
    0.018436873,
    -0.02840815,
    0.015563794,
    0.01891316,
    -0.035245158,
    -0.009487308,
    0.028869072,
    0.013044088,
    0.08462525,
    0.050977957,
    0.0153102875,
    -0.00056702987,
    -0.03632064,
    -0.0049126586,
    -0.009702405,
    -0.0008680695,
    0.028177688,
    -0.014342351,
    -0.025704075,
    0.045385435,
    0.043142285,
    0.0058921175,
    -0.054419506,
    0.023952572,
    0.017991316,
    0.025581162,
    0.008803607,
    0.018820975,
    -0.06532799,
    -0.072334,
    0.00707515,
    0.01580962,
    -0.041237142,
    -0.030973947,
    -0.0004433972,
    -0.060165662,
    -0.012921176,
    0.0497181,
    0.0011830328,
    0.0056847027,
    0.024536407,
    0.021463593,
    -0.016408818,
    -0.007693554,
    -0.1338517,
    -0.0037776385,
    -0.06277756,
    -0.029437542,
    0.03370875,
    0.012168337,
    0.10097261,
    -0.010416834,
    0.00507014,
    0.02243153,
    0.01562525,
    0.032264527,
    0.0012320057,
    0.027532399,
    0.020833667,
    0.02690247,
    -0.03582899,
    -0.06025785,
    0.014764863,
    0.054880425,
    0.001259853,
    0.005527221,
    0.025565797,
    0.006026553,
    -0.049533732,
    -0.020587843,
    -0.04922645,
    0.013059452,
    -0.027056111,
    0.03135805,
    -0.0015882598,
    0.00014271772,
    0.013835337,
    0.014311623,
    -0.037918504,
    -0.011561456,
    -0.013766199,
    0.025627254,
    0.016347362,
    0.0020453406,
    -0.014472946,
    -0.019496994,
    -0.014826319,
    0.00062512525,
    -0.01063193,
    -0.011876419,
    -0.031834334,
    -0.016162992,
    -0.04142151,
    -0.01842151,
    -0.033800934,
    -0.033094186,
    -0.0006827405,
    -0.018590514,
    0.090586506,
    -0.03045157,
    0.013274549,
    -0.029345358,
    -0.02330728,
    0.008419505,
    0.0634843,
    0.05107014,
    -0.030021375,
    -0.0129288575,
    -0.02814696,
    0.0410835,
    -0.030728122,
    -0.042128257,
    -0.036781564,
    -0.026794923,
    0.104352705,
    0.02871543,
    0.034169674,
    -0.0097100865,
    0.04596927,
    0.008043086,
    -0.02413694,
    -0.008941883,
    0.0037891616,
    0.010647294,
    0.009064796,
    -0.020511022,
    -0.0067102537,
    -0.04059185,
    -0.009049432,
    -0.08923447,
    0.01736139,
    0.03711957,
    -0.059274547,
    -0.03140414,
    0.0056309286,
    0.045938544,
    0.014350033,
    -0.016470274,
    -0.004720608,
    0.041329324,
    0.0025523547,
    -0.0011571059,
    0.008381096,
    0.00091272127,
    0.0038294923,
    0.022769539,
    0.04569272,
    -0.004574649,
    -0.00548497,
    -0.04464796,
    0.023798931,
    -0.022539077,
    0.08505544,
    -0.026979292,
    0.00325334,
    0.11098998,
    0.07116633,
    -0.00021989812,
    0.033831663,
    0.027747495,
    -0.024459586,
    0.0048435205,
    -0.011515364,
    -0.060104206,
    0.024413493,
    -0.03438477,
    -0.041851703,
    -0.042435538,
    -0.050455578,
    -0.04105277,
    0.042619906,
    -0.0056040413,
    0.031327322,
    -0.091692716,
    -0.022108885,
    0.092921846,
    0.047075484,
    0.040376753,
    -0.0074899797,
    -0.0100096855,
    0.03324783,
    -0.050148297,
    0.06993721,
    -0.0006332874,
    0.044279225,
    -0.032049432,
    -0.023445558,
    -0.042343352,
    -0.00080901384,
    -0.024428857,
    -0.020203741,
    0.027793586,
    -0.015993988,
    0.049656644,
    0.019343354,
    -0.0007153891,
    -0.039393455,
    0.009164662,
    0.03536807,
    -0.01637809,
    0.036074817,
    -0.02424449,
    0.04891917,
    0.04925718,
    0.014534402,
    0.002001169,
    0.0037622745,
    -0.011899466,
    0.012421844,
    0.022969272,
    -0.022124248,
    0.059612557,
    0.0032591014,
    0.0042788913,
    -0.004759018,
    0.014787909,
    -0.00499332,
    -0.051869072,
    0.0043749167,
    0.0058690715,
    -0.023399465,
    -0.036566466,
    -0.001275217,
    0.039885104,
    -0.06778624,
    0.03782632,
    0.0050586173,
    0.041636605,
    -0.008811289,
    -0.021125585,
    -0.064529054,
    -0.034569137,
    0.019665997,
    0.013474282,
    -0.039362725,
    0.034937873,
    -0.01096994,
    0.047874413,
    0.06538945,
    0.012744489,
    -0.030267201,
    0.026718102,
    0.061456244,
    0.0015287241,
    -0.13741617,
    0.07645157,
    0.04765932,
    0.011077488,
    0.069814295,
    0.024505679,
    0.009564128,
    -0.023,
    -0.04504743,
    0.10883901,
    -0.009871409,
    -0.015917167,
    0.01551002,
    -0.047997326,
    0.09777688,
    0.007847195,
    0.06207081,
    -0.022139613,
    0.00038194095,
    -0.003990815,
    -3.627959e-05,
    -0.04191316,
    0.0036835338,
    -0.070981964,
    0.021402137,
    -0.053743485,
    -0.07866399,
    0.0126599865,
    -0.012767535,
    0.03601336,
    0.05973547,
    -0.0102631925,
    0.0147264525,
    -0.04074549,
    -0.0045976955,
    -0.027762858,
    -0.106134936,
    -0.0124833,
    -0.07061323,
    0.05432732,
    0.005254509,
    -0.02773213,
    -0.024505679,
    -0.073931865,
    0.045631263,
    -0.04483233,
    0.09851436,
    -0.031680696,
    -0.052514363,
    0.03589045,
    -0.016239813,
    0.03367802,
    -0.011615231,
    0.06311557,
    0.021064129,
    0.027808951,
    -0.010194055,
    -0.00507014,
    -0.008096861,
    -0.07245691,
    -0.07122779,
    -0.0007077071,
    -0.030958584,
    -0.03503006,
    -0.030006012,
    -0.009663994,
    0.06219372,
    -0.01627054,
    -0.008688376,
    0.0811837,
    0.025888443,
    -0.033831663,
    0.028162325,
