{
  "chunk_index": 533,
  "token_start": 239850,
  "token_end": 240350,
  "text": "p\n\nNgười nào xuất cảnh, nhập cảnh trái phép hoặc ở lại Việt Nam trái phép, đã bị xử phạt vi phạm hành chính về hành vi này mà còn vi\nphạm, thì bị phạt tiền từ 5.000.000 đồng đến 50.000.000 đồng hoặc phạt tù từ 06 tháng đến 03 năm.\n\nĐiều 348. Tội tổ chức, môi giới cho người khác xuất cảnh, nhập cảnh hoặc ở lại Việt Nam trái phép\n\n1. Người nào vì vụ lợi mà tổ chức hoặc môi giới cho người khác xuất cảnh, nhập cảnh hoặc ở lại Việt Nam trái phép, thì bị phạt tù từ 01\nnăm đến 05 năm.\n\n2. Phạm tội thuộc một trong các trường hợp sau đây, thì bị phạt tù từ 05 năm đến 10 năm:\n\na) Lợi dụng chức vụ, quyền hạn;\n\nb) Phạm tội 02 lần trở lên;\n\nc) Đối với từ 05 người đến 10 người;\n\nd) Có tính chất chuyên nghiệp;\n\nđ) Thu lợi bất chính từ 100.000.000 đồng đến dưới 500.000.000 đồng;\n\ne) Tái phạm nguy hiểm.\n\n3. Phạm tội thuộc một trong các trường hợp sau đây, thì bị phạt tù từ 07 năm đến 15 năm:\n\na) Đối với 11 người trở lên;\n\nb) Thu lợi bất chính 500.000",
  "embedding": [
    -7.969796e-05,
    0.005989851,
    -0.028599316,
    -0.11362125,
    -0.00014802854,
    0.06392408,
    0.0944796,
    -0.07747197,
    0.03786297,
    0.056228615,
    0.0049147494,
    -0.026643116,
    0.0029989672,
    -0.07889467,
    0.011721031,
    0.015091838,
    0.10230439,
    -0.0054523004,
    0.031072857,
    -0.0036335196,
    -0.00847956,
    -0.013822733,
    0.16011737,
    -0.03818631,
    -0.12467944,
    0.06809515,
    -0.03385357,
    -0.084779434,
    -0.039415,
    -0.082386725,
    -0.10476177,
    0.010096254,
    0.0073195817,
    0.037151627,
    0.0005269412,
    -0.054741256,
    0.0051532118,
    0.009950751,
    0.042131044,
    0.014525996,
    0.004894541,
    -0.057942312,
    0.06835382,
    0.0032354088,
    0.16425611,
    -0.04200171,
    -0.018090805,
    -0.0023543106,
    -0.016417528,
    -0.01807464,
    0.020661348,
    0.018882986,
    -0.07766598,
    0.016045688,
    0.03042618,
    -0.09363891,
    0.0050117513,
    -0.01733096,
    -0.035502598,
    0.11362125,
    0.026238943,
    0.07572594,
    0.06576711,
    -0.035308596,
    -0.024363577,
    -0.03967367,
    0.046884123,
    -0.022552881,
    -0.004191279,
    -0.016118439,
    -0.06311573,
    -0.07507927,
    -0.034920588,
    -0.0019228554,
    0.0612727,
    -0.029666334,
    -0.006175771,
    0.020370344,
    0.06615511,
    -0.0023906862,
    0.015019087,
    -0.022843886,
    0.018397978,
    -0.009473827,
    -0.004910708,
    0.08374475,
    0.0054199663,
    0.016554946,
    0.01796147,
    -0.0038093352,
    0.0036234153,
    -0.04484709,
    0.01668428,
    0.05060252,
    0.009659747,
    -0.021744534,
    0.023021722,
    -0.030523181,
    0.0040740687,
    0.014970586,
    0.011777615,
    -0.03417691,
    0.056002278,
    0.025947938,
    -0.043456733,
    0.0072508724,
    0.020354176,
    0.028243644,
    -0.014348159,
    -0.022552881,
    0.0015873914,
    0.02846998,
    -0.00091848423,
    -0.044168077,
    -0.0038133769,
    0.0004109939,
    0.031234527,
    -0.054741256,
    -0.023603732,
    -0.020014672,
    -0.02101702,
    0.04591411,
    -0.025495263,
    0.09053486,
    0.04591411,
    -0.10191639,
    0.022860052,
    0.009239406,
    -0.065217435,
    0.016312443,
    -0.06583178,
    -0.007760131,
    0.004987501,
    -0.011098604,
    0.00085331127,
    -0.005929225,
    -0.032123707,
    -0.025592266,
    -0.005488676,
    -0.020903854,
    0.0016631739,
    -0.0036254362,
    0.018494979,
    0.013596396,
    -0.033950575,
    -0.05820098,
    -0.020014672,
    0.014574496,
    0.0033122017,
    0.020952353,
    4.2532945e-05,
    -0.05008518,
    0.018559646,
    -0.016118439,
    -0.027726302,
    -0.03353023,
    -0.04200171,
    0.038153976,
    -0.0012206039,
    -0.0027402963,
    0.013264974,
    0.0335949,
    -0.074626595,
    -0.033109892,
    -0.018947653,
    -0.0002932784,
    0.021954704,
    -0.0009841624,
    -0.014170323,
    -0.034047574,
    0.04009401,
    -0.02646528,
    0.00503196,
    -0.008103678,
    -0.009344491,
    -0.025834769,
    -0.01954583,
    -0.037183963,
    -0.010920768,
    -0.058459654,
    -0.015964853,
    -0.030878855,
    0.07242789,
    -0.0012549587,
    -0.007994551,
    0.010136671,
    -0.01619119,
    0.0028716526,
    -0.0026776493,
    0.03201054,
    -0.03100819,
    0.096419625,
    -0.017023787,
    -0.008233014,
    0.004025568,
    0.020839185,
    -0.01922249,
    -0.021000855,
    0.059300333,
    0.033206895,
    0.054062247,
    0.0037588135,
    0.108124495,
    0.01712079,
    0.03407991,
    -0.0032859305,
    0.028777152,
    -0.016417528,
    0.03165487,
    0.0061393953,
    0.005411883,
    -0.0070892028,
    -0.033627234,
    0.003688083,
    0.040191013,
    0.08762481,
    -0.026432946,
    -0.02012784,
    0.017864468,
    -0.041807707,
    -0.0035648101,
    -0.02879332,
    0.015415177,
    0.024347411,
    -0.059073996,
    0.00640615,
    0.0017813947,
    0.046269782,
    -0.018769817,
    0.048306815,
    0.045105763,
    0.008422975,
    -0.026578449,
    0.0006486984,
    0.00032207574,
    0.03524393,
    0.05684296,
    0.009384909,
    0.025656933,
    0.02509109,
    0.12933552,
    -0.02842148,
    -0.024266576,
    0.044814758,
    -0.017670466,
    -0.028372979,
    -0.0034718502,
    0.020144006,
    -0.05050552,
    -0.002592773,
    -0.042551383,
    -0.029908838,
    0.029650167,
    -0.0256246,
    0.031024357,
    0.067448474,
    0.00052946724,
    0.019060822,
    -0.04636678,
    0.048306815,
    0.043618403,
    0.014663414,
    0.010354925,
    0.010322591,
    -0.01463108,
    -0.03973834,
    0.080317356,
    0.021647532,
    -0.0063738157,
    0.01896382,
    0.13825966,
    -0.032770388,
    -0.01684595,
    -0.0053108395,
    0.00024199887,
    0.05551727,
    -0.013143722,
    0.02324806,
    -0.01101777,
    -0.003627457,
    -0.03375657,
    -0.03909166,
    0.022730717,
    0.03711929,
    0.04200171,
    -0.0056665125,
    0.123321414,
    -0.021033188,
    -0.0082370555,
    -0.014049071,
    0.011179439,
    0.11362125,
    -0.023684567,
    -0.0152615905,
    -0.022423545,
    0.066866465,
    0.035987608,
    0.004619703,
    0.0018561668,
    0.044556085,
    -0.014566412,
    0.010912684,
    0.047886476,
    0.021243358,
    -0.007541877,
    0.003811356,
    0.012577879,
    0.014663414,
    -0.051701874,
    0.059720676,
    0.024444412,
    0.011518944,
    0.03385357,
    -0.0066486537,
    0.043068726,
    -0.040546685,
    0.036472615,
    0.012610213,
    -0.00852806,
    -0.0016813617,
    0.023539064,
    0.03391824,
    -0.060561355,
    0.0414197,
    -0.04659312,
    0.0096759135,
    -0.0017601756,
    -0.00069315755,
    -0.08109337,
    0.060723025,
    -0.009360658,
    0.05086119,
    0.14071704,
    0.028033473,
    -0.033627234,
    -0.046884123,
    -0.027710134,
    0.04290706,
    0.020467345,
    0.02413724,
    0.006115145,
    -0.015698098,
    0.029456165,
    -0.032689553,
    0.074626595,
    -0.03844498,
    -0.0031303237,
    -0.00903732,
    -0.034888256,
    -0.026740119,
    0.064894095,
    0.01754113,
    0.03783064,
    -0.0088514,
    0.02513959,
    -0.0051289615,
    0.041193362,
    0.004979417,
    0.09506161,
    -0.01502717,
    -0.02662695,
    -0.021954704,
    -0.023943238,
    0.0015530366,
    -0.057812978,
    0.029342996,
    -0.017686632,
    0.040061675,
    0.07766598,
    0.0007441844,
    -0.05309223,
    -0.036860622,
    0.056034613,
    -0.16141072,
    0.11459127,
    0.028211309,
    -0.0039770673,
    0.0354056,
    -0.037959974,
    0.028340645,
    -0.037151627,
    0.013943985,
    0.00017859416,
    -0.023134891,
    -0.029714834,
    -0.021679865,
    -0.028615482,
    0.09221622,
    0.065961115,
    -0.043974075,
    -0.05176654,
    -0.05027918,
    -0.015196923,
    0.052704223,
    -0.0650881,
    0.0048298733,
    0.003415266,
    0.05157254,
