{
  "chunk_index": 205,
  "token_start": 92250,
  "token_end": 92750,
  "text": "05 năm đến 10 năm:\n\na) Có tổ chức;\n\nb) Có tính chất chuyên nghiệp;\n\nc) Tái phạm nguy hiểm;\n\nd) Lợi dụng chức vụ, quyền hạn;\n\nđ) Lợi dụng danh nghĩa cơ quan, tổ chức;\n\ne) Buôn bán qua biên giới;\n\ng) Hàng giả tương đương với số lượng của hàng thật hoặc hàng hóa có cùng tính năng kỹ thuật, công dụng trị giá từ 150.000.000 đồng\nđến dưới 500.000.000 đồng;\n\nh) Thu lợi bất chính từ 100.000.000 đồng đến dưới 500.000.000 đồng;\n\ni) Gây thương tích hoặc gây tổn hại cho sức khỏe của người khác mà tỷ lệ tổn thương cơ thể từ 31% đến 60%;\n\nk) Gây thiệt hại về tài sản từ 100.000.000 đồng đến dưới 500.000.000 đồng.\n\n3.137 Phạm tội thuộc một trong các trường hợp sau đây, thì bị phạt tù từ 10 năm đến 15 năm:\n\na) Hàng giả tương đương với số lượng của hàng thật hoặc hàng hóa có cùng tính năng kỹ thuật, công dụng trị giá 500.000.000 đồng trở\nlên;\n\nb) Thu lợi bất chính từ 500.000.000 đồng đến dưới 1.500.000.000 đồng;\n\nc) Gây thiệt hại về tài sản từ 500.000.000 đồng đến dưới 1.500.000.000 đồng;\n\nd) Làm",
  "embedding": [
    -0.00063449726,
    -0.031163452,
    -0.05887092,
    -0.121555336,
    -0.0022214386,
    0.040011965,
    0.080977306,
    0.00012510722,
    0.012982288,
    0.051929154,
    -0.14229125,
    -0.016371239,
    -0.003366606,
    -0.062207732,
    -0.12632221,
    -0.12501132,
    0.03715184,
    -0.05499783,
    0.100342736,
    0.0032325378,
    -0.016430825,
    0.08687631,
    0.106062986,
    -0.048234824,
    -0.05949657,
    0.046477042,
    -0.024936719,
    0.045642838,
    0.053537976,
    -0.0020855083,
    0.011827811,
    -0.0015082693,
    -0.070073076,
    0.0025435751,
    0.0015054762,
    -0.0054372177,
    0.058155887,
    0.005381356,
    -0.021257287,
    -0.035334468,
    0.00024323171,
    -0.006967832,
    0.011082986,
    0.03354689,
    0.058185678,
    -0.01509759,
    -0.009310304,
    0.0126471175,
    -0.056934375,
    -0.0012140637,
    0.014479386,
    0.027871327,
    0.032712687,
    -0.023804586,
    0.042752918,
    -0.08246695,
    0.038701072,
    0.008059,
    -0.029152425,
    0.04087596,
    0.015462554,
    -0.01657979,
    0.055921413,
    -0.06119477,
    -0.016013725,
    -0.05517659,
    0.014039939,
    0.010829747,
    0.013965457,
    -0.06417407,
    -0.0996277,
    -0.08449288,
    -0.053955078,
    0.04066741,
    0.1360943,
    -0.028720427,
    -0.020512464,
    -0.0068896255,
    0.055861827,
    0.018709987,
    0.025621958,
    -0.0216297,
    0.002383438,
    -0.08234778,
    0.023000177,
    0.04179954,
    -0.019276055,
    0.027498916,
    -0.030254766,
    0.046655796,
    0.03706246,
    0.063756965,
    0.040488653,
    -0.018129025,
    -4.658062e-05,
    0.009354994,
    -0.020661429,
    0.008059,
    -0.014889039,
    -0.010397748,
    -0.012773738,
    -0.040518444,
    0.031669933,
    0.0014207525,
    -0.029658906,
    0.023238521,
    -0.009183684,
    0.0018564748,
    0.02803519,
    -0.006878453,
    0.016311653,
    -0.0207806,
    -0.004766876,
    -0.07996435,
    0.0028992288,
    0.0394459,
    0.005463287,
    -0.09217946,
    -0.01632655,
    -0.06727254,
    -0.004070465,
    0.055563897,
    -0.016475515,
    0.03715184,
    0.02739464,
    -0.053329423,
    -0.022925694,
    -0.014211249,
    -0.102070734,
    -0.016907513,
    -0.02103384,
    -0.046417456,
    -0.028005397,
    -0.0056681135,
    -0.038432937,
    -0.012110844,
    0.033338338,
    0.018561022,
    -0.026798781,
    0.0015324762,
    -0.014769867,
    -0.006803971,
    0.045017183,
    -0.013250425,
    -0.041531406,
    -0.03006111,
    0.046506833,
    0.033487305,
    0.008505894,
    0.0004019724,
    0.05729189,
    -0.020810394,
    -0.007366313,
    0.0061894907,
    -0.0153582785,
    0.015656209,
    -0.013034427,
    0.058453817,
    -0.011611812,
    0.0033572959,
    -0.0032437101,
    0.010330714,
    -0.05008199,
    -0.06012222,
    -0.039594863,
    0.008029207,
    0.018173715,
    0.025502786,
    -0.0411441,
    0.007280658,
    0.008170723,
    0.0041710166,
    -0.015254003,
    -0.0022456455,
    0.012282154,
    -0.01726503,
    -0.024162102,
    -0.07853428,
    -0.008572929,
    -0.052465428,
    -0.025383614,
    0.059883878,
    0.11786101,
    -0.00063356623,
    -0.020765703,
    -0.0047557037,
    -0.029703597,
    0.030478213,
    0.05198874,
    0.024713272,
    -0.012431119,
    -0.0037241217,
    -0.036704946,
    0.014896487,
    0.0035211572,
    0.027290365,
    0.0058803884,
    0.022091491,
    0.12763311,
    -0.009340097,
    0.0071726586,
    0.022389421,
    0.045404494,
    -0.009265615,
    -0.016639376,
    -0.03896921,
    0.010427541,
    0.02688816,
    0.015745588,
    -0.023059763,
    0.01958888,
    -0.039237347,
    -0.010546713,
    -0.030865522,
    -0.019067504,
    0.047430415,
    0.008714445,
    -0.03256372,
    0.01488159,
    -0.033278752,
    -0.005954871,
    -0.035334468,
    -0.012498152,
    0.017056478,
    -0.018367369,
    0.018337576,
    -0.0036272947,
    0.007671691,
    0.005128116,
    0.032414757,
    0.019812329,
    0.021733975,
    -0.027662776,
    -0.011127676,
    0.0144868335,
    0.021406252,
    0.024936719,
    0.009057065,
    0.013801595,
    0.042603955,
    0.102011144,
    -0.007872794,
    -0.024549412,
    -0.018441852,
    -0.0031655035,
    -0.03467902,
    0.020348601,
    -0.047400624,
    -0.008051551,
    -0.030925108,
    -0.040220514,
    -0.012014017,
    0.04296147,
    -0.0064390064,
    0.025875198,
    0.024564307,
    -0.027335053,
    -0.065365784,
    -0.008200516,
    0.031610347,
    0.043199815,
    -0.086161286,
    0.0063533518,
    -0.05669603,
    0.03756894,
    0.066140406,
    0.046179112,
    0.023506656,
    0.028690634,
    0.012364085,
    0.08806803,
    -0.016222274,
    0.052227084,
    0.025651751,
    0.017011788,
    0.013317459,
    0.029167322,
    -0.019529294,
    0.0021972319,
    0.004826462,
    -0.025249546,
    -0.037986044,
    -0.0012950634,
    0.016818134,
    -0.02854167,
    0.026560437,
    0.09694634,
    -0.0013918906,
    -0.0019998534,
    -0.037419975,
    0.008706997,
    -0.007731277,
    -0.012520498,
    0.0063645244,
    0.045106564,
    0.082169026,
    0.024460033,
    0.009049616,
    -0.0144198,
    0.01310146,
    -0.0017084408,
    -0.016520204,
    -0.028020293,
    0.028928978,
    -0.020601843,
    0.007917483,
    -0.021450942,
    0.011269192,
    -0.10415624,
    -0.04778793,
    0.016266964,
    0.02259797,
    -0.000686635,
    0.017250132,
    -0.0047482555,
    0.023655621,
    0.011246848,
    0.04209747,
    -0.05830485,
    -0.011768225,
    -0.0038656385,
    0.07901097,
    -0.06846426,
    0.030776143,
    -0.067749225,
    0.050945986,
    0.071145624,
    -0.005552666,
    0.0035937775,
    0.05827506,
    0.035602603,
    -0.0014179593,
    0.04379567,
    -0.0028861945,
    0.011924638,
    -0.0008416515,
    -0.02268735,
    0.052793153,
    -0.033487305,
    0.023372589,
    -0.06763005,
    -0.037837077,
    -0.027498916,
    -0.076448776,
    0.015909448,
    -0.027200986,
    0.008721894,
    0.011827811,
    0.085565425,
    0.019916603,
    0.018456748,
    -0.021823354,
    0.053567767,
    -0.007530174,
    0.034619436,
    -0.014531523,
    -0.00703859,
    0.032474343,
    0.10534796,
    -0.12656055,
    0.006602868,
    -0.005440942,
    0.011798018,
    0.00053161837,
    -0.021167908,
    -0.002625506,
    -0.031312417,
    0.038164802,
    -0.03736039,
    -0.065484956,
    -0.049545716,
    -0.049217995,
    0.03747956,
    -0.07162231,
    0.08920017,
    0.017160753,
    -0.019618673,
    0.09206029,
    -0.025532579,
    -0.006632661,
    0.018978124,
    0.02620292,
    -0.040607825,
    0.032712687,
    -0.016922409,
    0.009183684,
    -0.008468653,
    0.022374524,
    0.08109648,
    0.04209747,
    0.0010585816,
    0.062624834,
    -0.012066155,
    -0.011991672,
