{
  "chunk_index": 626,
  "token_start": 281700,
  "token_end": 282200,
  "text": "m từ “Gây rối loạn tâm thần và hành vi\ncủa nạn nhân mà tỷ lệ tổn thương cơ thể 31% trở lên” theo quy định tại điểm e khoản 2 Điều 2 của Luật số 12/2017/QH14 sửa đổi, bổ\nsung một số điều của Bộ luật Hình sự số 100/2015/QH13, có hiệu lực kể từ ngày 01 tháng 01 năm 2018.\n\n50 Khoản này được sửa đổi, bổ sung theo quy định tại khoản 23 Điều 1 của Luật số 12/2017/QH14 sửa đổi, bổ sung một số điều của\nBộ luật Hình sự số 100/2015/QH13, có hiệu lực kể từ ngày 01 tháng 01 năm 2018.\n\n51 Khoản này được sửa đổi, bổ sung theo quy định tại khoản 23 Điều 1 của Luật số 12/2017/QH14 sửa đổi, bổ sung một số điều của\nBộ luật Hình sự số 100/2015/QH13, có hiệu lực kể từ ngày 01 tháng 01 năm 2018.\n\n52 Khoản này được sửa đổi, bổ sung theo quy định tại khoản 23 Điều 1 của Luật số 12/2017/QH14 sửa đổi, bổ sung một số điều của\nBộ luật Hình sự số 100/2015/QH13, có hiệu lực kể từ ngày 01 tháng 01 năm 2018.\n\n53 Khoản này được sửa đổi, bổ sung theo quy định tại khoản 24 Điều1 của Luật số 12/2017/QH14 sửa đổi, bổ sung một",
  "embedding": [
    0.00014213046,
    0.04916435,
    -0.07692553,
    -0.13723212,
    0.0021914649,
    0.05105287,
    -0.05706464,
    0.003228181,
    0.030688377,
    0.10959685,
    0.014816978,
    0.01466747,
    0.004693748,
    -0.005913414,
    -0.067545906,
    -0.18847385,
    0.12967806,
    0.0052603027,
    0.06483903,
    0.008380287,
    -0.02050613,
    0.04082341,
    0.007129146,
    -0.0914671,
    0.070504576,
    0.045166995,
    -0.027902815,
    -0.05168237,
    0.1099116,
    -0.03418213,
    -0.0010731096,
    0.019467447,
    -0.013447804,
    -0.022001205,
    0.0061888224,
    -0.016115332,
    0.08806777,
    -0.0027580194,
    -0.006267511,
    0.013778294,
    -0.03119198,
    0.044254214,
    -0.005118664,
    -0.0057993163,
    0.023779558,
    -0.046961084,
    -0.01168519,
    0.026108727,
    -0.032954596,
    -0.015108123,
    0.005362597,
    0.038934894,
    -0.04346733,
    -0.016980901,
    -0.010567818,
    -0.13672853,
    0.0021953993,
    -0.0074045546,
    0.049353205,
    0.018334338,
    0.008537664,
    0.008687171,
    -0.0064484933,
    -0.07572947,
    -0.024708077,
    -0.04003653,
    0.038022112,
    -0.026313316,
    0.017012376,
    -0.063202314,
    -0.061628554,
    0.026439216,
    -0.024298899,
    0.008427501,
    0.031160505,
    -0.024881192,
    -0.027336262,
    0.023275953,
    0.017500244,
    -0.010646506,
    0.027115935,
    -0.06323379,
    -0.01188191,
    -0.020742195,
    -0.00083409436,
    0.052626632,
    0.020679245,
    0.028768385,
    -0.065090835,
    -0.02409431,
    0.016319921,
    -0.037738834,
    0.012188793,
    -0.06867901,
    -0.01420321,
    -0.0016495002,
    -0.024393326,
    -0.049290255,
    -0.003963915,
    -0.019986788,
    0.016508773,
    -0.043782085,
    0.08416484,
    0.031758536,
    0.013243215,
    -0.0060235774,
    -0.03007461,
    0.011598633,
    0.015603859,
    -0.018287124,
    -0.020018265,
    0.03073559,
    0.010300278,
    -0.06361149,
    0.002521955,
    0.008325206,
    0.08995628,
    0.00050950574,
    0.0031671978,
    -0.00670423,
    -0.020757932,
    0.049951233,
    0.0065704603,
    -0.0069639008,
    0.026848394,
    -0.05316171,
    -0.015769104,
    -0.001158683,
    -0.09052284,
    -0.007062261,
    -0.012692397,
    0.0025357255,
    0.070189826,
    0.042711925,
    -0.021025471,
    -0.008647827,
    -0.001546222,
    4.4569457e-05,
    -0.003478016,
    0.0054806294,
    -0.022268744,
    0.002163924,
    -0.0025199878,
    0.029177563,
    -0.05064369,
    -0.045765024,
    0.010677981,
    -0.004898337,
    0.018176962,
    0.0057717753,
    0.034024753,
    -0.0062557077,
    -0.026628068,
    -0.022614973,
    -0.014447143,
    -0.0035193274,
    0.033489674,
    -0.029083138,
    -0.011063553,
    -0.004646535,
    -0.04022538,
    -0.007620947,
    -0.04135849,
    -0.058166277,
    -0.004453749,
    0.02846937,
    -0.053885642,
    -0.025589384,
    -0.040697508,
    -0.037266705,
    0.012668791,
    -0.009253725,
    -0.048534848,
    0.008868154,
    -0.029114613,
    -0.028626747,
    0.0007003245,
    -0.070252776,
    -0.018932367,
    -0.060369544,
    -0.010150771,
    -0.03490606,
    0.06597214,
    -0.04129554,
    -0.036196545,
    -0.00041335865,
    -0.023307428,
    0.0367631,
    0.036605723,
    0.005004566,
    -0.032891646,
    0.012487808,
    -0.025683811,
    0.03286017,
    -0.049825333,
    -0.005866201,
    -0.0454188,
    -0.018837942,
    0.076547824,
    0.0012855675,
    0.035944745,
    0.0011645845,
    0.08554975,
    -0.0106229,
    -0.014061571,
    -0.023779558,
    0.00017790898,
    0.015839923,
    0.044506013,
    -0.010363229,
    -0.0070307855,
    -0.039375547,
    -0.036920477,
    -0.04246012,
    0.002714741,
    0.04129554,
    -0.0148641905,
    -0.00969438,
    0.002114744,
    0.028705435,
    -0.015973693,
    0.009017661,
    -0.059110533,
    0.092159554,
    0.007644553,
    0.0244248,
    0.018208437,
    0.033300824,
    -0.014124522,
    0.01267666,
    0.14264587,
    -0.0026065449,
    -0.029523792,
    -0.01679205,
    -0.015816318,
    0.014321242,
    -0.04308963,
    0.024660865,
    0.010292409,
    0.034339506,
    0.08422779,
    0.00836455,
    -0.006562591,
    0.004194078,
    -0.034024753,
    -0.022363171,
    0.008388156,
    -0.051524997,
    0.0016917951,
    -0.027698226,
    -0.07258195,
    -0.008175698,
    0.020962521,
    -0.026911346,
    -0.056340713,
    0.0044301427,
    0.01095339,
    -0.10682703,
    -0.012117974,
    0.05980299,
    0.015108123,
    -0.04799977,
    0.031616896,
    0.008907498,
    0.059708565,
    -0.038525715,
    0.07679963,
    -0.009418971,
    0.0077704545,
    0.005720628,
    0.006243904,
    -0.035315238,
    0.0047094855,
    0.0031081818,
    0.13181838,
    0.0053468593,
    0.017547457,
    0.005165877,
    0.020679245,
    -0.03657425,
    -0.011055685,
    -0.018743517,
    0.092222504,
    0.013251084,
    -0.0064524277,
    0.013133052,
    0.0370149,
    0.034056228,
    -0.007003245,
    -0.015194681,
    0.03478016,
    -0.032482468,
    0.0053665317,
    0.028091667,
    -0.035409667,
    0.099839516,
    0.002956707,
    0.026596593,
    0.016980901,
    0.02681692,
    0.01745303,
    -0.010079951,
    -0.0027029377,
    0.08983038,
    -0.065657385,
    -0.0054255477,
    0.0016652378,
    0.014557307,
    -0.059425287,
    0.097510345,
    -0.010961259,
    0.01473829,
    0.06647574,
    -0.03616507,
    -0.06014922,
    0.007156687,
    0.034213606,
    0.04135849,
    0.01825565,
    -0.00062704616,
    0.03317492,
    0.112681426,
    -0.10248344,
    0.00074802915,
    -0.025132993,
    0.04371913,
    0.026140202,
    0.0026321185,
    -0.097384445,
    0.09845461,
    -0.09568478,
    0.020222854,
    0.014982223,
    -0.035283763,
    0.009938313,
    -0.05045484,
    -0.0455447,
    0.049951233,
    -0.030405099,
    -0.039469972,
    -0.0365113,
    -0.04692961,
    0.0849832,
    -0.028390683,
    0.0045757154,
    0.010103558,
    0.08630516,
    -0.038336866,
    0.004087849,
    -0.0159973,
    0.04359323,
    -0.059299387,
    -0.011992074,
    0.07812159,
    -0.03352115,
    0.0581348,
    -0.018066797,
    0.020317279,
    0.065153785,
    -0.013990752,
    0.03490606,
    -0.042837825,
    0.004028833,
    0.012991413,
    0.024739552,
    0.0073258663,
    0.0035527698,
    0.070567526,
    -0.02017564,
    -0.028910024,
    -0.04519847,
    -0.033300824,
    0.0063343956,
    -0.02502283,
    -0.013376985,
    0.0087973345,
    0.030562475,
    0.014549438,
    -0.03364705,
    0.06417805,
    0.026061514,
    0.078373395,
    -0.0040603084,
    0.11790632,
    -0.006684558,
    0.010504867,
    -0.022929726,
    -0.10972275,
    -0.002868183,
    -0.0020458917,
    0.009175038,
    -0.03339525,
    -0.01984515,
    -0.065594435,
    0.007978978,
    -0.03478016,
