{
  "chunk_index": 328,
  "token_start": 147600,
  "token_end": 148100,
  "text": " cấm hoạt động trong\nmột số lĩnh vực nhất định từ 01 năm đến 03 năm.\n\nĐiều 240. Tội làm lây lan dịch bệnh truyền nhiễm nguy hiểm cho người\n\n1. Người nào thực hiện một trong các hành vi sau đây, làm lây lan dịch bệnh truyền nhiễm nguy hiểm cho người, thì bị phạt tiền từ\n50.000.000 đồng đến 200.000.000 đồng hoặc phạt tù từ 01 năm đến 05 năm:\n\na) Đưa ra hoặc cho phép đưa ra khỏi vùng có dịch bệnh động vật, thực vật, sản phẩm động vật, thực vật hoặc vật phẩm khác có khả\nnăng lây truyền dịch bệnh nguy hiểm cho người, trừ trường hợp pháp luật có quy định khác;\n\fb) Đưa vào hoặc cho phép đưa vào lãnh thổ Việt Nam động vật, thực vật hoặc sản phẩm động vật, thực vật bị nhiễm bệnh hoặc mang\nmầm bệnh nguy hiểm có khả năng lây truyền cho người;\n\nc) Hành vi khác làm lây lan dịch bệnh nguy hiểm cho người.\n\n2. Phạm tội thuộc một trong các trường hợp sau đây, thì bị phạt tù từ 05 năm đến 10 năm:\n\na) Dẫn đến phải công bố dịch thuộc thẩm quyền của Chủ tịch Ủy ban nhân dân cấp tỉnh hoặc Bộ trưởng B",
  "embedding": [
    -0.00051558175,
    0.05287021,
    -0.107108824,
    -0.23014092,
    -0.0016648285,
    0.0765063,
    0.041425366,
    0.024506899,
    0.0064455005,
    0.07843451,
    0.049324796,
    -0.076257505,
    0.0029992182,
    0.04279377,
    0.0992094,
    -0.11065424,
    0.11656327,
    -0.07121928,
    -0.057877332,
    0.010301916,
    -0.011654772,
    0.09491758,
    0.121041685,
    -0.088821955,
    -0.039745957,
    0.051408503,
    -0.033681434,
    0.0125877755,
    0.040243562,
    -0.03225083,
    -0.08117133,
    0.062044747,
    0.024569098,
    -0.020666033,
    -0.0071180407,
    -0.010978344,
    -0.038533054,
    0.023589443,
    0.0094544375,
    -0.05501612,
    0.021692336,
    -0.0033160506,
    0.029638419,
    0.035547443,
    -0.00757288,
    -0.063133255,
    -0.020743784,
    0.035858445,
    -0.058810335,
    -0.043477975,
    0.013746255,
    0.026528405,
    0.005174283,
    -0.012766601,
    0.100018,
    -0.19792119,
    0.046556886,
    -0.021008134,
    -0.012953201,
    0.10381222,
    0.027896812,
    -0.0018096385,
    0.04696119,
    -0.028954215,
    -0.019624177,
    -0.028814266,
    0.021396885,
    0.028285563,
    0.032281928,
    -0.03337043,
    -0.09124777,
    -0.007984957,
    -0.033463735,
    -0.014679259,
    0.015822189,
    -0.015713338,
    -0.004478418,
    0.02264089,
    0.11799387,
    -0.020852633,
    0.012953201,
    -0.023962645,
    0.029203016,
    0.0039672097,
    0.0010632355,
    -0.012129049,
    0.05545152,
    0.014282732,
    -0.011631446,
    0.032810632,
    0.018955525,
    -0.011818047,
    0.013077602,
    0.030571422,
    -0.00992094,
    -0.0026687793,
    -0.026201855,
    -0.006740952,
    0.030695822,
    -0.008847985,
    -0.010449641,
    -0.06804707,
    0.075697705,
    0.045965984,
    -0.03249963,
    0.012401175,
    -0.031317826,
    -0.008894635,
    0.006387188,
    0.0060295365,
    0.023356194,
    0.043602373,
    -0.028705414,
    -0.06605666,
    -0.0029039741,
    0.033059433,
    -0.07781251,
    -0.076257505,
    -0.025673153,
    0.018815575,
    -0.043540172,
    0.061236143,
    -0.0103330165,
    0.034179036,
    0.015969913,
    -0.13410373,
    0.010667343,
    0.009096786,
    -0.09827639,
    0.004291817,
    -0.04832959,
    -0.050351102,
    -0.0040896665,
    0.0060956245,
    -0.024242546,
    0.043260273,
    0.04577938,
    0.003594008,
    -0.015822189,
    0.019250976,
    -0.041860767,
    -0.01109497,
    0.015565612,
    0.057006527,
    -0.009959815,
    -0.029700618,
    0.035889544,
    0.005598022,
    0.030835774,
    -0.028145613,
    0.0010787855,
    -0.025299951,
    0.00873136,
    0.018691175,
    -0.013450803,
    -0.019142127,
    -0.031566627,
    0.012681075,
    0.012774376,
    -0.031053474,
    -0.006507701,
    0.054611817,
    -0.041643064,
    -0.04705449,
    -0.0068420274,
    0.016856268,
    -0.002857324,
    -0.021443535,
    0.0060334243,
    -0.09118556,
    -0.024709048,
    -0.0034385074,
    0.019872978,
    0.0060139867,
    0.026061904,
    -0.0035920644,
    -0.01004534,
    0.06285335,
    -0.015239061,
    -0.012129049,
    0.030789122,
    -0.0017299444,
    0.08291293,
    0.009936489,
    0.0013538273,
    0.016856268,
    0.009959815,
    0.001965139,
    0.019375376,
    0.0049682446,
    -0.01135932,
    0.046525784,
    -0.0013509117,
    0.008093807,
    -0.008039382,
    -0.012883226,
    0.0017863134,
    -0.046619087,
    0.034396738,
    0.00880911,
    0.008614735,
    0.040678963,
    0.059245735,
    -0.02505115,
    -0.0011419577,
    -0.015853288,
    0.036915846,
    0.0067020766,
    0.048951596,
    0.009609939,
    0.036542647,
    -0.036200546,
    -0.021692336,
    0.034023535,
    0.036138345,
    0.04294927,
    -0.015954364,
    -0.011499271,
    0.015775537,
    0.06493706,
    -0.024273647,
    -0.022858592,
    0.025673153,
    0.053492215,
    -0.013170903,
    -0.03781775,
    0.025953054,
    0.03318383,
    0.02264089,
    0.03309053,
    0.026715007,
    -0.00077798904,
    -0.066305466,
    -0.016047664,
    0.0136918295,
    0.019219877,
    0.1263909,
    -0.021552386,
    0.0083270585,
    0.02785016,
    0.03529864,
    -0.023947095,
    -0.036200546,
    0.0071219285,
    -0.029622868,
    0.020463882,
    0.021101434,
    -0.008451459,
    0.056882128,
    0.023122942,
    -0.014018381,
    -0.012284549,
    0.016218714,
    -0.013038727,
    0.01722947,
    0.018022522,
    -0.0069275526,
    -0.010885043,
    -0.012867676,
    0.045872685,
    0.004245167,
    -0.03529864,
    0.033588134,
    -0.020494983,
    0.0134663535,
    -0.00013339038,
    0.037506748,
    0.06055194,
    -0.0023150155,
    0.0014753122,
    0.00048350974,
    -0.038875155,
    0.025844203,
    0.007160804,
    0.0012002704,
    0.008622509,
    0.0076817307,
    -0.027228158,
    0.01135932,
    -0.017307218,
    -0.053834315,
    -0.033650335,
    -0.03249963,
    -0.0060956245,
    0.022827491,
    -0.044784177,
    0.047241088,
    0.03312163,
    -0.005232596,
    0.008210433,
    -0.0042723794,
    0.09019036,
    -0.012556675,
    0.0509109,
    0.027523609,
    0.06587006,
    0.02040168,
    -0.0010185291,
    0.03760005,
    0.0002326435,
    -0.016591916,
    -0.0048360694,
    -0.010636242,
    0.041332066,
    0.051532906,
    0.00873136,
    0.0016638567,
    -0.014531533,
    0.016996218,
    0.009835415,
    0.008591409,
    0.035796244,
    0.021256935,
    0.045468383,
    0.043571275,
    0.06854467,
    0.019282077,
    0.0075301174,
    -0.079118714,
    -0.01984188,
    0.012960977,
    0.053430013,
    -0.0051392955,
    0.038222052,
    0.008972386,
    0.027026007,
    0.03511204,
    0.008381483,
    -0.09746779,
    0.08608514,
    -0.06487486,
    0.029280767,
    0.14281178,
    0.015674463,
    0.007829457,
    -0.030711373,
    -0.0025949166,
    0.03850195,
    0.014935834,
    0.0039283345,
    -0.021163635,
    -0.021770086,
    0.046650186,
    0.015091335,
    0.07799911,
    -0.009889839,
    0.0029214679,
    -0.0006842027,
    -0.0013431367,
    -0.023480594,
    0.04207847,
    -0.020634932,
    -0.03246853,
    0.028409963,
    0.050257802,
    0.009438887,
    0.009889839,
    0.08322393,
    0.03797325,
    -0.03234413,
    0.04475308,
    -0.00985874,
    0.04011916,
    0.02265644,
    -0.04089666,
    0.03215753,
    -0.024211446,
    -0.03284173,
    0.018457923,
    0.007044178,
    0.026652806,
    -0.036324944,
    0.05585582,
    -0.051284105,
    0.11370205,
    -0.026419556,
    -0.025719803,
    -0.0068420274,
    -0.03504984,
    0.007390167,
    -0.05825053,
    0.06966428,
    -0.0054502967,
    0.028596563,
    0.029234117,
    0.00045556822,
    -0.031784326,
    0.030820223,
    0.031224525,
    -0.007782806,
    -0.0076195304,
    0.02271864,
    -0.06568346,
    -0.00868471,
    0.06680307,
    0.02526885,
