{
  "chunk_index": 535,
  "token_start": 240750,
  "token_end": 241250,
  "text": " chính từ 100.000.000 đồng đến dưới 500.000.000 đồng;\n\ne) Tái phạm nguy hiểm.\n\n3. Phạm tội thuộc một trong các trường hợp sau đây, thì bị phạt tù từ 07 năm đến 15 năm:\n\na) Đối với 11 người trở lên;\n\nb) Thu lợi bất chính 500.000.000 đồng trở lên;\n\nc) Làm chết người.\n\n4. Người phạm tội còn có thể bị phạt tiền từ 10.000.000 đồng đến 50.000.000 đồng hoặc cấm đảm nhiệm chức vụ, cấm hành nghề\nhoặc làm công việc nhất định từ 01 năm đến 05 năm.\n\nĐiều 350. Tội cưỡng ép người khác trốn đi nước ngoài hoặc ở lại nước ngoài trái phép\n\n1. Người nào cưỡng ép người khác trốn đi nước ngoài hoặc ở lại nước ngoài trái phép, nếu không thuộc trường hợp quy định tại Điều\n120 của Bộ luật này, thì bị phạt tù từ 02 năm đến 07 năm.\n\n2. Phạm tội thuộc một trong các trường hợp sau đây355, thì bị phạt tù từ 05 năm đến 12 năm:\n\na) Phạm tội 02 lần trở lên;\n\nb) Đối với từ 05 người đến 10 người;\n\nc) Có tính chất chuyên nghiệp;\n\nd) Vì động cơ đê hèn;\n\nđ) Tái phạm",
  "embedding": [
    -0.00062371645,
    0.030017467,
    0.018345764,
    -0.13917476,
    -0.001868184,
    0.09008403,
    0.034888584,
    -0.022267962,
    0.016590266,
    0.04687659,
    -0.08894533,
    -0.1165905,
    0.002168675,
    -0.03877915,
    -0.07015673,
    -0.030333772,
    0.0924247,
    -0.013901661,
    0.108935885,
    0.011355395,
    -0.011039089,
    0.05579643,
    0.1325956,
    -0.030871494,
    -0.020876216,
    0.13082428,
    -0.03065008,
    -0.043681897,
    -0.037355773,
    -0.069144554,
    -0.085339434,
    -0.042574827,
    -0.06863847,
    0.03318053,
    -0.010311585,
    -0.01731777,
    0.045168538,
    0.01937376,
    0.019784959,
    -0.04478897,
    -0.05231706,
    -0.032611176,
    0.027233971,
    0.0004136693,
    0.0028882718,
    -0.0017742806,
    -0.02321688,
    0.01481895,
    -0.004313627,
    -0.027060002,
    0.009528727,
    0.036501747,
    -0.018646255,
    0.0007388717,
    0.026364129,
    -0.1505618,
    0.024561184,
    -0.010295769,
    -0.002190421,
    0.05288641,
    0.03672316,
    0.01764989,
    0.08837598,
    -0.038842414,
    -0.033085637,
    -0.057757527,
    0.026506467,
    -0.09932017,
    -0.002904087,
    -0.017808044,
    -0.12430837,
    -0.030001651,
    0.00631031,
    -0.0018049227,
    0.09957322,
    -0.0041159354,
    -0.024355585,
    -0.023802048,
    0.05585969,
    0.01657445,
    0.03479369,
    -0.014921749,
    -0.03311727,
    -0.05728307,
    0.017982012,
    0.14183174,
    -0.03719762,
    0.0017367192,
    -0.008026272,
    0.025257057,
    0.030855678,
    0.026522283,
    0.040076006,
    -0.003930106,
    0.028530827,
    -0.014075629,
    0.0013779092,
    -0.018741148,
    0.012375483,
    -0.0068401233,
    -0.017602446,
    -0.028499197,
    0.052981302,
    0.038146537,
    0.05282315,
    0.011806132,
    0.007496459,
    0.011774502,
    0.012739236,
    -0.013443017,
    0.012691789,
    0.02669625,
    -0.02845175,
    -0.04883769,
    -0.008010456,
    0.009473373,
    0.005978189,
    -0.09837125,
    -0.0346988,
    -0.061679725,
    -0.013102988,
    0.031836227,
    -0.024450475,
    0.020465016,
    0.03175715,
    -0.09248796,
    -0.016527003,
    0.017365215,
    -0.0947021,
    0.029574638,
    -0.069334336,
    -0.031630628,
    -0.05187423,
    -0.012248961,
    -0.046085827,
    -0.041467752,
    0.017428476,
    -0.008461193,
    -0.023517372,
    -0.0019472606,
    0.013719785,
    0.012074992,
    0.03333868,
    0.024703521,
    -0.050672267,
    0.0028803642,
    0.013237418,
    0.016226513,
    -0.009655249,
    0.004780179,
    0.030966386,
    0.008089533,
    -0.046022564,
    0.013822584,
    -0.024988197,
    -0.02669625,
    -0.02913181,
    0.04074025,
    0.0055907136,
    0.0015380393,
    0.024845859,
    0.041056555,
    -0.023802048,
    -0.009125437,
    0.008563993,
    0.018788593,
    -0.041531015,
    0.03722925,
    -0.023454111,
    0.04235341,
    0.028040553,
    -0.016621895,
    -0.029052733,
    -0.011616348,
    0.0015103625,
    0.003230278,
    -0.029827682,
    -0.059686996,
    -0.039633177,
    -0.055511754,
    -0.026490651,
    -0.01815598,
    0.073193274,
    -0.029337408,
    0.012383391,
    -0.015317132,
    -0.031203615,
    -0.0053297607,
    0.007326444,
    0.012984373,
    0.004515272,
    0.030998016,
    -0.014510551,
    0.056207627,
    -0.002257636,
    0.03324379,
    0.011023274,
    -0.030317958,
    0.09413275,
    0.00921242,
    0.018567178,
    0.025114719,
    0.12487772,
    -0.013292772,
    0.0084374705,
    -0.021920025,
    0.00992411,
    0.017760597,
    0.041594278,
    -0.03071334,
    0.0053337147,
    -0.012122438,
    -0.024877489,
    -0.090716645,
    0.018108536,
    0.062249076,
    -0.006504048,
    -0.017934566,
    0.020417571,
    -0.005100439,
    0.0057765436,
    -0.03672316,
    -0.0047604097,
    -0.002862572,
    -0.040930033,
    -0.013957015,
    0.013174157,
    0.01836158,
    -0.021081815,
    0.02119252,
    0.014328674,
    0.030001651,
    -0.010762322,
    -0.0075794896,
    0.003252024,
    0.013474648,
    0.09653668,
    -0.0060968036,
    0.008587715,
    0.04077188,
    0.11285808,
    -0.025636625,
    -0.013142526,
    0.018298319,
    0.0059623737,
    -0.046528656,
    -0.0061482033,
    -0.016700972,
    -0.004752502,
    -0.017159617,
    -0.04880606,
    -0.038620997,
    0.016107898,
    -0.035109997,
    0.10185062,
    0.030349588,
    0.003997321,
    0.00038475695,
    -0.010034817,
    0.060667545,
    0.024656074,
    -0.061711356,
    0.010287862,
    -0.026727881,
    -0.013632801,
    0.0408984,
    0.062786795,
    0.024023462,
    0.0012553405,
    0.0043096733,
    0.058421772,
    -0.04722453,
    0.018535549,
    0.03362336,
    0.038083278,
    0.0542149,
    0.015174794,
    0.010287862,
    5.4118027e-05,
    -0.024924936,
    -0.048584647,
    -0.030317958,
    0.025367765,
    -0.0024849812,
    0.021224152,
    0.030460296,
    0.08135398,
    -0.00039488863,
    -0.01606836,
    -0.03684968,
    0.0067491853,
    0.020227786,
    -0.018709516,
    -0.010295769,
    0.019310499,
    0.078697,
    0.011165612,
    -0.007362029,
    0.011292134,
    -0.027139079,
    -0.003578215,
    -0.028198706,
    0.020243602,
    0.0026391805,
    -0.031504106,
    0.0342876,
    -0.014858488,
    0.01181404,
    -0.09172882,
    0.06503257,
    -0.0067808162,
    0.038526107,
    0.03145666,
    0.005309992,
    0.0126127135,
    0.01886767,
    0.045168538,
    0.059117645,
    -0.04026579,
    -0.00907799,
    0.028878763,
    0.017048908,
    -0.012035455,
    0.054151636,
    -0.0817968,
    0.05136814,
    0.006409156,
    -0.004799948,
    -0.02407091,
    0.11893117,
    0.010888844,
    0.032864224,
    0.11304787,
    0.016479557,
    -0.003985459,
    -0.030270511,
    -0.044504296,
    0.07502785,
    -0.015293409,
    0.02835686,
    -0.042100366,
    -0.020401755,
    0,
    -0.03887404,
    0.06243886,
    -0.060161456,
    0.025367765,
    0.030428665,
    0.019389575,
    -0.0039202212,
    0.06661411,
    -0.017507553,
    0.014202152,
    0.00065435865,
    0.016076267,
    0.003876729,
    0.047509205,
    0.0052388227,
    0.08635162,
    -0.105836086,
    -0.0037897448,
    -0.06705693,
    0.008038133,
    -0.004958101,
    -0.031203615,
    0.013656524,
    -0.044441033,
    -0.02089203,
    0.055037294,
    -0.06863847,
    -0.014028184,
    -0.04437777,
    0.041657537,
    -0.04384005,
    0.099763006,
    0.007773227,
    0.016764233,
    0.032057643,
    -0.023027098,
    0.013427202,
    -0.013790954,
    0.08818619,
    -0.02169861,
    0.015672976,
    -0.0027973338,
    -0.052000754,
    -0.04576952,
    0.033307053,
    0.056650456,
    0.0027597724,
    -0.03095057,
    -0.026142715,
    0.008927745,
    -0.044124726,
    -0.054720987,
    0.024260692,
    -0.008136979,
    0.063451044,
    0.0052309153,
    -0.03931687,
