{
  "chunk_index": 452,
  "token_start": 203400,
  "token_end": 203900,
  "text": ".000 đồng trở lên.\n\n4. Người phạm tội còn có thể bị phạt tiền từ 10.000.000 đồng đến 50.000.000 đồng, cấm đảm nhiệm chức vụ, cấm hành nghề hoặc làm\ncông việc nhất định từ 01 năm đến 05 năm hoặc tịch thu một phần hoặc toàn bộ tài sản.\n\nĐiều 292.296 (được bãi bỏ)\n\nĐiều 293. Tội sử dụng trái phép tần số vô tuyến điện dành riêng cho mục đích cấp cứu, an toàn, tìm kiếm, cứu hộ, cứu nạn,\nquốc phòng, an ninh\n\n1. Người nào sử dụng trái phép tần số vô tuyến điện dành riêng cho mục đích cấp cứu, an toàn, tìm kiếm, cứu hộ, cứu nạn, quốc phòng,\nan ninh vào mục đích khác gây thiệt hại từ 200.000.000 đồng đến dưới 500.000.000 đồng hoặc đã bị xử phạt vi phạm hành chính về\nhành vi này hoặc đã bị kết án về tội này, chưa được xóa án tích mà còn vi phạm, thì bị phạt tiền từ 50.000.000 đồng đến 100.000.000\nđồng hoặc phạt cải tạo không giam giữ đến 03 năm.\n\f2. Phạm tội thuộc một trong các trường hợp sau đây, thì bị phạt tù từ 01 năm",
  "embedding": [
    0,
    0.024632344,
    -0.08587195,
    -0.14791816,
    -3.347708e-05,
    0.040795382,
    0.059626408,
    -0.11186931,
    0.03604885,
    -0.0064877067,
    -0.054290432,
    -0.007651073,
    0.01599241,
    -0.007158581,
    -0.03097657,
    -0.0678165,
    0.08245941,
    -0.02469439,
    0.07098086,
    0.002253053,
    -0.012975413,
    0.062635645,
    0.10975974,
    -0.18626271,
    -0.026555777,
    0.09753664,
    -0.046193402,
    -0.11193136,
    0.0206769,
    0.07445545,
    -0.053018484,
    0.00023691473,
    -0.058323435,
    0.038437627,
    -0.0070849014,
    -0.036483172,
    -0.021809243,
    0.007903135,
    0.010532344,
    -0.026230035,
    -0.076192744,
    0.044611223,
    0.035397362,
    0.0006350042,
    0.04628647,
    -0.0843208,
    -0.008166832,
    -0.012579869,
    -0.07333862,
    -0.045790102,
    0.027005613,
    0.014867823,
    0.0074416674,
    -0.004525495,
    0.047899675,
    -0.071167,
    0.02159208,
    -0.014829044,
    0.013029704,
    0.07724753,
    0.031255778,
    0.01439472,
    0.0057198848,
    -0.040733337,
    -0.028013863,
    -0.04064027,
    0.013394225,
    -0.066079214,
    0.02607492,
    -0.021452477,
    -0.10609902,
    -0.014627393,
    -0.027812213,
    0.040330037,
    0.03967855,
    -0.020227063,
    -0.016519804,
    -0.007406766,
    0.12719473,
    0.022770958,
    0.0063946373,
    0.025128715,
    0.01204472,
    -0.123285815,
    -0.008810562,
    0.027858747,
    0.039182182,
    -0.03390825,
    -0.040826406,
    0.042842906,
    0.0026156355,
    0.03589373,
    0.040547196,
    -0.022445217,
    0.02089406,
    0.019761717,
    -0.00672038,
    -0.011742245,
    -0.0022646866,
    0.008469308,
    0.020661388,
    -0.07172542,
    -0.009376734,
    0.004668977,
    -0.03359802,
    -0.002493482,
    -0.016038945,
    0.021576568,
    0.014402476,
    0.037662048,
    -0.01830363,
    0.012176569,
    -0.0825835,
    -0.06818879,
    -0.011137295,
    0.033567,
    -0.051622447,
    -0.10678153,
    -0.008508086,
    -0.0063985153,
    -0.010842575,
    0.047930695,
    0.01573647,
    0.034342576,
    0.0687472,
    -0.108580865,
    0.0050373767,
    0.009206106,
    -0.0965439,
    0.014697196,
    -0.012649671,
    -0.02647822,
    0.01294439,
    0.024663368,
    0.021235315,
    0.058881853,
    -0.013588119,
    0.008717492,
    -0.041198682,
    0.044518154,
    -0.028494721,
    -0.0018555694,
    0.021142246,
    0.002980157,
    -0.047031026,
    -0.043091092,
    0.028618814,
    0.0020203798,
    0.002596246,
    -0.015193566,
    0.018319143,
    0.007724753,
    0.0023054045,
    0.043246206,
    -0.016302641,
    0.030526735,
    -0.015705446,
    0.024073929,
    -0.003839109,
    0.026136965,
    0.031860728,
    0.04715512,
    -0.020956106,
    -0.041912213,
    0.00479307,
    -0.004029126,
    0.0045603965,
    0.039337296,
    -0.03567657,
    -0.037134655,
    -0.0015647279,
    -0.009035479,
    -0.0019282799,
    0.021716174,
    -0.0028211635,
    0.021297362,
    -0.0021599836,
    -0.045386802,
    -0.020707922,
    0.02089406,
    0.041415844,
    -0.06390759,
    0.1439472,
    -0.0085391095,
    0.0030945546,
    -0.03877888,
    -0.013021948,
    0.041167658,
    0.051250167,
    0.037755117,
    0.00020807293,
    0.029254787,
    0.0026893155,
    0.017047197,
    -0.012106767,
    0.008321947,
    0.03660726,
    -0.06744423,
    0.118694395,
    -0.03586271,
    -0.006200743,
    0.07960529,
    0.024306603,
    -0.0038235977,
    -0.0004028156,
    -0.008740759,
    0.024942575,
    0.010889109,
    0.029952807,
    -0.011393235,
    0.020351157,
    0.066885814,
    -0.03589373,
    0.013782014,
    0.0051731025,
    0.038499672,
    -0.029068649,
    -0.035521455,
    0.015325414,
    0.0011759696,
    -0.012021453,
    -0.022460727,
    0.023810232,
    -0.02778119,
    -0.0056306934,
    -0.010912377,
    0.024104953,
    0.006138697,
    0.063038945,
    -0.0011827558,
    0.024011882,
    0.033039607,
    -0.027114194,
    0.011734489,
    -0.018070959,
    0.020800991,
    0.10901519,
    0.008314192,
    0.035335317,
    0.057609905,
    0.060867332,
    -0.012114522,
    -0.015294391,
    0.019404951,
    0.0052855616,
    0.012734984,
    0.014146536,
    -0.0027571784,
    -0.015465017,
    -0.014875579,
    0.0051498353,
    -0.012959902,
    -0.0036277643,
    -0.017652147,
    0.053607926,
    0.015100496,
    0.028401652,
    -0.030759407,
    -0.027517494,
    0.042625744,
    0.048830368,
    -0.0833901,
    -0.030759407,
    -0.029751157,
    -0.0010470297,
    0.052335978,
    0.1554878,
    0.03874786,
    -0.0070422445,
    -0.009361221,
    -0.005083911,
    -0.05177756,
    0.032015845,
    -0.0012341379,
    0.10144555,
    0.02398086,
    -0.014666173,
    0.010757262,
    0.0028812708,
    -0.00308486,
    -0.012052476,
    -0.02477195,
    0.024523765,
    -0.002565223,
    0.0056345714,
    -0.04696898,
    0.06676172,
    0.0167835,
    0.00813581,
    -0.008159077,
    -0.00969472,
    -0.0063907597,
    -0.016318154,
    -0.026447196,
    0.037537955,
    0.012021453,
    -0.015596866,
    0.0028948435,
    0.023655117,
    0.013844061,
    -0.0023616338,
    0.01779175,
    0.03604885,
    0.028758418,
    0.04495248,
    -0.00484736,
    -0.014417987,
    0.03899604,
    -0.11528186,
    0.023841256,
    -0.0058982675,
    0.061022446,
    0.013929374,
    0.01314604,
    -0.019265348,
    -0.018272609,
    0.02827756,
    0.044704292,
    -0.057392742,
    0.05146733,
    0.02678845,
    0.10063895,
    0.013277888,
    0.028324094,
    -0.03778614,
    0.027564028,
    0.05097096,
    0.01608548,
    -0.0843208,
    0.10343103,
    0.00021049661,
    0.016007923,
    0.1357571,
    0.02247624,
    -0.010679704,
    -0.019668648,
    -0.048240926,
    0.024865018,
    0.027114194,
    0.007558004,
    -0.02807591,
    -0.011835314,
    0.06514852,
    0.0029025993,
    0.06663763,
    -0.013324424,
    0.010105777,
    0.03238812,
    -0.13315116,
    -0.014735974,
    -0.029068649,
    0.026633335,
    0.08934654,
    -0.017109241,
    -0.04945083,
    0.040857427,
    0.02267789,
    0.04606931,
    0.09753664,
    -0.103058755,
    0.0029181107,
    -0.018427724,
    0.016814522,
    -0.015201321,
    -0.05835446,
    0.042191423,
    -0.0024760314,
    0.010113532,
    -0.045107596,
    -0.026834985,
    -0.046565678,
    -0.02838614,
    0.012091255,
    -0.04948185,
    0.120990105,
    -0.042284492,
    0.025795711,
    0.03161254,
    -0.02807591,
    0.002220091,
    -0.037848186,
    0.06694786,
    0.0175901,
    0.04358746,
    0.0019292493,
    -0.0621703,
    -0.042439606,
    0.003779002,
    0.052304953,
    -0.008159077,
    -0.023065679,
    0.008562377,
    -0.031209243,
    -0.039740596,
    0.03604885,
    -0.048147857,
    -0.00804274,
    0.08041189,
    0.009733499,
    -0.020723434,
    0.05056766,
    0.041601982,
    0.005161469,
