{
  "chunk_index": 13,
  "token_start": 5850,
  "token_end": 6350,
  "text": "289, 290, 299, 303 và 304 của Bộ luật này.\n\nĐiều 13. Phạm tội do dùng rượu, bia hoặc chất kích thích mạnh khác\n\nNgười phạm tội trong tình trạng mất khả năng nhận thức hoặc khả năng điều khiển hành vi của mình do dùng rượu, bia hoặc chất kích\nthích mạnh khác, thì vẫn phải chịu trách nhiệm hình sự.\n\nĐiều 14. Chuẩn bị phạm tội7\n\n1. Chuẩn bị phạm tội là tìm kiếm, sửa soạn công cụ, phương tiện hoặc tạo ra những điều kiện khác để thực hiện tội phạm hoặc thành\nlập, tham gia nhóm tội phạm, trừ trường hợp thành lập hoặc tham gia nhóm tội phạm quy định tại Điều 109, điểm a khoản 2 Điều 113\nhoặc điểm a khoản 2 Điều 299 của Bộ luật này.\n\n2. Người chuẩn bị phạm tội quy định tại một trong các điều 108, 109, 110, 111, 112, 113, 114, 115, 116, 117, 118, 119, 120, 121, 123,\n134, 168, 169, 207, 299, 300, 301, 302, 303 và 324 của Bộ luật này thì phải chịu trách nhiệm hình sự.\n\n3. Người từ đủ 14 tuổi đến dưới 16 tuổi chuẩn bị phạm tội quy định tại Điều 123, Điề",
  "embedding": [
    -0.00062602165,
    -0.023015618,
    -0.11994497,
    -0.10870405,
    -0.0016592517,
    0.06173084,
    0.0315562,
    0.040222384,
    0.023800598,
    0.0750441,
    0.013909848,
    0.024428582,
    0.008988023,
    -0.1144815,
    -0.057931535,
    -0.11121599,
    0.024648376,
    -0.014710528,
    0.017473659,
    0.008532735,
    -0.0056793313,
    0.038244233,
    0.13237906,
    -0.070585415,
    0.061668042,
    0.031571902,
    -0.04496366,
    -0.046031237,
    0.014529983,
    0.007437687,
    -0.034319334,
    -0.043770492,
    -0.031571902,
    -0.015636805,
    -0.0012432123,
    0.0033342033,
    -0.011625556,
    -0.0020841223,
    -0.011256616,
    0.0031379582,
    -0.046596423,
    0.034539126,
    0.03642308,
    0.018761026,
    -0.024193088,
    -0.03284357,
    0.01698697,
    0.022701627,
    -0.05667557,
    -0.045748644,
    0.026940519,
    0.013972647,
    0.0141374925,
    -0.014098244,
    0.017567856,
    -0.102863796,
    0.08182633,
    -0.013705754,
    -0.07359974,
    -0.020943271,
    0.023549404,
    0.0553568,
    0.04113296,
    -0.09463721,
    -0.0138392,
    -0.028416282,
    -0.019169215,
    -0.005074897,
    0.025558954,
    -0.020221088,
    -0.09451161,
    0.081009954,
    -0.01938901,
    0.03312616,
    0.02491527,
    -0.031038115,
    -0.008540584,
    0.028620375,
    -0.009121469,
    -0.011445011,
    0.04653362,
    0.0025786597,
    -0.046816215,
    0.013211216,
    0.015479809,
    0.103868574,
    0.020723475,
    -0.0019663752,
    -0.06801068,
    0.004274217,
    0.023784898,
    -0.008438537,
    0.008077445,
    -0.041038763,
    -0.01934191,
    -0.027395807,
    0.023502305,
    -0.061573844,
    -0.05620458,
    0.005373189,
    0.005298616,
    -0.055921987,
    0.05849672,
    0.06625232,
    -0.008006797,
    -0.019090718,
    -0.00671943,
    0.033848345,
    -0.00385229,
    -0.01661018,
    -0.028337784,
    -0.0043684146,
    0.01780335,
    -0.096583955,
    -0.02331391,
    0.005954074,
    -0.0050160233,
    0.035104312,
    -0.012810876,
    0.016515981,
    -0.03604629,
    0.045371853,
    -0.004682407,
    -0.023408107,
    0.024036093,
    0.03246678,
    -0.033816945,
    0.0019948308,
    -0.08735259,
    -0.0052004936,
    0.040065385,
    -0.05221688,
    0.011994497,
    -0.020252489,
    -0.032246985,
    0.019655904,
    0.02924836,
    -0.0158566,
    -0.011759003,
    0.04003399,
    -0.025417658,
    0.041289955,
    0.040096786,
    0.011131018,
    -0.03281217,
    -0.05253087,
    -0.007602533,
    -0.049265355,
    0.013894148,
    -0.004980699,
    0.016531682,
    0.003516711,
    -0.016814275,
    0.0118532,
    -0.053661242,
    0.025763048,
    -0.0029515254,
    0.015346362,
    0.011531359,
    0.0050827465,
    0.025182163,
    0.011963097,
    -0.023675002,
    -0.05209128,
    -0.020079792,
    0.02488387,
    -0.050709717,
    0.04458687,
    -0.013964796,
    -0.082705505,
    0.036171883,
    -0.037741847,
    -0.061573844,
    0.014789026,
    -0.016123492,
    -0.056330174,
    -0.044210084,
    -0.049516547,
    -0.045277655,
    -0.0058638016,
    0.0011843388,
    -0.067131504,
    -0.07673966,
    -0.035292707,
    0.0056793313,
    -0.004878652,
    -0.037898842,
    0.033785544,
    0.062139027,
    0.031132312,
    -0.06176224,
    0.048762966,
    -0.016139193,
    0.0066801812,
    -0.018509831,
    -0.034162335,
    -0.021272963,
    0.0021115965,
    0.07045982,
    -0.016052844,
    0.022999918,
    0.039657198,
    0.06531035,
    0.012018046,
    0.010251841,
    -0.05654997,
    0.029813547,
    0.0046392325,
    0.04157255,
    -0.01302282,
    0.007779153,
    -0.004894351,
    -0.012795176,
    -0.01891802,
    0.015621105,
    0.006295541,
    -0.030001942,
    -0.036956865,
    -0.00096552557,
    0.02723881,
    -0.051526096,
    0.0050788214,
    -0.0010999534,
    0.04713021,
    0.02687772,
    0.003895464,
    0.0038130411,
    0.01698697,
    0.002710144,
    0.018164441,
    0.053567044,
    -0.0010970098,
    -0.039751396,
    -0.010259691,
    0.045026463,
    0.0089723235,
    -0.026689325,
    0.009655256,
    0.005070972,
    0.041666746,
    0.12038456,
    -0.0064368374,
    0.01066788,
    0.04229473,
    -0.053567044,
    -0.056298777,
    -0.006377964,
    -0.019624503,
    0.0008301165,
    -0.012622481,
    -0.051306304,
    0.001106822,
    -0.0115235085,
    -0.03362855,
    0.06392878,
    -0.046596423,
    0.024569878,
    -0.023047017,
    -0.0073631136,
    0.07184138,
    -0.012504734,
    -0.046345226,
    0.001403152,
    -0.015291413,
    0.060317874,
    -0.014043295,
    0.051683094,
    -0.014333737,
    0.018509831,
    -0.0014482883,
    -0.02959375,
    -0.022874322,
    0.00771243,
    -0.015519057,
    0.05582779,
    0.023078416,
    0.027348708,
    -0.044147283,
    -0.010644331,
    -0.05096091,
    -0.0066801812,
    0.017143967,
    0.034319334,
    0.031022415,
    0.025244962,
    -0.07473011,
    0.13325822,
    -0.004635308,
    -0.03522991,
    0.012347737,
    0.023675002,
    0.026987618,
    0.0042899167,
    0.016296187,
    -0.022748725,
    0.021649752,
    0.00064957107,
    -0.0055851336,
    0.043236706,
    -0.0045607346,
    0.007421987,
    -0.008509185,
    -0.006915675,
    -0.016107792,
    -0.0316818,
    -0.00034048513,
    -0.017159667,
    0.027772598,
    0.0043252404,
    0.0830195,
    0.0012991421,
    0.01621769,
    0.04220053,
    0.036171883,
    -0.062233225,
    -0.00869758,
    0.007818403,
    0.06524755,
    -0.040567774,
    0.0023196163,
    0.010400987,
    0.01305422,
    -0.0068607265,
    0.004305616,
    0.02604564,
    0.03880942,
    0.036454476,
    0.04508926,
    -0.08182633,
    0.11096479,
    -0.049956135,
    0.011209517,
    0.062390223,
    -0.042483125,
    0.010565833,
    -0.07196698,
    0.01069928,
    0.093192846,
    -0.013274014,
    -0.026359633,
    -0.034068137,
    -0.00731994,
    0.14054285,
    0.07221817,
    0.13212785,
    0.005824553,
    0.10914364,
    0.019451808,
    0.03664287,
    -0.082768306,
    -0.006001173,
    0.008768228,
    -0.042765718,
    0.02015829,
    -0.027929593,
    -0.005330015,
    -0.040818967,
    -0.0006603646,
    0.018321436,
    -0.024444282,
    0.051243503,
    -0.029326858,
    0.024632677,
    0.03906061,
    -0.0015130492,
    0.026720725,
    -0.04107016,
    0.03884082,
    0.0553254,
    -0.0395316,
    0.0057342798,
    -0.002910314,
    -0.010134093,
    -0.029326858,
    0.025888646,
    -0.013069919,
    0.033691347,
    -0.0010096807,
    -0.008744678,
    0.03281217,
    0.046031237,
    0.069203846,
    -0.03676847,
    0.06769669,
    -0.05218548,
    -0.0063465643,
    -0.046910413,
    -0.122645296,
    0.08075876,
    0.043299504,
    -0.030739823,
    0.050898112,
    -0.010400987,
    -0.028290685,
    0.09124609,
    -0.02290572,
    0.0148596745,
    0.08565703,
    0.024145989,
