{
  "chunk_index": 304,
  "token_start": 136800,
  "token_end": 137300,
  "text": " động vật rừng nguy cấp, quý, hiếm Nhóm IIB\nhoặc Phụ lục II Công ước về buôn bán quốc tế các loài động vật, thực vật hoang dã nguy cấp trị giá từ 500.000.000 đồng đến dưới\n1.000.000.000 đồng hoặc của động vật hoang dã khác trị giá từ 700.000.000 đồng đến dưới 1.500.000.000 đồng;\n\nh) Thu lợi bất chính từ 200.000.000 đồng đến dưới 500.000.000 đồng;\n\ni) Tái phạm nguy hiểm.\n\n3.199 Phạm tội thuộc một trong các trường hợp sau đây, thì bị phạt tù từ 07 năm đến 12 năm:\n\na) Động vật, bộ phận cơ thể hoặc sản phẩm của động vật thuộc Danh mục thực vật rừng, động vật rừng nguy cấp, quý, hiếm Nhóm IIB\nhoặc Phụ lục II Công ước về buôn bán quốc tế các loài động vật, thực vật hoang dã nguy cấp trị giá 1.000.000.000 đồng trở lên hoặc\ncủa động vật hoang dã khác trị giá 1.500.000.000 đồng trở lên;\n\nb) Thu lợi bất chính 500.000.000 đồng trở lên.\n\n4. Người phạm tội còn có thể bị phạt tiền từ 50.000.000 đồng đến 200.000.000 đồng, cấm đảm nhiệm chức vụ,",
  "embedding": [
    -0.00024107573,
    -0.040384445,
    -0.07711216,
    -0.10822646,
    -6.3401414e-05,
    0.08853143,
    0.065051354,
    -0.025244288,
    0.029510476,
    0.04089767,
    -0.03951838,
    -0.097256266,
    0.005372831,
    -0.026318854,
    -0.015260445,
    -0.04449025,
    0.1420352,
    -0.0440091,
    -0.10931707,
    0.004582945,
    -0.01738552,
    0.07717631,
    0.020272415,
    0.01889312,
    -0.038973074,
    0.07416111,
    -0.036406945,
    0.08083305,
    0.10809816,
    -0.008331898,
    -0.07133837,
    -0.015605268,
    0.0035605032,
    -0.04224489,
    -0.0024197788,
    -0.041218437,
    0.02370461,
    0.008829085,
    -0.043399647,
    -0.08365578,
    -0.066847645,
    -0.045484625,
    0.08416901,
    0.002455865,
    0.056743514,
    -0.057545427,
    -0.008071275,
    0.0017060745,
    -0.038620234,
    -0.030649196,
    0.02654339,
    0.02163567,
    0.024763139,
    -0.001417385,
    0.09841102,
    -0.10572449,
    0.023736687,
    0.0056735496,
    -0.0124056265,
    0.033391744,
    -0.0007081913,
    -0.029895395,
    0.059534177,
    -0.007096949,
    -0.0202243,
    -0.03071335,
    0.09732042,
    -0.10193945,
    0.023143271,
    -0.009486656,
    -0.0111786965,
    0.04535632,
    0.011226811,
    -0.055717062,
    0.12137787,
    -0.0177544,
    -0.0077264523,
    0.006158708,
    0.047280915,
    -0.020384682,
    0.04542047,
    -0.0065436275,
    0.012678278,
    -0.08808236,
    0.024971636,
    0.083142556,
    0.029542552,
    0.018492162,
    -0.00026638617,
    0.020609219,
    0.027794378,
    0.03137092,
    0.057000127,
    0.011034352,
    0.0014233993,
    -0.0025300423,
    -0.013816997,
    -0.00089463656,
    0.0074297437,
    0.02683208,
    -0.021298865,
    -0.046062004,
    -0.013688691,
    -0.012333455,
    0.0059943157,
    -0.025532978,
    -0.02343196,
    0.02758588,
    0.014626931,
    0.044843093,
    -0.0143703185,
    -0.0051843813,
    0.0054169367,
    -0.100912996,
    0.0073816287,
    0.022245126,
    0.0029710955,
    -0.06922131,
    -0.0056815688,
    -0.11226812,
    -0.0022052666,
    0.052092407,
    -0.014795334,
    0.03335967,
    0.030761464,
    -0.066911794,
    0.005428965,
    0.053503778,
    -0.09135417,
    0.01966296,
    -0.027617957,
    -0.040384445,
    0.02182813,
    0.016567566,
    -0.030825617,
    -0.013119332,
    0.031419035,
    0.024554642,
    -0.025212212,
    0.027409459,
    0.018652545,
    -2.4727021e-06,
    0.012574029,
    0.047697913,
    0.010007901,
    -0.060239863,
    0.034418195,
    -0.02627074,
    0.03183603,
    0.0007873804,
    0.03262191,
    -0.00118082,
    0.018861044,
    0.009141833,
    -0.014987794,
    -0.0068523646,
    -0.023271577,
    0.017417597,
    0.011932497,
    0.009374388,
    -0.009687135,
    0.04035237,
    -0.04779414,
    -0.069093004,
    -0.0009206988,
    0.012582048,
    -0.107777394,
    -0.0042020353,
    -0.039742913,
    -0.009903652,
    0.027826454,
    0.018203473,
    -0.022261163,
    0.0064754644,
    -0.017626094,
    -0.016487375,
    -0.036342792,
    -0.028852906,
    -0.027762301,
    -0.0340012,
    -0.0034241776,
    -0.02428199,
    0.03060108,
    -0.0060304017,
    0.017257214,
    -0.013841055,
    -0.0074738488,
    0.039069306,
    0.002353621,
    0.0069485945,
    -0.016102456,
    0.04054483,
    -0.018652545,
    0.021042252,
    -0.009815441,
    0.023287615,
    0.0279708,
    -0.062036153,
    0.025468824,
    0.01115464,
    2.5968267e-05,
    0.024554642,
    0.04978289,
    0.009222024,
    0.05469061,
    -0.0022353383,
    0.029622745,
    -0.0025460806,
    0.048050754,
    -0.014089649,
    0.044650633,
    0.030681273,
    -0.02457068,
    0.037433397,
    -0.0039795036,
    0.0051964098,
    -0.013672653,
    -0.022453623,
    0.03772209,
    -0.01614255,
    0.014145783,
    0.007153083,
    0.01237355,
    0.036695637,
    -0.013095274,
    -0.01748175,
    0.017241174,
    0.035637107,
    -0.014835429,
    -0.019342193,
    0.012878757,
    0.022084743,
    -0.03512388,
    0.013143389,
    0.0013291743,
    0.01606236,
    0.0889805,
    0.02854818,
    -0.034803115,
    0.045324244,
    0.04846775,
    0.0055412333,
    -0.06181162,
    0.018764814,
    0.022325316,
    -0.012389588,
    0.016294915,
    0.007718433,
    0.0067441063,
    0.017610056,
    -0.015027889,
    -0.014586836,
    0.014201917,
    -0.03977499,
    0.0005417939,
    -0.006066488,
    0.005990306,
    0.011170678,
    -0.034995575,
    -0.008813047,
    0.000197221,
    -0.11162659,
    0.011643807,
    -0.016423222,
    -0.016359068,
    0.08333502,
    0.11881174,
    0.023367807,
    0.043143034,
    -0.0005743717,
    0.030392583,
    -0.041603357,
    0.014618913,
    -0.00046736616,
    0.10399235,
    0.024506526,
    0.042661883,
    0.031306766,
    0.012614124,
    -0.0069766617,
    -0.05565291,
    -0.048980977,
    -0.025821667,
    -0.025276365,
    -0.0037629867,
    -0.05119426,
    -0.046831843,
    0.021170558,
    -0.06351168,
    -0.022966849,
    -0.021427171,
    0.066847645,
    0.019807303,
    -0.025516938,
    -0.011988631,
    0.059149258,
    -0.012269301,
    -0.01898935,
    0.030472774,
    0.0040657097,
    -0.035380494,
    -0.008668702,
    0.018748775,
    -0.031386957,
    0.030536927,
    -0.014562778,
    -0.009173909,
    0.003325943,
    -0.0519641,
    0.0069606234,
    -0.028580256,
    0.04846775,
    -0.0014093658,
    0.02059318,
    -0.018716699,
    0.032910597,
    -0.015733575,
    0.052477326,
    -0.0645702,
    -0.024410296,
    0.05488307,
    0.071851596,
    0.013648596,
    0.02428199,
    -0.053824544,
    0.049109284,
    0.021571517,
    0.019422384,
    -0.06934962,
    0.13754448,
    -0.043592107,
    -0.0042661885,
    0.10873969,
    -0.016968524,
    -0.025516938,
    -0.03042466,
    -0.06007948,
    -0.010224418,
    0.015517058,
    -0.000855042,
    -0.0036406945,
    -0.06081724,
    -0.10283759,
    -0.11913251,
    0.08949373,
    -0.05254148,
    -0.0057657696,
    -0.01633501,
    -0.031098269,
    -0.012365531,
    0.050007425,
    0.020144109,
    0.06716841,
    0.033295516,
    0.07236482,
    0.018123282,
    0.042758115,
    0.050616883,
    0.06671934,
    -0.14973359,
    -0.011347099,
    0.04978289,
    -0.020577142,
    0.033680435,
    -0.084297314,
    0.05716051,
    -0.030472774,
    -0.006928547,
    -0.052092407,
    0.020448836,
    -0.008047218,
    -0.023848956,
    0.036310717,
    -0.047922447,
    0.045741238,
    0.016086418,
    -0.050969724,
    0.0014304161,
    -0.014618913,
    0.00096480415,
    -0.02484333,
    0.023736687,
    -0.037625857,
    0.028115144,
    0.018540278,
    -0.033006825,
    0.011748057,
    0.021940397,
    0.088210665,
    0.03672771,
    0.03164357,
    -0.049077205,
    -0.056198213,
    -0.022918735,
    -0.023223462,
    -0.011290965,
    0.0057136454,
    0.048820592,
    -0.08590115,
