{
  "chunk_index": 260,
  "token_start": 117000,
  "token_end": 117500,
  "text": " khống về người đăng ký mua tài sản bán đấu giá;\n\nb) Lập hồ sơ khống, hồ sơ giả tham gia hoạt động bán đấu giá tài sản;\n\nc) Thông đồng dìm giá hoặc nâng giá trong hoạt động bán đấu giá tài sản.\n\n2. Phạm tội thuộc một trong các trường hợp sau đây, thì bị phạt tiền từ 200.000.000 đồng đến 1.000.000.000 đồng hoặc phạt tù từ 01\nnăm đến 05 năm:\n\na) Có tổ chức;\n\nb) Thu lợi bất chính 200.000.000 đồng trở lên;\n\nc) Gây thiệt hại cho người khác 300.000.000 đồng trở lên;\n\nd) Phạm tội 02 lần trở lên;\n\nđ) Dùng thủ đoạn tinh vi, xảo quyệt.\n\n3. Người phạm tội còn có thể bị phạt tiền từ 10.000.000 đồng đến 50.000.000 đồng, cấm đảm nhiệm chức vụ, cấm hành nghề hoặc làm\ncông việc nhất định từ 01 năm đến 05 năm.\n\nĐiều 219. Tội vi phạm quy định về quản lý, sử dụng tài sản Nhà nước gây thấtthoát, lãng phí\n\n1. Người nào được giao quản lý, sử dụng tài sản Nhà nước mà vi phạm chế độ quản lý, sử dụng tài sản, gây thấtthoát, lãng phí từ\n100.000.000",
  "embedding": [
    -0.00051460374,
    -0.0405396,
    -0.09059298,
    -0.17476265,
    -0.002283761,
    0.040145718,
    0.055991914,
    -0.02479945,
    0.02499639,
    0.11234742,
    -0.16846052,
    -0.067505404,
    0.0053136265,
    -0.017421726,
    -0.0901688,
    -0.16749097,
    0.052325778,
    0.0202698,
    0.07283797,
    -0.004847785,
    -0.011346847,
    0.046508435,
    0.11155965,
    -0.04641754,
    -0.036812868,
    0.03426778,
    -0.02858678,
    0.03766123,
    0.006688428,
    -0.038236905,
    -0.08453325,
    0.018542778,
    0.078473516,
    0.0033745128,
    -0.0045940336,
    -0.0046584182,
    0.032419562,
    0.004256961,
    -0.032389265,
    0.032601353,
    -0.04911412,
    0.09907661,
    0.0902294,
    0.034358677,
    0.054204296,
    -0.037085555,
    0.013316259,
    -0.039721537,
    -0.048568744,
    -0.02817775,
    0.012551218,
    0.0072944015,
    0.091986716,
    -0.025829604,
    0.062112242,
    -0.12907228,
    0.07695858,
    -0.0017042994,
    0.039357953,
    0.06974751,
    -0.0023670825,
    -0.020693982,
    0.04144856,
    -0.018739719,
    -0.010778747,
    -0.042206027,
    0.025950799,
    -0.027829316,
    0.025329676,
    -0.03469196,
    -0.032146875,
    -0.0833213,
    -0.0011778602,
    0.009725869,
    0.08223055,
    -0.023284517,
    -0.033873897,
    0.01205129,
    0.117437586,
    -0.0006159149,
    -0.022345258,
    -0.023390561,
    0.024935793,
    -0.09301687,
    0.03067739,
    -0.0017838334,
    -0.07180782,
    0.005063663,
    0.04235752,
    0.043175586,
    0.035085842,
    0.10883277,
    0.02525393,
    -0.07501947,
    -0.0019921367,
    0.0315409,
    -0.03019261,
    0.015755301,
    -0.007385297,
    -0.015664404,
    0.004309984,
    -0.04390275,
    0.007923098,
    -0.020254651,
    0.0021833968,
    0.0017535347,
    -0.03293464,
    0.029132158,
    0.0032760422,
    0.009733443,
    -0.0069800527,
    -0.023299666,
    -0.047902174,
    -0.060476117,
    0.018209493,
    0.043811854,
    -0.061657764,
    0.026253784,
    0.011490765,
    -0.067626595,
    0.0069194552,
    0.081503384,
    -0.022436155,
    0.027647523,
    -0.009574375,
    -0.037903618,
    -0.021466598,
    -0.040872887,
    -0.08507863,
    -0.020224353,
    0.004919744,
    -0.052143987,
    0.016118884,
    0.004370581,
    -0.045023803,
    -0.01385406,
    0.00087487366,
    0.033480015,
    -0.00681341,
    0.029450294,
    -0.021905927,
    0.005222731,
    0.02793536,
    -0.04420574,
    -0.035631217,
    -0.06841437,
    0.030086566,
    -0.0008753471,
    0.006309695,
    -0.016543066,
    0.029662384,
    -0.020254651,
    0.0009856531,
    0.020012261,
    -0.051295623,
    0.011240801,
    -0.0406002,
    0.07392872,
    0.035116144,
    0.0011418805,
    0.012786033,
    0.022360407,
    -0.06441494,
    0.011536213,
    -0.012937526,
    0.026329532,
    -0.038358096,
    0.076897986,
    -0.023526905,
    -0.006499062,
    0.013210214,
    -0.005680998,
    0.016770305,
    0.0023424649,
    -0.012945101,
    0.021451447,
    0.021360552,
    -0.0180277,
    -0.020875774,
    -0.03766123,
    0.038206603,
    0.046326645,
    0.049962483,
    0.021527195,
    0.018800316,
    -0.016709708,
    -0.030556194,
    0.02501154,
    0.058930885,
    0.03317703,
    -0.03335882,
    0.009771316,
    -0.0069080936,
    0.030707687,
    -0.008922954,
    0.0037570333,
    -0.006559659,
    0.009953109,
    0.040206317,
    -0.013907083,
    0.017164188,
    0.031268213,
    0.08277593,
    -0.032116573,
    -0.026890056,
    -0.0048099114,
    0.031874187,
    0.025375124,
    0.013581372,
    -0.008051868,
    0.044781413,
    -0.08023084,
    -0.02904126,
    0.022648245,
    -0.007313338,
    0.05362862,
    -0.033267923,
    -0.04705381,
    0.023511756,
    -0.028102003,
    -0.00070775766,
    -0.022239214,
    0.0028026255,
    -0.00025730187,
    -0.034298077,
    0.015361418,
    0.024041982,
    0.02770812,
    0.040145718,
    -0.026329532,
    0.024860047,
    0.026905207,
    -0.035237335,
    -0.021315103,
    0.0038365673,
    0.033722404,
    7.6871e-05,
    0.010271244,
    0.018739719,
    0.0405396,
    0.12149761,
    -0.031480305,
    -0.011021136,
    0.01734598,
    -0.041569754,
    -0.036843166,
    -0.0018908255,
    -0.0075822384,
    0.0126951365,
    -0.018209493,
    -0.003923676,
    0.0055560158,
    -0.017406577,
    -0.0012659157,
    -0.0145963775,
    -0.005101536,
    0.017012695,
    -0.024390418,
    -0.0152175,
    0.018012552,
    0.036812868,
    -0.07477708,
    0.0062490976,
    -0.029419994,
    0.027374836,
    0.05838551,
    0.07550425,
    0.01206644,
    -0.010506059,
    -0.014202495,
    -0.002018648,
    0.005423459,
    0.0011579767,
    -0.02748088,
    0.052689362,
    0.02455706,
    0.045175295,
    -0.03423748,
    0.0009061192,
    0.0048250607,
    -0.035116144,
    -0.033722404,
    0.0025147884,
    0.0100212805,
    -0.02775357,
    0.03493435,
    0.13440484,
    0.038206603,
    -0.020936372,
    -0.013020847,
    0.0009004382,
    -0.050538156,
    0.0054499707,
    -0.008309406,
    -0.018785166,
    0.0037343092,
    0.013604096,
    -0.021284806,
    -0.02319362,
    0.0070785233,
    -0.025859902,
    0.0088244835,
    0.033267923,
    0.017497474,
    -0.01890636,
    0.039539747,
    -0.020603085,
    0.0019031343,
    -0.06429375,
    0.011225652,
    -0.035782713,
    0.020178905,
    -0.011983118,
    0.01598254,
    0.006286971,
    -0.030768285,
    -0.0059953462,
    0.023632951,
    0.018088298,
    -0.024011685,
    0.03287404,
    0.07077766,
    -0.02228466,
    0.009672846,
    0.05953686,
    0.002137949,
    0.06599047,
    0.07465589,
    0.031116718,
    0.060476117,
    -0.020178905,
    0.023314815,
    -0.010157624,
    0.0169218,
    -0.036540177,
    0.026662817,
    -0.04232722,
    0.043872453,
    -0.021754434,
    -0.023345115,
    -0.05205309,
    -0.031450003,
    -0.02322392,
    -0.15512912,
    0.03426778,
    -0.018330686,
    -0.01601284,
    0.030313805,
    -0.0359948,
    -0.048053667,
    0.040903185,
    -0.024708554,
    0.043872453,
    0.012922376,
    0.010763598,
    0.03566152,
    0.0027685396,
    -0.02454191,
    0.054658774,
    -0.07047467,
    0.006730089,
    0.019572932,
    0.044084545,
    0.028889768,
    0.034540467,
    0.0043630064,
    -0.019345691,
    0.041812144,
    0.10077333,
    -0.047690082,
    -0.0114983395,
    0.028920067,
    0.046750825,
    -0.040266912,
    0.07114124,
    -0.014225218,
    -0.07459529,
    0.03360121,
    -0.0020053922,
    0.011801327,
    0.04396335,
    0.028026257,
    -0.030238058,
    0.0698687,
    -0.004987916,
    -0.018542778,
    -0.02996537,
    0.00022191399,
    0.09671331,
    0.02590535,
    0.022966381,
    0.008938103,
    0.01060453,
    -0.008097316,
    0.0315409,
    -0.053265035,
    -0.0058211293,
    0.063384786,
    -0.064354345,
    -0.033146728,
