{
  "chunk_index": 118,
  "token_start": 53100,
  "token_end": 53600,
  "text": "m tội thuộc một trong các trường hợp sau đây, thì bị phạt tù từ 12 năm đến 20 năm hoặc tù chung thân:\n\na) Làm chết 02 người trở lên;\n\nb) Gây thương tích hoặc gây tổn hại cho sức khỏe của 02 người trở lên mà tỷ lệ tổn thương cơ thể của mỗi người 61% trở lên nhưng\nthuộc một trong các trường hợp quy định tại các điểm từ điểm a đến điểm k khoản 1 Điều này.\n\n6. Người nào chuẩn bị vũ khí, vật liệu nổ, hung khí nguy hiểm, a-xít nguy hiểm, hóa chất nguy hiểm hoặc thành lập hoặc tham gia nhóm\ntội phạm nhằm gây thương tích hoặc gây tổn hại cho sức khỏe của người khác, thì bị phạt cải tạo không giam giữ đến 02 năm hoặc\nphạt tù từ 03 tháng đến 02 năm.\n\nĐiều 135. Tội cố ý gây thương tích hoặc gây tổn hại cho sức khỏe của người khác trong trạng thái tinh thần bị kích động\nmạnh\n\n1. Người nào cố ý gây thương tích hoặc gây tổn hại cho sức khỏe của người khác mà tỷ lệ tổn thương cơ thể từ 31% đến 60% trong\ntrạng thái tinh thần bị kích động mạnh do hành vi trái pháp luật nghiêm trọng của nạn nhân đ",
  "embedding": [
    -5.2716536e-05,
    -0.03389767,
    -0.05205714,
    -0.18451262,
    0.0016083546,
    0.060407393,
    -0.01359632,
    0.09157339,
    0.025873361,
    0.06369782,
    -0.01088016,
    -0.03433226,
    -0.0027239202,
    -0.014558616,
    -0.01600206,
    -0.19432183,
    0.14006072,
    -0.016793627,
    0.012331366,
    0.008148479,
    -0.029520776,
    0.12522273,
    0.061586984,
    -0.09573299,
    0.09387048,
    0.083067924,
    -0.024740335,
    -0.08971088,
    0.09126297,
    0.08828295,
    -0.020658335,
    0.0050792187,
    -0.05764467,
    0.018097384,
    0.003366098,
    -0.004283772,
    0.06543617,
    0.010437814,
    -0.0005747588,
    -0.09983051,
    -0.019928852,
    0.09014546,
    0.0035290676,
    -0.026044091,
    -0.05118797,
    -0.026494198,
    -0.02787556,
    0.052988395,
    -0.051219013,
    -0.018904472,
    0.0059988326,
    0.03861603,
    0.0013658403,
    -0.0075237625,
    -0.018485406,
    -0.090766296,
    0.003981114,
    -0.0049007284,
    -0.047711287,
    0.023017513,
    0.023948768,
    -0.01988229,
    0.051777765,
    -0.083378345,
    -0.011485475,
    -0.03827457,
    0.029024107,
    0.044451892,
    0.027782435,
    -0.04811483,
    -0.1241673,
    -0.03656727,
    -0.029008586,
    0.044079393,
    0.050567135,
    0.0033854991,
    -0.033773504,
    0.020704897,
    0.010530939,
    0.017833529,
    0.03212829,
    -0.0017703541,
    -0.011857977,
    -0.0041440837,
    -0.0041906466,
    0.01377481,
    0.030420989,
    0.027503056,
    -0.0778529,
    -0.025205962,
    0.04029229,
    -0.033742465,
    0.029008586,
    -0.04625232,
    0.020099582,
    0.00867619,
    0.028946502,
    -0.032562874,
    -0.017135087,
    -0.01988229,
    0.0032341701,
    -0.0019604852,
    0.06462908,
    0.061462816,
    0.037529565,
    0.017367901,
    -0.018066343,
    0.02433679,
    0.02754962,
    -0.025112838,
    0.014706065,
    0.031755786,
    -0.05866905,
    -0.08381293,
    -0.0058436235,
    0.0051102606,
    0.01327038,
    -0.0360706,
    -0.018640617,
    -0.0008992429,
    -0.037219148,
    0.03588435,
    -0.0041557243,
    -0.020472083,
    0.039888747,
    -0.056558207,
    0.0008909974,
    -0.0021865086,
    -0.09256672,
    0.0101817185,
    -0.031538494,
    -0.03355621,
    -0.026820138,
    0.011951103,
    0.015350183,
    -0.043086052,
    0.03184891,
    -0.010515418,
    0.029986404,
    0.07921874,
    -0.02295543,
    0.01360408,
    0.02039448,
    0.070154525,
    -0.0404475,
    -0.0041402034,
    0.008971088,
    -0.022831263,
    0.016979879,
    -0.00935135,
    0.07027869,
    -0.008978848,
    -0.045631483,
    0.030700365,
    -0.032221414,
    -0.0024852862,
    0.0031235837,
    0.033276837,
    0.047680244,
    -0.020999795,
    0.011772612,
    0.030172653,
    -0.05270902,
    -0.036846645,
    -0.0030362785,
    0.01480695,
    -0.009545362,
    -0.009397913,
    -0.020472083,
    0.027146077,
    0.03467372,
    -0.0019507847,
    -0.050877552,
    0.0394852,
    -0.03467372,
    -0.03790207,
    -0.08486835,
    -0.071209945,
    -0.001206751,
    -0.08027416,
    -0.016328,
    -0.025764715,
    0.073941626,
    -0.06407033,
    -0.030420989,
    0.0047299983,
    -0.020316875,
    0.027751392,
    0.053298816,
    0.042278968,
    0.008295928,
    0.05596841,
    -0.022365635,
    0.03861603,
    -0.038212486,
    -0.019944374,
    -0.04625232,
    0.001003039,
    0.09175964,
    -0.020689378,
    0.016607376,
    -0.031305682,
    0.051094845,
    -0.0021147244,
    0.026680449,
    -0.007566445,
    0.00033951996,
    0.01718165,
    0.019602913,
    -0.0056224507,
    -0.009731612,
    -0.06105927,
    -0.044482935,
    -0.0056185704,
    -0.0046989564,
    0.016607376,
    -0.019261453,
    0.012222718,
    -0.03194204,
    -0.008730513,
    -0.049573794,
    -0.03299746,
    -0.020208228,
    0.048735667,
    0.0056418516,
    0.019339057,
    -0.019152807,
    -0.01887343,
    -0.036536228,
    0.023436578,
    0.09517424,
    -0.029691506,
    -0.018609574,
    -0.029039627,
    0.017367901,
    -0.007752696,
    0.01871822,
    -0.004710597,
    -0.035232473,
    0.03470476,
    0.103307195,
    -0.001326068,
    -0.0049550515,
    -0.003435942,
    -0.012176156,
    -0.050784428,
    0.017073004,
    -0.07816332,
    0.018919993,
    -0.012959962,
    -0.02245876,
    0.0028752491,
    0.0012698047,
    -0.031879954,
    -0.03133672,
    -0.013231578,
    0.0072676674,
    -0.049263377,
    -0.018143946,
    0.034642678,
    0.010631825,
    -0.12211854,
    0.010608544,
    -0.038026236,
    0.044824395,
    0.018795826,
    0.06580867,
    -0.01597102,
    0.000106099986,
    -0.019261453,
    0.05407486,
    -0.004501065,
    0.030126091,
    -0.010950004,
    0.08399918,
    -0.028884418,
    -0.014224917,
    0.0012785352,
    -0.019447703,
    0.011446673,
    -0.03603956,
    -0.019835727,
    0.03706394,
    -0.008753795,
    -0.039888747,
    0.009956665,
    0.05100172,
    0.037281234,
    -0.016871233,
    0.050567135,
    -0.013697205,
    0.010251563,
    -0.007256027,
    0.008777076,
    -0.013898977,
    0.05426111,
    0.0037812823,
    0.069285356,
    0.055192366,
    0.016436646,
    0.015272578,
    -0.053112563,
    -0.033866633,
    -0.00578542,
    -0.031228077,
    0.01597102,
    -0.030560678,
    -0.0070581352,
    -0.061773233,
    0.043582723,
    0.0020817425,
    2.4296898e-05,
    0.0012222718,
    -0.00697665,
    -0.04712149,
    0.034270175,
    0.03113495,
    0.03839874,
    -0.022676054,
    0.014418928,
    0.0054361997,
    0.01682467,
    -0.040323332,
    0.0045670285,
    -0.028636085,
    0.025097316,
    0.05317465,
    -0.0129677225,
    -0.08946254,
    0.11802102,
    -0.058731135,
    -0.04560044,
    0.08412334,
    0.02297095,
    0.010476616,
    -0.035232473,
    -0.04097521,
    0.015955498,
    -0.056713413,
    -0.030545156,
    -0.0059445095,
    -0.068788685,
    0.041037295,
    0.06369782,
    0.050784428,
    0.00696889,
    0.04709045,
    -0.007418996,
    0.04662482,
    0.049853172,
    0.056806542,
    -0.04622128,
    0.048890874,
    0.0012445832,
    -0.037995193,
    0.029691506,
    -0.0387402,
    0.0721412,
    0.043955225,
    -0.026727011,
    0.033587255,
    -0.012246001,
    0.01853197,
    0.006611909,
    -0.021868967,
    0.0055681276,
    -0.024243666,
    0.031367764,
    -0.07350704,
    -0.022846784,
    0.0036978575,
    -6.7418965e-05,
    0.027472015,
    -0.038864367,
    0.06317011,
    -0.03675352,
    0.054323193,
    0.0493565,
    -0.006379095,
    0.031383287,
    0.0037230789,
    0.023529703,
    0.010724951,
    0.092318386,
    -0.011206099,
    0.012890118,
    -0.029738069,
    -0.053205688,
    -0.023157202,
    0.046997324,
    -0.0049472908,
    -0.039050616,
    -0.046190236,
    -0.04507273,
    0.04709045,
    -0.022815742,
