{
  "chunk_index": 343,
  "token_start": 154350,
  "token_end": 154850,
  "text": "i sự sống của từ 08 cá thể đến 11 cá thể lớp thú, từ 11 cá thể đến 15 cá\nthể lớp chim, bò sát hoặc từ 16 cá thể đến 20 cá thể động vật lớp khác quy định tại điểm d khoản 1 Điều này;\n\nc) Từ 01 cá thể đến 02 cá thể voi, tê giác hoặc bộ phận cơ thể không thể tách rời sự sống của từ 01 cá thể đến 02 cá thể voi, tê giác; từ\n03 cá thể đến 05 cá thể gấu, hổ hoặc bộ phận cơ thể không thể tách rời sự sống của từ 03 cá thể đến 05 cá thể gấu, hổ;\n\nd) Ngà voi có khối lượng từ 20 kilôgam đến dưới 90 kilôgam; sừng tê giác có khối lượng từ 01 kilôgam đến dưới 09 kilôgam;\n\fđ) Có tổ chức;\n\ne) Lợi dụng chức vụ, quyền hạn hoặc lợi dụng danh nghĩa cơ quan, tổ chức;\n\ng) Sử dụng công cụ hoặc phương tiện săn bắt bị cấm;\n\nh) Săn bắt trong khu vực bị cấm hoặc vào thời gian bị cấm;\n\ni) Buôn bán, vận chuyển qua biên giới;\n\nk) Tái phạm nguy hiểm.\n\n3.232 Phạm tội thuộc một trong các trường hợp sau đây, thì bị phạt tù từ 10 năm đến 15 năm:\n\na) Số lượng động vật hoặc bộ phận cơ thể không thể tách",
  "embedding": [
    -0.00033756375,
    -0.03648689,
    -0.16217773,
    -0.15065555,
    -0.000105503794,
    0.049186062,
    0.094593346,
    -0.07018616,
    0.02315276,
    0.069256954,
    -0.014031037,
    -0.022022223,
    -0.0053816615,
    -0.024143914,
    -0.024329755,
    -0.011328591,
    0.26934636,
    0.021433726,
    -0.05528786,
    0.0023462495,
    -0.010290976,
    0.055442728,
    -0.011560893,
    0.047296673,
    0.03958425,
    0.071053416,
    -0.052035633,
    0.022873998,
    0.10611553,
    -0.016075294,
    -0.06733659,
    -0.058168404,
    0.032398377,
    -0.025243478,
    -0.0011905474,
    -0.011537663,
    0.044292238,
    0.008223489,
    -0.038345307,
    -0.11082351,
    -0.056867514,
    -0.09564645,
    0.061513554,
    0.01875451,
    0.043394003,
    -0.028247915,
    0.0057184994,
    -0.02217709,
    -0.046708178,
    0.007549813,
    0.011994523,
    0.044447105,
    0.020550977,
    0.013148289,
    0.10400932,
    -0.11416866,
    0.028619599,
    -0.0039491327,
    -0.0008062813,
    0.048845354,
    0.0021952533,
    -0.05906664,
    0.06411534,
    -0.0047776764,
    -0.022564262,
    -0.036672734,
    0.0401108,
    -0.015889453,
    0.030369606,
    -0.038562123,
    -0.06250471,
    0.05330555,
    -0.00840933,
    -0.048442695,
    0.106735,
    -0.009021059,
    -0.022672668,
    0.006233435,
    -0.022053197,
    -0.01763946,
    0.056867514,
    -0.0038000725,
    -0.00537779,
    -0.075885296,
    0.024329755,
    0.06838969,
    0.06331002,
    0.0056410655,
    -0.01075558,
    -0.007627247,
    0.039460357,
    -0.005207435,
    0.039955933,
    -0.0005236473,
    0.008324153,
    -0.012087444,
    -0.023137273,
    0.010956908,
    0.015719097,
    0.029285531,
    -0.0068219337,
    -0.02518153,
    0.043394003,
    -0.013713557,
    0.033172715,
    -0.04181435,
    -0.010221285,
    0.06250471,
    0.0141936485,
    0.005493941,
    -0.0067716013,
    -0.020194782,
    -0.068451636,
    -0.07656672,
    -0.020907175,
    0.007282666,
    -0.031143947,
    -0.06355781,
    -0.005621707,
    -0.027798798,
    -0.015316441,
    0.030570935,
    -0.029517833,
    0.04209311,
    0.02682313,
    -0.10952262,
    0.007108439,
    -0.0091139795,
    -0.12042532,
    0.015641663,
    0.016416004,
    -0.06411534,
    0.017778842,
    0.014851837,
    -0.058013536,
    -0.016493438,
    0.009354024,
    0.009183669,
    0.0027682649,
    0.047544464,
    -0.024918254,
    -0.031670496,
    0.018785484,
    0.02315276,
    -0.02096912,
    0.010631685,
    0.062380813,
    -0.003968491,
    0.00480865,
    0.0038387894,
    0.05104448,
    0.005350688,
    0.0021294344,
    0.01754654,
    0.0010753644,
    0.014317542,
    -0.042217005,
    0.0582923,
    0.018692562,
    -0.0027159967,
    0.008138311,
    0.020225756,
    -0.076690614,
    -0.061451606,
    -0.0077317827,
    0.023354089,
    -0.0670888,
    -0.032615192,
    -0.029502345,
    -0.015920427,
    0.02880544,
    -0.0029734648,
    -0.005335201,
    0.011173723,
    -0.045500208,
    -0.006829677,
    -0.034907237,
    -0.053336523,
    -0.0034283893,
    -0.027612956,
    -0.013279927,
    -0.0110498285,
    0.056867514,
    -0.028820926,
    0.031716958,
    -0.0047931634,
    -0.005873367,
    0.04073027,
    0.002673408,
    0.021185936,
    -0.01846026,
    -0.014302056,
    -0.01918814,
    0.0023191476,
    0.0027198684,
    -0.011390538,
    -0.031933773,
    -0.034628477,
    0.08709774,
    0.027907206,
    0.0018438966,
    0.03338953,
    0.07192068,
    0.01203324,
    0.038066544,
    -0.037416097,
    0.007975699,
    -0.011413769,
    0.065416224,
    -0.032986876,
    0.03335856,
    0.019869559,
    -0.015804276,
    0.028046587,
    0.01962177,
    0.04119488,
    -0.023354089,
    -0.040761247,
    0.056186095,
    0.007844062,
    0.0147976335,
    0.03326564,
    -0.028650573,
    0.046026755,
    -0.010856244,
    0.03044704,
    0.017438132,
    0.002353993,
    0.009446945,
    -0.043332055,
    0.03828336,
    0.0048202653,
    -0.036455918,
    -0.013736788,
    -0.0034961442,
    0.013465769,
    0.09744292,
    0.052035633,
    -0.0231063,
    0.0021507288,
    0.102646485,
    -0.049712613,
    -0.07315962,
    -0.026296578,
    -0.0110188555,
    -0.02561516,
    -0.021588594,
    -0.02189833,
    0.023261167,
    -0.017608486,
    -0.004344046,
    -0.030323146,
    0.019404955,
    -0.027411629,
    -0.06777022,
    0.0014393041,
    0.01246687,
    -0.025336398,
    -0.024391703,
    -0.0045918347,
    0.004448582,
    -0.12798288,
    0.011917089,
    -0.013349618,
    0.020318676,
    0.079292394,
    0.06315515,
    0.03757097,
    0.05630999,
    0.004526016,
    0.065849856,
    -0.037942648,
    0.025862949,
    0.02165054,
    0.06293834,
    0.027798798,
    0.015393875,
    -0.023772232,
    0.009098493,
    0.029254558,
    -0.027458088,
    -0.025893923,
    0.07235431,
    0.008695836,
    -0.016462464,
    -0.02668375,
    -0.022393906,
    0.0041736914,
    -0.007638862,
    -0.0062566656,
    0.019358495,
    0.036858574,
    0.027380655,
    0.027705878,
    0.003252227,
    0.035186,
    0.016741225,
    0.021449212,
    0.01918814,
    -0.0027818156,
    -0.017856276,
    -0.0560622,
    0.0051996917,
    0.018491235,
    -0.030152792,
    -0.0037478046,
    -0.012048727,
    0.0021894458,
    -0.0900712,
    0.053150684,
    -0.049000222,
    0.05451352,
    0.015835248,
    0.013388335,
    -0.028309863,
    -0.013883912,
    0.0041349744,
    -0.0031709215,
    -0.084557906,
    0.012838554,
    0.007677579,
    0.05795159,
    0.003639397,
    0.0027702006,
    0.00045177888,
    0.0521905,
    0.0184138,
    0.06194718,
    -0.12860236,
    0.11807133,
    -0.075265825,
    0.031546604,
    0.05166395,
    -0.05525689,
    0.008347383,
    -0.03447361,
    -0.024685953,
    0.03692052,
    0.016942555,
    0.036858574,
    0.015966887,
    -0.04423029,
    -0.07662866,
    -0.05891177,
    0.07817735,
    -0.029068716,
    -0.016741225,
    0.008122824,
    0.0035193744,
    0.012683686,
    -0.024329755,
    0.0026133968,
    0.03335856,
    0.03170147,
    0.041349746,
    0.022688156,
    0.036641758,
    0.047017913,
    0.07755788,
    -0.07718619,
    -0.026528882,
    0.017716894,
    -0.03605326,
    0.027504548,
    -0.04605773,
    0.02851119,
    -0.023447009,
    0.039026726,
    -0.03871699,
    0.009052032,
    0.0112589,
    -0.06690296,
    0.021371778,
    -0.06269055,
    0.038500175,
    -0.00514936,
    -0.017050963,
    0.008765526,
    -0.040234696,
    -0.033575375,
    -0.02600233,
    0.04311524,
    0.014418207,
    0.038407255,
    0.008115081,
    -0.009183669,
    -0.028124021,
    -0.031376246,
    0.035650603,
    0.013721301,
    0.049402878,
    -0.023539929,
    -0.039863013,
    0.048969246,
    0.06132771,
    -0.040854167,
    0.007073594,
    0.06956669,
