{
  "chunk_index": 25,
  "token_start": 11250,
  "token_end": 11750,
  "text": " dục người, pháp nhân thương mại khác tôn trọng pháp luật, phòng ngừa và đấu\ntranh chống tội phạm.\n\nĐiều 32. Các hình phạt đối với người phạm tội\n\n1. Hình phạt chính bao gồm:\n\na) Cảnh cáo;\n\nb) Phạt tiền;\n\nc) Cải tạo không giam giữ;\n\nd) Trục xuất;\n\nđ) Tù có thời hạn;\n\ne) Tù chung thân;\n\ng) Tử hình.\n\n2. Hình phạt bổ sung bao gồm:\n\na) Cấm đảm nhiệm chức vụ, cấm hành nghề hoặc làm công việc nhất định;\n\nb) Cấm cư trú;\n\nc) Quản chế;\n\nd) Tước một số quyền công dân;\n\nđ) Tịch thu tài sản;\n\ne) Phạt tiền, khi không áp dụng là hình phạt chính;\n\ng) Trục xuất, khi không áp dụng là hình phạt chính.\n\n3. Đối với mỗi tội phạm, người phạm tội chỉ bị áp dụng một hình phạt chính và có thể bị áp dụng một hoặc một số hình phạt bổ sung.\n\nĐiều 33. Các hình phạt đối với pháp nhân thương mại phạm tội\n\n1. Hình phạt chính bao gồm:\n\na) Phạt tiền;\n\nb) Đình chỉ hoạt động có thời hạn;\n\nc) Đình chỉ hoạt động vĩnh viễn.\n\n2. Hình phạt bổ sung bao gồm:\n\na) Cấm kinh doanh, cấm hoạt độ",
  "embedding": [
    -0.0005209761,
    -0.0127656795,
    -0.07862755,
    -0.058873832,
    -0.0016128573,
    0.051514603,
    0.06093958,
    0.0029654787,
    0.03602149,
    0.04873875,
    -0.09140937,
    -0.06539385,
    0.004430062,
    -0.06345721,
    -0.0778529,
    -0.11606924,
    0.1287865,
    -0.08779431,
    0.12755996,
    0.0019699251,
    0.00017727309,
    0.03853912,
    0.17184445,
    -0.05374174,
    -0.027435722,
    0.08250083,
    -0.037312582,
    0.020415405,
    -0.02985652,
    -0.03237415,
    0.0064716027,
    -0.019043619,
    0.033891186,
    0.002051627,
    -0.010490129,
    -0.011853846,
    0.053257577,
    0.0086503215,
    0.08327548,
    -0.056517586,
    -0.02733889,
    -0.080499634,
    0.048803307,
    -0.0018821711,
    0.053870846,
    0.00015672152,
    -0.003034068,
    0.09063471,
    -0.04744766,
    -0.035053167,
    0.024772843,
    0.019721443,
    0.06739505,
    0.004200086,
    0.093862444,
    -0.15660955,
    0.05083678,
    -0.0074964073,
    0.026790176,
    0.041863684,
    0.006515984,
    -0.005358035,
    0.04463953,
    -0.03566644,
    -0.025757302,
    -0.039216943,
    0.0508045,
    -0.059874427,
    0.0276778,
    -0.03537594,
    -0.111679524,
    0.026531957,
    -0.01673579,
    0.03456901,
    -0.011337409,
    -0.029566025,
    -0.039410606,
    -0.012983552,
    0.07417328,
    0.018478766,
    0.02046382,
    0.019011341,
    -0.006334424,
    0.0044502355,
    0.011498795,
    0.10780625,
    -0.047221716,
    -0.014250437,
    0.0051240246,
    0.020496098,
    0.02432096,
    0.016832622,
    0.023497889,
    0.05429045,
    0.009763889,
    -0.038958725,
    -0.035053167,
    0.017074702,
    -0.023917494,
    0.01011894,
    0.007895839,
    -0.039055556,
    0.023384918,
    0.0066652666,
    0.015073508,
    0.02096412,
    -0.05409679,
    -0.02059293,
    0.03117989,
    0.029033449,
    0.0038934518,
    0.03022771,
    -0.02251343,
    -0.10251277,
    0.018010745,
    -0.0060479627,
    0.008384034,
    -0.027774634,
    -0.025660468,
    -0.026257599,
    -0.026661066,
    0.036763866,
    -0.035150003,
    -0.015089647,
    -0.009570225,
    -0.0806933,
    0.0033528064,
    0.009941414,
    -0.15635133,
    0.023288086,
    0.0089892335,
    -0.080628745,
    0.08108062,
    -0.009126412,
    -0.030485928,
    0.0021181991,
    0.031405833,
    -0.029630579,
    -0.028936617,
    0.061100967,
    -0.051385492,
    0.032454845,
    0.019366391,
    0.07707824,
    -0.028339487,
    -0.017607277,
    0.029065726,
    0.105030395,
    0.030437512,
    -0.023175115,
    0.0344399,
    0.018220548,
    0.009045719,
    0.012854442,
    0.014855636,
    -0.00879557,
    -0.030502066,
    0.03276148,
    0.033503857,
    0.03782902,
    0.010772555,
    0.034762673,
    -0.046543896,
    -0.033600688,
    -0.0031450214,
    0.042218734,
    -0.028355625,
    0.056420755,
    -0.031212168,
    -0.0067459596,
    0.0448332,
    -0.0038087238,
    -0.002626567,
    -0.004284814,
    -0.025950965,
    0.0009118343,
    0.0098445825,
    -0.07236575,
    -0.034117125,
    -0.07055822,
    0.031115336,
    -0.012241174,
    0.06662039,
    -0.0004864293,
    0.017575001,
    0.010030177,
    -0.041121304,
    -0.0021686323,
    0.042121902,
    0.048222315,
    -0.026160767,
    -0.01854332,
    -0.0018468678,
    0.06752415,
    -0.019527778,
    0.027726218,
    0.023578582,
    0.021109367,
    0.025434528,
    -0.026983839,
    0.018317379,
    -0.009247452,
    0.041218136,
    -0.016751928,
    -0.002269499,
    -0.016945593,
    0.025063338,
    -0.0065321224,
    -0.02227135,
    -0.038700506,
    0.027629385,
    -0.016703513,
    -0.02046382,
    0.055807486,
    0.01517034,
    0.022222934,
    -0.04037893,
    -0.05780868,
    0.03297128,
    0.016227422,
    0.027419582,
    -0.046059735,
    0.007355194,
    0.041250415,
    0.010578891,
    -0.025257003,
    0.01638074,
    0.003082484,
    -0.007145392,
    -0.0008376973,
    0.07320496,
    0.025369974,
    -0.05800234,
    0.010942011,
    -0.020851148,
    -0.022368181,
    0.05283797,
    0.0067338557,
    0.060068093,
    0.078433886,
    0.07191387,
    -0.041476354,
    -0.033407025,
    -0.009925276,
    -0.014516724,
    -0.020625208,
    0.011426171,
    0.0305989,
    0.031454246,
    0.007452026,
    -0.049416576,
    -0.030147016,
    0.0055678375,
    -0.02780691,
    0.01926956,
    0.01830124,
    0.008755223,
    0.0018650239,
    0.0005295498,
    0.063521765,
    0.037893575,
    -0.079854086,
    0.0024914057,
    -0.017155396,
    0.039894767,
    0.038474564,
    0.10677337,
    -0.018511042,
    0.0061972453,
    0.0136129595,
    0.067976035,
    0.001954795,
    0.030615037,
    -0.0047568697,
    0.07004178,
    0.03889417,
    -0.005632392,
    0.022190657,
    -0.012184688,
    -0.019447085,
    -0.06668494,
    -0.005164371,
    -0.060261756,
    0.0069517274,
    0.017123118,
    0.006128656,
    0.017930051,
    0.012539739,
    -0.015065439,
    0.020431543,
    0.010433643,
    0.03841001,
    0.026935423,
    -0.02892048,
    -0.036763866,
    -0.036505647,
    0.0089973025,
    0.00800881,
    0.00560415,
    -0.014750735,
    -0.025176309,
    -0.01841421,
    0.004187982,
    0.004369542,
    -0.035214555,
    -0.02829107,
    -0.03206752,
    -0.0124186985,
    -0.045543298,
    0.0125236,
    -0.0044018193,
    0.0100140385,
    0.011635974,
    -0.003028016,
    -0.0077021755,
    -0.002822248,
    0.011757013,
    0.0043614726,
    -0.07882121,
    -0.042476952,
    0.009699334,
    0.118393205,
    -0.049868457,
    0.026983839,
    -0.06829881,
    0.019818274,
    0.0806933,
    0.03447218,
    -0.004873875,
    0.039701104,
    0.008464727,
    0.013233701,
    0.10761258,
    -0.012684987,
    -0.0219163,
    -0.04034665,
    -0.0661685,
    0.059648488,
    -0.015154202,
    -0.024030464,
    -0.05800234,
    0.0007413697,
    -0.04037893,
    -0.018010745,
    0.087923415,
    0.0001515521,
    0.037409414,
    -0.006177072,
    0.024207989,
    -0.040992197,
    0.07036456,
    -0.007383437,
    0.049707074,
    0.012023302,
    0.015452767,
    0.038022682,
    0.0086503215,
    -0.0045712753,
    0.002010272,
    -0.061681956,
    -0.02659651,
    -0.028694537,
    0.05228926,
    0.009820375,
    -0.044510424,
    -0.014726527,
    -0.012717264,
    0.04635023,
    -0.017768664,
    -0.04489775,
    -0.01962461,
    -0.029065726,
    0.018349657,
    -0.09754206,
    0.073011294,
    -0.030082462,
    -0.0070687328,
    -0.008327548,
    -0.023433333,
    -0.0065926425,
    0.02972741,
    0.13427365,
    -0.03188999,
    0.010401366,
    -0.01468618,
    0.012733403,
    -0.038797338,
    0.00427271,
    0.024288682,
    0.016057966,
    0.011167953,
    0.023481749,
    0.031260584,
    -0.029114142,
    0.07507704,
    0.026096214,
    -0.0009864756,
    0.076755464,
