{
  "chunk_index": 289,
  "token_start": 130050,
  "token_end": 130550,
  "text": "ỗ trị giá từ 300.000.000 đồng đến dưới 600.000.000\nđồng;\n\nm) Khai thác, tàng trữ, vận chuyển, chế biến hoặc mua bán trái phép gỗ hoặc thực vật rừng ngoài gỗ có khối lượng hoặc trị giá dưới\nmức quy định tại một trong các điểm từ điểm a đến điểm 1 khoản này nhưng đã bị xử phạt vi phạm hành chính về một trong các hành vi\nquy định tại Điều này hoặc đã bị kết án về tội này, chưa được xóa án tích mà còn vi phạm.\n\n2.190 Phạm tội thuộc một trong các trường hợp sau đây, thì bị phạt tiền từ 300.000.000 đồng đến 1.500.000.000 đồng hoặc phạt tù từ\n02 năm đến 07 năm:\n\na) Khai thác trái phép rừng sản xuất là rừng trồng từ 40 mét khối (m3) đến dưới 80 mét khối (m3) gỗ loài thực vật thông thường hoặc từ\n30 mét khối (m 3) đến dưới 50 mét khối (m3) gỗ thuộc Danh mục thực vật rừng, động vật rừng nguy cấp, quý, hiếm Nhóm IIA;\n\fb) Khai thác trái phép rừng sản xuất là rừng tự nhiên từ 20 mét khối (m3) đến dưới 40 mét khối (m3) gỗ loài thực vật thông thường hoặc\ntừ 15 mét khối (m 3)",
  "embedding": [
    -0.00021032205,
    -0.074555874,
    -0.0805453,
    -0.070313364,
    -0.00081984163,
    0.05218911,
    0.06744343,
    0.06341928,
    0.0083758375,
    0.03546863,
    -0.13051957,
    -0.10063483,
    -0.001549998,
    -0.058272123,
    0.1038791,
    -0.033440962,
    0.115296446,
    -0.038089003,
    -0.03603014,
    0.00090270315,
    -0.007829927,
    0.08060769,
    0.0026886128,
    -0.011105394,
    -0.11766726,
    0.028075434,
    -0.017141612,
    0.06301375,
    0.056525204,
    -0.024643991,
    -0.09845119,
    0.040241454,
    -0.050473392,
    -0.008360241,
    -0.0036478566,
    -0.027732288,
    -0.012088034,
    0.0054552127,
    -0.05016144,
    -0.10275608,
    -0.022522736,
    -0.029837947,
    0.043922454,
    0.025564242,
    0.06550934,
    -0.07324569,
    -0.010762249,
    -0.020136325,
    -0.062296268,
    -0.010419105,
    0.02169607,
    0.025065124,
    -0.0018736452,
    0.008219863,
    0.077737756,
    -0.14661615,
    0.009241497,
    -0.0020510664,
    -0.005486408,
    0.022507139,
    0.0002868471,
    -0.012649543,
    0.09227459,
    -0.01260275,
    -0.0036849007,
    0.008157473,
    0.11117872,
    -0.019949155,
    0.008430429,
    -0.011292563,
    -0.00338075,
    0.039367996,
    -0.06962708,
    -0.004094334,
    0.10899507,
    -0.013351428,
    -0.008711183,
    0.009545648,
    0.07012619,
    -0.009397471,
    0.024441225,
    -0.008126278,
    0.0026905623,
    -0.0571803,
    0.020495066,
    0.09040289,
    0.029416814,
    0.0184362,
    -0.030789392,
    0.01555067,
    0.032505114,
    0.07099965,
    0.03049304,
    0.028122226,
    0.0127431275,
    0.02035469,
    0.019730791,
    0.016065387,
    -0.029915934,
    0.0066133244,
    -0.02317783,
    -0.03481354,
    -0.015784632,
    0.012384386,
    -0.04844572,
    0.0019097144,
    0.004745528,
    0.017375574,
    0.022023618,
    0.02409808,
    -0.00602452,
    -0.036123723,
    0.03468876,
    -0.062483437,
    0.029089268,
    0.055620555,
    0.004780622,
    -0.055745333,
    -0.014217088,
    -0.045606982,
    -0.0020491167,
    0.04470233,
    -0.031928007,
    0.007237223,
    0.040428624,
    -0.085786045,
    -0.02497154,
    0.032692283,
    -0.038463343,
    0.0022830786,
    -0.02982235,
    -0.02286588,
    0.02656248,
    0.007229424,
    -0.0033417565,
    0.0036732026,
    0.013577592,
    0.04623088,
    -0.065259784,
    0.04476472,
    0.004199617,
    -0.0041450257,
    0.010715457,
    -0.016346142,
    -0.023396194,
    -0.036435675,
    0.02065104,
    0.00288943,
    0.031148134,
    0.012774322,
    -0.007896216,
    -0.037964225,
    0.04261227,
    0.014918974,
    -0.012883505,
    -0.02809103,
    -0.015698846,
    0.06388721,
    -0.009179107,
    0.03571819,
    -0.010902626,
    0.02631292,
    0.005139364,
    0.0022830786,
    0.010270929,
    0.012953693,
    -0.023458585,
    0.046948362,
    -0.022241982,
    -0.008009297,
    0.0049638925,
    0.0015597463,
    -0.032692283,
    0.056525204,
    0.0058217533,
    -0.011947657,
    -0.0112301735,
    -0.006227287,
    -0.010582878,
    -0.017734315,
    0.011159984,
    0.04248749,
    0.07698908,
    0.008266656,
    0.023146635,
    -0.022023618,
    -0.017968278,
    0.044109624,
    0.03253631,
    0.0067069093,
    -0.00989659,
    0.0030395556,
    0.0012858158,
    0.018467396,
    -0.0029069772,
    0.044608746,
    0.012821115,
    -0.009935584,
    0.0028192415,
    -0.024254056,
    0.011549922,
    0.05003666,
    0.014989162,
    -0.036716428,
    0.022054812,
    0.0029986124,
    0.078424044,
    0.015425891,
    0.023536572,
    -0.00018960665,
    0.03603014,
    -0.036248505,
    -0.033253793,
    0.061204445,
    -0.036747623,
    0.002292827,
    -0.0060713124,
    -0.026125751,
    -0.01321885,
    -0.022694308,
    0.008500617,
    -0.015074948,
    0.04729151,
    0.00897634,
    -0.014809791,
    -0.018732553,
    0.011081997,
    0.03640448,
    0.027201975,
    -0.0074243923,
    0.04476472,
    0.023926508,
    -0.036248505,
    0.04186359,
    -0.0023025754,
    0.031943604,
    0.10986853,
    0.01617457,
    0.03337857,
    0.046885975,
    0.07742581,
    -0.031210523,
    -0.054622315,
    0.02896449,
    -0.0072255246,
    -0.0331914,
    -0.02177406,
    0.028309396,
    -0.011089796,
    0.007841624,
    -0.049069617,
    0.00013586853,
    0.0064651486,
    -0.04083416,
    -0.07156116,
    0.0074555874,
    0.023131037,
    -0.009608037,
    -0.017531548,
    -0.008867158,
    -0.0062818783,
    -0.023739338,
    -2.2147178e-05,
    -0.026000971,
    -0.015051552,
    0.10175785,
    0.14174974,
    -0.019434439,
    0.030321468,
    -0.02969757,
    0.020073935,
    -0.031054549,
    -0.009787408,
    0.019652804,
    0.13551076,
    0.062421046,
    0.031460084,
    0.015652055,
    -0.018467396,
    -0.012563757,
    -0.02723317,
    -0.02046387,
    0.05786659,
    -0.0252055,
    0.03412725,
    0.0025228898,
    0.033347376,
    -0.010411306,
    -0.033284985,
    -0.016190168,
    0.0019477332,
    0.06001904,
    0.0052719424,
    0.005330433,
    -0.0418012,
    0.08597322,
    0.0009675301,
    -0.01734438,
    -0.0018336767,
    0.0049443957,
    -0.043111388,
    -0.0048001194,
    0.0138427485,
    -0.022319969,
    0.012041242,
    -0.026780844,
    -0.026936818,
    0.009459862,
    -0.031803228,
    0.0104503,
    0.04064699,
    0.0049443957,
    0.013655579,
    0.026016569,
    0.010130553,
    0.04666761,
    0.0676306,
    0.07006381,
    -0.106312305,
    -0.06519739,
    0.052438673,
    0.053405713,
    0.025002733,
    0.010302125,
    -0.047197923,
    -0.00959244,
    0.009584641,
    0.010044767,
    -0.044296794,
    0.069190346,
    -0.041426864,
    -0.02969757,
    0.061454006,
    -0.004476472,
    -0.006375463,
    -0.04517025,
    -0.005724269,
    -0.02065104,
    -0.019761985,
    -0.0017664126,
    -0.015028155,
    -0.0448895,
    -0.08553649,
    -0.12552838,
    0.043298557,
    0.030602222,
    0.00989659,
    0.032317944,
    -0.012462373,
    0.019606011,
    0.036997184,
    0.010668665,
    0.0031857819,
    0.06632041,
    0.06039338,
    0.010551684,
    0.060330987,
    0.041957177,
    0.11280085,
    -0.14936131,
    -0.0010216339,
    0.033534545,
    -0.030836184,
    -0.012376587,
    -0.10300565,
    0.050192636,
    -0.038525734,
    0.005919237,
    -0.029525997,
    -0.005096471,
    -0.037652276,
    -0.04420321,
    0.037683472,
    -0.07293374,
    0.07911033,
    0.010302125,
    -0.029791154,
    0.010060363,
    -0.026234932,
    -0.00064095826,
    -0.057648223,
    0.03571819,
    -0.01979318,
    0.011183381,
    -0.02606336,
    -0.041083716,
    -0.02219519,
    0.05300018,
    0.100572444,
    0.049069617,
    0.0036537058,
    -0.032598697,
    -0.042737048,
    0.054092,
    -0.06304494,
    0.051409237,
    -0.007537474,
    0.07480543,
    -0.10643709,
