{
  "chunk_index": 64,
  "token_start": 28800,
  "token_end": 29300,
  "text": "ành pháp luật, thái độ lao động của người bị kết án và các điều kiện quy định tại khoản 2 Điều này.\n\n2. Người bị kết án được Tòa án quyết định việc xóa án tích, nếu từ khi chấp hành xong hình phạt chính hoặc hết thời gian thử thách án\ntreo, người đó đã chấp hành xong hình phạt bổ sung, các quyết định khác của bản án và không thực hiện hành vi phạm tội mới trong\nthời hạn sau đây:\n\na) 01 năm trong trường hợp bị phạt cảnh cáo, phạt cải tạo không giam giữ, phạt tù nhưng được hưởng án treo;\n\nb) 03 năm trong trường hợp bị phạt tù đến 05 năm;\n\nc) 05 năm trong trường hợp bị phạt tù từ trên 05 năm đến 15 năm;\n\nd) 07 năm trong trường hợp bị phạt tù trên 15 năm, tù chung thân hoặc tử hình nhưng đã được giảm án.\n\nTrường hợp người bị kết án đang chấp hành hình phạt bổ sung là quản chế, cấm cư trú, tước một số quyền công dân mà thời hạn phải\nchấp hành dài hơn thời hạn quy định tại điểm a, điểm b khoản này thì Tòa án quyết định việc xóa án tích từ khi người đó chấp hành\nxong hình phạt bổ sung.\n\n3. Người bị Tòa án bác",
  "embedding": [
    -8.911368e-05,
    -0.052196644,
    -0.030734317,
    -0.0897849,
    0.00050758314,
    0.04902816,
    -0.0027328194,
    -0.00012148904,
    0.029016664,
    0.01767682,
    -0.109729685,
    -0.01869407,
    -0.0063328035,
    -0.055598598,
    -0.026698666,
    -0.1487521,
    0.17596772,
    0.10779524,
    0.09572164,
    0.013165895,
    -0.010622768,
    0.04519262,
    0.10886252,
    0.017960314,
    -0.08911785,
    0.07490969,
    -0.017159855,
    0.028449671,
    0.061168462,
    0.02876652,
    -0.124871716,
    0.029233456,
    0.031368013,
    0.002393041,
    0.0039210017,
    0.007671072,
    -0.03341919,
    0.009738927,
    0.07477628,
    -0.020278312,
    -0.06400342,
    -0.023413446,
    -0.008905115,
    -0.024414022,
    0.041056912,
    0.025181128,
    -0.014941914,
    -0.015133691,
    -0.04919492,
    0.0050195493,
    0.027465774,
    0.016150942,
    -0.04062333,
    0.0006743456,
    0.03090108,
    -0.12553877,
    0.059067257,
    -0.010339271,
    0.05913396,
    0.013849621,
    0.0052238335,
    0.047127064,
    0.059300724,
    -0.020194931,
    -0.019694643,
    -0.015508907,
    0.0002699467,
    0.039155822,
    -0.013499419,
    -0.038655534,
    -0.09265321,
    0.08191371,
    -0.050328903,
    0.042524423,
    0.025814826,
    -0.034619883,
    -0.0109229395,
    0.0044942475,
    0.04479239,
    0.029366866,
    -0.054331202,
    -0.0052738623,
    -0.017443351,
    -0.024380669,
    0.03173489,
    0.07190796,
    -0.019544559,
    0.032251857,
    -0.028216204,
    -0.013524434,
    0.047493942,
    0.01797699,
    -0.0030934433,
    0.04839446,
    -0.008629956,
    0.0021032912,
    0.047927525,
    0.0026681991,
    -0.029100046,
    -0.001811457,
    0.017276589,
    -0.029066693,
    0.054197792,
    0.034886703,
    -0.028332938,
    0.014600052,
    -0.008004597,
    0.014683433,
    0.038922355,
    0.0033998692,
    -0.05403103,
    0.06273603,
    0.004373345,
    0.009271991,
    0.023947086,
    0.041357085,
    0.07857846,
    -0.023096597,
    0.0031664018,
    -0.081179954,
    -0.0054531316,
    0.051129363,
    -0.004577629,
    0.00648289,
    0.045659557,
    -0.057466336,
    -0.024580784,
    0.052630227,
    -0.097789496,
    0.024497403,
    0.023880381,
    -0.010581077,
    -0.0006852894,
    -0.0019459092,
    -0.0843818,
    -0.035553753,
    0.025197804,
    0.008425673,
    -0.01580074,
    0.039089117,
    -0.03431971,
    0.023546856,
    -0.00705822,
    0.00839232,
    0.027432421,
    0.014566699,
    0.016334381,
    0.07991256,
    0.008863424,
    0.014508332,
    0.014274864,
    -0.068972945,
    -0.05132948,
    -0.0039084945,
    -0.01593415,
    -0.023963762,
    -0.024280611,
    -0.05803333,
    -0.019444501,
    0.018727422,
    0.061368577,
    0.0147251235,
    -0.02037837,
    0.009763941,
    -0.007962907,
    0.023696942,
    -0.034686588,
    0.008996833,
    -0.06063482,
    0.018610688,
    -0.011948529,
    -0.00043045555,
    0.018443925,
    0.02593156,
    0.015408849,
    -0.031067843,
    -0.043524995,
    -0.06630474,
    0.016084237,
    -0.019294415,
    0.023596885,
    0.019344443,
    0.041790668,
    -0.04062333,
    0.050595723,
    0.038021836,
    -0.0011454495,
    -0.0072208135,
    0.033068992,
    0.01495859,
    0.02139562,
    -0.05673258,
    0.0063828323,
    0.0038376206,
    0.012932427,
    0.0060368003,
    -0.01877745,
    0.047660705,
    0.0843818,
    0.018127076,
    0.08998501,
    -0.015092,
    0.011531622,
    -0.03248532,
    0.04385852,
    0.018460602,
    -0.004581798,
    0.026365142,
    -0.007366731,
    -0.041890725,
    0.005265524,
    -0.05309716,
    -0.012623916,
    -0.023780324,
    -0.010414314,
    0.03338584,
    -0.057699803,
    -0.03512017,
    -0.01949453,
    -0.020561809,
    -0.052196644,
    -0.010772853,
    0.014083088,
    0.03635421,
    -0.044592276,
    -0.0003442081,
    -0.035020113,
    0.031918332,
    0.015367159,
    0.0021741653,
    0.1246716,
    -0.021062097,
    -0.021212183,
    -0.01837722,
    -0.03290223,
    -0.0029371034,
    0.05456467,
    -0.016225984,
    0.0221127,
    -0.0009521093,
    0.08504885,
    0.020044845,
    0.032201827,
    0.02406382,
    -0.01749338,
    -0.031418044,
    -0.020028168,
    0.016092576,
    -0.016868021,
    0.00998907,
    -0.04542609,
    0.011123055,
    0.005011211,
    -0.01606756,
    -0.013716211,
    -0.01487521,
    -0.018493954,
    -0.05326392,
    -0.026365142,
    0.04682689,
    -0.00576998,
    0.056432407,
    0.0007796144,
    -0.0013059584,
    0.015458878,
    -0.043424938,
    -0.031051166,
    -0.047660705,
    0.0020146987,
    0.014900224,
    0.07551003,
    -0.01403306,
    -0.03146807,
    -0.0074876333,
    0.09412072,
    0.04706036,
    -0.014024721,
    0.030017238,
    -0.022429548,
    -0.0268154,
    -0.033619307,
    0.015300454,
    -0.016801316,
    0.040556625,
    0.08271417,
    -0.05509831,
    -0.06427024,
    -0.002655692,
    -0.035887275,
    0.0063995086,
    0.035720516,
    -0.01593415,
    -0.016968079,
    -0.0075751836,
    -0.043358233,
    0.009372049,
    -0.001811457,
    -0.04425875,
    -0.0055698655,
    0.015108677,
    -0.041390438,
    -0.029850477,
    -0.0060409694,
    0.00057793607,
    -0.037221376,
    -0.020161578,
    0.041390438,
    -0.0064036776,
    0.016893035,
    0.09238639,
    0.05189647,
    -0.018594012,
    0.022979865,
    0.013082514,
    -0.0051654666,
    -0.03578722,
    0.05349739,
    0.022346167,
    -0.056399055,
    -0.05002873,
    0.012715636,
    0.08558248,
    0.015333806,
    0.03173489,
    -0.031017814,
    0.007837835,
    -0.014483318,
    0.038388714,
    0.07857846,
    0.082380645,
    0.07991256,
    0.054197792,
    0.105127044,
    0.0040940177,
    -0.0027578338,
    -0.033886127,
    -0.009572164,
    0.03213512,
    0.0013976777,
    0.006153534,
    -0.016734611,
    0.030517526,
    0.026315114,
    0.12980787,
    0.0044025285,
    0.028483024,
    0.0791788,
    0.017443351,
    0.09345367,
    -0.054731432,
    0.11333175,
    -0.012590564,
    -0.059734307,
    -0.04048992,
    -0.061101757,
    -0.027649213,
    -0.0065287496,
    0.02064519,
    0.027048867,
    -0.014808505,
    -0.02139562,
    -0.052730285,
    -0.04292465,
    -0.0065912856,
    -0.02649855,
    -0.029283484,
    -0.051829766,
    -0.031418044,
    0.06417019,
    -0.094454244,
    -0.022796426,
    -0.14101432,
    0.042824592,
    -0.07517651,
    0.0805129,
    0.056332354,
    -0.05830015,
    0.027866004,
    -0.0052113263,
    0.002126221,
    -0.044558924,
    0.13901317,
    0.014374922,
    -0.023146626,
    -0.06650486,
    -0.035887275,
    -0.04932833,
    -0.00096409535,
    0.030734317,
    0.01851063,
    -0.015592288,
    0.02876652,
    0.00010533393,
    -0.026098322,
    0.087250106,
    0.022446224,
