{
  "chunk_index": 86,
  "token_start": 38700,
  "token_end": 39200,
  "text": " hợp quy định tại điểm a\nkhoản 2 Điều 91 của Bộ luật này;\n\nb) Người từ đủ 14 tuổi đến dưới 16 tuổi phạm tội rất nghiêm trọng thuộc trường hợp quy định tại điểm b khoản 2 Điều 91 của Bộ luật\nnày.\n\n2. Người được Cơ quan điều tra, Viện kiểm sát hoặc Tòa án giao cho Ủy ban nhân dân cấp xã tổ chức giám sát, giáo dục phải thực hiện\ncác nghĩa vụ sau đây:\n\fa) Chấp hành đầy đủ nghĩa vụ về học tập, lao động;\n\nb) Chịu sự giám sát, giáo dục của gia đình, xã, phường, thị trấn;\n\nc) Không đi khỏi nơi cư trú khi không được phép;\n\nd) Các nghĩa vụ theo quy định tại khoản 3 Điều 93 của Bộ luật này.\n\n3.34 Nếu người được giáo dục tại xã, phường, thị trấn đã chấp hành một phần hai thời hạn và có nhiều tiến bộ thì theo đề nghị của Ủy\nban nhân dân cấp xã được giao trách nhiệm giám sát, giáo dục, Cơ quan đã áp dụng biện pháp này có thể quyết định chấm dứt thời\nhạn giáo dục tại xã, phường, thị trấn.\n\nMục 3. BIỆN PHÁP TƯ PHÁP GIÁO DỤC TẠI TRƯỜNG GIÁO DƯỠ",
  "embedding": [
    -0.0006773164,
    0.01665347,
    -0.17391802,
    -0.050206523,
    -0.0011054459,
    0.023757858,
    -0.007887838,
    0.010024898,
    -0.0021657716,
    0.006390667,
    -0.009368603,
    0.030862246,
    0.0064645,
    0.015636215,
    -0.08518702,
    -0.0066572865,
    0.15580429,
    0.038655743,
    0.109076135,
    0.008695901,
    -0.0031112458,
    -0.01883565,
    0.11439212,
    -0.07225802,
    0.027941735,
    -0.08623709,
    -0.03412731,
    -0.020312313,
    0.03648997,
    0.07921474,
    -0.119708106,
    -0.051748816,
    -0.04718757,
    0.06651544,
    0.00040121123,
    0.02293749,
    0.022478085,
    -0.0039992942,
    0.022264788,
    0.0077893944,
    -0.064382486,
    -0.031731836,
    0.0067803417,
    -0.011755874,
    0.08971545,
    0.09837854,
    -0.008991234,
    0.063496485,
    -0.027712032,
    0.0091389,
    0.029615287,
    0.0013443781,
    0.023462527,
    0.0114195235,
    0.1040883,
    -0.10448208,
    0.03288035,
    -0.016981618,
    0.046596903,
    -0.06832025,
    0.0092455475,
    0.022822639,
    0.06123227,
    -0.008187273,
    -0.022707788,
    -0.015209624,
    0.029795768,
    -0.00047299344,
    0.004692505,
    -0.005209337,
    -0.1265992,
    0.095687725,
    0.0236266,
    0.006673694,
    0.019344278,
    -0.0077360705,
    -0.008384162,
    0.04767979,
    -0.026678368,
    -0.008457994,
    -0.0048114588,
    0.068779655,
    -0.0016130486,
    0.081905544,
    0.010295619,
    0.057917982,
    0.06254486,
    0.021017829,
    -0.02710496,
    -0.024709485,
    0.024053192,
    -0.030320803,
    0.01346224,
    -0.0068623787,
    0.012428576,
    0.010722211,
    0.0146517735,
    -0.011091376,
    -0.0067844437,
    0.015619808,
    0.004155164,
    -0.043184172,
    -0.0037593367,
    0.02635022,
    -0.03412731,
    0.0077647837,
    0.0053529013,
    0.00042966777,
    -0.01696521,
    -0.014799439,
    -0.034521088,
    0.051584743,
    -0.06339804,
    -0.050501857,
    0.001642787,
    0.023085156,
    -0.038393226,
    0.077048965,
    -0.044102985,
    0.034849234,
    -0.033553053,
    -0.017178508,
    0.010746822,
    0.02151005,
    0.058475833,
    -0.036096193,
    0.015176808,
    -0.025103262,
    -0.09371884,
    -0.015234235,
    -0.039640184,
    -0.055358436,
    -0.022839047,
    -0.00539392,
    0.007469451,
    0.024857152,
    -0.02157568,
    0.025693927,
    0.0003481437,
    -0.016915988,
    -0.044234246,
    0.025841594,
    0.015390105,
    -0.021067051,
    -0.030993504,
    -0.05768828,
    -0.024955595,
    0.028237067,
    -0.0037019108,
    0.002387271,
    0.01553777,
    0.0153654935,
    -0.029795768,
    0.028499587,
    -0.009754176,
    -0.014783032,
    -0.0065588425,
    0.0514863,
    -0.03345461,
    -0.006768036,
    0.027022922,
    0.016768323,
    -0.05552251,
    -0.010960117,
    0.008306227,
    0.04905801,
    -0.056835096,
    0.0537177,
    -0.042363804,
    -0.057031985,
    0.022789825,
    -0.026678368,
    -0.049353343,
    -0.019295055,
    -0.030599728,
    -0.018441873,
    -0.020492794,
    -0.0345539,
    -0.01883565,
    -0.054177105,
    0.035833675,
    -0.02480793,
    0.022839047,
    0.016448379,
    -0.0039377664,
    0.024594635,
    -0.0016212524,
    0.006341445,
    0.07212676,
    0.016686287,
    0.057589836,
    -0.010090527,
    -0.038393226,
    0.01317511,
    -0.00046991708,
    -0.02237964,
    -0.011214431,
    0.04134655,
    0.03941048,
    0.0012449085,
    0.035013307,
    -0.00994286,
    -0.02946762,
    0.026251778,
    0.055194363,
    -0.014791235,
    0.023725044,
    -0.0064973147,
    0.03245376,
    -0.044234246,
    -0.009688547,
    -0.01776917,
    -0.025579076,
    -0.037474412,
    0.037277523,
    0.06704047,
    -0.02449619,
    -0.020837348,
    0.0099838795,
    -0.0028138624,
    -0.039935518,
    0.06733581,
    -0.008630272,
    0.004676098,
    -0.00062963244,
    -0.01845828,
    0.0020745057,
    0.0119527625,
    0.01877002,
    0.018425466,
    0.082364954,
    -0.011025746,
    -0.033372574,
    -0.0065137222,
    0.012764927,
    0.053487998,
    0.039279222,
    0.019836498,
    0.05893524,
    0.10946991,
    0.112488866,
    0.019984165,
    0.028581623,
    0.038196336,
    -0.006928008,
    -0.033553053,
    0.009114289,
    -0.05525999,
    0.053159848,
    0.04154344,
    -0.054800585,
    0.00076755683,
    0.015480345,
    0.013347388,
    0.09496581,
    0.022921083,
    -0.0035275826,
    0.021428013,
    -0.009368603,
    0.07527697,
    0.008482605,
    0.053750515,
    0.006312732,
    -0.01653862,
    0.062446415,
    -0.03245376,
    0.102513194,
    -0.02077172,
    -0.033241313,
    -0.034028865,
    0.009819806,
    0.012920797,
    0.018884873,
    0.017260544,
    0.07035476,
    0.012699298,
    -0.0070715724,
    -0.016661676,
    0.020000573,
    -0.023232823,
    -0.031026319,
    0.04426706,
    0.052437924,
    0.045054615,
    -0.002066302,
    -0.02100142,
    0.07593326,
    0.047286015,
    0.0019340176,
    -0.0119445585,
    0.049583044,
    0.12495846,
    -0.02685885,
    0.025874408,
    -0.03015673,
    0.05886961,
    0.021411605,
    -0.008507216,
    0.0064603984,
    -0.02338049,
    -0.002235503,
    0.0037306238,
    0.03370072,
    -0.03780256,
    -0.058574278,
    -0.04968149,
    -0.006058418,
    0.036719672,
    0.06510441,
    0.05788517,
    -0.004352052,
    0.055358436,
    0.056835096,
    0.0067557306,
    -0.08433384,
    0.010295619,
    0.021378791,
    0.03648997,
    -0.028745696,
    3.6083376e-05,
    -0.053422365,
    0.048959564,
    -0.031009912,
    0.029369175,
    -0.033175685,
    0.02710496,
    -0.0035788557,
    0.04705631,
    0.06123227,
    0.01727695,
    -0.03425857,
    -0.0076335245,
    0.1535729,
    -0.037015006,
    -0.057458576,
    -0.027022922,
    -0.028056586,
    0.025283743,
    -0.029434806,
    0.051125336,
    -0.011181616,
    -0.011624615,
    0.0967378,
    0.08394006,
    -0.053389553,
    0.0076622376,
    0.06257767,
    -0.0075966083,
    -0.018802835,
    -0.022576528,
    0.019606797,
    -0.0087123085,
    -0.086565234,
    0.012362947,
    -0.009565491,
    0.0032507083,
    -0.010024898,
    -0.008121643,
    -0.021231124,
    0.019065354,
    -0.008043708,
    -0.025513446,
    -0.0054636514,
    0.009343992,
    -0.12646794,
    0.011846115,
    -0.074751936,
    0.056802284,
    0.018228577,
    -0.043906096,
    0.010180768,
    -0.060707234,
    0.035013307,
    -0.06969847,
    0.06523567,
    0.042101286,
    -0.023462527,
    -0.036522783,
    0.028565215,
    -0.015726455,
    0.033028018,
    0.036785305,
    0.048106384,
    0.033766348,
    -0.042659137,
    -0.037441596,
    -0.03599775,
    -0.056375694,
    0.0033060831,
    0.027072145,
    0.041248105,
    0.025349373,
    0.016669879,
    -0.018687984,
    -0.007920654,
    0.07783652,
    -0.010369452,
    0.097656615,
    0.039902702,
