{
  "chunk_index": 309,
  "token_start": 139050,
  "token_end": 139550,
  "text": " giờ khí thải có thông số môi trường nguy hại vượt quy chuẩn kỹ thuật quốc gia về môi trường 10 lần trở lên;\n\ne) Thải ra môi trường 150.000 mét khối (m3) trên giờ trở lên khí thải có thông số môi trường nguy hại vượt quy chuẩn kỹ thuật quốc gia\nvề môi trường từ 03 lần đến dưới 05 lần hoặc từ 100.000 mét khối (m3) trên giờ đến dưới 150.000 mét khối (m3) trên giờ khí thải có\nthông số môi trường nguy hại vượt quy chuẩn kỹ thuật quốc gia về môi trường từ 05 lần đến dưới 10 lần hoặc từ 50.000 mét khối (m3)\ntrên giờ đến dưới 100.000 mét khối (m3) trên giờ khí thải có thông số môi trường nguy hại vượt quy chuẩn kỹ thuật quốc gia về môi\ntrường 10 lần trở lên nhưng đã bị xử phạt vi phạm hành chính về một trong các hành vi quy định tại Điều này hoặc đã bị kết án về tội\nnày, chưa được xóa án tích mà còn vi phạm;\n\ng) Chôn, lấp, đổ, thải ra môi trường trái pháp luật chất thải rắn thông thường từ 100.000 kilôgam đến dưới 200.000 kilôgam hoặc từ\n70.000 kilôgam đến dưới 100.000 kilôgam nhưng đã bị xử phạt vi phạm hành chính về",
  "embedding": [
    -0.00012893429,
    -0.043651685,
    -0.12957464,
    -0.13337845,
    0,
    -0.0022930172,
    0.08810094,
    0.06546219,
    0.0031097608,
    -0.001724556,
    0.00026793408,
    0.04055343,
    -0.0007736057,
    0.016825685,
    0.047394134,
    -0.061505012,
    0.05748648,
    0.013106242,
    0.034663673,
    0.00081482634,
    -0.020138673,
    0.15914613,
    0.035522595,
    -0.05300781,
    -0.0901869,
    0.072517626,
    -0.025476266,
    0.040154643,
    0.054787006,
    0.020261377,
    -0.059204325,
    0.02360504,
    -0.0385595,
    0.021243002,
    -0.001596101,
    0.0033877604,
    0.03291515,
    -0.003890077,
    0.0046128756,
    -0.069818154,
    -0.035737325,
    -0.00069979206,
    0.050707124,
    0.01898833,
    0.078407384,
    0.034356914,
    -0.041105594,
    -0.1035002,
    -0.04030802,
    -0.04552291,
    0.030000947,
    0.034479618,
    0.10626102,
    -0.013382325,
    0.020338066,
    -0.16540399,
    0.037301794,
    0.013320973,
    -0.02998561,
    -0.0040722145,
    0.0047509167,
    -0.10276398,
    0.0121859675,
    -0.012017251,
    -0.009593861,
    -0.014778074,
    -0.0008038022,
    0.08264065,
    -0.00027608234,
    -0.017546566,
    -0.067793556,
    -0.034878403,
    -0.04825306,
    -0.00012390154,
    0.12435976,
    -0.03760855,
    -0.0145633435,
    0.013643069,
    0.036657598,
    -0.048774548,
    0.0070055895,
    -0.043958444,
    0.009363793,
    -0.0620265,
    -0.03181082,
    0.07515575,
    -0.00028950302,
    0.0132136075,
    -0.0020111832,
    -0.02793033,
    0.0022489207,
    0.00081434706,
    0.04260871,
    0.027086746,
    0.019310426,
    0.014325606,
    0.0044364897,
    0.02044543,
    0.0021549761,
    -0.022638751,
    -0.011963568,
    -0.024832074,
    0.043866415,
    0.0053682677,
    -0.027240124,
    -0.0040262006,
    -0.035369214,
    -0.017899338,
    -0.019249074,
    -0.019295089,
    0.026151134,
    -0.0121859675,
    -0.049234685,
    -0.06718004,
    0.0030119817,
    0.0021856518,
    -0.034264885,
    -0.075830616,
    0.0053644334,
    0.065707594,
    -0.019632522,
    0.02500079,
    0.007849175,
    -0.017316498,
    0.018742923,
    -0.056811612,
    0.022485374,
    0.01780731,
    -0.07325385,
    -0.003842146,
    -0.067425445,
    -0.00813676,
    -0.02529221,
    0.016672306,
    -0.09000284,
    -0.028927295,
    0.05849878,
    0.027393503,
    -0.024310583,
    0.057149045,
    -0.04935739,
    -0.029632838,
    0.018650897,
    0.062394608,
    -0.0070477687,
    -0.022485374,
    0.070554376,
    -0.028252427,
    0.028160399,
    -0.0016008941,
    0.0019958452,
    -0.00762294,
    -0.015721355,
    0.029356755,
    -0.020644823,
    0.037485845,
    -0.024801398,
    0.039295718,
    -0.006231025,
    -0.03460232,
    -0.011518769,
    0.03908099,
    0.0103377495,
    -0.038590178,
    -0.002829844,
    -0.006135163,
    0.0007970919,
    0.037915308,
    -0.049081303,
    -0.05132064,
    0.06257866,
    -0.00060297153,
    -0.0118485335,
    0.01517686,
    -0.020782866,
    -0.0033474984,
    0.0057977294,
    -0.036044084,
    0.0150618255,
    0.026227823,
    -0.0060891495,
    0.066443816,
    0.08454255,
    -0.017730622,
    -0.027961006,
    0.051412668,
    -0.0057133706,
    0.02793033,
    0.028681887,
    0.017025078,
    -0.031350683,
    0.13423736,
    -0.007346858,
    0.03056845,
    -0.0014024599,
    0.013497359,
    0.029387431,
    -0.009885281,
    0.07325385,
    0.058774862,
    0.03687233,
    0.014617026,
    0.021534422,
    -0.038896933,
    -0.010368425,
    -0.0049311374,
    0.0039034975,
    0.020292051,
    0.01444064,
    0.0006906852,
    0.055645928,
    0.08399038,
    -0.007484899,
    -0.018022042,
    -0.017193794,
    0.0901869,
    -0.010958935,
    -0.020230701,
    -0.014156889,
    0.0013065981,
    0.009386799,
    0.0128761735,
    0.028482495,
    -0.0115110995,
    -0.031841498,
    0.026396539,
    -0.028344454,
    0.028267764,
    0.02756222,
    -0.01451733,
    -0.0055101435,
    -0.008788621,
    0.014118544,
    0.011702823,
    -0.04089086,
    0.03739382,
    0.0024847412,
    -0.0014705219,
    0.05754783,
    0.03555327,
    0.102457225,
    0.006399742,
    -0.021948546,
    0.022393346,
    0.011357721,
    -0.025092818,
    0.00069643685,
    0.026105119,
    0.04411182,
    -0.009708895,
    -0.011181335,
    0.015890073,
    -0.0012874256,
    -0.061535686,
    -0.09785585,
    0.0423633,
    0.0060086255,
    -0.05411214,
    0.026887352,
    -0.034111507,
    0.035461243,
    -0.06681193,
    -0.033037852,
    -0.0067870244,
    0.060063247,
    -0.050983205,
    0.05871351,
    0.057517156,
    0.008719601,
    -0.035277188,
    0.048130356,
    -0.013627731,
    0.0057133706,
    0.0049886545,
    0.07619873,
    -0.007691961,
    0.020000631,
    0.0054679643,
    0.017791973,
    0.04230195,
    -0.029970272,
    0.0044019795,
    -0.040430725,
    -0.012960532,
    0.0028030027,
    0.01605879,
    0.017684607,
    0.010130689,
    0.018037379,
    -0.0021070451,
    0.004743248,
    0.06217988,
    -0.061474334,
    0.03150406,
    -0.041903164,
    0.03444894,
    -0.0037041048,
    0.014425302,
    -0.029648175,
    0.027516207,
    0.040001262,
    0.025338223,
    -0.015782706,
    -0.0045515243,
    -0.024325922,
    0.033620693,
    -0.0049464754,
    0.0011052879,
    -0.044694662,
    0.023129566,
    0.03291515,
    -0.014816419,
    0.046565887,
    0.022270642,
    -0.011204341,
    -0.0033992638,
    -0.0055369847,
    0.06797761,
    -0.012730463,
    -0.0133746555,
    -0.003834477,
    -0.03355934,
    -0.024479302,
    -0.022117263,
    -0.051658075,
    0.038651526,
    0.019371778,
    0.04721008,
    0.030338382,
    0.07773252,
    -0.1035002,
    0.007059272,
    0.072333574,
    0.022914834,
    -0.07024762,
    0.009708895,
    0.011342383,
    0.04208722,
    -0.0063153836,
    0.017791973,
    -0.025077479,
    -0.03122798,
    -0.042547356,
    -0.092702314,
    0.020767527,
    0.007557754,
    0.0319642,
    0.037731253,
    0.043743715,
    -0.010238053,
    0.06325353,
    0.0249241,
    0.030338382,
    0.03306853,
    0.046381835,
    0.06711868,
    0.0620265,
    0.055063087,
    0.110678345,
    -0.008067739,
    -0.0042255935,
    -0.006173508,
    0.017393187,
    0.057363775,
    -0.053191863,
    -0.0048927926,
    0.020414755,
    0.02874324,
    -0.045338854,
    -0.052609023,
    0.04294614,
    0.009432813,
    0.08540147,
    -0.07810063,
    0.012722795,
    -0.04352898,
    0.08429714,
    0.075462505,
    -0.02075219,
    0.0031250988,
    0.00069643685,
    0.06816166,
    -0.018742923,
    0.049510766,
    -0.025230858,
    0.026549919,
    0.029602163,
    -0.07264033,
    0.02874324,
    -0.05843743,
    -0.019402454,
    -0.03981721,
    -0.061474334,
    0.035215836,
